"ACTOR_ID","NAME","ABBREVIATED_NAME","STATUS_FROM_DATE","STATUS","ACTOR_TYPE","SPONSOR_TYPE","EUROPEAN_VAT_NUMBER","VERSION","ACT_COUNTRY_NAME","ACT_COUNTRY_ISO2_CODE","ACT_COUNTRY_TYPE","ACT_EMAIL","ACT_TELEPHONE","ACT_WEBSITE","ACT_ADDR_BUILDING_NUMBER","ACT_ADDR_STREET_NAME","ACT_ADDR_POST_BOX","ACT_ADDR_POSTAL_ZONE","ACT_ADDR_CITY_NAME","ACT_ADDR_COUNTRY_NAME","ACT_ADDR_COUNTRY_CODE","ACT_ADDR_COUNTRY_TYPE","PRRC_FIRST_NAME","PRRC_FAMILY_NAME"
"NL-MF-000027730","Technische Laboratorium Rotterdam B.V.","TLR International Laboratories",,"Active","Manufacturer",,"NL-0043.90.660.B01",1,"Netherlands","NL","EU_MEMBER_STATE","hjanssens@tlr.nl","0651123411","www.tlr.nl","70","Handelsweg ",,"2888 DG ","Ridderkerk","Netherlands","NL","EU_MEMBER_STATE","Harm","Janssens"
"DE-IM-000032183","UROMASTER GmbH",,,"Active","Importer",,"313/5814/0540",1,"Germany","DE","EU_MEMBER_STATE","info@uromaster.de","+49523269980","www.uromaster.de","10b","Im Seelenkamp ",,"32791","Lage","Germany","DE","EU_MEMBER_STATE",,
"TR-IM-000056334","AKM SAĞLIK ÜRÜNLERİ İTHALAT İHRACAT PAZARLAMA SANAYİ TAAHHÜT TİCARET LİMİTED ŞİRKETİ",,,"Active","Importer",,"0310548535",1,"Türkiye","TR","EU_EXTENDED","naimmert@msn.com","+9 0312 321 74 86",,,"Gen.Dr.Tevfik Sağlam Cad.","No:59/90","06010","ANKARA","Türkiye","TR","EU_EXTENDED",,
"DE-MF-000005515","RUDOLF Medical GmbH + Co. KG","RUDOLF Medical",,"Active","Manufacturer",," DE194017986",3,"Germany","DE","EU_MEMBER_STATE","sales@rudolf-med.com","+49 7463 9956-0","www.rudolf-med.com","1","Zollerstr.",,"78567","Fridingen","Germany","DE","EU_MEMBER_STATE","Ayfer","Bektas"
"NL-MF-000035506","Abbott Biologicals B.V.",,,"Active","Manufacturer",,"NL/0014.39.650.B01",2,"Netherlands","NL","EU_MEMBER_STATE","arjan.deleeuw-vanweenen@abbott.com","+31621557504",,"12","Veerweg","Postbus 1","8121 AA","Olst","Netherlands","NL","EU_MEMBER_STATE","Wasiq","Bawary"
"FR-MF-000004452","IMACTIS SAS","IMACTIS",,"Active","Manufacturer",,"FR-30 509 967 030",5,"France","FR","EU_MEMBER_STATE","eudamed@gehealthcare.com",,,"20","rue du Tour de l'eau",,"38400","Saint Martin d'Hères","France","FR","EU_MEMBER_STATE","Jean-François","Micha"
"SI-IM-000049362","Itmedika d.o.o.",,,"Active","Importer",,"SI 53150244",1,"Slovenia","SI","EU_MEMBER_STATE","info@itmedika.si","+38640555776",,"6","Ulica Mirka Vadnova","4000","4000","Kranj","Slovenia","SI","EU_MEMBER_STATE",,
"FR-AR-000011547","MONDIALISTO",,,"Active","Authorised Representative",,"FR39880526918",1,"France","FR","EU_MEMBER_STATE","julien@mondialisto.com","+33607791561","https://mondialisto.com/","501","Route de Volx",,"04100","MANOSQUE","France","FR","EU_MEMBER_STATE","Julien","DAGRON"
"IT-MF-000007605","GVP MED SAS DI MIAN ANTONELLA & C","GVP MED",,"Active","Manufacturer",,"03409880121",3,"Italy","IT","EU_MEMBER_STATE","tech@gvpmed.com","+39 3426470624","www.gvpmed.com","112","VIA SAMPIETRO",,"21047","SARONNO","Italy","IT","EU_MEMBER_STATE","Gian Vittorio","Pizzi"
"NL-MF-000021564","Thirona B.V.",,,"Active","Manufacturer",,"NLB53773002B01",2,"Netherlands","NL","EU_MEMBER_STATE","medical_hulpmiddelen@minvws.nl","+31 70 340 61 61","https://www.farmatec.nl",,"Toernooiveld 300",,"6525 EC","Nijmegen","Netherlands","NL","EU_MEMBER_STATE","Helga","Steinmann"
"NL-MF-000001489","Philips Medical Systems Nederland B.V.","PMSN BV",,"Active","Manufacturer",,"NL009076840B01",48,"Netherlands","NL","EU_MEMBER_STATE","eudamed@philips.com","n/a","n/a","6","Veenpluis",,"5684PC","Best","Netherlands","NL","EU_MEMBER_STATE","Jan","van de Kerkhof"
"LV-IM-000021169","SIA Laboveritas","SIA Laboveritas",,"Active","Importer",,"LV40203185225",1,"Latvia","LV","EU_MEMBER_STATE","sergejs@laboveritas.lv",,"www.laboveritas.lv","7","Ratsupites str. ",,"LV-1067","Riga","Latvia","LV","EU_MEMBER_STATE",,
"NO-MF-000031844","HoloCare AS",,,"Active","Manufacturer",,"923792163",7,"Norway","NO","EU_EXTENDED","alan.morgan@holocare.com","+40761212","www.holocare.com ","5","Haakon VII's Gate ",,"0161","Oslo ","Norway","NO","EU_EXTENDED","Alan","Morgan"
"MY-MF-000010842","Merah Medical Sdn Bhd","Merah Medical",,"Active","Manufacturer",,,1,"Malaysia","MY","NON_EU","avtar@merahmedical.com","+61 419 346 176","www.merahmedical.com",,"E-33A-05 Dataran 32, No. 2, Jalan 19/1",,"46300","Petaling Jaya","Malaysia","MY","NON_EU","Chia Boon","Pang"
"AT-IM-000005394","Schiller Handelsgesellschaft m.b.H.","Schiller Austria",,"Active","Importer",,"ATU24430809",2,"Austria","AT","EU_MEMBER_STATE","sales@schiller.at",,,"24","Kampmüllerweg",,"4040","Linz","Austria","AT","EU_MEMBER_STATE",,
"IT-IM-000057642","Dental Makers Srl",,,"Active","Importer",,"IT03303140606",1,"Italy","IT","EU_MEMBER_STATE","info@dentalmakers.it",,,"16","Contrada pezze",,"03020","Vallecorsa (FR)","Italy","IT","EU_MEMBER_STATE",,
"US-MF-000008458","Implantech Associates, Inc.","Implantech",,"Active","Manufacturer",,,3,"United States","US","NON_EU","carthur@implantech.com","805-339-9415 x601","www.implantech.com","6025","Nicolle Street",,"93003","Ventura","United States","US","NON_EU","Craig","Arthur"
"CN-MF-000046841","Zhenjiang R&X Technology Co., Ltd.",,,"Active","Manufacturer",,,1,"China","CN","NON_EU","395314128@qq.com",,,,"Room#9-1512, Hudie Square, No.168 Yangzi Jiang Road, Zhenjiang New Zone, ",," 212000","Zhenjiang City, Jiangsu Province","China","CN","NON_EU","Yanxia","Qiu"
"NL-IM-000039106","Wingman International B.V.","Wingman",,"Active","Importer",,"NL865045057B01",1,"Netherlands","NL","EU_MEMBER_STATE","info@wingmancondoms.com",,"https://wingmancondoms.com/","1B","Turbinestraat","1014 AV","1014 AV","Amsterdam","Netherlands","NL","EU_MEMBER_STATE",,
"KR-MF-000006102","DK Medical Systems Co., Ltd.","DKMS",,"Active","Manufacturer",,,3,"South Korea","KR","NON_EU","dkms_ra@dk.co.kr","+82 31 658 7231","http://www.dk.co.kr","52","Chupalsandan 1-gil, Paengseong-eup",,"17998","Pyeongtaek-si, Gyeonggi-do","South Korea","KR","NON_EU","youngwoo","Kang"
"DE-AR-000005299","Mast Diagnostica GmbH","MAST",,"Active","Authorised Representative",,"DE 135 110 120",3,"Germany","DE","EU_MEMBER_STATE","mast@mast-diagnostica.de","+49 4533 2007 0","https://mast-group.com/de","20","Feldstraße",,"23858","Reinfeld","Germany","DE","EU_MEMBER_STATE","Patrick","Sanwald"
"DE-AR-000016163","Arthrex GmbH",,,"Active","Authorised Representative",,"DE129288919",3,"Germany","DE","EU_MEMBER_STATE","complaints@arthrex.de",,"www.arthrex.com","9","Erwin-Hielscher-Strasse ",,"81249 ","München","Germany","DE","EU_MEMBER_STATE","Michael","Wöhrer"
"JP-MF-000029140","TERUMO CLINICAL SUPPLY CO., LTD.",,,"Active","Manufacturer",,,2,"Japan","JP","NON_EU","tcsc_ra_tcs@terumo.co.jp",,,"3","Kawashima-Takehayamachi",,"501-6024","Kakamigahara, Gifu","Japan","JP","NON_EU","Koji","Iida"
"FR-MF-000010344","Synapsys Sas",,"2024-05-25T00:00:00","Inactive","Manufacturer",,"FR51392307880",2,"France","FR","EU_MEMBER_STATE","q-ra@synapsys.fr","+33 4 91117575","https://www.synapsys.fr/","2","rue Marc Donadille ",,"13013","Marseille","France","FR","EU_MEMBER_STATE","Massimo","Martinelli"
"IN-MF-000036199","Wizcure Medical Devices Pvt. Ltd.",,,"Active","Manufacturer",,,1,"India","IN","NON_EU","info@wizcure.com","+91 9811145567",,,"G-1034, Phase-3",,"301019","Bhiwadi","India","IN","NON_EU","Komal","Kumari"
"RO-IM-000046501","ENA FARMA IMPEX SRL","ENA",,"Active","Importer",,"41221068",1,"Romania","RO","EU_MEMBER_STATE","enafarmaimpex@gmail.com","0755 050 124",,"73, PARTER, TRONSON 1, CAMERA 3, BL. L113A","MATEI BASARAB",,"30672","BUCURESTI","Romania","RO","EU_MEMBER_STATE",,
"CN-MF-000034584","Shenzhen YOUYI Bioscience Ltd.","YOUYI",,"Active","Manufacturer",,"91440300MA5F3E389Q",1,"China","CN","NON_EU","inquire@yoybio.com","+86-755-28262346",,"Rm 805, Building B1, No. 28","Youtian Road, Anliang Community, Yuanshan Sub-district, Longgang District",,"518118","Shenzhen","China","CN","NON_EU","Luhua","Zhang"
"AT-AR-000031830","CoaChrom Diagnostica GmbH","CoaChrom",,"Active","Authorised Representative",,"ATU37430507",1,"Austria","AT","EU_MEMBER_STATE","office@coachrom.com","+4312362221","www.coachrom.com","5","Hauptstrasse",,"2344","Maria Enzersdorf","Austria","AT","EU_MEMBER_STATE","Bernhard","Kolmer"
"SE-MF-000004505","AddMovement AB",,,"Active","Manufacturer",,"SE556894733601",1,"Sweden","SE","EU_MEMBER_STATE","mike.redford@addmovement.com",,"www.addmovement.com ","4E","Stortorget ",,"830 31","Östersund","Sweden","SE","EU_MEMBER_STATE","Michael","Redford"
"ES-MF-000005208","NUEVA FEDESA SA","FEDESA",,"Active","Manufacturer",,"ESA84713338",1,"Spain","ES","EU_MEMBER_STATE","fedesa@fedesa.com","918712383","www.fedesa.com","45","AVENIDA DE MADRID","18","28500","Arganda del Rey","Spain","ES","EU_MEMBER_STATE","JAVIER ","CASTILLO FERNÁNDEZ"
"FR-IM-000043574","JHO",,,"Active","Importer",,"FR54833542160",1,"France","FR","EU_MEMBER_STATE","coline@jho.fr",,"www.jho.fr","24","QUAI MAGELLAN",,"44000","Nantes","France","FR","EU_MEMBER_STATE",,
"BE-MF-000024179","LABORATOIRE PURESSENTIEL",,,"Active","Manufacturer",,"BE0875144193",1,"Belgium","BE","EU_MEMBER_STATE","service.consommateur@puressentiel.com",,"https://fr.puressentiel.com/","144","Avenue Molière ",,"1050","Bruxelles","Belgium","BE","EU_MEMBER_STATE","Hélène","CHAUMONT"
"GB-MF-000008062","viO HealthTech Limited","viO",,"Active","Manufacturer",,,3,"United Kingdom (ex Northern Ireland)","UK","NON_EU","robert.milnes@viohealthtech.com",,,"377-399","London Road",,"GU15 3HL","Camberley","United Kingdom (ex Northern Ireland)","UK","NON_EU","Robert","Milnes"
"IL-MF-000018728","Admetec Solutions Ltd",,,"Active","Manufacturer",,"513781609",1,"Israel","IL","NON_EU","vlad@admetec.com",,,"18","Yokhanan HaSandlar",,"3223703","Haifa","Israel","IL","NON_EU","Natalia","Demchenko"
"SG-MF-000020016","Aerin Medical Singapore Pte Ltd",,,"Active","Manufacturer",,,2,"Singapore","SG","NON_EU","customerservice@aerinmedical.com",,"https://aerinmedical.com/contact-us/","60","Albert Street",,"321116","Singapore ","Singapore","SG","NON_EU","Cornie","Chua"
"CN-MF-000058329","Jiangsu Jinyuan Medical Technology Co., Ltd.",,,"Active","Manufacturer",,,1,"China","CN","NON_EU","791037756@qq.com",,,"Unit  C8#-1-101.","Xuzhou National Security Science and Technology Industrial Park",,"221116","Jiangsu","China","CN","NON_EU","Xinwen","Feng"
"FR-MF-000051266","BRIGHTFLOW",,,"Active","Manufacturer",,"FR03881016174",2,"France","FR","EU_MEMBER_STATE","contact@brightflow.com","+33 1 79 35 22 04","www.brightflow.com","1","avenue du Champ de Mars",,"45100","Orléans","France","FR","EU_MEMBER_STATE","Erwan","FAUSTHER"
"CZ-IM-000053673","General Public s.r.o.","General Public",,"Active","Importer",,"CZ04788800",1,"Czechia","CZ","EU_MEMBER_STATE","obchod@generalpublic.cz","+420725781393","www.generalpublic.cz","167/18","Hybešova ",,"360 05","Karlovy Vary","Czechia","CZ","EU_MEMBER_STATE",,
"US-MF-000048331","Prodigident Inc.","Prodigident Inc.",,"Active","Manufacturer",,,1,"United States","US","NON_EU","info@prodigident.com",,"https://implastation.com/","123","Flinn","Prodigident Inc.","60510","Batavia","United States","US","NON_EU","Valerii","Golliak"
"FR-MF-000032968","OYYO","NETLOOKS",,"Active","Manufacturer",,"FR43800360364",1,"France","FR","EU_MEMBER_STATE","pierre.andrieu@netlooks.fr","+33383180000",,"8","RUE DE LA SOURCE",,"54000","NANCY","France","FR","EU_MEMBER_STATE","Pierre","ANDRIEU"
"DK-MF-000045887","TracInnovations A/S",,,"Active","Manufacturer",,"DK36982764",1,"Denmark","DK","EU_MEMBER_STATE","info@tracinnovations.com","+4553798545","https://tracinnovations.com/","13","Brydehusvej",,"2750","Ballerup","Denmark","DK","EU_MEMBER_STATE","Barbara","Kovacs"
"NL-MF-000007842","OPHTECS Europe B.V.","OEBV","2023-04-18T00:00:00","Active","Manufacturer",,"NL0010.98.998B01",9,"Netherlands","NL","EU_MEMBER_STATE","info@ophtecs-europe.com","+31263544444","http://www.ophtecs-europe.com","20","Marithaime",,"6662WD","Elst ","Netherlands","NL","EU_MEMBER_STATE","Tatsuya","Sakurai"
"PL-MF-000033877","""AFM"" SPÓŁKA Z OGRANICZONĄ ODPOWIEDZIALNOŚCIĄ",,,"Active","Manufacturer",,"7311837413",1,"Poland","PL","EU_MEMBER_STATE","afmbiuro@interia.pl","+48 42 213 88 08                                             ",,"22","Tymiankowa",,"95-054","Ksawerów","Poland","PL","EU_MEMBER_STATE","Agnieszka","Mozalewska"
"RO-IM-000050379","MEDICAL TECHNOLOGIES INFINITY SRL","MT INFINITY",,"Active","Importer",,"RO33711808",1,"Romania","RO","EU_MEMBER_STATE","mravariu@mt-intl.ro",,,"206D","Calea 13 Septembrie",,"050734","Bucharest","Romania","RO","EU_MEMBER_STATE",,
"CN-MF-000018455","Lenomed Corporation",,,"Active","Manufacturer",,,2,"China","CN","NON_EU","service@lenomed.com.cn",,,"Building 7#, No.539","Huancheng Northroad, Fengxian District",,"201401","Shanghai","China","CN","NON_EU","xinneng","yan"
"GB-MF-000033594","Spectrum Medical Ltd","Spectrum Medical Ltd",,"Active","Manufacturer",,"GB225373811",4,"United Kingdom (ex Northern Ireland)","UK","NON_EU","regulatory@spectrummedical.com","+44 (0) 1242 650120","www.spectrummedical.com",,"Ashville Business Park, Commerce Road",,"GL2 9SL","Gloucester","United Kingdom (ex Northern Ireland)","UK","NON_EU","Mark","Drain"
"IT-MF-000057793","Green Foam Srl",,,"Active","Manufacturer",,"02098150978",1,"Italy","IT","EU_MEMBER_STATE","luciano.matera@greenfoam.it","+39 0574 741048",,"snc","Via Gherardo Nerucci",,"51031","Agliana","Italy","IT","EU_MEMBER_STATE","Luciano","Matera"
"SE-IM-000053305","Panthera AB",,,"Active","Importer",,"SE556762549501",1,"Sweden","SE","EU_MEMBER_STATE","SE_Box_Spanga@permobil.com","+4687615040","www.panthera.se","10","Gårdsvägen ",,"16970","SOLNA","Sweden","SE","EU_MEMBER_STATE",,
"CN-MF-000037273","Life Medical Equipment(Guangzhou) Co., Ltd.",,,"Active","Manufacturer",,,2,"China","CN","NON_EU","info@lifeiso.com","+862036278771 ","www.lifeiso.com",,"5th floor, 13th building Julong, industrial Zone, 827 Xicha Road, Baiyun district",,"510407","Guangzhou, Guangdong","China","CN","NON_EU","Ivy ","Lin"
"DE-IM-000019867","IOL expert GmbH & Co. KG",,"2024-10-21T00:00:00","Inactive","Importer",,"DE305452811",2,"Germany","DE","EU_MEMBER_STATE","info@iol-expert.de",,"https://www.iolexpert.de/","75","Hallstadter Straße",,"96052","Bamberg","Germany","DE","EU_MEMBER_STATE",,
"DE-MF-000004948","Intigena GmbH & Co.KG.",,,"Active","Manufacturer",,"DE275288507",5,"Germany","DE","EU_MEMBER_STATE","info@intigena.com",,,"2","Steineshoffweg",,"45479","Mülheim an der Ruhr","Germany","DE","EU_MEMBER_STATE","Vera","Olischlaeger"
"IE-MF-000046532","Gem Imports Ltd",,"2025-07-28T00:00:00","Inactive","Manufacturer",,"IE 3991518DH",2,"Ireland","IE","EU_MEMBER_STATE","Customerservice@gem-imports.co.uk","+35314854980","https://www.gemimports.co.uk/","1","Castlewood Avenue","N/A","D06 H685","Dublin","Ireland","IE","EU_MEMBER_STATE","Mark","Rigby"
"CN-MF-000041073","QuantumTec Medical Devices Limited",,,"Active","Manufacturer",,,1,"China","CN","NON_EU","majh@kuanteng.com",,,,,,"100176","Beijing","China","CN","NON_EU","Hongyong","Tao"
"DE-MF-000005161","Thora Tech GmbH",,,"Active","Manufacturer",,"DE263689364",3,"Germany","DE","EU_MEMBER_STATE","qara@thoratech.de","+49 641 309 2666","www.thoratech.de","3-5","Gutfleischstr.",,"35390","Giessen","Germany","DE","EU_MEMBER_STATE","Fatih","Yüksel"
"NL-IM-000012573","Levare Cura B.V.","Levare Cura",,"Active","Importer",,"NL822243805B01",1,"Netherlands","NL","EU_MEMBER_STATE","info@levarecura.com",,"www.levarecura.com","20","Aalbosweg",,"8171 MA","Vaassen","Netherlands","NL","EU_MEMBER_STATE",,
"MY-MF-000003748","Eurolatex Sdn. Bhd.",,"2023-07-06T00:00:00","Active","Manufacturer",,,6,"Malaysia","MY","NON_EU","qaeurolatex2@gmail.com","006044163889","https://www.eurolatex.org/",,"Plot 33 Kuala Ketil Industrial Estate",,"09300","Kuala Ketil, Kedah","Malaysia","MY","NON_EU","kumaran","viraya"
"IE-MF-000003108","Trulife",,,"Active","Manufacturer",,,2,"Ireland","IE","EU_MEMBER_STATE","Quality_department@trulife.com","+35314511755","www.trulife.com",,"Airton Road",,"D24 R859","Dublin 24","Ireland","IE","EU_MEMBER_STATE","Rebecca","Holmes"
"UK-MF-000055528","Acuity Contact Lenses","ACL",,"Active","Manufacturer",,"49382430",1,"United Kingdom (ex Northern Ireland)","UK","NON_EU","enquiries@acuity-lenses.co.uk","+44 1992 445035","www.acuity-lenses.co.uk","17","Plumpton Road",,"EN11 0LB","Hoddesdon","United Kingdom (ex Northern Ireland)","UK","NON_EU","Corey","Baxter"
"CN-MF-000027992","Guangdong Eonjoy Technology Co., Ltd",,,"Active","Manufacturer",,,1,"China","CN","NON_EU","xj@jbmfurniture.com",,,,"Yingmingchangda Industrial Zone, Shatou, Jiujiang Town, Nanhai District",,"528508","Foshan City","China","CN","NON_EU","Jun","Xiang"
"SK-IM-000054822","ing. Ján Konečný - MOLITEX","ing. Ján Konečný  - MOLITEX",,"Active","Importer",,"SK1020308718",1,"Slovakia","SK","EU_MEMBER_STATE","ortezy@molitex.sk","0327786122",,"582","Krajné ","91616","916 16","Krajné","Slovakia","SK","EU_MEMBER_STATE",,
"CN-MF-000017606","Carl Zeiss Suzhou Co., Ltd.","CZSZ",,"Active","Manufacturer",,,7,"China","CN","NON_EU","regulatoryaffairs.microscopy@zeiss.com","+86 512 62871388",,,"No.26 Wusheng Road, SIP","215126","215126","Suzhou","China","CN","NON_EU","Jane","Zhang"
"TR-MF-000045503","MEDUSER SAĞLIK ÜRÜNLERİ SANAYİ VE TİCARET ANONİM ŞİRKETİ",,,"Active","Manufacturer",,"6141658063",1,"Türkiye","TR","EU_EXTENDED","onur.ay@med-user.com.tr","+90 530 924 46 06",,,"2139",,"06530","ANKARA","Türkiye","TR","EU_EXTENDED","Onur","Ay"
"PL-MF-000008657","ZAKŁAD URZĄDZEŃ MEDYCZNYCH UNIMED INŻ. ADAM ANDRUSZCZAK","UNIMED ZUM",,"Active","Manufacturer",,"PL9531010220",1,"Poland","PL","EU_MEMBER_STATE","biuro@unimed.com.pl",,"www.unimed.com.pl","26a-28","ul. Trawnik",,"85-376","BYDGOSZCZ","Poland","PL","EU_MEMBER_STATE","DARIUSZ","KEMPCZYŃSKI"
"IN-MF-000041886","Reach Global India Pvt. Ltd.","RGIPL",,"Active","Manufacturer",,,1,"India","IN","NON_EU","info@orohealthcare.com","+91-20-27400987","www.orohealthcare.com",,"Plot No I-22, Gat No. 1064, Chordia Industrial Park, Naigaon, Shirwal, Taluka-Khandala, Dist. Satara","412801","412801","Shirwal","India","IN","NON_EU","Vijeeta","Das"
"PL-MF-000054570","OVVO OPTICS SPÓŁKA Z OGRANICZONĄ ODPOWIEDZIALNOŚCIĄ","OVVO OPTICS",,"Active","Manufacturer",,"8822125619",1,"Poland","PL","EU_MEMBER_STATE","piotr@ovvooptics.com","+48 601 778 752",,"3","EKONOMICZNA",,"58-260","BIELAWA","Poland","PL","EU_MEMBER_STATE","Marta","Junosza-Szaniawska"
"TR-IM-000056555","AL-FE TIP SAĞLIK HİZM. LTD. ŞTİ.","AL-FE TIP SAĞLIK HİZM. LTD. ŞTİ.",,"Active","Importer",,"0470399271",1,"Türkiye","TR","EU_EXTENDED","feyzanmelek@alfetip.com.tr",,,,"Atatürk Mh. Işık Apt. Sülün Cd. No:26a/A ATAŞEHİR İSTANBUL",,"34758","İSTANBUL","Türkiye","TR","EU_EXTENDED",,
"CN-MF-000019272","Ayida（Xiamen）P&C Technology Co., Ltd",,,"Active","Manufacturer",,,1,"China","CN","NON_EU","aiyida0909@163.com",,,"65","415, Tong’an Garden",,"361100","Xiamen, Fujian","China","CN","NON_EU","Jixi","Ding"
"NL-MF-000001556","MDxHealth B.V.","MDxHealth",,"Active","Manufacturer",,"NL817113794B01",1,"Netherlands","NL","EU_MEMBER_STATE","clientservices.eu@mdxhealth.com","+31 88 327 2727","www.mdxhealth.com","5","Transistorweg",,"6534 AT","Nijmegen","Netherlands","NL","EU_MEMBER_STATE","Esther","van de Ven"
"DE-IM-000013905","VE Valley Electronics GmbH","VEGMBH",,"Active","Importer",,"DE 128 372 292",1,"Germany","DE","EU_MEMBER_STATE","info@valley-electronics.de","+49 8841 48928 0",,"2","Breite",,"82418","Murnau am Staffelsee","Germany","DE","EU_MEMBER_STATE",,
"JP-MF-000008214","Konica Minolta, Inc.",,,"Active","Manufacturer",,,2,"Japan","JP","NON_EU","hc_qa_eu@konicaminolta.com",,,"1","Sakura-machi",,"1918511","Tokyo","Japan","JP","NON_EU","Sato","Yoshinori"
"US-MF-000010228","Candelis Inc.",,,"Active","Manufacturer",,,3,"United States","US","NON_EU","isabel.osorio@candelis.com","01-888-893-7062","https://www.candelis.com/","9903","S Santa Monica Blvd ",,"90212","Beverly Hills","United States","US","NON_EU","Isabel","Osorio"
"BE-AR-000039509","Yvsolab NV",,,"Active","Authorised Representative",,"BE0448362209",1,"Belgium","BE","EU_MEMBER_STATE","info@yvsolab.be","+3214672779","www.yvsolab.be","33","Veedijk",,"2300","TURNHOUT","Belgium","BE","EU_MEMBER_STATE","Yves","Wouters"
"TR-MF-000038941","REN-MED TIBBİ ÜRÜNLER TİCARET LTD. ŞTİ.",,,"Active","Manufacturer",,"7340066903",1,"Türkiye","TR","EU_EXTENDED","renmed@renmed.com.tr","+90 312 496 54 07","https://renmed.com.tr/","120","İSTASYON CAD.",,"06909","ANKARA","Türkiye","TR","EU_EXTENDED","MUZAFFER","SARAÇOĞULLARI"
"DE-IM-000050847","MM Surgical Systems GmbH","MM Surgical",,"Active","Importer",,"DE454625763",3,"Germany","DE","EU_MEMBER_STATE","info@mm-surgical.com","+4915561685018","www.mm-surgical.com","94-96","Berliner Straße",,"51377","Leverkusen","Germany","DE","EU_MEMBER_STATE",,
"IT-IM-000057598","B2Pharma S.r.l.","B2Pharma ",,"Active","Importer",,"08115660964",1,"Italy","IT","EU_MEMBER_STATE","info@b2pharma.it","+39 095 2263556","https://www.b2pharma.it/","12","VIA Goffredo Mameli ",,"95020","Aci Bonaccorsi (CT)","Italy","IT","EU_MEMBER_STATE",,
"FR-PR-000037389","ADTMed",,"2025-04-17T00:00:00","Inactive","System/Procedure Pack Producer",,"FR04852136720",2,"France","FR","EU_MEMBER_STATE","contact@adtmed.fr","0380240743",,"2","Route départementale 974",,"21190","MEURSAULT","France","FR","EU_MEMBER_STATE",,
"CN-MF-000046207","Shanghai Bele Medical Technology Co., Ltd",,,"Active","Manufacturer",,,1,"China","CN","NON_EU","jeremy@belemed.com",,,,"4F, Building 1, No.3255 Shengang Road, Songjiang District",,"201600","Shanghai","China","CN","NON_EU","John","Li"
"DK-IM-000024285","Nomeco A/S",,,"Active","Importer",,"20678232",1,"Denmark","DK","EU_MEMBER_STATE","info@nomeco.dk","+4536454536","www.nomeco.dk","40","Borgmester Christiansens Gade ",,"2450","København SV","Denmark","DK","EU_MEMBER_STATE",,
"ES-IM-000059152","ALBA ANTEPAZO FONSECA",,,"Active","Importer",,"ES78739644H",1,"Spain","ES","EU_MEMBER_STATE","alba.antepazo@gmail.com","+34666015626",,"9","MESTRE CARBALLO ",,"36940","CANGAS ","Spain","ES","EU_MEMBER_STATE",,
"CN-MF-000013580","Henan Huibo Medical Co., Ltd.","Henan Huibo",,"Active","Manufacturer",,,2,"China","CN","NON_EU","ipd@hbmed.cn","+86 18637761229",,,"Weishi Road Central Nangyang New Energy Economic and Technological Development Zone",,"473000","Nanyang City, Henan Province","China","CN","NON_EU","Rui","Ma"
"PK-MF-000042883","Jimed Surgical",,,"Active","Manufacturer",,,1,"Pakistan","PK","NON_EU","imran.jimed@gmail.com","+923456801314",,,"House# 31/394, Green Wood Street, ",,"51310","Sialkot","Pakistan","PK","NON_EU","Muhammad Imran ","Khan"
"TW-MF-000036768","Chang Gu biotechnology co., Ltd","Chang Gu",,"Active","Manufacturer",,"53942135",1,"Taiwan","TW","NON_EU","mg98741@gmail.com",,,,"5F, No.555, Gangfu S.Rd., Xinyi Dist., Taipei City, 110, Taiwan",,"110","Taipei City","Taiwan","TW","NON_EU","Morgan Lin","Lin"
"DE-MF-000016907","Waldi Schuhfabrik GmbH","FinnComfort",,"Active","Manufacturer",,"DE133899330",1,"Germany","DE","EU_MEMBER_STATE","info@finncomfort.de","+49952192330",,"2","Walter-Tron-Strasse",,"97437","Haßfurt","Germany","DE","EU_MEMBER_STATE","Rainer","Seibel"
"DE-MF-000006566","Ganshorn Medizin Electronic GmbH","GME",,"Active","Manufacturer",,"DE133892692",7,"Germany","DE","EU_MEMBER_STATE","info@ganshorn.de","+49 9771 6222-0","https://www.ganshorn.de/","2","Theodor-Jopp-Str.",,"97616","Bad Neustadt","Germany","DE","EU_MEMBER_STATE","Sirimanee ","Chatrojjanasakul"
"DE-AR-000032322","NDD Medizintechnik GmbH","NDD",,"Active","Authorised Representative",,"90493/71076",2,"Germany","DE","EU_MEMBER_STATE","support@ndd.ch","+41445126500","www.nddmed.com","49","Endersbacher Strasse",,"71334","Waiblingen","Germany","DE","EU_MEMBER_STATE","Roman","Eicher"
"ES-MF-000013977","IMPLANT MICRODENT SYSTEM S.L.U",,,"Active","Manufacturer",,"ESB61330890",2,"Spain","ES","EU_MEMBER_STATE","joan@microdentsystem.com","+34938447663","www.microdentsystem.com","1","Carles Buïgas, Pol. Industrial Can Magre","08187","08187","SANTA EULALIA DE RONÇANA","Spain","ES","EU_MEMBER_STATE","Josep","Gou"
"CZ-MF-000024848","Holzbecher, spol. s r.o. barevna a bělidlo Zlíč","Holzbecher",,"Active","Manufacturer",,"CZ45537933",1,"Czechia","CZ","EU_MEMBER_STATE","info@holzbecher.net","+420777225356","www.holzbecher.net","104","Zlíč ",,"55203","Česká Skalice","Czechia","CZ","EU_MEMBER_STATE","Tomas","Sopuch"
"CH-MF-000036880","Hawest Research AG",,,"Active","Manufacturer",,,1,"Switzerland","CH","NON_EU","sal@hawest.com",,,"24","Hinterbergstr.",,"6312","Steinhausen","Switzerland","CH","NON_EU","Günter","Fiedler"
"CA-MF-000032994","Novadaq Technologies , ULC",,,"Active","Manufacturer",,,1,"Canada","CA","NON_EU","EndoEO@stryker.com","408-754-2000","stryker.com","8329","East Lake Drive ",,"V5A 4W2","Burnaby , British Columbia","Canada","CA","NON_EU","Michael ","Blasco"
"DE-MF-000031722","tame GmbH",,"2025-01-01T00:00:00","Inactive","Manufacturer",,,3,"Germany","DE","EU_MEMBER_STATE","support@headacy.com",,,"14a","Oelkersallee",,"22769","Hamburg","Germany","DE","EU_MEMBER_STATE","Daniela","Penn"
"BE-IM-000031647","MEDILOR",,,"Active","Importer",,"BE0436207713",1,"Belgium","BE","EU_MEMBER_STATE","info@medilor.be","+3268447865",,"11","Rue Fourquepire",,"7890","ELLEZELLES","Belgium","BE","EU_MEMBER_STATE",,
"US-MF-000042040","MedTorque, Inc.","ARCH-MedTorque",,"Active","Manufacturer",,,1,"United States","US","NON_EU","april.schultz@archgp.com","+1 262 925 8340","www.arch-medical.com","5601","95th Avenue",,"53144","Kenosha","United States","US","NON_EU","April","Schultz"
"CN-MF-000049969","Shanghai LEEKAI Technology Co., Ltd.","Keuro Medtech",,"Active","Manufacturer",,"91310000MA1HQHDEXP",3,"China","CN","NON_EU","info@keuromedtech.com"," +86 21 5223 7253","www.keuromedtech.com","1588 Lianhang Road (20/1 Hill, 481 Block, Pujiang Town)","Room 305, Kechuang Building 1,1588 Lianhang Road (20/1 Hill, 481 Block, Pujiang Town),Minhang District","NA","201100","Shanghai","China","CN","NON_EU","Yongwei","Zhu"
"CN-MF-000034231","Anji Sanfang Medical Device Co., Ltd Development Branch","Anji Sanfang",,"Active","Manufacturer",,,1,"China","CN","NON_EU","gonghuo@hotmail.com","+86-13362222011",,,"Kangshan Industry Park (Guishan Garden in the Garden) 1#, Anji County",,"313300","Huzhou City, Zhejiang Province","China","CN","NON_EU","Guoqiang","Cheng"
"DE-MF-000058676","Furdy Software, Inh. Benjamin Goeddel","Furdy Software",,"Active","Manufacturer",,"DE310427128",1,"Germany","DE","EU_MEMBER_STATE","goeddel@furdy.de","+491608564651","https://www.furdy.de","3","Seligenstädter Weg",,"63796","Kahl a. Main","Germany","DE","EU_MEMBER_STATE","Benjamin","Göddel"
"CN-MF-000046454","Cardiocycle Medical (Suzhou) Co., Ltd","Cardiocycle Medical (Suzhou)",,"Active","Manufacturer",,,4,"China","CN","NON_EU","sales@cardiocycle.com.cn","+86 512-62520838","www.cardiocycle.com.cn",,"Unit 401&501, Building C15",,"215000","Suzhou,Jiangsu","China","CN","NON_EU","Lei","Wang"
"CH-PR-000031546","Synthes GmbH",,,"Active","System/Procedure Pack Producer",,,3,"Switzerland","CH","NON_EU","EUDAMED_Enquiries@its.jnj.com","+41 (0) 61 965 61 11","www.jnj.com","3","Eimattstrasse",,"4436","Oberdorf","Switzerland","CH","NON_EU",,
"DE-IM-000020861","MGB Endoskopische Geräte GmbH",,,"Active","Importer",,"045 239 73726",4,"Germany","DE","EU_MEMBER_STATE","info@mgb-berlin.de","+493063927000","www.mgb-berlin.de","6","Schwarzschildstraße",,"12489","Berlin","Germany","DE","EU_MEMBER_STATE",,
"KR-MF-000017288","ENGAIN Co., Ltd.",,,"Active","Manufacturer",,"1298671964",4,"South Korea","KR","NON_EU","engain@engain.co.kr",,,"10","Dongtan-daero 21-gil",,"18471","Hwaseong-si, Gyeonggi-do","South Korea","KR","NON_EU","Suhyun","Park"
"US-MF-000026231","Abbott Point of Care Inc.","APOC",,"Active","Manufacturer",,,5,"United States","US","NON_EU","apocregulatoryaffairs@apoc.abbott.com",,,"100 and 200","Abbott Park Road",,"60064","Abbott Park","United States","US","NON_EU","Mojgan ","Soleimani"
"CN-MF-000032283","Weihai Shengjie Medical Technology Co., Ltd",,,"Active","Manufacturer",,,1,"China","CN","NON_EU","383291896@qq.com","+86-631-5679637","http://www.whshengjie.com/","No. 58-3"," Chuhe South Road, High-tech Development Zone",,"264210","Weihai,Shandong","China","CN","NON_EU","Huihui"," Wang"
"NL-AR-000002692","PHC Europe B.V.","PHCEU",,"Active","Authorised Representative",,"NL009439201B01",8,"Netherlands","NL","EU_MEMBER_STATE","debora.greco@eu.phchd.com","+31 652 854 431","https://www.phchd.com/eu/biomedical","1","Eikdonk",,"4825 AZ","Breda","Netherlands","NL","EU_MEMBER_STATE","Stephane","Coisne"
"CN-MF-000013209","LuoYang Hengen Biological Technology Co., Ltd",,,"Active","Manufacturer",,,1,"China","CN","NON_EU","lyhesw@163.com",,,,"No.1,Jingjin Road, Luoxin Industrial Cluster, Xin An County,",,"471800","Luoyang,Henan,","China","CN","NON_EU","Jie","Zhang"
"KR-MF-000030156","Truabutment Inc.","Truabutmentkorea Co., Ltd.",,"Active","Manufacturer",,,1,"South Korea","KR","NON_EU","info@truabutment.com","+1 714 956 1488","https://truabutment.com/","397","Seokcheon-ro",,"14449","Bucheon-si, Gyeonggi-do","South Korea","KR","NON_EU","Donguk","Shin"
"DE-MF-000006463","Silony Medical GmbH",,"2025-05-23T00:00:00","Active","Manufacturer",,"DE292588222",7,"Germany","DE","EU_MEMBER_STATE","info@silony-medical.com","+497117825250","www.silony-medical.com","60","Leinfelder Strasse",,"70771","Leinfelden-Echterdingen","Germany","DE","EU_MEMBER_STATE","Gabriele","Ziegler"
"MT-IM-000001925","Associated Equipment Ltd.",,,"Active","Importer",,"MT 1001-4615",2,"Malta","MT","EU_MEMBER_STATE","info@associated-equipment.com","+356 21384347","www.associated-equipment.com","82","Triq Is-Salib tal-marsa",,"MRS1545","Marsa","Malta","MT","EU_MEMBER_STATE",,
"CA-MF-000024361","Baylis Medical Company Inc.","BMC",,"Active","Manufacturer",,"DE308566471",4,"Canada","CA","NON_EU","asregulatoryaffairs@bsci.com","+1 (888) 272-1001","https://www.bostonscientific.com/","5959","Trans-Canada Highway ",,"H4T 1A1 ","Montreal","Canada","CA","NON_EU","May","Tsai"
"MT-MF-000048536","Sasmar Pharma Limited",,,"Active","Manufacturer",,"MT26092804",1,"Malta","MT","EU_MEMBER_STATE","regulatory@sasmarpharma.com","+356 2033 0101 ",,"25, Villa Eden","Triq il-Principessa Elizabetta",,"XBX 1103","Ta' Xbiex","Malta","MT","EU_MEMBER_STATE","Alexander Ariel ","Padron Gonzalez"
"PL-IM-000055350","LANDMED SPÓŁKA Z OGRANICZONĄ ODPOWIEDZIALNOŚCIĄ","LANDMED SP. Z O.O.",,"Active","Importer",,"PL8272337806 ",1,"Poland","PL","EU_MEMBER_STATE","kontakt@landbymed.pl","+48 692 121 478","landmed.pl","6","Adama Mickiewicza",,"98-200","Sieradz","Poland","PL","EU_MEMBER_STATE",,
"FR-MF-000024876","ID SOLUTIONS",,,"Active","Manufacturer",,"FR72 822 487 658",3,"France","FR","EU_MEMBER_STATE","info@id-solutions.fr","+33 4 67 79 72 60","https://www.id-solutions.fr/","585","rue de la Croix Verte",,"34090","Montpellier","France","FR","EU_MEMBER_STATE","Géraldine","MERCIER"
"CN-MF-000055126","Shanghai New Century Dental Materials Co., Ltd.",,,"Active","Manufacturer",," 91310114607268361H",3,"China","CN","NON_EU","registration@sncdental.com","+86-21-59954240",,,"No.461 Tanghang Village,Huating Town, Jiading District",,"201816","Shanghai","China","CN","NON_EU","Jing","Yuan"
"CN-MF-000041503","Dalian Sundly Home Products Co., Ltd",,,"Active","Manufacturer",,,1,"China","CN","NON_EU","guojingru@sdlsundly.cn",,,"No.31-2","Taiqing Street",,"116600","Dalian","China","CN","NON_EU","Tian","Kang"
"US-PR-000024122","Abbott Medical",,,"Active","System/Procedure Pack Producer",,,4,"United States","US","NON_EU","AVMED@abbott.com",,"www.abbott.com","4","Robbins Road",,"01886","Westford","United States","US","NON_EU",,
"RU-MF-000021487","RESEARCH CENTER BIOFORM, LLC","RC BIOFORM, LLC",,"Active","Manufacturer",,"7751524924",2,"Russia","RU","NON_EU","info@bioform.ru","+74997071761","https://www.bioform.ru/","Kominterna str 7","intracity territory of the federal city, Babushkinsky municipality",,"129327","Moscow","Russia","RU","NON_EU","Maria","Pogodina"
"FI-MF-000017764","Klinik Healthcare Solutions Oy","KHS",,"Active","Manufacturer",,"FI25335915",1,"Finland","FI","EU_MEMBER_STATE","asiakaspalvelu@klinik.fi","+358 20 730 7840","https://klinikhealthcaresolutions.com/","22b","Itälahdenkatu",,"00210","Helsinki","Finland","FI","EU_MEMBER_STATE","Rony","Lindell"
"DE-AR-000030389","M. Bartels Reha Im- & Export GmbH","MBGmbH",,"Active","Authorised Representative",,"DE296138323",1,"Germany","DE","EU_MEMBER_STATE","m.bartels@reha-europe.com","01607874164","www.reha-europe.com","22","Friedrich Ebert Allee","22869","22869","Schenefeld","Germany","DE","EU_MEMBER_STATE","Matthias","Bartels"
"DE-IM-000025729","FCMU GmbH",,,"Active","Importer",,"DE815911362",1,"Germany","DE","EU_MEMBER_STATE","long.chen@fcmu.de",,,"27","Ungsteiner Str.",,"81539","München","Germany","DE","EU_MEMBER_STATE",,
"FR-MF-000005246","In2Bones SAS",,,"Active","Manufacturer",,"FR 365 37843377",6,"France","FR","EU_MEMBER_STATE","in2bfr.qualite@conmed.com",,,"97","Allée Alexandre Borodine",,"69800","Saint Priest","France","FR","EU_MEMBER_STATE","Martin","GEERTSEMA"
"US-MF-000047325","Gravity Medical Technology","Gravity Medtech",,"Active","Manufacturer",,,2,"United States","US","NON_EU","admin@gravitymedtech.com","+1-412 218 8258","www.gravitymedtech.com","105","North Point Drive",,"92630","Lake Forest, California","United States","US","NON_EU","Erik","Mulchandani"
"CN-MF-000035403","Kunshan Hi-Fortune Health Products Co., Ltd",,,"Active","Manufacturer",,,1,"China","CN","NON_EU","zhanli.tian@hi-fortune.net",,,,"#625 Juxiang Rd,Zhangpu Town,",,"215321","Kunshan City,Jiangsu","China","CN","NON_EU","Tian","Zhanli"
"IT-PR-000050804","Mastelli Srl",,,"Active","System/Procedure Pack Producer",,"00069630085",3,"Italy","IT","EU_MEMBER_STATE","gottardo.baffi@mastelli.it","+39 342 1529953",,"32","Via Bussana Vecchia",,"18038","Sanremo","Italy","IT","EU_MEMBER_STATE",,
"SK-MF-000032728","Eurolab Lambda a.s",,,"Active","Manufacturer",,"SK2021755208",1,"Slovakia","SK","EU_MEMBER_STATE","stanerova.henrieta@eurolambda.sk","+421903591113","www.eurolambda.sk","2","T.Milkina"," ","91701","Trnava","Slovakia","SK","EU_MEMBER_STATE","Adriana","Krásna"
"IE-IM-000033540","Change Healthcare Ireland Solutions Limited",,,"Active","Importer",,"IE 3436569UH",3,"Ireland","IE","EU_MEMBER_STATE","ei.regulatory@optum.com","+353 872210492","https://www.imaging.optum.ie/","Unit 1","Woodford Business Park",,"D17 EW81","Dublin","Ireland","IE","EU_MEMBER_STATE",,
"NL-AR-000054809","HC Biologics Europe B.V.","HC Biologics Europe",,"Active","Authorised Representative",,"NL866620989B01",1,"Netherlands","NL","EU_MEMBER_STATE","info@hcbiologics.com","+905310871157",,,"Energieweg 46",,"6541","Nijmegen","Netherlands","NL","EU_MEMBER_STATE","Onur","Basol"
"DE-MF-000006648","Hemovent GmbH","Hemovent",,"Active","Manufacturer",,"DE292498851",4,"Germany","DE","EU_MEMBER_STATE","info@hemovent.com","+49 241 990133 - 0","www.hemovent.com","59","Pascalstrasse",,"52076","Aachen","Germany","DE","EU_MEMBER_STATE","Thilo","Joost"
"DE-MF-000006317","SUN Oberflächentechnik GmbH",,,"Active","Manufacturer",,"DE226572865",1,"Germany","DE","EU_MEMBER_STATE","info@sungmbh.de","+497237486330","www.sungmbh.de","12","Otto-Hahn-Strasse",,"75248","Ölbronn-Dürrn","Germany","DE","EU_MEMBER_STATE","Utz","Neumann"
"NL-AR-000010442","Health Concern B.V.",,,"Active","Authorised Representative",,"NL815954426B01",1,"Netherlands","NL","EU_MEMBER_STATE","info@healthconcern.nl","+31 30 7609090","www.healthconcern.nl","115","De Bouw",,"3991 SZ","Houten","Netherlands","NL","EU_MEMBER_STATE","Yaël","Lindeman"
"HR-IM-000050567","NOVAE TEAM društvo s ograničenom odgovornošću za usluge","Novae Team d.o.o.",,"Active","Importer",,"84354170951",2,"Croatia","HR","EU_MEMBER_STATE","aleksandra.tomicic@novaeteam.hr","+385995356968","novaeteam.hr","41","Ulica Klementa Crnčića","10000","10000","Zagreb","Croatia","HR","EU_MEMBER_STATE",,
"TR-MF-000043990","AKGUN BILGISAYAR PROGRAM VE HIZMETLERI SAN. TIC. A.S.","AKGUN",,"Active","Manufacturer",,"0250918366",1,"Türkiye","TR","EU_EXTENDED","info@akgun.com.tr","+903122938300","www.akgun.com.tr","NO:31","BAĞLICA MAH. HİLAL CAD. ",,"06790","ANKARA","Türkiye","TR","EU_EXTENDED","Temel","AKGÜN"
"IN-MF-000020782","Panacea Medical Technologies Pvt Ltd",,,"Active","Manufacturer",,,2,"India","IN","NON_EU","regulatory@panaceamedical.com","8951993419","https://www.panaceamedical.in/",,"Plot No. 35, Phase 4, ",,"563130","Malur","India","IN","NON_EU","Valli","G"
"US-MF-000037517","HEALQU LLC.",,,"Active","Manufacturer",,,1,"United States","US","NON_EU","yoel@healqu.com",,,,"210 FAIRMOUNT AVE",,"07306","JERSEY CITY NEW JERSEY","United States","US","NON_EU","YOEL","KATZ"
"CN-MF-000037483","Suzhou New Area Mingji Macromolecule Medical Apparatus Co.,Ltd","SUZHOU MINGJI",,"Active","Manufacturer",,,1,"China","CN","NON_EU","mingchuang@szmcyc.com",,,"No. 1","No. 1, Kangjian Road, Mudu Town, Wuzhong District",,"215101"," Suzhou","China","CN","NON_EU","Julyo","Gao"
"HU-AR-000018380","Tibor Juhasz","Juhász Tibor",,"Active","Authorised Representative",,,1,"Hungary","HU","EU_MEMBER_STATE","tibor.juhasz@vialase.com",,,"1.  1em. 3a.","Flóra utca ",,"1037","Budapest","Hungary","HU","EU_MEMBER_STATE","Tibor ","Juhasz"
"NL-MF-000002323","Heart For Health ICT B.V.","H4H ",,"Active","Manufacturer",,"NL8188.22.235.B01",4,"Netherlands","NL","EU_MEMBER_STATE","info@heartforhealth.com","+31 85 273 83 11","https://www.heartforhealth.com/","6G","Louwesweg",,"1066 EC","Amsterdam","Netherlands","NL","EU_MEMBER_STATE","Kamil","Rochowiak"
"HU-IM-000012285","Ergo-Prevent Kft.","Ergo-Prevent Kft.",,"Active","Importer",,"HU14054291",2,"Hungary","HU","EU_MEMBER_STATE","krisztian.bagoly@ergoprevent.hu","+36309852571","www.ergoprevent.hu","1/A","Deák Ferenc utca",,"7773","Villány","Hungary","HU","EU_MEMBER_STATE",,
"CH-MF-000016376","Bien-Air Surgery SA",,,"Active","Manufacturer",,"CHE-109.303.111",4,"Switzerland","CH","NON_EU","surgery@bienair.com",,"https://surgery.bienair.com/","2B","Rue de l'Ouest",,"2340","Le Noirmont","Switzerland","CH","NON_EU","Dimitrios","Tsolekas"
"FR-MF-000020642","KORTEXX",,,"Active","Manufacturer",,"FR20421794447",1,"France","FR","EU_MEMBER_STATE","christophe.vanecken@orange.fr","+33664415678",,"354","zi plaine du caire 4, 354 rue des safranés",,"13830","roquefort la bedoule","France","FR","EU_MEMBER_STATE","CHRISTOPHE","VAN ECKEN"
"TW-MF-000013324","Yong Tai Global Co., Ltd.","Yong Tai",,"Active","Manufacturer",,"54896428",2,"Taiwan","TW","NON_EU","joe@baldur.com.tw","+886-6-5899061",,,"No. 5-56, Guanghua Street, Xinshi District",,"744003","Tainan City ","Taiwan","TW","NON_EU","Tseng-Chiu","Wang"
"DE-MF-000049752","CorLector GmbH",,,"Active","Manufacturer",,"DE333799060",3,"Germany","DE","EU_MEMBER_STATE","info@corlector.com",,"https://www.corlector.com/","39","Blütenstraße",,"90480","Nürnberg","Germany","DE","EU_MEMBER_STATE","Lucas","Greulich"
"GR-MF-000030584","MEDIL",,,"Active","Manufacturer",,"800656795",3,"Greece","EL","EU_MEMBER_STATE","info@medil.gr","+30 23920 64292","www.medil.gr",,"24KM THESSALONIKIS MOUDANION","57500","57500","THESSALONIKI KATO SHOLARI","Greece","EL","EU_MEMBER_STATE","PETROS","ZACHARIADIS"
"PT-IM-000043343","Dinâmica Destemida Lda",,,"Active","Importer",,"514 786 434",1,"Portugal","PT","EU_MEMBER_STATE","gohar@ensmile.com","+351 914 121 255 ","www.ensmile.com",,"Rua Ponte da Pedra, 240, Armazém C2",,"4470-108","Maia","Portugal","PT","EU_MEMBER_STATE",,
"CN-MF-000012183","Guangzhou Xinbo Electronic Co.,Ltd",,,"Active","Manufacturer",,"91440113681333264C",2,"China","CN","NON_EU","bennyzhang@drhos.cn",,,,"No.23 Building, The Second Phase, ",,"511450","Guangzhou，Guangdong Province","China","CN","NON_EU","Zhicong","Zhang"
"TW-MF-000058455","HWA MEEI OPTICAL CO., LTD",,,"Active","Manufacturer",,,1,"Taiwan","TW","NON_EU","grace.sung@hwameei.com.tw","+88665933511","www.hwameei.com.tw","Area A, No. 1","Titanggang Rd,  Fenghua Vil, Xinshi Dist.",,"744092","TAINAN City","Taiwan","TW","NON_EU","Grace","SUNG"
"DE-IM-000039038","MSP bodmann GmbH",,,"Active","Importer",,"DE229081669",1,"Germany","DE","EU_MEMBER_STATE","info@mspbodmann.com","+49 8234 70636 10","https://mspbodmann.com/","22","Ziegeleistraße",,"86399","Bobingen","Germany","DE","EU_MEMBER_STATE",,
"DE-MF-000008684","Nordema GmbH",,,"Active","Manufacturer",,"DE320851514",2,"Germany","DE","EU_MEMBER_STATE","info@nordema-dental.de",,,"18-22","Grasweg",,"27607","Geestland","Germany","DE","EU_MEMBER_STATE","Andreas","Lawerenz"
"FR-MF-000047529","OncoDiag",,,"Active","Manufacturer",,"FR17794025932",1,"France","FR","EU_MEMBER_STATE","hennion@free.fr","+33 6 07 41 99 94","www.oncodiag.fr","9","rue de Pacy",,"27930","Miserey","France","FR","EU_MEMBER_STATE","Claude","Hennion"
"CN-MF-000040515","Qitan Taike Biotechnology Ltd., Chengdu",,,"Active","Manufacturer",,,1,"China","CN","NON_EU","yingjun.sun@qitantech.com",,,,"Building 6, Tianfu International Biotown, No.618 Fenghuang Road, Shuangliu District",,"610219","Chengdu","China","CN","NON_EU","Yingjun","Sun"
"DE-AR-000008746","Medela Medizintechnik GmbH & Co. Handels KG",,,"Active","Authorised Representative",,,4,"Germany","DE","EU_MEMBER_STATE","info@medela.de",,"www.medela.com","2","Georg-Kollmannsberger Strasse",,"85386","Eching","Germany","DE","EU_MEMBER_STATE","Valeria","Pagin"
"UK-MF-000048818","Clinical Computing UK Limited",,,"Active","Manufacturer",,"GB279524562",1,"United Kingdom (ex Northern Ireland)","UK","NON_EU","sales@ccl.com",,"https://www.constellationkidney.com/","1","Bath Street",,"IP2 8SD","Ipswich","United Kingdom (ex Northern Ireland)","UK","NON_EU","Joseph","Marlovits"
"FR-IM-000038506","MEDIPARTNER","MEDIPARTNER",,"Active","Importer",,"FR96491532396",1,"France","FR","EU_MEMBER_STATE","arnould-christian2@wanadoo.fr","+33 6 99 84 22 70",,"356","AVENUE NAPOLEON BONAPARTE",,"92500","RUEIL-MALMAISON","France","FR","EU_MEMBER_STATE",,
"KH-MF-000033741","RMKH GLOVE (CAMBODIA) CO., LTD.",,,"Active","Manufacturer",,,5,"Cambodia","KH","NON_EU","rmkheudamed@csrepresent.com","+85568299061",,,"Manhattan Special Economic Zone, Bavet Commune, Bavet City, Svay Rieng Province, Cambodia",,"120407","Bavet City","Cambodia","KH","NON_EU","Caihong","Sun"
"US-MF-000017676","STERIS Corporation","STERIS",,"Active","Manufacturer",,"34-148202400",7,"United States","US","NON_EU","ra-emea@steris.com","+353 (57) 860 6877","www.steris.com","2720","Gunter Park Drive East ",,"36109 ","Montgomery","United States","US","NON_EU","Ayanna","Maxwell"
"DE-IM-000005938","GE Healthcare Information Technologies GmbH & Co. KG KG",,,"Active","Importer",,"DE 198438166",8,"Germany","DE","EU_MEMBER_STATE","eudamed@gehealthcare.com",,,"24-26","Peter-Müller-Straße ",,"40468","Düsseldorf","Germany","DE","EU_MEMBER_STATE",,
"TR-MF-000021170","NEHİR İLAÇ VE MEDİKAL PAZARLAMA İÇ VE DIŞ TİCARET ANONİM ŞİRKETİ",,,"Active","Manufacturer",,"6301187955",1,"Türkiye","TR","EU_EXTENDED","info@nehirilac.com.tr","0212 655 56 23",,"3. Sokak","Oruç Reis Mh. Giyimkent Sitesi Giyimkent  No:31/A",,"34230","İstanbul","Türkiye","TR","EU_EXTENDED","Pelin","Bulut"
"CN-MF-000036219","Wenzhou Oron Optical Co., Ltd.","Wenzhou Oron Optical Co., Ltd.",,"Active","Manufacturer",,,1,"China","CN","NON_EU","export@2020optical.com.cn","+86-577-85558066","/","125 Shangjiang  Road","Room 403, Building 3, 125 Shangjiang  Road, Economic Development Zone, Wenzhou,  Zhejiang, 325011, China",,"325011","Wenzhou","China","CN","NON_EU","LEHUI","GE"
"DE-MF-000009451","NTI-Kahla GmbH Rotary Dental Instruments","NTI-Kahla",,"Active","Manufacturer",,"DE 811 958 555",1,"Germany","DE","EU_MEMBER_STATE","prrc@nti.de","+49364245730","www.nti.de","3","Im Camisch",,"07768","Kahla","Germany","DE","EU_MEMBER_STATE","Jana","Brief"
"IM-MF-000004004","Nasaleze Limited","Nasaleze Ltd ",,"Active","Manufacturer",,"GB001913915",3,"Isle of Man","IM","NON_EU","info@nasaleze.im","+44 1 624 813 171 ","www.nasaleze.com",,"Ballafletcher Business Park Isle of Man ",,"IM4 4QE","Douglas ","Isle of Man","IM","NON_EU","Samantha ","Bottomley "
"TR-MF-000024826","RV Medikal inş turizm kuyumculuk san ve tic ltd sti",,,"Active","Manufacturer",,"7350528040",1,"Türkiye","TR","EU_EXTENDED","info@augmedikal.com","+905423471094","www.rvmedikal.com",,"osmaniye mah. fildami sok no:34/b bakirkoy istanbul",,"34146","istanbul","Türkiye","TR","EU_EXTENDED","tayfun","oğuz"
"LI-MF-000013971","Lysistech Aktiengesellschaft","Lysistech AG",,"Active","Manufacturer",,"61183",5,"Liechtenstein","LI","EU_EXTENDED","info@lysistech.li","004232302021","www.lysistech.com","344","Landstrasse",,"9495","Triesen","Liechtenstein","LI","EU_EXTENDED","Michael","Vent"
"DK-MF-000015846","DIGIREHAB A/S",,,"Active","Manufacturer",,"1019933713",1,"Denmark","DK","EU_MEMBER_STATE","nh@digirehab.dk",,"www.digirehab.dk","20A, st.","Brovej",,"8800","Viborg","Denmark","DK","EU_MEMBER_STATE","Niels","Heuer"
"ES-IM-000046410","ADARO TECNOLOGIA S.A.","ADARO TECNOLOGIA",,"Active","Importer",,"ESA33611195",1,"Spain","ES","EU_MEMBER_STATE","info@adaro.es","+985347806",,"38","calle Jimena Fernández de la Vega","33203","33203","GIJON","Spain","ES","EU_MEMBER_STATE",,
"BE-IM-000045093","Gloor EU Srl",,,"Active","Importer",,"BE0642.800.093",1,"Belgium","BE","EU_MEMBER_STATE","info@gloor.eu","+3224255446",,"12","Allée de la Recherche",,"1070","Anderlecht / Bruxelles","Belgium","BE","EU_MEMBER_STATE",,
"SI-MF-000033211","PRIMA IP invalidsko podjetje d.o.o.","PRIMA IP d.o.o.","2026-01-27T00:00:00","Inactive","Manufacturer",,"SI91199808",2,"Slovenia","SI","EU_MEMBER_STATE","alenka.volk@prima-ip.si",,"https://prima-ip.si/en/","31","Brnčičeva street",,"1231","Ljubljana - Crnuce","Slovenia","SI","EU_MEMBER_STATE","Alenka","Volk"
"KR-MF-000016622","MEDMIX Co., Ltd.","MEDMIX",,"Active","Manufacturer",,,3,"South Korea","KR","NON_EU","sales@medmix.co.kr","+82 32 720 5800","www.medmix.co.kr",,"B-707, 311, Smartvalley, 30, Songdomirae-ro",,"21990","Incehon","South Korea","KR","NON_EU","Daewoong","Lim"
"AT-MF-000003703","panno-med GmbH","panno-med",,"Active","Manufacturer",,"ATU21359704",1,"Austria","AT","EU_MEMBER_STATE","office@panno-med.at","+43335742277","www.panno-med.at","15","Siemensstrasse ",,"7423","Pinkafeld","Austria","AT","EU_MEMBER_STATE","Maria","Schuch"
"BR-MF-000039823","NIPRO MEDICAL LTDA.",,,"Active","Manufacturer",,,1,"Brazil","BR","NON_EU","RA@NIPRO.COM.BR",,,"451","AV. NIPRO",,"18087-127","SOROCABA","Brazil","BR","NON_EU","CLAUDIO ANTONIO","GHIOTTI JUNIOR"
"IT-MF-000032691","Tecnodent S.a.s. di Bertoluzzo Daniele & C.","Tecnodent",,"Active","Manufacturer",,"04291950246",1,"Italy","IT","EU_MEMBER_STATE","tecnodentbertoluzzo@gmail.com",,,"90","Viale Pecori Giraldi","36100","36100","Vicenza","Italy","IT","EU_MEMBER_STATE","Daniele ","Bertoluzzo "
"US-MF-000026232","The Hilsinger Company Parent, LLC dba Bruder Healthcare ","Bruder Healthcare ",,"Active","Manufacturer",,,3,"United States","US","NON_EU","QARA@hilcovision.com",,,"9240","Seward Road",,"45014","Fairfield","United States","US","NON_EU","David","Hufnagle"
"IT-MF-000031635","Hyris Srl",,,"Active","Manufacturer",,"IT11809530964",3,"Italy","IT","EU_MEMBER_STATE","support@hyris.net",,"https://www.hyris.net/ ","19","Viale Vincenzo Lancetti","20158","20158","Milano","Italy","IT","EU_MEMBER_STATE","Lorenzo","Colombo"
"GB-MF-000012349","Camstent Ltd",,,"Active","Manufacturer",,"987 8533 46",3,"United Kingdom (ex Northern Ireland)","UK","NON_EU","info@camstent.com","+44 0 333 9874050","https://www.camstent.com/",,"The Exchange, Colworth Science Park",,"MK44 1LZ","Sharnbrook","United Kingdom (ex Northern Ireland)","UK","NON_EU","Rahul","Tiwari"
"IT-MF-000038545","4WELL PROJECT S.R.L.",,,"Active","Manufacturer",,"08558800960",1,"Italy","IT","EU_MEMBER_STATE","nhprogetti@gmail.com","+39 0236517298","www.4wellterme.net","1/30","Mario Idiomi",,"20057","Assago","Italy","IT","EU_MEMBER_STATE","Naser","Hammori"
"IT-PR-000010077","STERIS Italy S.r.l.","STERIS Italy",,"Active","System/Procedure Pack Producer",,"01893311009",3,"Italy","IT","EU_MEMBER_STATE","vcastagnola@cantelmedical.it","+39069145399","https://www.cantelmedical.eu/","169","Laurentina",,"00071","Pomezia","Italy","IT","EU_MEMBER_STATE",,
"CN-MF-000053233","ZHUHAI MJ DENTAL LABORATORY",,,"Active","Manufacturer",,,1,"China","CN","NON_EU","richard@mjdentallab.com",,,"No.5","Pingdong 1st Road",,"519000","Zhuhai City","China","CN","NON_EU","Richard","lee"
"US-MF-000022109","PSI/EYE-KO, Inc.","Anodyne Surgical",,"Active","Manufacturer",,,3,"United States","US","NON_EU","info@anodynesurgical.com","800-428-5628","https://www.anodynesurgical.com","804","Corporate Centre Drive",,"63368","O'Fallon","United States","US","NON_EU","Valerie","Anderson"
"UK-MF-000043622","Human Digital Twin Ltd","HDT ",,"Active","Manufacturer",,,2,"United Kingdom (ex Northern Ireland)","UK","NON_EU","paul.aykroyd@sanome.com",,"https://sanome.com/","14","Gray's Inn Road",,"WC1X 8HN","London","United Kingdom (ex Northern Ireland)","UK","NON_EU","Nita","Shah"
"ES-AR-000042092","Nacil Medica 4 Group","NM4",,"Active","Authorised Representative",,"B48434096",1,"Spain","ES","EU_MEMBER_STATE","eduardo@nacilmedica4group.com","944276295",,"3","Aresti","48160","48160","Derio","Spain","ES","EU_MEMBER_STATE","Maider","Martinez"
"SG-MF-000044482","HIPPO MEDICAL PTE. LTD.",,,"Active","Manufacturer",,,2,"Singapore","SG","NON_EU","giulio.tamaro@hippodiabetes.com",,,"#11-53 PAYA LEBAR SQUARE","60 PAYA LEBAR ROAD",,"409051","SINGAPORE","Singapore","SG","NON_EU","Giulio","Tamaro"
"NO-MF-000044411","Aprikos Medical AS","APM",,"Active","Manufacturer",,"929 633 822",1,"Norway","NO","EU_EXTENDED","info@aprikosmedical.com","47 22223400","https://aprikosmedical.com","73A","Lorenveien ",,"0585"," Oslo","Norway","NO","EU_EXTENDED","Toan Quoc","Tran"
"US-MF-000004897","Pulpdent Corporation",,,"Active","Manufacturer",,,1,"United States","US","NON_EU","regulatory@pulpdent.com","+1 617 926 6666","https://www.pulpdent.com","80","Oakland Street",,"02472","Watertown","United States","US","NON_EU","Sean","Troyer"
"CZ-MF-000003866","ORTOSERVIS s.r.o.",,,"Active","Manufacturer",,"CZ26121760",1,"Czechia","CZ","EU_MEMBER_STATE","ortoservis@ortoservis.cz","+420 266 313 652","www.ortoservis.cz","353/13","Ronkova",,"18000","Praha 8","Czechia","CZ","EU_MEMBER_STATE","Marek","Mikulka"
"ES-AR-000038232","Asphalion S.L.",,,"Active","Authorised Representative",,"ESB62497276",2,"Spain","ES","EU_MEMBER_STATE","eu_ar@asphalion.com","+34 932 385 945","https://www.asphalion.com/","151-157","Tarragona",,"08014","Barcelona","Spain","ES","EU_MEMBER_STATE","Talyta","Carteano Pires"
"CN-MF-000010874","Wenzhou chuangyu optical co.,ltd",,,"Active","Manufacturer",,,1,"China","CN","NON_EU","sales03@wzhumandesign.com","+86 15888747970",,,"M1202, A BLDG, WENCHANG RD, LONGWAN DISTRICT,",,"325000","WENZHOU","China","CN","NON_EU","Yuanyuan","Liu"
"DE-MF-000007748","URSAPHARM Arzneimittel GmbH","URSAPHARM",,"Active","Manufacturer",,"DE 200 408 804",6,"Germany","DE","EU_MEMBER_STATE","erik.seimetz@ursapharm.de","+49 6805 92 92 141","www.ursapharm.de","35","Industriestraße ",,"66129","Saarbrücken","Germany","DE","EU_MEMBER_STATE","Dr. Julian","Schichtel"
"IT-MF-000038461","madame toupet di spera mariangela",,,"Active","Manufacturer",,"07666980722",1,"Italy","IT","EU_MEMBER_STATE","madametoupet@gmail.com","+393405190947",,"8","VIA INDIPENDENZA",,"76121","BARLETTA","Italy","IT","EU_MEMBER_STATE","mariangela","spera"
"DE-PR-000019756","KARL STORZ SE & Co. KG",,,"Active","System/Procedure Pack Producer",,"DE142931059",2,"Germany","DE","EU_MEMBER_STATE","regulatory@karlstorz.com","+49 (0)7461 708-0","www.karlstorz.com","34","Dr.-Karl-Storz-Straße",,"78532","Tuttlingen","Germany","DE","EU_MEMBER_STATE",,
"NL-IM-000052796","Rembrandt Medical BV",,,"Active","Importer",,"NL810961179B01",1,"Netherlands","NL","EU_MEMBER_STATE","s.alma@rembrandt.nl","+31355380800","www.rembrandt.nl","1","Bramenberg",,"3755 BT","EEMNES","Netherlands","NL","EU_MEMBER_STATE",,
"NO-MF-000056341","Wysnore AS",,,"Active","Manufacturer",,,1,"Norway","NO","EU_EXTENDED","martin@whysnore.no",,"whysnore.no","32B","Strømstangveien",,"1367","Snarøya","Norway","NO","EU_EXTENDED","Martin","Heier"
"SI-IM-000001578","ARPOL, trgovina, proizvodnja in storitve, d.o.o.","ARPOL d.o.o.",,"Active","Importer",,,1,"Slovenia","SI","EU_MEMBER_STATE","info@arpol.si","+38631769179","www.arpol.si","27","Prešernova ulica",,"3000","Celje","Slovenia","SI","EU_MEMBER_STATE",,
"IT-IM-000030142","Copag S.p.a.",,,"Active","Importer",,"01035041001 ",2,"Italy","IT","EU_MEMBER_STATE","info@copag.it","+39 0636737200",,"13","Via Boezio",,"00193","Roma","Italy","IT","EU_MEMBER_STATE",,
"CN-MF-000008191","HangZhou Biotest  Biotech Co.,Ltd.",,"2023-05-12T00:00:00","Active","Manufacturer",,"9133010079969193XF",5,"China","CN","NON_EU","info@biotests.com.cn",,,,"17 Futai Road, Zhongtai Street, Yuhang District",,"311121","Hangzhou","China","CN","NON_EU","Chao","Liu"
"DE-MF-000017662","Radiologische Praxis Dr. Bernhard Sander",,,"Active","Manufacturer",,,1,"Germany","DE","EU_MEMBER_STATE","radiologischepraxis@web.de","+493085606222","www.mrx.de","30","Hindenburgdamm",,"12203","Berlin","Germany","DE","EU_MEMBER_STATE","Nalan","Dr. med. Sander"
"US-MF-000011304","COSMED USA, Inc.",,,"Active","Manufacturer",,"52-2301894 ",1,"United States","US","NON_EU","USA@cosmed.com","9256766002","www.cosmed.com",,"1850 Bates Avenue",,"94520","Concord","United States","US","NON_EU","Sheemah","Kazi"
"FR-PR-000000417","Stemcis",,,"Active","System/Procedure Pack Producer",,"FR13504934050",2,"France","FR","EU_MEMBER_STATE","gustave.noulaquape@stemcis.com","+33 768535385","https://www.stemcis.com/","850","Boulevard Sébastien Brant"," INOVIEM"," 67400"," ILLKIRCH GRAFFENSTADEN","France","FR","EU_MEMBER_STATE",,
"GR-IM-000024766","ΚΑΡΑΜΠΙΝΗΣ MEDICAL A.E.",,,"Active","Importer",,"EL099052507",1,"Greece","EL","EU_MEMBER_STATE","akaloumenou@karabinismedical.gr","+306972084281","www.karabinismedical.gr","151","LAVRIOU AVENUE",,"19002","PEANIA","Greece","EL","EU_MEMBER_STATE",,
"DE-IM-000046223","Onlinehandel Jakob Fiala",,,"Active","Importer",,"DE293781723",1,"Germany","DE","EU_MEMBER_STATE","sales.jf@web.de",,,"4b","Hahnweg ",,"96450","Coburg","Germany","DE","EU_MEMBER_STATE",,
"CN-MF-000014087","Surgnova Healthcare Technologies (Zhejiang) Co., Ltd.",,,"Active","Manufacturer",,"91330282MA281GXW94",2,"China","CN","NON_EU","qara@surgnova.com",,,"No.1","No.1 Xinxing Yilu Road, Emerging Industrial Cluster Area, Zonghan Subdistrict",,"315301","Cixi, Zhejiang","China","CN","NON_EU","Guofang","Ma"
"NL-MF-000023900","Happitech",,,"Active","Manufacturer",,"NL854789753B01",1,"Netherlands","NL","EU_MEMBER_STATE","y.safiharb@happitech.com",,"www.happitech.com","20","Hofplein",,"3032AC","Rotterdam","Netherlands","NL","EU_MEMBER_STATE","Amanda","Marinov"
"FI-IM-000043841","PEMed Oy",,,"Active","Importer",,"FI30206157",1,"Finland","FI","EU_MEMBER_STATE","patrik.eriksson@pemed.fi","+35895863098","www.pemed.fi","11","Hirsalantie",,"02420","Jorvas","Finland","FI","EU_MEMBER_STATE",,
"NL-PR-000006002","Stryker EMEA Supply Chain Services BV","ESCS BV",,"Active","System/Procedure Pack Producer",,,2,"Netherlands","NL","EU_MEMBER_STATE","Registrations_CDC@stryker.com","+31 77 751 0832","www.stryker.com","2","Frans Maasweg",,"5928 SB","Venlo","Netherlands","NL","EU_MEMBER_STATE",,
"IT-MF-000042441","DEMA SERVICE SRL",,,"Active","Manufacturer",,"08051660721",1,"Italy","IT","EU_MEMBER_STATE","antonella.petruzzi@libero.it","+390805650035",,"47","VIALE TOMMASO COLUMBO",,"70132","BARI","Italy","IT","EU_MEMBER_STATE","ANTONIA","PETRUZZI"
"DE-MF-000005918","SURGIWELL GmbH",,,"Active","Manufacturer",,"DE276380259",2,"Germany","DE","EU_MEMBER_STATE","service@surgiwell.de",,,"1","Bodenseestr. ",,"78532","Tuttlingen","Germany","DE","EU_MEMBER_STATE","M. Kamran","Yousaf"
"BE-MF-000024170","CEREPHARMA SA",,,"Active","Manufacturer",,"BE0834075086",1,"Belgium","BE","EU_MEMBER_STATE","info@cerepharma.com","+3268843085","www.cerepharma.com","15","RUE DES JOURNALIERS",,"7822","GHISLENGHIEN","Belgium","BE","EU_MEMBER_STATE","ANNE-SOPHIE","DE WULF"
"FI-IM-000042514","AMA-Med Oy",,,"Active","Importer",,"FI25525751",1,"Finland","FI","EU_MEMBER_STATE","vadim.dmitrienko@amamed.eu","+358 45 164 4404",,"11","Lehmuskatu ",,"50120","Mikkeli","Finland","FI","EU_MEMBER_STATE",,
"XI-IM-000034987","Glenbio Ltd.",,,"Active","Importer",,"127305731",1,"Northern Ireland","XI","EU_SPECIAL","amy@glenbio.com","02879659842","www.glenbio.com","10","Kilbegs Road",,"BT41 4NN","Antrim","Northern Ireland","XI","EU_SPECIAL",,
"DE-IM-000009806","Dornier MedTech Systems GmbH","DMT Systems GmbH",,"Active","Importer",,"DE811121764",2,"Germany","DE","EU_MEMBER_STATE","eudamed@dornier.com","+49 8153 888 0","www.dornier.com","7","Argelsrieder Feld ",,"82234","Weßling","Germany","DE","EU_MEMBER_STATE",,
"DE-MF-000009174","Safecare Medical GmbH","Safecare",,"Active","Manufacturer",,"DE315133351",1,"Germany","DE","EU_MEMBER_STATE","joe@safecaremed.de","+4921614644421","www.safecaremed.de","97","Alsstr. ",,"41063","Mönchengladbach","Germany","DE","EU_MEMBER_STATE","Joe","Kumar"
"KR-MF-000019874","YHMEDICAL CO.,LTD.","YHMEDICAL",,"Active","Manufacturer",,,1,"South Korea","KR","NON_EU","siena127@naver.com","+82 10 5432 0275","www.yhmedical.co.kr","263","SEONGSAN-RO","03706","03706","SEOUL","South Korea","KR","NON_EU","JI YEON","LEE"
"DE-IM-000042305","Wisonic Medical Technology Germany GmbH",,,"Active","Importer",,"DE360839180",1,"Germany","DE","EU_MEMBER_STATE","register-deu@wisonic.com",,,,"Vogelsanger Weg 111  ",,"40470 ","Düsseldorf","Germany","DE","EU_MEMBER_STATE",,
"CH-MF-000017781","B. Braun Medical AG","BBMCH",,"Active","Manufacturer",,"CHE-106.032.803",4,"Switzerland","CH","NON_EU","info.bbmch@bbraun.com","+41 58 258 50 00","www.bbraun.ch","17","Seesatz",,"CH-6204","Sempach","Switzerland","CH","NON_EU","Peter","Egli"
"PT-IM-000017613","SINUSMAX LDA","SINUSMAX",,"Active","Importer",,"PT507739663",1,"Portugal","PT","EU_MEMBER_STATE","sinusmax@sinusmax.com",,"www.sinusmax.com","Nº 1196, 6º andar, Salas 601/603","AVENIDA D. AFONSO HENRIQUES, ",,"4450-012","Matosinhos","Portugal","PT","EU_MEMBER_STATE",,
"IT-IM-000046989","OTECH ITALIA SRL",,,"Active","Importer",,"10289850967",1,"Italy","IT","EU_MEMBER_STATE","support.it@oppo.com","800166076","www.oppo.com/it","1","Viale Dell'Innovazione ",,"20126","Milano","Italy","IT","EU_MEMBER_STATE",,
"PL-MF-000056513","ForSoft DOROTA SENSKA","ForSoft",,"Active","Manufacturer",,"5541522095",1,"Poland","PL","EU_MEMBER_STATE","dorota.senska33@gmail.com",,,"19/15","Karolewska",,"85-420","Bydgoszcz","Poland","PL","EU_MEMBER_STATE","Dorota","Senska"
"UK-MF-000037784","Vermax Industrial Limited","VERMAX",,"Active","Manufacturer",,"NL826520388B01",2,"United Kingdom (ex Northern Ireland)","UK","NON_EU","info@vermax.co.uk",,"http://www.vermax.co.uk/",,"Lower Castle Street",,"BS1 3AG","Bristol","United Kingdom (ex Northern Ireland)","UK","NON_EU","Mohamed","Ghonim"
"CN-MF-000008520","Zhangjiagang Dayu Rubber Products Co., Ltd",,,"Active","Manufacturer",,,1,"China","CN","NON_EU","zd@dayuglove.com",,,,"Fenghuang Town, Zhangjiagang City,",,"215614","Jiangsu","China","CN","NON_EU","Dan","Zhou"
"BR-MF-000029450","Olsen Indústria e Comércio SA","Olsen",,"Active","Manufacturer",,,2,"Brazil","BR","NON_EU","regulatorio@olsen.odo.br",,,"68","Avenida Ivo Lucchi",,"88133510","Palhoça","Brazil","BR","NON_EU","Valmor Schirmann","Filho"
"MY-MF-000007057","Notion Venture Sdn Bhd","Notion Venture Sdn Bhd",,"Active","Manufacturer",,"C06879188-07",1,"Malaysia","MY","NON_EU","chuan@notionventure.com","+60 16-368 9637","http://www.notionvtec.com/",,,"41050","41050","Klang","Malaysia","MY","NON_EU","Er ","Chai Chuan"
"FR-MF-000000817","EMC EVOLUTION",,,"Active","Manufacturer",,"FR43801178559",1,"France","FR","EU_MEMBER_STATE","contact@emc-evolution.com","0473801494","www.emc-evolution.com","7","RUE DU PRE DE LA PIE",,"63300","THIERS","France","FR","EU_MEMBER_STATE","LILIANE","MAGNET"
"UK-MF-000050483","Histofy Limited","Histofy",,"Active","Manufacturer",,"GB 472 7836 55",1,"United Kingdom (ex Northern Ireland)","UK","NON_EU","info@histofy.ai","+44 (0) 24 7632 3000","https://histofy.ai","Unit 33","Venture Centre, University of Warwick Science Park",,"CV4 7EZ","Coventry, West Midlands","United Kingdom (ex Northern Ireland)","UK","NON_EU","David","Snead"
"BG-IM-000055666","BULAD-DENT Ltd.",,,"Active","Importer",,"BG831195093",1,"Bulgaria","BG","EU_MEMBER_STATE","office@buladdent.com",,,"44","Nikolai Kopernik","1111","1111","Sofia","Bulgaria","BG","EU_MEMBER_STATE",,
"DE-MF-000024467","Dr. Müller Gerätebau GmbH",,,"Active","Manufacturer",,"DE 153540602",1,"Germany","DE","EU_MEMBER_STATE","info@dr-mueller-geraetebau.de",,,"133","Burgker Str.",,"01705","Freital","Germany","DE","EU_MEMBER_STATE","Matthias","Hartwig"
"CN-MF-000043986","Anhui Exploration Medical Devices Technology Co., Ltd.",,,"Active","Manufacturer",,,1,"China","CN","NON_EU","a100514@126.com"," (+86)554-4991180"," www.discovery-medical.cn",," Southeast side of Xingye Road and Sanxing Road intersection, Xinqiao International Industrial Park",,"232221","Huainan ","China","CN","NON_EU","Shuheng","Cao"
"CN-MF-000042642","Wenzhou Dilicn Optical Co., Ltd.","Wenzhou Dilicn Optical Co., Ltd.",,"Active","Manufacturer",,,1,"China","CN","NON_EU","mike@dilicn.com","+86-18658756269",," 3rd Floor, No. 21, Lane 99","3rd Floor, No. 21, Lane 99, Yandang  East Road, Puzhou Street, Longwan District,  Wenzhou City, Zhejiang Province, 325000,  China",,"325000","Wenzhou","China","CN","NON_EU","Mike","Teng"
"CZ-MF-000047589","General Public s.r.o.","General Public",,"Active","Manufacturer",,"CZ04788800",1,"Czechia","CZ","EU_MEMBER_STATE","obchod@generalpublic.cz",,"https://generalpublic.cz","167/18","Hybešova ",,"36005","Karlovy Vary","Czechia","CZ","EU_MEMBER_STATE","Radek ","Handlíř"
"SE-IM-000048399","Safeguard Medical Nordic AB","SMNAB",,"Active","Importer",,"SE559217913801",1,"Sweden","SE","EU_MEMBER_STATE","hanspeterh@safeguardmedical.com","084077431","www.safeguardmedical.com","28","Ekbacksvägen",,"168 69","Bromma","Sweden","SE","EU_MEMBER_STATE",,
"FR-MF-000042614","CEL Technologie","CEL",,"Active","Manufacturer",,"FR80503503872",1,"France","FR","EU_MEMBER_STATE","contact@cel-solutions.com","+33 6 29 88 21 69","www.cel-solutions.com","10","de derrière",,"54110","HARAUCOURT","France","FR","EU_MEMBER_STATE","Alexandre","Pierson"
"US-MF-000017297","INVO Bioscience",,,"Active","Manufacturer",,,1,"United States","US","NON_EU","info@invobio.com",,"www.invobioscience.com","5582","Broadcast Court",,"34240","Sarasota","United States","US","NON_EU","Chris","Jensen"
"BE-MF-000021006","Hoook BV",,"2026-03-30T00:00:00","Inactive","Manufacturer",,"BE0846691422",2,"Belgium","BE","EU_MEMBER_STATE","info@hoook.eu","+32 53 28 04 10","www.hoook.eu","113D","Oudenaardestraat",,"9870","Olsene","Belgium","BE","EU_MEMBER_STATE","Wendy","D'hulster"
"RO-IM-000035543","ZENTIVA PHARMA TRADING SRL","ZTR",,"Active","Importer",,"RO12826074",2,"Romania","RO","EU_MEMBER_STATE","calitate.distributie@zentiva.com","+40 21 304 75 97","www.zentiva.ro","44B","Theodor Pallady",," 032266 ","BUCHAREST","Romania","RO","EU_MEMBER_STATE",,
"FR-MF-000010971","innOralis",,,"Active","Manufacturer",,"FR60831996855",6,"France","FR","EU_MEMBER_STATE","contact@innoralis.fr","+33384558992","https://www.innoralis.fr/","18","rue Albert Camus",,"90000","Belfort","France","FR","EU_MEMBER_STATE","Maguelone","LE ROY"
"IT-MF-000050767","M31 S.R.L.","M31",,"Active","Manufacturer",,"IT04447620289",1,"Italy","IT","EU_MEMBER_STATE","info@m31.com","+39 049 7811 811","www.m31.com","77","Via Niccolò Tommaseo",,"35131","Padova","Italy","IT","EU_MEMBER_STATE","Marcellino","Ballotta"
"RO-IM-000058946","OTHERWAY BUSINESS GROUP SRL",,,"Active","Importer",,"RO23303593",1,"Romania","RO","EU_MEMBER_STATE","office@otherway.ro","+40374954944",,"22","Arh. I. Mincu",,"300270","Timisoara","Romania","RO","EU_MEMBER_STATE",,
"AT-AR-000042994","Fulltec GmbH",,,"Active","Authorised Representative",,"ATU67182407",2,"Austria","AT","EU_MEMBER_STATE","bernhard.ernst@fulltec.at","0043 662 26180023","https://www.fulltec.at/","33","Sterneckstraße",,"5020","Salzburg","Austria","AT","EU_MEMBER_STATE","Igor","Shchemelinin"
"CN-MF-000051301","Yangjiang Langtai Hardware Products Factory",,,"Active","Manufacturer",,,1,"China","CN","NON_EU","15626364032@163.com","+86 15626364032",,,"B12 Jinjiao First Industrial Development Zone, Chengbei Street, Jiangcheng District",,"529500","Yangjiang","China","CN","NON_EU","Jipin","Chen"
"DE-MF-000017121","Optima Pharmazeutische GmbH",,"2025-06-13T00:00:00","Inactive","Manufacturer",,"DE128958769",2,"Germany","DE","EU_MEMBER_STATE","info@optimapharma.de",,,"49","Ludwigstraße",,"85399","Hallbergmoos","Germany","DE","EU_MEMBER_STATE","Michael","Kroll"
"CN-MF-000013826","New Gene (Hangzhou) Bioengineering Co., Ltd.","New Gene Bioengineering",,"Active","Manufacturer",,,1,"China","CN","NON_EU","marketing@new-gene.com",,"https://www.new-gene.net/","688","688 Bin'an Road, Changhe Street",,"310051","Hangzhou City","China","CN","NON_EU","Yang","Zang"
"CN-MF-000024231","Shenzhen Sinseng Medical Technology Co., Ltd",,,"Active","Manufacturer",,,3,"China","CN","NON_EU","service@sinseng.com.cn",,,,"Room 801, Building C, Guancheng Low Carbon Industrial Park, Shangcun Community, Gongming Street, Guangming District",,"518055","Shenzhen","China","CN","NON_EU","xiao jun","Li"
"DK-AR-000009619","Cormalis ApS",,,"Active","Authorised Representative",,"1001703489",2,"Denmark","DK","EU_MEMBER_STATE","cg@cormalis.dk","+45 74833404",,"8","Byggebjerg",,"6534","Agerskov","Denmark","DK","EU_MEMBER_STATE","Christian ","Gram"
"ES-AR-000040175","Ranelagh Capital SLU","Ranelagh Capital",,"Active","Authorised Representative",,,1,"Spain","ES","EU_MEMBER_STATE","info@ranelaghcapital.com","+34659623335","www.ranelaghcapital.com","2","Carrer Gretel Ammann Martinez",,"08020","Barcelona","Spain","ES","EU_MEMBER_STATE","Rosaura","Carmona"
"DE-MF-000037611","Autronic Medizintechnik GmbH","Autronic",,"Active","Manufacturer",,"DE305264818",1,"Germany","DE","EU_MEMBER_STATE","heinemann@autronic-regler.de","+494032030309","www.autronic-medizintechnik.de","44","Grützmühlenweg ",,"22339 ","Hamburg ","Germany","DE","EU_MEMBER_STATE","Günter","Heinemann"
"DE-IM-000048473","12minutes GmbH","12minutes",,"Active","Importer",,"DE355299494",1,"Germany","DE","EU_MEMBER_STATE","info@12minutes.de",,"https://www.12minutes.de","86","Bundesallee",,"12161","Berlin","Germany","DE","EU_MEMBER_STATE",,
"TR-MF-000031473","Rigicon Medikal Anonim Sirketi","Rigicon",,"Active","Manufacturer",,,1,"Türkiye","TR","EU_EXTENDED","info@andromed.com.tr","+90 533 031 43 49",,,"Vatan Caddesi",,"34805","Istanbul","Türkiye","TR","EU_EXTENDED","Hatice Merve","Can"
"CN-MF-000028971","Beijing Succeeder Technology Inc.",,,"Active","Manufacturer",,"9111011475010452XE",3,"China","CN","NON_EU","sales@succeeder.com.cn","+86-10-89281758",,"No. 19 Baili Street","3F, Block C, Building 1",,"102600","Beijing","China","CN","NON_EU","Lan","Wei"
"TR-MF-000051230","Izmir Medikal Sanayi ve Ticaret Anonim Sirketi","Izmir Medical Industry and Trade Inc",,"Active","Manufacturer",,"4841001351",1,"Türkiye","TR","EU_EXTENDED","info@izmirmed.com.tr","+902324890499","https://izmirmed.com.tr/","12 Kat 4 Daire 410","9 Eylül Meydanı Ahmet Başaran İş Merkezi",,"35240","Izmir","Türkiye","TR","EU_EXTENDED","Aydin","Ay"
"DE-IM-000046883","CCS Express GmbH","CCS",,"Active","Importer",,"DE129312363",1,"Germany","DE","EU_MEMBER_STATE","kurt.ebert@ccs-express.de","08115500501",,"8","Lilienthalstrasse",,"85399","Hallbergmoos","Germany","DE","EU_MEMBER_STATE",,
"DE-MF-000006336","flow-med GmbH",,,"Active","Manufacturer",,"DE815238586",1,"Germany","DE","EU_MEMBER_STATE","info@flow-med.com","+49 711 50463500","www.flow-med.com","10","Weinbergweg",,"73773","Aichwald","Germany","DE","EU_MEMBER_STATE","Frank","Panitzsch"
"SK-IM-000036421","ELU Medical s.r.o.",,,"Active","Importer",,"SK2022328957",1,"Slovakia","SK","EU_MEMBER_STATE","elumedical@elumedical.sk","+421252923023","www.elumedical.sk","14","Koperníkova","82104","82104","Bratislava","Slovakia","SK","EU_MEMBER_STATE",,
"FR-AR-000019887","Carestream Health France SAS",,"2023-04-18T00:00:00","Inactive","Authorised Representative",,"FR53494477334",3,"France","FR","EU_MEMBER_STATE","EMEA-RA@carestream.com",,,"207"," Rue de Bercy",,"75012","Paris","France","FR","EU_MEMBER_STATE","Marco","Frezzato"
"TR-MF-000041835","Meta Bioengineering and R&D Services","Meta",,"Active","Manufacturer",,"6190918268",1,"Türkiye","TR","EU_EXTENDED","metabiyomuhendislik@gmail.com","+90 850 885 06 70","https://metabioengineering.com/","Teknopark 4A ","Teknopark Bulvarı","Yıldız Technical University PTT","34906","Istanbul","Türkiye","TR","EU_EXTENDED","Ali Can ","Özarslan"
"DE-IM-000053208","Lifeward GmbH","Lifeward GmbH",,"Active","Importer",,"DE286427452",1,"Germany","DE","EU_MEMBER_STATE","mela.ikanovic@golifeward.com","+49-30-25895080","https://golifeward.com/de/","15","Leipziger Platz ",,"10117","Berlin","Germany","DE","EU_MEMBER_STATE",,
"IT-MF-000021269","Meus S.r.l.",,,"Active","Manufacturer",,"02584890285",1,"Italy","IT","EU_MEMBER_STATE","meus@tecnomeus.it","+39 049 9719511","www.vacutestkima.it","24/b","Via Leonardo da Vinci",,"35028","Piove di Sacco (PD)","Italy","IT","EU_MEMBER_STATE","Giovanni","Chiarin"
"DE-MF-000005861","PAUL HARTMANN AG","PHAG",,"Active","Manufacturer",,"DE 145 566 683",4,"Germany","DE","EU_MEMBER_STATE","phag-eudamed@hartmann.info",,"hartmann.info","12","Paul-Hartmann-Str.",,"89522","Heidenheim","Germany","DE","EU_MEMBER_STATE","Jens","Hahn"
"IT-MF-000013917","B.S.N. Biological Sales Network S.r.l.","B.S.N. SRL",,"Active","Manufacturer",,"11317290150",1,"Italy","IT","EU_MEMBER_STATE","luisa@bsn-srl.it","+390374351005","www.bsn-srl.it","18","VIA COELLI",,"26012","CASTELLEONE (CR)","Italy","IT","EU_MEMBER_STATE","GIACINTO","GUERCILENA"
"HR-MF-000050967","Delta Aurea d.o.o. za usluge","Delta Aurea d.o.o.",,"Active","Manufacturer",,"HR46933234537",1,"Croatia","HR","EU_MEMBER_STATE","petar@deltaaurea.com",,,"18","Srednjak",,"10000","Zagreb","Croatia","HR","EU_MEMBER_STATE","Petar","Jukic"
"PL-MF-000008129","Alvo Medical Spółka z ograniczoną odpowiedzialnością","Alvo Medical","2024-04-02T00:00:00","Active","Manufacturer",,"PL6981824501",6,"Poland","PL","EU_MEMBER_STATE","office@alvo.pl","+48 65 518 98 49","www.alvo.pl","21a","Południowa ","64-030","64-030","Śmigiel","Poland","PL","EU_MEMBER_STATE","Anna ","Lubelska-Brzezińska"
"HU-IM-000039834","HITRI FEDOR","Hitri Dental",,"Active","Importer",,"HU64560234",1,"Hungary","HU","EU_MEMBER_STATE","hitrifedor@gmail.com",,,"27","Róna",,"6723","Szeged","Hungary","HU","EU_MEMBER_STATE",,
"CZ-MF-000016193","MEDKONSULT medical technology s.r.o.","MMT",,"Active","Manufacturer",,"CZ04331117",1,"Czechia","CZ","EU_MEMBER_STATE","regulatory@mmtsystems.com","+420 581 113 030","https://www.mmtsystems.com","67/15","Pasteurova",,"779 00","OLOMOUC","Czechia","CZ","EU_MEMBER_STATE","Marek","Švarc"
"DE-MF-000004967","Primed Halberstadt Medizintechnik GmbH","Primed",,"Active","Manufacturer",,"DE 139375138",4,"Germany","DE","EU_MEMBER_STATE","primed@primed-halberstadt.de","+4939416686","primed-halberstadt.de","1","Strasse des 20. Juli",,"38820","Halberstadt","Germany","DE","EU_MEMBER_STATE","Hendrik","Leopold"
"DE-MF-000018848","WALTER CMP",,"2024-01-30T00:00:00","Inactive","Manufacturer",,"DE134962048",2,"Germany","DE","EU_MEMBER_STATE","ramdohr@walter-cmp.de","+494311690611","www.walter-cmp.de","15","Alte Weide",,"24116","Kiel","Germany","DE","EU_MEMBER_STATE","Olaf","Ramdohr"
"DE-MF-000023588","Institut für Kunstaugen und ophthalmologische Hilfsmittel Nicolaus Müller-Uri","I.f.K.o.H.",,"Active","Manufacturer",,"DE265484192",1,"Germany","DE","EU_MEMBER_STATE","nmu@kunstauge-wiesbaden.de","01736700914","kunstauge-wiesbaden.de","55","Friedrichstr.","65185","65185","Wiesbaden","Germany","DE","EU_MEMBER_STATE","Nicolaus","Müller-Uri"
"NL-AR-000052306","Noordwest Ziekenhuisgroep",,,"Active","Authorised Representative",,"NL805408381B01",1,"Netherlands","NL","EU_MEMBER_STATE","inkoop.en.logistiek@nwz.nl","+31725483900","www.nwz.nl","12","Wilhelminalaan",,"1815 JD","Alkmaar","Netherlands","NL","EU_MEMBER_STATE","Niels","Snippe"
"TR-IM-000044719","NEPHROCAN MEDİKAL SANAYİ TİCARET ANONİM ŞİRKETİ",,"2025-12-23T00:00:00","Active","Importer",,"6311136719",5,"Türkiye","TR","EU_EXTENDED","nephrocanturkey@gmail.com","0(212) 7866053","https://www.nephrocan.com/","Bina No: 14","Ali Riza Efendi Caddesi",,"34540","İstanbul","Türkiye","TR","EU_EXTENDED",,
"NL-MF-000010937","Ambroise Holland B.V.",,,"Active","Manufacturer",,"NL802890374B01",1,"Netherlands","NL","EU_MEMBER_STATE","info@ambroise.nl","+31534302836","https://www.ambroise.nl/","24","Twekkeler Es ",,"7547 SM","Enschede","Netherlands","NL","EU_MEMBER_STATE","Nils","van Leerdam"
"ES-MF-000003619","Técnicas Radiofísicas S.L.U","TRF",,"Active","Manufacturer",,"B50600584",4,"Spain","ES","EU_MEMBER_STATE","quality@trf.es","+ 34976212545",,"38","POLIGONO EL PORTAZGO",,"50011","Zaragoza","Spain","ES","EU_MEMBER_STATE","Mónica ","Berdala Blasco"
"DE-MF-000035767","Schwester Cilly's Krankenschutzwäsche",,,"Active","Manufacturer",,"DE 165 844 489",1,"Germany","DE","EU_MEMBER_STATE","info@cillys.de","+4997178567052","www.cillys.de","20","Hausener Straße ",,"97688","Bad Kissingen","Germany","DE","EU_MEMBER_STATE","Manfred","Schmitt"
"FI-MF-000006705","LM-Instruments Oy","LM",,"Active","Manufacturer",,"FI06546338",2,"Finland","FI","EU_MEMBER_STATE","info@lm-dental.com","+358 2 4546 400","www.lm-dental.com","8","Norrbyn rantatie",,"21600","Parainen","Finland","FI","EU_MEMBER_STATE","Antti","Nikkanen"
"DE-MF-000009595","GC Tech. Europe GmbH",,"2026-01-05T00:00:00","Inactive","Manufacturer",,"DE296619561",5,"Germany","DE","EU_MEMBER_STATE","vigilanceGCTech@gc.dental"," +49 2338 801 980","https://www.gctech.eu/","2","Harkortstrasse","5833","58339","Breckerfeld","Germany","DE","EU_MEMBER_STATE","Mario","Minale"
"CH-MF-000046641","Applimed SA",,,"Active","Manufacturer",,,1,"Switzerland","CH","NON_EU","info@applimed.ch","+41 21 948 92 74 ","https://applimed.ch/","1","Z.I. Route Pra de Plan",,"1618","Châtel-St-Denis","Switzerland","CH","NON_EU","Lydie","Moreau"
"CN-MF-000033174","Zhejiang Yahong Medical Appartus Co., Ltd.",,,"Active","Manufacturer",,,1,"China","CN","NON_EU","zwj588@yahong-ortho.com","+86 572 5098928","www.yahongortho.com",,"No.788 Yongjun Road, Dipu Street",,"313300","Anji","China","CN","NON_EU","Huanian","Zhang"
"PL-IM-000043376","Hol-Dental Depot Urszula Chudak","Hol-Dental Depot",,"Active","Importer",,"7251038506",1,"Poland","PL","EU_MEMBER_STATE","holdental@holdental.pl","+48601310148","www.holdentalesklep.eu","111","Piotrkowska",,"90-425","Lodz","Poland","PL","EU_MEMBER_STATE",,
"TW-MF-000008480","DHEF INC.",,,"Active","Manufacturer",,"16149669",3,"Taiwan","TW","NON_EU","pro.admin@dhef.com.tw","+886227554445","NA",,"15F, No. 104 & 106, Hsin Tai Wu Rd., Sec. 1, Hsi Chih Dist.",,"221411","New Taipei City","Taiwan","TW","NON_EU","Anderson","Lo"
"PL-IM-000044345","KODANO S.A.","KODANO ",,"Active","Importer",,"PL6783068677",1,"Poland","PL","EU_MEMBER_STATE","mateuszmatula.kodano@gmail.com","+48123711041","https://kodano.pl","39","Marii Samozwaniec",,"31-711","Kraków","Poland","PL","EU_MEMBER_STATE",,
"ES-IM-000041869","SIHO MATERIAL HOSPITALARIO, S.L.","SIHO MEDICAL DEVICES",,"Active","Importer",,"ESB36447340",1,"Spain","ES","EU_MEMBER_STATE","info@siho.es",,"https://siho.es/","171","Carretera Porriño a Redondela",,"36415","MOS","Spain","ES","EU_MEMBER_STATE",,
"CY-IM-000043032","Medisera Ltd","Medisera Ltd",,"Active","Importer",,"10304460J",1,"Cyprus","CY","EU_MEMBER_STATE","info@medisera.eu","0035722104300","www.medisera.eu","30","ALIKOU POTAMOU","2571","2571","NICOSIA","Cyprus","CY","EU_MEMBER_STATE",,
"CN-MF-000039245","Guangdong Meicen Medical Equipment Co., Ltd.",,,"Active","Manufacturer",,,1,"China","CN","NON_EU","renfu@renfumed.com",,,,"Building 5, Wanyang Innovation Park, No. 82, Xiaotang Industrial Avenue",,"528200","Foshan, Guangdong Province","China","CN","NON_EU","Shiming","Li"
"CN-MF-000022767","Wuxi EA Bio-Tech Co., Ltd.","EABT",,"Active","Manufacturer",,,4,"China","CN","NON_EU","cathy.liu@angelaligner.com","+86 051083591717",,,"No.36 Guanshan Road, 214134, Xinwu District,",,"214134"," Wuxi, Jiangshu  Province,","China","CN","NON_EU","Cathy","Liu"
"EE-AR-000007831","Trondecom Oü","Trondecom Oü",,"Active","Authorised Representative",,"EE102112605",2,"Estonia","EE","EU_MEMBER_STATE","info@trondmed.com","+372 50 38 957","www.trondmed.com","65/1-7","Salu tee",,"75312","Harju maakond, Rae vald","Estonia","EE","EU_MEMBER_STATE","Ardo","Alliksaar"
"DE-IM-000029537","Axontronic GmbH & Co KG","AXT",,"Active","Importer",,"DE331600116",2,"Germany","DE","EU_MEMBER_STATE","info@axontronic.com","+49-89-92748280","www.axontronic.com","478","Landsbergerstrasse",,"81241","München","Germany","DE","EU_MEMBER_STATE",,
"EG-MF-000037347","WELLEX COMPANY LIMITED","WELLEX",,"Active","Manufacturer",,,1,"Egypt","EG","NON_EU","ceo@wellexmed.com","+201140001877","www.wellexmed.com",,"Cairo-Ismailia desert Road",,"41639","Ismailia City","Egypt","EG","NON_EU","Angie","Ahmed"
"IN-MF-000039093","MANISH MEDI INNOVATION PRIVATE LIMITED",,,"Active","Manufacturer",,"29260218604",2,"India","IN","NON_EU","nirmalkm1979@gmail.com","09972862757","www.manishmediinnovation.net",,"SY NO. 150/2,No.53,54,55,68,69,70, Bannerghatta Main Road, ABT Layout, Hullahalli village, CK Palya, Bannerghatta, Bengaluru, Bengaluru(Urban),Karnataka, 560083","560083","560083","Bangalore","India","IN","NON_EU","Nirmal Kumar","K M"
"HU-MF-000022609","Sunglass Fashion Kft","Sunglass Fashion Kft ",,"Active","Manufacturer",,"26113119-2-13",1,"Hungary","HU","EU_MEMBER_STATE","sunglassfashionkft@gmail.com",,,"5","Boglya köz ",,"2310","Szigetszentmiklós","Hungary","HU","EU_MEMBER_STATE","Katalin","Varga-Balobás"
"HU-IM-000014425","HMS Pharma Kft.",,,"Active","Importer",,"26316381",2,"Hungary","HU","EU_MEMBER_STATE","office@hmspharma.com",,,"48","Petőfi Sándor utca ",,"2724","Újlengyel","Hungary","HU","EU_MEMBER_STATE",,
"SM-MF-000056722","ESSEBI MEDICAL",,,"Active","Manufacturer",,,1,"San Marino","SM","NON_EU","p.sordina@totim.it","+393382771899",,"84","Strada Campo del Fiume","47896","47896","San Marino","San Marino","SM","NON_EU","Pietro","Sordina"
"KR-MF-000030240","Goodmorning Bio Co.,Ltd",,,"Active","Manufacturer",,,1,"South Korea","KR","NON_EU","info@goodmorningbio.com"," +82 032 886 2966",,"492","Dokbae-ro ",,"22172","Michuhol-gu, Incheon","South Korea","KR","NON_EU","JI YEON ","HWANG"
"NL-MF-000050310","Silk'n Beauty Ltd.",,,"Active","Manufacturer",,,1,"Netherlands","NL","EU_MEMBER_STATE","oscar@silkn.eu",,,"17","Galileistraat",,"3029 AL","Rotterdam","Netherlands","NL","EU_MEMBER_STATE","Oscar","Middendorp"
"US-MF-000036081","Sprintray Inc.",,,"Active","Manufacturer",,,5,"United States","US","NON_EU","info@sprintray.com",,,"2710","Media Center Dr Suite",,"90065","Los Angeles","United States","US","NON_EU","Niko","Mangold"
"PK-MF-000010059","LAMBERT SURGICAL INSTRUMENTS (PRIVATE) LIMITED","LAMBERT SURGICAL INSTRUMENTS","2022-06-10T00:00:00","Inactive","Manufacturer",,,2,"Pakistan","PK","NON_EU","info@lambertsurgicalinstruments.com","+92 52 330 0492, +92 334 813 2077","www.lambertsurgicalinstruments.com",,"Street No 22, Khan Mahal Road, Sialkot, Punjab, Pakistan",,"51310","Sialkot","Pakistan","PK","NON_EU","Waqar Latif","Butt"
"DE-MF-000005331","Lubry GmbH",,,"Active","Manufacturer",,"DE264446637",1,"Germany","DE","EU_MEMBER_STATE","info@lubry.com","+4945150579910","www.lubry.de","7","Zeiss-Str. ",,"23560","Lübeck","Germany","DE","EU_MEMBER_STATE","Polina","Mavrov"
"DE-MF-000024061","Bosch Healthcare Solutions GmbH","BHCS",,"Active","Manufacturer",,"DE263309318",4,"Germany","DE","EU_MEMBER_STATE","Info-Bosch-Healthcare@bosch.com","+49 711 811-0 ","www.bosch-healthcare.com","50","Alte Bundesstraße",,"71332","Waiblingen","Germany","DE","EU_MEMBER_STATE","Kay","Scherer"
"FR-MF-000056941","VitaCollect",,,"Active","Manufacturer",,"	 FR83102418282",1,"France","FR","EU_MEMBER_STATE","support@vita-collect.com",,"vita-collect.com","28","rue de Chambery",,"75015","PARIS","France","FR","EU_MEMBER_STATE","Fabrice","BEAUCHENE"
"IE-AR-000048474","Global Compliance Regulatory Services Europe Limited","GCRS Europe Limited",,"Active","Authorised Representative",,,1,"Ireland","IE","EU_MEMBER_STATE","contact@gcrs.co.uk","+353 12630966 ","https://www.gcrs.co.uk        ",,"Baldonnell Business Park",,"D22 P3K7"," Dublin 22","Ireland","IE","EU_MEMBER_STATE","Rajat","Narang"
"IT-IM-000030570","Just Italia S.p.a.","Just",,"Active","Importer",,"01902700234",1,"Italy","IT","EU_MEMBER_STATE","info@just.it","045 865 8111","www.just.it","12","via Cologne",,"37023","Grezzana","Italy","IT","EU_MEMBER_STATE",,
"AT-AR-000052758","E&E CRO Consulting GmbH",,,"Active","Authorised Representative",,"ATU76394929",1,"Austria","AT","EU_MEMBER_STATE","office@ee-cro.com",,,"50/10","Hietzinger Hauptstrasse",,"1130","Vienna","Austria","AT","EU_MEMBER_STATE","Elisabeth","Reiffenstuhl"
"CN-MF-000038531","Viva Oral and Facial Medical Co., Ltd",,,"Active","Manufacturer",,,1,"China","CN","NON_EU","jiujiahengyi@163.com","+86 0512-52777315",,"4th Floor, Building 1","No. 5 Chaoyang Road, Haiyu Town, Changshu City, Suzhou City, Jiangsu Province, China",,"215519","Changshu City","China","CN","NON_EU","Hk","Deng"
"ES-PR-000054015","BLISSCARE, S.L.U.","BLISSCARE",,"Active","System/Procedure Pack Producer",,"ESB66806290",1,"Spain","ES","EU_MEMBER_STATE","licitaciones@blisscare.es","+34931998634","www.blisscarelab.com",,,,"08780","PALLEJA-BARCELONA","Spain","ES","EU_MEMBER_STATE",,
"US-MF-000036728","Persyst Development LLC","Persyst",,"Active","Manufacturer",,,2,"United States","US","NON_EU","dari@persyst.com","+1 858 461 4542","persyst.com","420","Stevens Avenue","92075","92075","Solana Beach","United States","US","NON_EU","Dari","Darabbeigi"
"IT-MF-000029731","AFERETICA S.R.L.",,,"Active","Manufacturer",,"03330561204",5,"Italy","IT","EU_MEMBER_STATE","customer.service@aferetica.com",,"www.aferetica.com",,,,"40138","Bologna","Italy","IT","EU_MEMBER_STATE","Fabrizio","Puviani"
"IT-MF-000041876","Noventa occhiali srls",,,"Active","Manufacturer",,"IT05198690280",1,"Italy","IT","EU_MEMBER_STATE","info@noventaoptic.com",,,"24","Via Montello",,"35027","Noventa Padovana","Italy","IT","EU_MEMBER_STATE","Riccardo","Piazza"
"KR-MF-000045907","EVERVIEW Corp",,,"Active","Manufacturer",,,1,"South Korea","KR","NON_EU","jm7297@naver.com","+82-2-754-8189","https://everview.kr/","254","Beotkkot-ro, Geumcheon-gu",,"08511","Seoul","South Korea","KR","NON_EU","Jongmoon","Lee"
"TR-MF-000052831","ANT BIYOTEKNOLOJI SANAYI VE TICARET ANONIM SIRKETI",,,"Active","Manufacturer",,"0700990273",1,"Türkiye","TR","EU_EXTENDED","sina@antmedical.com","+905423213685","https://antbiotechnology.com",,"ŞERİFALİ MAH KIZ KALESİ  SK. ECT PLAZA NO: 15 İÇ KAPI NO: 6",,"34775","İSTANBUL","Türkiye","TR","EU_EXTENDED","ŞEMSİ SİNA","DEMİRTAŞ"
"CN-MF-000020262","Suzhou MicroPort Spine & Trauma Co.Ltd.",,,"Active","Manufacturer",,,1,"China","CN","NON_EU","xuej@microport.com",,,"151","Fengli",,"215000","Suzhou","China","CN","NON_EU","Zhi","Yang"
"DE-MF-000006128","TNI medical AG",,"2023-03-01T00:00:00","Active","Manufacturer",,"DE814880744",11,"Germany","DE","EU_MEMBER_STATE","info@tni-medical.de"," +49(0)931 20 79 29 02   ","https://tni-medical.de","74a","Nürnberger Straße","97076","97076","Würzburg","Germany","DE","EU_MEMBER_STATE","Pavan Kumar","Kalla"
"CN-MF-000039803","Kangda Intercontinental Medical Equipment Co., Ltd.",,"2025-12-26T00:00:00","Inactive","Manufacturer",,,2,"China","CN","NON_EU","info@kangdaim.com",,,,"No. 88 Kangda Road, Meishan free trade zone, Beilun District",,"315832","Ningbo City","China","CN","NON_EU","Mowen","Jiang"
"TR-MF-000040427","ENDOVEN SAĞLIK A.Ş.","ENDOVEN",,"Active","Manufacturer",,"3340561014",3,"Türkiye","TR","EU_EXTENDED","muhasebe@endovensaglik.com.tr","+905308217091",," 5318. Sk.","Şeker Mah.",,"38080","KAYSERİ","Türkiye","TR","EU_EXTENDED","MERVE","GÖNEN"
"FR-AR-000007173","OKEHO SAS","OKEHO",,"Active","Authorised Representative",,"FR39514688605",1,"France","FR","EU_MEMBER_STATE","infos@okeho.com","+33 6 78 56 31 38",,"20bis"," Avenue des Bonshommes",,"95290","L'isle Adam","France","FR","EU_MEMBER_STATE","Richard","Robin"
"CY-IM-000052185","Delphia Limited",,,"Active","Importer",,,1,"Cyprus","CY","EU_MEMBER_STATE","info@delphia.one",,,"14","Lapithou",,"2410","Nicosia","Cyprus","CY","EU_MEMBER_STATE",,
"LV-MF-000011871","Rumex Baltics SIA",,,"Active","Manufacturer",,"0103309411",1,"Latvia","LV","EU_MEMBER_STATE","neverchik@rumexbaltics.eu","+371 67148083","http://en.rumexbaltics.eu","46"," Robezu iela",,"LV-1004","Riga","Latvia","LV","EU_MEMBER_STATE","Sergey","Vlasov"
"FR-PR-000034873","groupe lépine",,"2024-10-01T00:00:00","Inactive","System/Procedure Pack Producer",,"FR80957503642",2,"France","FR","EU_MEMBER_STATE","l.fiscus@groupe-lepine.com",,,"175","Jacquard - CS 50307",,"69727","Genay Cedex","France","FR","EU_MEMBER_STATE",,
"UA-MF-000034545","Yuria-pharm LLC","Yuria-pharm LLC",,"Active","Manufacturer",,"301091226585",3,"Ukraine","UA","NON_EU","UF@UF.UA","+ 38 044 246 8383","https://www.uf.ua","10","Mykoly Amosova Street","-","03038","Kyiv","Ukraine","UA","NON_EU","Valentyna","Zelenko"
"DE-MF-000013721","Schütz Dental GmbH",,,"Active","Manufacturer",,"DE811202913",3,"Germany","DE","EU_MEMBER_STATE","u.krichbaum@schuetz-dental.de","+496003814650","www.schuetz-dental.de","5-6","Dieselstr.",,"61191","Rosbach","Germany","DE","EU_MEMBER_STATE","Uwe","Krichbaum"
"CN-MF-000017584","Tianjin Jieyaxin Medical Plastic Equipment Co., Ltd.",,,"Active","Manufacturer",,,1,"China","CN","NON_EU","jieyaxin@yeah.net",,,,"No.1‐26 ,Eight Street Light Industry Electronic Park, Yixingbu, Beichen District",,"300402","Tianjin","China","CN","NON_EU","Tao","Bi"
"DE-MF-000034607","Alerion Health Care GmbH",,,"Active","Manufacturer",,"DE231592276",1,"Germany","DE","EU_MEMBER_STATE","cblock@alerion24.de",,"alerion.de","118","Im Teelbruch",,"45219","Essen","Germany","DE","EU_MEMBER_STATE","Clemens","Block"
"CN-MF-000014175","CARETEK (CHINA) MEDICAL PLC","Caretek",,"Active","Manufacturer",,"914401136659131032",1,"China","CN","NON_EU","snow_liang@cblguangzhou.com","+862084860767","www.caretek.com.cn",,"Xiguakeng, Guanqiao Village, Shilou Town, Panyu District",,"511447","Guangzhou，Guangdong","China","CN","NON_EU","David","Gao"
"KR-MF-000020590","Mcube Technology Co., Ltd",,"2021-12-31T00:00:00","Active","Manufacturer",,,6,"South Korea","KR","NON_EU","mcube@mcubetech.co.kr",,,"39","Magokjungang 12-ro",,"07789","Seoul","South Korea","KR","NON_EU","Chae Rin","Park"
"DE-MF-000007993","R-Biopharm AG",,,"Active","Manufacturer",,"DE 111 657 409",4,"Germany","DE","EU_MEMBER_STATE","t.zeugfang@r-biopharm.de",,"www.r-biopharm.de","17","An der neuen Bergstraße ",,"64297","Darmstadt","Germany","DE","EU_MEMBER_STATE","Tim","Zeugfang"
"RO-IM-000042680","AVENA MEDICA SRL","AVENA",,"Active","Importer",,"RO 24684380",1,"Romania","RO","EU_MEMBER_STATE","mira.cotiga@gmail.com","+40726750780","https://avena.ro/","147C","SOS. BANATULUI",,"077045","CHITILA","Romania","RO","EU_MEMBER_STATE",,
"US-MF-000002177","Invivo, a division of Philips Medical Systems",,"2023-03-13T00:00:00","Active","Manufacturer",,,7,"United States","US","NON_EU","eudamed@philips.com","n/a","n/a","12151","Research Pkwy",,"32826","Orlando","United States","US","NON_EU","Kavita","Mayekar-Doornenbal"
"NL-MF-000051863","Common Blue Appliances","Commap",,"Active","Manufacturer",,"NL866894524B01",5,"Netherlands","NL","EU_MEMBER_STATE","info@com-blue.com","+31851301985","www.com-blue.com","34","Papaverweg","56907","1032 KJ","Amsterdam","Netherlands","NL","EU_MEMBER_STATE","HE","Visser"
"PT-IM-000005680","GOLDENTAV UNIPESSOAL, LDA",,,"Active","Importer",,"508450764",1,"Portugal","PT","EU_MEMBER_STATE","geral@goldentav.com",,"www.goldentav.com",,"RUA DA BÉLGICA, 1304",,"4400-045","Canidelo","Portugal","PT","EU_MEMBER_STATE",,
"US-MF-000033097","Arbor Vita Corporation","AVC",,"Active","Manufacturer",,"77-0483815",1,"United States","US","NON_EU","info@arborvita.com","+1 650 713 7932","https://www.arborvita.com/","48371 ","Fremont Boulevard",,"94538","Fremont","United States","US","NON_EU","Bouly","Emilie"
"CN-MF-000042343","Anhui Fangda Pharmaceutical Co., Ltd",,,"Active","Manufacturer",,,1,"China","CN","NON_EU","328852513@qq.com",,,,"Fangda Industrial Park, Intersection of National Highway 105 and Min'an Avenue, Yingquan District,",,"236127","Fuyang City, Anhui Province","China","CN","NON_EU","Zhao","Kun"
"NZ-MF-000041646","Rhondium Limited",,,"Active","Manufacturer",,,1,"New Zealand","NZ","NON_EU","info@rhondium.com",,,"4B","Sheffield Street",,"3129","Katikati","New Zealand","NZ","NON_EU","Greer","Fricker"
"IT-IM-000029414","CENTRO STYLE S.p.A.",,,"Active","Importer",,"02018040127",1,"Italy","IT","EU_MEMBER_STATE","lmarchi@centrostyle.it","+39 0332270295",,"7","VIA G.D. MARTINENGO ","21040","21040","VEDANO OLONA","Italy","IT","EU_MEMBER_STATE",,
"CZ-MF-000048500","ORTEX , spol. s r.o.","ORTEX, spol. s r.o.",,"Active","Manufacturer",,"CZ15528294",1,"Czechia","CZ","EU_MEMBER_STATE","ortexzlin@ortexzlin.cz","+420577011272","https://ortexzlin.cz/","173","L. Váchy",,"76001","Zlín","Czechia","CZ","EU_MEMBER_STATE","Petr","Baďura"
"DE-MF-000010822","Christoph Miethke GmbH & Co. KG",,,"Active","Manufacturer",," DE211931530",3,"Germany","DE","EU_MEMBER_STATE","EUDAMED@miethke.com",,,"2","Ulanenweg",,"14469","Potsdam","Germany","DE","EU_MEMBER_STATE","Jonathan","Meyer"
"IT-MF-000028542","MONTAGNOLI SRL",,,"Active","Manufacturer",,"04133450231",1,"Italy","IT","EU_MEMBER_STATE","info@montagnolisnc.it","+39 0458620374 ","www.montagnolisnc.it","19","VIA CROCE ROSSA",,"37050 ","OPPEANO ","Italy","IT","EU_MEMBER_STATE","STEFANO","MONTAGNOLI"
"EE-IM-000055521","Sanpromed OÜ",,,"Active","Importer",,"EE101470144",1,"Estonia","EE","EU_MEMBER_STATE","info@sanpromed.ee","+3725067511","www.sanpromed.ee","8-4","A. Weizenbergi",,"10150","Tallinn","Estonia","EE","EU_MEMBER_STATE",,
"RO-IM-000004410","SC SPEQTUS ENTERPRISE SRL",,,"Active","Importer",,"RO43110660",1,"Romania","RO","EU_MEMBER_STATE","contact@goldenprotect.ro","0040722714293","www.goldenprotect.ro","45","Campia Libertatii",,"030367","Bucharest","Romania","RO","EU_MEMBER_STATE",,
"LT-MF-000010902","Esco Medical Technologies, UAB",,,"Active","Manufacturer",,"LT100005455417",8,"Lithuania","LT","EU_MEMBER_STATE","support-medical@escolifesciences.com","+370 37 470 000","www.esco-medical.com","2","Gamybos g.",,"54468","Kauno r.","Lithuania","LT","EU_MEMBER_STATE","Aurimas","Jonaitis"
"US-MF-000035631","Olleyes, Inc.",,,"Active","Manufacturer",,,1,"United States","US","NON_EU","info@olleyes.com","18556553937","www.olleyes.com",,"350 Springfield Ave, Unit200",,"07901","Summit","United States","US","NON_EU","Alberto ","Gonzalez"
"DE-AR-000005129","Prolinx GmbH",,,"Active","Authorised Representative",,"DE815059178",2,"Germany","DE","EU_MEMBER_STATE","med@eulinx.eu","+4921131054698",,"56","Brehmstr",,"40239","Düsseldorf","Germany","DE","EU_MEMBER_STATE","Nianzhuang","Liu"
"CN-MF-000023026","ZHEJIANG GETIDY MEDICAL INSTRUMENT CO., LTD.",,,"Active","Manufacturer",,"91330723781810566A",2,"China","CN","NON_EU","getidy@getidy.com","+86 579 87712106","www.getidy.com",,"Dongnan Industrial Zone, Shuxi Street",,"321200","Wuyi, Zhejiang","China","CN","NON_EU","Tianrong","Fan"
"CN-MF-000041581","Sichuan Jinjiang Electronic Medical Device Technology Co., Ltd.","JJET",,"Active","Manufacturer",,,1,"China","CN","NON_EU","yup@jjet.cn","+86-028-85371182-6301","www.jjet.cn","No.5 ","Wuke Dongsan Road, Wuhou District",,"610045","Chengdu,Sichuan","China","CN","NON_EU","Ping","Yu"
"SE-IM-000048397","Lensway Group AB",,,"Active","Importer",,"SE556579318801",2,"Sweden","SE","EU_MEMBER_STATE","press@lenswaygroup.com",,,"4","Österög.","1290","16440","Kista","Sweden","SE","EU_MEMBER_STATE",,
"IT-MF-000009936","Alfakjn S.r.l.",,,"Active","Manufacturer",,"02438220184",1,"Italy","IT","EU_MEMBER_STATE","info@alfakjn.com","+39 0131 383132","www.alfakjn.com","22","Piazza Repubblica ",,"27026","Garlasco","Italy","IT","EU_MEMBER_STATE","Alessio ","Ferrari"
"PL-MF-000025097","drEryk sp. z o.o.",,"2023-11-30T00:00:00","Active","Manufacturer",,"PL6792749916",5,"Poland","PL","EU_MEMBER_STATE","biuro@dreryk.pl","+48 12 380 08 84","www.dreryk.pl","8","Księdza Józefa Tischnera",,"30-421","Kraków","Poland","PL","EU_MEMBER_STATE","Monika","Dobek"
"GB-MF-000032433","Prestige Medical",,,"Active","Manufacturer",,,1,"United Kingdom (ex Northern Ireland)","UK","NON_EU","jonathan@prestigemedical.co.uk",,"prestigemedical.co.uk",,"East House, Duttons Way Shadsworth",,"BB1 2QR","Blackburn","United Kingdom (ex Northern Ireland)","UK","NON_EU","Jonathan","lane"
"IT-IM-000035254","Dio Medical Italy S.R.L.",,,"Active","Importer",,"12641060962",1,"Italy","IT","EU_MEMBER_STATE","diomedicalitaly@legalmail.it",,,,"Piazzale Marengo 6",,"20121","Milano","Italy","IT","EU_MEMBER_STATE",,
"CN-MF-000035240","JKH Health Co., Ltd.",,,"Active","Manufacturer",,,4,"China","CN","NON_EU","MR@JKHHealth.com",,,,"15F, Building 2, Zone 1, Xinqiaodong Advanced Manufacturing Industrial Park, Hongtian Road, Huangpu Community, Xinqiao Street, Baoan District",,"518125","Shenzhen City, Guangdong Province","China","CN","NON_EU","Yong","Zhang"
"FI-MF-000005945","Kustannus Oy Duodecim",,,"Active","Manufacturer",,"FI05582871",2,"Finland","FI","EU_MEMBER_STATE","ebmeds.support@duodecim.fi",,,"8","Kaivokatu","PL 874","00101","Helsinki","Finland","FI","EU_MEMBER_STATE","Eija","Kutinlahti"
"CN-MF-000003225","Xiantao TSW Protective Products Co.,Ltd",,,"Active","Manufacturer",,,2,"China","CN","NON_EU","rocky@tsw-ppe.com",,,,"No.99, Magoucun, Fuyuan RD, Pengchang Town",,"433018","Xiantao City","China","CN","NON_EU","Shuwei","Tao"
"IT-IM-000044260","Marcopolo Dental Store SRL",,,"Active","Importer",,"02470640810",1,"Italy","IT","EU_MEMBER_STATE","gaspare@marcopolodentalstore.it","+39 3381482136","www.marcopolodentalstore.it","59","Contrada Virgini","91011","91011","Alcamo","Italy","IT","EU_MEMBER_STATE",,
"US-MF-000029865","Neurovision Medical Products Inc.",,,"Active","Manufacturer",,,2,"United States","US","NON_EU","christie@neurovisionmedical.com",,,"4837","McGrath Steet",,"93003","Ventura","United States","US","NON_EU","Christine","Vergely"
"FR-IM-000012698","OXYPHARM","OXYPHARM",,"Active","Importer",,"FR94329879050",2,"France","FR","EU_MEMBER_STATE","ContactEudamedOxypharm@oxypharm.fr",,,"39","rue des Augustins",,"76000","ROUEN","France","FR","EU_MEMBER_STATE",,
"IT-IM-000059130","SANATECH SRLS",,,"Active","Importer",,"05190630284",1,"Italy","IT","EU_MEMBER_STATE","jiangsanatech@hotmail.com",,"www.sanatech.it","19","VIA TRIESTE",,"35121","PADOVA","Italy","IT","EU_MEMBER_STATE",,
"PL-MF-000030290","Genomtec Spółka Akcyjna","Genomtec SA",,"Active","Manufacturer",,"PL8992809452",1,"Poland","PL","EU_MEMBER_STATE","office@genomtec.com",,"www.genomtec.com","57-59","Bierutowska",,"51-317","Wrocław","Poland","PL","EU_MEMBER_STATE","Nancy","Consterdine"
"CN-MF-000039005","NORMANDIAGNOSTIC LIMITED",,,"Active","Manufacturer",,,1,"China","CN","NON_EU","1076993647@qq.com",,,,"No.308 Third floor Zhoushan Road Xiangzhou District",,"519001","ZHUHAI ","China","CN","NON_EU","MIAO","LIU"
"IN-MF-000020405","Aadi Med Private Limited","Aadi Med",,"Active","Manufacturer",,"IN-27AAZCA9631P1ZJ",6,"India","IN","NON_EU","info@shivaproducts.net",,,,"2nd Floor, Gala No. 214, Blue bell industrial estate, Chinchpada, Vasai- East",,"401208","Vasai Virar","India","IN","NON_EU","Krishna Pradeep","Nagabhushana Rao"
"DE-IM-000043973","Aesthetify Management GmbH",,,"Active","Importer",,"DE360707793",1,"Germany","DE","EU_MEMBER_STATE","invest@aestehtify.de","+491622448811",,"13","Rheinpromenade ",,"40789","Monheim am Rhein","Germany","DE","EU_MEMBER_STATE",,
"HU-IM-000004315","PHILIPS Hungary Ltd.",,"2025-05-02T00:00:00","Inactive","Importer",,"HU10272031",3,"Hungary","HU","EU_MEMBER_STATE","eudamed.ceer@philips.com","n/a","n/a","11C","Konyves Kalman korut",,"1097","Budapest","Hungary","HU","EU_MEMBER_STATE",,
"IT-IM-000035387","Osstem Italia Srl",,,"Active","Importer",,"12917950961",1,"Italy","IT","EU_MEMBER_STATE","osstemitaly@gmail.com",,,,"PIAZZALE MARENGO, 6 20121 MILANO",,"20121","Milano","Italy","IT","EU_MEMBER_STATE",,
"PL-MF-000030288","UNITRA Sp. z o.o.","UNITRA",,"Active","Manufacturer",,"7011000214",5,"Poland","PL","EU_MEMBER_STATE","breath@unitra.eu",,"https://www.unitra.com","2B","Przejazdowa",,"02-496","Warszawa","Poland","PL","EU_MEMBER_STATE","Tomasz","Przekopiński"
"EL-IM-000038499","BIOSURG Ι.Κ.Ε.",,,"Active","Importer",,"801415950",1,"Greece","EL","EU_MEMBER_STATE","info@biosurg.gr","+302114119551","www.biosurg.gr","145","ΒΑΣΙΛΕΩΣ ΠΑΥΛΟΥ",,"19004","ΣΠΑΤΑ","Greece","EL","EU_MEMBER_STATE",,
"CN-MF-000015374","Shanghai SeeGen Photoelectric Technology Co., Ltd.",,,"Active","Manufacturer",,,4,"China","CN","NON_EU","qianqiang@seegen.com.cn",,"https://www.seegenmed.com/",,"Building No.5, 4277 YinDu Road, Minhang District",,"201108","Shanghai","China","CN","NON_EU","Qiang","Qian"
"SE-MF-000044473","CarePointer AB","CarePointer",,"Active","Manufacturer",,"SE559215913001",2,"Sweden","SE","EU_MEMBER_STATE","magnus.hok@carepointer.se","+46704888801","www.carepointer.se","10","Sjötorpsbrinken",,"16565","Hässelby","Sweden","SE","EU_MEMBER_STATE","Magnus","Hök"
"TR-MF-000030869","İNSPRAMED MEDİKAL SANAYİ VE TİCARET A.Ş.","İNSPRAMED MEDİKAL",,"Active","Manufacturer",,"4780537106",3,"Türkiye","TR","EU_EXTENDED","sascha.dilling@dmed-healthcare.com","+905535643306","https://inspramed.com.tr/","8","Free Zone Area, Street 8",,"38070","KAYSERİ","Türkiye","TR","EU_EXTENDED","Mehmet ","Kacer"
"DE-IM-000049136","bb med. product GmbH",,,"Active","Importer",,"DE811806253",1,"Germany","DE","EU_MEMBER_STATE","info@bb-kalkar.de","+49 2824 20830","www.bb-kalkar.de","15","Wöhrmannstraße",,"47546","Kalkar","Germany","DE","EU_MEMBER_STATE",,
"CN-MF-000047010","Suzhou Haowei Medical Technology Co., Ltd.",,,"Active","Manufacturer",,"91320506MA25DR8U62",2,"China","CN","NON_EU","guoping@hiwemed.com",,,,"Room 304, Building 4, Tianyun Square, No.111, Wusongjiang Avenue, Guoxiang Street, Wuzhong District",,"215124","Suzhou","China","CN","NON_EU","Qin","Yang"
"FR-PR-000040878","DELEO S.A.S.","DELEO S.A.S.",,"Active","System/Procedure Pack Producer",," FR13519692115",1,"France","FR","EU_MEMBER_STATE","qualite@deleo.fr","+33483680992",,"239","via Nova",,"83600","FREJUS","France","FR","EU_MEMBER_STATE",,
"CN-MF-000053023","Jiangsu Xihong Biopharma Co.,Ltd.",,,"Active","Manufacturer",,,1,"China","CN","NON_EU","zhaoxuan@dfyanmei.com",,,,"20#,Wenzhou Rd.Economical Development District",,"223600","Shuyang, Jiangsu","China","CN","NON_EU","Xuan","Zhao"
"RO-IM-000003501","AVMED PLUS SRL",,,"Active","Importer",,"RO29200716",1,"Romania","RO","EU_MEMBER_STATE","avmedplus@gmail.com",,,"42-44","MĂRĂŞEŞTI",,"400147","CLUJ-NAPOCA","Romania","RO","EU_MEMBER_STATE",,
"CN-MF-000023024","Anqing Jinghuang Personal Care Prodcuts Co., Ltd",,,"Active","Manufacturer",,,1,"China","CN","NON_EU","pengsy@gwindco.com",,,,"Land A-5, Economic Development Zone of Changjiang Bridge,",,"246000","Anqing City, Anhui Province","China","CN","NON_EU","Shengyun","Peng "
"ES-IM-000058966","Essence Interactive Center S.L.",,,"Active","Importer",,"B82564824",1,"Spain","ES","EU_MEMBER_STATE","sergio.garbin@essence-grp.com","+34 667 868 537","https://www.essencesmartcare.com/es/","5","Conde de Aranda ",,"28001","Madrid","Spain","ES","EU_MEMBER_STATE",,
"DE-MF-000024708","Health Information Management GmbH",,,"Active","Manufacturer",,"DE227910807",2,"Germany","DE","EU_MEMBER_STATE","qmb@him-info.com","+49 6172 8554650","www.him-info.com","119-121","Louisenstrasse",,"61348","Bad Homburg","Germany","DE","EU_MEMBER_STATE","Roland","Pfletschinger"
"PL-IM-000044257","Belamed Spółka z Ograniczoną Odpowiedzialnością","Belamed Sp. z o.o.",,"Active","Importer",,"PL9542299951",1,"Poland","PL","EU_MEMBER_STATE","blazej@belamed.com.pl","+48322021525","www.belamed.com.pl","9","OKONIOWA",,"40-748","KATOWICE","Poland","PL","EU_MEMBER_STATE",,
"US-MF-000023457","Inovo, Inc.","Inovo, Inc.",,"Active","Manufacturer",,,6,"United States","US","NON_EU","licensing@drivemedical.com","+1 516 760 7712","www.drivemedical.com","401","Leonard Blvd. North",,"33971","Lehigh Acres","United States","US","NON_EU","Susan","Scott"
"CN-MF-000039351","Uniz Technology (Beijing) Co., Ltd.",,,"Active","Manufacturer",,,1,"China","CN","NON_EU","rongfu.zhu@uniz.com",,,,"No.21, 9F, Building 683, Block 2, No.5 Zhongguancun South Street, Haidian District,",,"100081","Beijing","China","CN","NON_EU","Rongfu","Zhu"
"AT-MF-000041701","Humanomed IT Solutions GmbH",,,"Active","Manufacturer",,"ATU45932503",1,"Austria","AT","EU_MEMBER_STATE","office@humanomed-it.at","+43 463 5116115000","www.ebody.at","20","Siemensstraße",,"9020","Klagenfurt","Austria","AT","EU_MEMBER_STATE","Wolfgang","Sima"
"TR-MF-000041960","DUMAN ÇELİK EŞYA SAN. VE TİC. A.Ş.",,,"Active","Manufacturer",,"3140032891",1,"Türkiye","TR","EU_EXTENDED","duman@duman.com.tr",,,"39/B1","Acelya",,"34520","ISTANBUL","Türkiye","TR","EU_EXTENDED","MEHMET","TAPAN"
"IT-IM-000032564","AB ANALITICA srl",,,"Active","Importer",,"02375470289",1,"Italy","IT","EU_MEMBER_STATE","customersupport@abanalitica.it","+39 049761698",,"16","via svizzera ",,"35127","padova","Italy","IT","EU_MEMBER_STATE",,
"MD-MF-000048616","THERAPLUSH LAB SRL",,,"Active","Manufacturer",,,2,"Moldova","MD","NON_EU","nadia@theraplush.com","+373 799 99 709","www.theraplush.com",,"sec. Centru, str. Mitropolit Varlaam, ",,"MD-2012                  ","Chişinău","Moldova","MD","NON_EU","NADIA ","URSU"
"SI-MF-000004685","Alcom d.o.o.",,,"Active","Manufacturer",,"SI60022396",1,"Slovenia","SI","EU_MEMBER_STATE","barbara.a@alcom.info","+386 42018233","alcom.info","26","Partizanska C.",,"4000","Kranj","Slovenia","SI","EU_MEMBER_STATE","Barbara","Ručigaj Aljančič"
"SE-MF-000000736","ABIGO Medical AB",,,"Active","Manufacturer",,"SE556336779501",15,"Sweden","SE","EU_MEMBER_STATE","eva.brunhage@essity.com","+46317484950","www.abigo.com","1","Vapenvägen",,"696 33","Askersund","Sweden","SE","EU_MEMBER_STATE","Marie","Skoglund"
"DE-MF-000022683","BIORON Diagnostics GmbH",,"2024-11-11T00:00:00","Inactive","Manufacturer",,"DE274094961",3,"Germany","DE","EU_MEMBER_STATE","info@bioron.de","+49 6232 298-44-0","www.bioron.de","20","In den Rauhweiden ",,"67354","Roemerberg","Germany","DE","EU_MEMBER_STATE","Andreas","Kirsten"
"CA-MF-000042637","Kent Imaging Inc.","Kent",,"Active","Manufacturer",,,1,"Canada","CA","NON_EU","customerservice@kentimaging.com","+1-403-455-7610 ","https://www.kentimaging.com/","1210","8 St SW Suite 300","T2R 1L3","T2R 1L3","Calgary","Canada","CA","NON_EU","Hitalo","Arume"
"CN-MF-000026610","SHENZHEN WELL-COME INDUSTRY CO.,LTD",,,"Active","Manufacturer",,,1,"China","CN","NON_EU","EXP1@WELL-COME.CN",,,,"2nd-3rd Floor, Building 19, Changxing Science and Technology Park, Wan'an Road, Shayi Community, Shajing Street, Baoan District,",,"518104","Shenzhen","China","CN","NON_EU","SELINA","CHEN"
"SA-MF-000025189","Saudi Mais Co. For Medical products","Saudi Mais Co. For Medical Products ",,"Active","Manufacturer",,,2,"Saudi Arabia","SA","NON_EU","Medical@mais.com.sa","0112650184","www.maisco.com.sa",,"P.O Box: 3900-Riyadh 14335","14335-7599","3900","Riyadh","Saudi Arabia","SA","NON_EU","salman","Rashid"
"FI-IM-000049198","Horisont Enterprises Ltd.Oy",,,"Active","Importer",,"FI19646848",1,"Finland","FI","EU_MEMBER_STATE","office@horisontenterprises.fi",,,"4","Malminkartanonkuja ",,"00390","Helsinki","Finland","FI","EU_MEMBER_STATE",,
"TW-MF-000006734","Foremount Enterprise Co., Ltd.","FM",,"Active","Manufacturer",,"97200102",1,"Taiwan","TW","NON_EU","legal@foremount.com","+886425618788","https://www.foremount.com/",,"No. 17, Alley 15, Lane5, Shenan Street, Shengang District,",,"42944","Taichung City,","Taiwan","TW","NON_EU","James","Yu"
"TR-MF-000054725","İPEK MEDİKAL SİSTEMLERİ SAN. TİC. LTD. ŞTİ.",,,"Active","Manufacturer",,"4790236914",1,"Türkiye","TR","EU_EXTENDED","erkanozdemir@ipekmedikal.com.tr","+9 0(531) 975-7952",,,"Yunus Sk.","No:5/A","34775","İSTANBUL","Türkiye","TR","EU_EXTENDED","ERKAN","ÖZDEMİR"
"CN-MF-000050362","Suzhou Zenith Vascular SciTech Limited","Zenith Vascular",,"Active","Manufacturer",,"91320594MA1WKN341T",4,"China","CN","NON_EU","intlreg@zenithmedtech.com","+86-0512-66174311","www.zenithmedtech.com",,"Unit 101, Building 6, Block B, Phase 5, Biobay, No.21 Dongyanli Road",,"215123","Suzhou, Jiangsu","China","CN","NON_EU","Xiaoyu","Wang"
"ES-MF-000036764","Mobiliario Clínico Saber S.L.","Mc Saber",,"Active","Manufacturer",,,1,"Spain","ES","EU_MEMBER_STATE","admon@mcsaber.com","916562779","www.mcsaber.com","38","Mar Mediterráneo",,"28830","Madrid","Spain","ES","EU_MEMBER_STATE","Javier","Blázquez Ballesteros"
"IT-MF-000054279","WELLNESS PILLOW MILANO SRL",,,"Active","Manufacturer",,"14390270966",1,"Italy","IT","EU_MEMBER_STATE","info@wellnesspillowmilano.it","+39 351 492 6064","https://wellnesspillowmilano.it/","6","VIA AURELIO SAFFI",,"20123","MILANO","Italy","IT","EU_MEMBER_STATE","DANIELE","LAVARRA"
"DE-MF-000005508","EIT Emerging Implant Technologies GmbH",,,"Active","Manufacturer",,"DE815490026",3,"Germany","DE","EU_MEMBER_STATE","info@eit-spine.de","+49 7461 1716900",,,"Eisenbahnstrasse 84",,"78573","Wurmlingen","Germany","DE","EU_MEMBER_STATE","Barbara","Wirth"
"RO-IM-000004870","VITA STATERA SRL",,,"Active","Importer",,"RO37435241",1,"Romania","RO","EU_MEMBER_STATE","office@vitastatera.ro","+40732552552",,"19","BD 1 MAI",,"061621","BUCHAREST","Romania","RO","EU_MEMBER_STATE",,
"DE-MF-000013463","Heinlein Plastik-Technik GmbH",,,"Active","Manufacturer",,"UST-ID DE 131 939 667",4,"Germany","DE","EU_MEMBER_STATE","info@heinlein-plastik.de","+49 981 9502 0","www.heinlein-plastik.de","7","Industriestraße",,"91522","Ansbach","Germany","DE","EU_MEMBER_STATE","Klaus-Dieter","Schell"
"FR-AR-000023178","EUROBIO SCIENTIFIC","EUROBIO SCIENTIFIC",,"Active","Authorised Representative",,"FR88414488171",1,"France","FR","EU_MEMBER_STATE","reglementaire@eurobio-scientific.com",,"www.eurobio-scientific.com","7","Avenue de Scandinavie",,"91940","LES ULIS","France","FR","EU_MEMBER_STATE","Aurélie","KELLAOU"
"US-MF-000040744","GRAVITIQ VI LLC",,,"Active","Manufacturer",,,1,"United States","US","NON_EU","admin@gravitiq.xyz",,,"99","99 Hudson Street, 5th Floor, ",,"NY 10013","New York","United States","US","NON_EU","Sachin","Srivastava"
"DE-MF-000052292","Medical Device Partners GmbH","MDP",,"Active","Manufacturer",,"DE813288724",2,"Germany","DE","EU_MEMBER_STATE","info@MedicalDevicePartners.com","+49 941 890 593-60","www.MedicalDevicePartners.com","5","In der Pfeifing",,"93138 ","Lappersdorf-Kareth","Germany","DE","EU_MEMBER_STATE","Sonja","Winklmann"
"HU-MF-000028567","My Med Kft","My Med",,"Active","Manufacturer",,"HU25708956",2,"Hungary","HU","EU_MEMBER_STATE","office@my-med.eu","+36 70 3895841","www.my-med.eu","5-11","Téglagyári",,"2097","Pilisborosjenő","Hungary","HU","EU_MEMBER_STATE","Paolo","Rissone"
"US-MF-000036842","Ulcer Solutions","Ulcer Solutions",,"Active","Manufacturer",,,1,"United States","US","NON_EU","info@ulcersolutions.com","+1 541-953-7398","https://www.ulcersolutions.com/","3101 NE","169th Way,",,"WA 98642","Ridgefield,","United States","US","NON_EU","Thomas ","Wuest"
"ES-IM-000024408","IKILIFE,SL ","IKILIFE",,"Active","Importer",,"B13996863",7,"Spain","ES","EU_MEMBER_STATE","administracion@incaproduct.com","+34659321479",,"63","AVDA.SANT PERE",,"25005","LLEIDA","Spain","ES","EU_MEMBER_STATE",,
"PT-MF-000036648","Medsky - Soluções Médicas e Consultadoria, Lda",,,"Active","Manufacturer",,"508550513",1,"Portugal","PT","EU_MEMBER_STATE","dsantos@medsky.pt",,,"33","Rua Dr. Pacheco Carneiro, Centro Comercial Carneiro Pacheco",,"4780-365","Santo Tirso","Portugal","PT","EU_MEMBER_STATE","Mariana","Fortunato"
"US-MF-000003311","BioFire Diagnostics, LLC",,,"Active","Manufacturer",,,8,"United States","US","NON_EU","bioMerieuxSLC-PRRC@biomerieux.com",,,"515","Colorow Drive",,"84108","Salt Lake City","United States","US","NON_EU","Ann","Demogines"
"TW-MF-000047543","South Canal Int’l Co., Ltd.","South Canal",,"Active","Manufacturer",,"69542326",2,"Taiwan","TW","NON_EU","webmaster@southcanal.com",,,,"6 F., No. 176, Sec. 3, King-Hwa Rd.",,"700025","Tainan City","Taiwan","TW","NON_EU"," Alex ","Lin"
"DE-MF-000051731","MEDIGREIF Digital Health GmbH",,,"Active","Manufacturer",,"DE358457101",1,"Germany","DE","EU_MEMBER_STATE","dirk.scheer@medigreif-digital-health.com",,"https://medigreif-digital-health.de","1","Pappelallee",,"17489","Greifswald","Germany","DE","EU_MEMBER_STATE","Emily","Saß"
"DE-MF-000006338","Kirchner & Wilhelm GmbH + Co KG","KaWe ",,"Active","Manufacturer",,"DE146132614",4,"Germany","DE","EU_MEMBER_STATE","info@kawemed.de","+49 7141/681880","www.kawemed.com","56","Eberhardstraße",,"71679","Asperg","Germany","DE","EU_MEMBER_STATE","Vanessa","Kieber"
"CN-MF-000020939","Jiangxi Langhe Medical Instrument Co., Ltd.",,,"Active","Manufacturer",,,4,"China","CN","NON_EU","jenny_zhu@welllead.com.cn",,"https://www.jxlhyl.com/EN/productlist.aspx",,"No.1 Chang'an Road, South District of Industrial Park, Yongfeng County",,"331500","Ji'an","China","CN","NON_EU","Jun","Su"
"CN-MF-000036117","shandong pingan yongtai medical equipment co.,ltd",,,"Active","Manufacturer",,,1,"China","CN","NON_EU","1248576402@qq.com",,,,"（East of Shengdibao Pharmaceutical Company）East of Jinling Street, Lingcheng Town, Qufu City, ",,"273100","Shandong Province","China","CN","NON_EU","Bin","Wang"
"FR-MF-000003769","Bio Composants Médicaux","BCM",,"Active","Manufacturer",,"FR01 394 152 383",2,"France","FR","EU_MEMBER_STATE","leonie.biserta@biomedicaux.com",,,"215","Route de Bavonne",,"38140","Saint Blaise du Buis","France","FR","EU_MEMBER_STATE","Leonie","Biserta"
"DE-MF-000005906","VITA Zahnfabrik H. Rauter GmbH & Co. KG","VITA","2025-01-15T00:00:00","Active","Manufacturer",,"DE 142697558",8,"Germany","DE","EU_MEMBER_STATE","prrc@vita-zahnfabrik.com","+49 7761 5620","www.vita-zahnfabrik.com","3.","Spitalgasse ",,"79713","Bad Säckingen","Germany","DE","EU_MEMBER_STATE","Tobias","Strauß"
"FI-MF-000021232","Härmän Nauha Oy",,,"Active","Manufacturer",,"FI04785554",1,"Finland","FI","EU_MEMBER_STATE","myynti@harmannauha.fi","+35864822900","htpps://www.harmannauha.fi","834","Yliviitalantie ",,"62375","Ylihärmä","Finland","FI","EU_MEMBER_STATE","Pertti","Palo"
"BE-MF-000000788","Medical Data Technology","MEDATEC",,"Active","Manufacturer",,"BE0438052988",2,"Belgium","BE","EU_MEMBER_STATE","contact@medatec.be","025271693","https://medatec.eu/fr/accueil","17","Avenue Napoléon",,"1180","Uccle","Belgium","BE","EU_MEMBER_STATE","Jean-Francois","RAULT"
"US-MF-000038330","Micro Current Technology, Inc.","Micro Current ",,"Active","Manufacturer",,,2,"United States","US","NON_EU","dsuzuki@bio-therapeutic.com",,,,"2244 1st Ave South",,"98134","Seattle","United States","US","NON_EU","Amy","Holden"
"RO-IM-000003891","S.C. MEDITECH S.R.L.",,,"Active","Importer",,"RO14779840",3,"Romania","RO","EU_MEMBER_STATE","office@meditech.ro","+40262274161","www.meditech.ro",,"Margeanului",,"430014","Baia Mare","Romania","RO","EU_MEMBER_STATE",,
"BE-IM-000057170","Buysse Medical Supplies & Services","BMS²",,"Active","Importer",,"BE0461922809",1,"Belgium","BE","EU_MEMBER_STATE","info@bms2.be","0498248197","www.bms2.be","29","Werkstraat ",,"9000","Gent","Belgium","BE","EU_MEMBER_STATE",,
"FR-IM-000018710","HEM","HEM",,"Active","Importer",,"FR43448174995",1,"France","FR","EU_MEMBER_STATE","eric@hemfrance.com","0658876085",,"27","BOULEVARD D'ARRAS",,"13004","MARSEILLE","France","FR","EU_MEMBER_STATE",,
"RO-IM-000003910","Tehnical Dent SRL",,,"Active","Importer",,"RO11758273",1,"Romania","RO","EU_MEMBER_STATE","office@tehnicaldent.ro","+40213125660","www.tehnicaldent.ro","72","Stirbei Voda ",,"010106","Bucharest","Romania","RO","EU_MEMBER_STATE",,
"IT-IM-000031086","Dentalloys SRL",,,"Active","Importer",,"IT07965760726",1,"Italy","IT","EU_MEMBER_STATE","info@dentalloys.it","+39 0809908012","https://www.dentalloys.it/","SNC","VIA ERNESTO CHE GUEVARA",,"70023","GIOIA DEL COLLE (BA) ","Italy","IT","EU_MEMBER_STATE",,
"TR-AR-000056167","Vision Biyoteknoloji Araştırma Geliştirme Laboratuvar Sistemleri Sanayi ve Ticaret Limited Şirketi","Vision Biotechnology",,"Active","Authorised Representative",,"9250926332",1,"Türkiye","TR","EU_EXTENDED","info@visionbiotechnology.com","+902167840298",,"742","Alemdağ","34775","34775","Istanbul","Türkiye","TR","EU_EXTENDED","ENGİN","NARİNÇ"
"SE-MF-000008882","Sectra AB","Sectra AB",,"Active","Manufacturer",,"556064830401",2,"Sweden","SE","EU_MEMBER_STATE","regulatoryaffairs@sectra.com","+46 13 235200","www.sectra.com","20","Teknikringen",,"58330","Linkoping","Sweden","SE","EU_MEMBER_STATE","Edoardo","Mastrovito"
"ES-IM-000040164","QUIMICA CLINICA APLICADA S.A.","QCA",,"Active","Importer",,"ES-A43024009",1,"Spain","ES","EU_MEMBER_STATE","rtec@qca.es","+34977701439","www.qca.es",,"A-7 Km 1081","Apdo. 20","43870","AMPOSTA","Spain","ES","EU_MEMBER_STATE",,
"DE-MF-000005519","Peter Lazic GmbH",,,"Active","Manufacturer",,"DE213344752",2,"Germany","DE","EU_MEMBER_STATE","eudamed@lazic.de","+49 7461 96643 0","www.lazic.de","2","Immelmannweg","78532","78532","Tuttlingen","Germany","DE","EU_MEMBER_STATE","Kim","Maier-Zimmermann"
"DE-MF-000007654","MIPM Mammendorfer Institut für Physik und Medizin GmbH",,,"Active","Manufacturer",,"DE128235862",4,"Germany","DE","EU_MEMBER_STATE","info@mipm.com","+49 8145 92 09 0","www.mipm.com","6-7","Oskar-von-Miller Str.",,"82291","Mammendorf","Germany","DE","EU_MEMBER_STATE","Raphael ","Schweitzer"
"FI-MF-000006195","Haltija Group Oy",,,"Active","Manufacturer",,"FI24123953",1,"Finland","FI","EU_MEMBER_STATE","asiakaspalvelu@haltija.fi",,,"2-4 D","Koivuhaantie ",,"01510","VANTAA","Finland","FI","EU_MEMBER_STATE","Ari","Pohjanmaa"
"GR-MF-000020852","CIBUSMED LTD",,,"Active","Manufacturer",,"800832330",2,"Greece","EL","EU_MEMBER_STATE","ppapandreou@cibusmed.com","+30 6948684847","https://www.cibusmed.com/","20","PLEIADON",,"14561","KIFISIA","Greece","EL","EU_MEMBER_STATE","Konstantina","Nousiou"
"PK-MF-000016789","Conendo	Surgical",,,"Active","Manufacturer",,,1,"Pakistan","PK","NON_EU","info@conendosurgical.com","+92 321 6121980",,,"Deen	Pura,	Capital	Road,	",,"51310","Sialkot","Pakistan","PK","NON_EU","Ahmed ","Akhtar"
"IT-MF-000035568","Callegari S.r.l.",,,"Active","Manufacturer",,"IT01615440342",1,"Italy","IT","EU_MEMBER_STATE","qualita@catellanigroup.com","+390521273274",,"1","Via Eugenio Ugolotti",,"43122","Parma","Italy","IT","EU_MEMBER_STATE","Rebecca","Dhondt"
"IR-MF-000037172","Novatis Teb Company",,,"Active","Manufacturer",,,3,"Iran","IR","NON_EU","EUDAMED.NOVATIS@novatisteb.com",,"www.novatisteb.com",,"Plot 201, 5th Bustan, 4th Golestan, West Hafez Blvd.,",,"3188114443","Eshtehard County, Alborz Province,","Iran","IR","NON_EU","Adeleh","Shayanrad"
"ES-MF-000008420","Medi Care System S.L.U.","Medicare System",,"Active","Manufacturer",,"ESB60715091",1,"Spain","ES","EU_MEMBER_STATE","info@medisystemsl.com","937570048","www.medicaresystem.es","15","Abat Escarre",,"08302","Mataro","Spain","ES","EU_MEMBER_STATE","David","Rodríguez Portolés"
"LT-MF-000056990","MB Labsamera",,,"Active","Manufacturer",,"LT100011574412",1,"Lithuania","LT","EU_MEMBER_STATE","support@ameralabs.com","+370 602 42209","https://ameralabs.com/","14","Draugystės g.",,"LT-51259","Kaunas","Lithuania","LT","EU_MEMBER_STATE","Vaidas ","Talačka"
"DE-AR-000027579","C&T Handels GmbH",,,"Active","Authorised Representative",,"DE814791594",1,"Germany","DE","EU_MEMBER_STATE","c.cai@chinatradingcenter.de",,,"34","Max-Planck-Str. ",,"50858","Cologne","Germany","DE","EU_MEMBER_STATE","Shiqiu","Cai"
"DE-IM-000005417","Trade Con GmbH",,,"Active","Importer",,"DE813628421",1,"Germany","DE","EU_MEMBER_STATE","medical@tradecon.net",,,"36","Haferwende",,"28357","Bremen","Germany","DE","EU_MEMBER_STATE",,
"FR-MF-000015893","Spineway",,,"Active","Manufacturer",,"FR96484163985",5,"France","FR","EU_MEMBER_STATE","quality@spineway.com","+33 4 72 77 01 52","www.spineway.com","7","Allée du moulin berger",,"69130","Ecully","France","FR","EU_MEMBER_STATE","Vanessa","Bauneau"
"IT-MF-000059022","Auxilia di Paolo Vaccari e c sas","Auxilia",,"Active","Manufacturer",,"01744630367",1,"Italy","IT","EU_MEMBER_STATE","p.vaccari@auxilia.it","+39059216311","www.auxilia.it","227","VIALE CARLO SIGONIO","41124","41124","MODENA","Italy","IT","EU_MEMBER_STATE","Paolo","Vaccari"
"DE-IM-000053708","Foreseeson GmbH","FSN DE",,"Active","Importer",,"DE814557180",2,"Germany","DE","EU_MEMBER_STATE","donggeon.kim@fsnmed.eu","+49 6104 64398 21","https://fsnmed.com/","38a","Industriestraße",,"63150","Heusenstamm","Germany","DE","EU_MEMBER_STATE",,
"DE-IM-000058511","Compremium GmbH",,,"Active","Importer",,"DE462169886",1,"Germany","DE","EU_MEMBER_STATE","p.roth@compremium.ch",,,"12","Lurgiallee",,"60439","Frankfurt am Main","Germany","DE","EU_MEMBER_STATE",,
"IT-MF-000058607","DIALYBRID S.R.L.",,,"Active","Manufacturer",,"11357080966",1,"Italy","IT","EU_MEMBER_STATE","info@dialybrid.com","+390317377739","www.dialybrid.com","32/A","Via Antonio Vivaldi",,"22063","Cantù","Italy","IT","EU_MEMBER_STATE","Francesco Giovanni","Greco"
"CN-MF-000050430","Shenzhen Zhonghe Headway Bio-Sci & Tech Co., Ltd.",,,"Active","Manufacturer",,,1,"China","CN","NON_EU","wangchunling@headwaychina.com",,,"No.5","Lutian Road, Jinsha Community, Kengzi Street, Pingshan District",,"518118","Shenzhen","China","CN","NON_EU","Li","Chen"
"CN-MF-000001137","SHENZHEN YHLO BIOTECH CO., LTD.",,,"Active","Manufacturer",,"91440300680376756U",2,"China","CN","NON_EU","info@szyhlo.com","+86-755-26473359","www.szyhlo.com",,"Building 1, YHLO Biopark, Baolong 2nd Road, Baolong Subdistrict, Longgang District,Shenzhen,Guangdong, 518116, China",,"518116","SHENZHEN,Guangdong","China","CN","NON_EU","Chungen ","Qian"
"CZ-IM-000054782","WEST MEDICAL s.r.o.","WEST MEDICAL",,"Active","Importer",,"CZ25227050",1,"Czechia","CZ","EU_MEMBER_STATE","info@westmedical.cz",,,"166","Manětínská","WEST MEDICAL","33101","Plasy","Czechia","CZ","EU_MEMBER_STATE",,
"ES-IM-000046047","NEOTEC PHARMA S.L.",,,"Active","Importer",,"B98528631",1,"Spain","ES","EU_MEMBER_STATE","administracion@neotecpharma.com","administracion@neotecpharma.com",,"45","AV. PEREZ GALDOS",,"46018","VALENCIA","Spain","ES","EU_MEMBER_STATE",,
"US-MF-000054695","Oculogica Inc.",,,"Active","Manufacturer",,,3,"United States","US","NON_EU","info@oculogica.com","+1-4843932694","www.oculogica.com","1477","South Knowles Avenue",,"54017","Wisconsin","United States","US","NON_EU","Jack","Slovick"
"CY-IM-000048552","MARIOS THEOCHARIDES LTD",,,"Active","Importer",,,1,"Cyprus","CY","EU_MEMBER_STATE","irene.theocharidou@mariostheocharides.com","+35722714890",,"42A-B","ANDREAS AVRAAMIDES","2024","2024","STROVOLOS","Cyprus","CY","EU_MEMBER_STATE",,
"BE-IM-000047677","AllweCare Belgium B.V.","AllweCare Belgium",,"Active","Importer",,"BE 0721.523.018",3,"Belgium","BE","EU_MEMBER_STATE","quality@allwecare.nl","+31 (0) 24 6 777800","www.allwecare.be","28","Grote Markt",,"B-3200","Aarschot","Belgium","BE","EU_MEMBER_STATE",,
"CN-MF-000038680","MABSKY BIO-TECH CO., LTD.","MABSKY",,"Active","Manufacturer",,,3,"China","CN","NON_EU","penglun@mabsky.com",,"www.mabsky.com",,"Room 501, Building 2, Jiayu Science and Technology Park, No. 69 Jin’an Road, Hewan Community, Matian Street, Guangming, Shenzhen, Guangdong, PEOPLE'S REPUBLIC OF CHINA",,"518000","ShenZhen","China","CN","NON_EU","DAN","FANG"
"PL-MF-000010540","Natur Produkt Zdrovit Sp. z o.o.",,,"Active","Manufacturer",,"118-00-09-700",2,"Poland","PL","EU_MEMBER_STATE","naturprodukt@naturprodukt.pl",,"https://zdrovit.pl","31","Nocznickiego",,"01-918","Warszawa","Poland","PL","EU_MEMBER_STATE","Marlena","Drożdż"
"CZ-MF-000054928","Svárovský, s.r.o.","Svarovsky",,"Active","Manufacturer",,"CZ26297680",1,"Czechia","CZ","EU_MEMBER_STATE","info@svarovsky.cz","+420541237365","www.svarovsky.cz","164/26","Odlehlá",,"62100","Brno","Czechia","CZ","EU_MEMBER_STATE","Miloš","Svarovský"
"US-MF-000018389","LegWorks, Inc.","LegWorks",,"Active","Manufacturer",,,3,"United States","US","NON_EU","brandon@legworks.com","+1 570 994 8525","www.legworks.com","701","Ellicott Street",,"14203","Buffalo","United States","US","NON_EU","Brandon","Burke"
"US-MF-000001414","Biomet Orthopedics",,,"Active","Manufacturer",,,7,"United States","US","NON_EU","customerservice@zimmerbiomet.com","+1 800 348 9500","https://labeling.zimmerbiomet.com/","56 ","East Bell Drive",,"46581","Warsaw","United States","US","NON_EU","Lea","Atallah"
"DE-AR-000045617","KOMAS Medical Technology GmbH","KOMAS",,"Active","Authorised Representative",,,2,"Germany","DE","EU_MEMBER_STATE","ukrp8506@gmail.com",,,"67","Sternstraße",,"40479","Düsseldorf","Germany","DE","EU_MEMBER_STATE","Shu-Ken ","Li"
"SE-MF-000002371","Nordic activity AB","NordicActivity",,"Active","Manufacturer",,"SE556655163501",1,"Sweden","SE","EU_MEMBER_STATE","nordic@nordicactivity.se","+46 42-147860","nordicactivity.se","5","Lokegatan",,"263 37","HÖGANÄS","Sweden","SE","EU_MEMBER_STATE","wolfgang","Böhm"
"IT-MF-000010072","SIR SAFETY SYSTEM S.P.A.",,,"Active","Manufacturer",,"03359340548",1,"Italy","IT","EU_MEMBER_STATE","sir@sirsafety.it","0758043737","www.sirsafety.com","9","Via dei Fornaciai",,"06081","Assisi","Italy","IT","EU_MEMBER_STATE","Nausica","Frenguelli"
"CN-MF-000019424","JIANGSU YONGXIN MEDICAL EQUIPMENT CO., LTD",,,"Active","Manufacturer",,,4,"China","CN","NON_EU","Sales2@yongxinsb.cn",,,,"LEYU TOWN, ZHANGJIAGANG CITY,",,"215600"," JIANGSU PROVINCE","China","CN","NON_EU","WEI","GUO"
"CN-MF-000029262","FOSHAN KEJU MEDICAL APPARATUS CO., LTD",,,"Active","Manufacturer",,,1,"China","CN","NON_EU","kj-915@fskeju.com","+86-0757-81770695","http: www.fskeju.com",,"NO.3 Shangan Industrial Zone II",,"528216","Foshan","China","CN","NON_EU","Zhulan","Han"
"DE-MF-000005752","Black Forest Medical GmbH","BFM",,"Active","Manufacturer",,"DE811778789",6,"Germany","DE","EU_MEMBER_STATE","info@blackforestmedical.com","+4976138422210","https://www.blackforestmedical.com","86","Bötzinger Straße",,"79111","Freiburg im Breisgau","Germany","DE","EU_MEMBER_STATE","Matthias","Schüle"
"DE-AR-000042794","NIKKISO Medical Europe GmbH",,,"Active","Authorised Representative",,"DE363159471",4,"Germany","DE","EU_MEMBER_STATE","regulatory@nikkisomedical.eu","+49 40 4146290",,"7","Kapstadtring",,"22297","Hamburg","Germany","DE","EU_MEMBER_STATE","Aleksandar","Hizman-Teupe"
"FR-AR-000018313","KAHLITY France SAS",,,"Active","Authorised Representative",,"FR20903563377",2,"France","FR","EU_MEMBER_STATE","info@kahlity.com",,,,"51 Quai Gillet",,"69004","Lyon","France","FR","EU_MEMBER_STATE","Astrid","Krogh"
"PL-MF-000007172","PPUH GORVITA mgr Paweł Domek","GORVITA",,"Active","Manufacturer",,"7370006441",1,"Poland","PL","EU_MEMBER_STATE","biuro@gorvita.com.pl","183324181","www.gorvita.com.pl","106","Szczawa","34-607","34-607","Szczawa","Poland","PL","EU_MEMBER_STATE","Paweł","Domek"
"CN-MF-000054154","Heartstream (Shenzhen) Medical Technology Co., Ltd",,,"Active","Manufacturer",,"91440300MAEF6DL919",1,"China","CN","NON_EU","cn.regulatory@heartstream.com",,"www.heartstream.com",,"Unit 01, 4th Floor, Building 3, Gemdale Viseen Park No. 43, Gaoxin South Ring Road, Nanshan District",,"518057","Shenzhen","China","CN","NON_EU","Maxs","Newberry"
"DK-MF-000058661","Cebreo Medical A/S",,,"Active","Manufacturer",,"CVR 36965002",1,"Denmark","DK","EU_MEMBER_STATE","info@cebreo-medical.com",,,"2","Borupvang",,"3450","Lillerød","Denmark","DK","EU_MEMBER_STATE","Stefan","Bolleininger"
"IE-AR-000017367","Alphamed Consulting Ltd","Alpha","2025-06-25T00:00:00","Inactive","Authorised Representative",,"IE 3335945KH",2,"Ireland","IE","EU_MEMBER_STATE","carmel@alphamed.ie","3539349392","under construction",,"Knock, Barnaderg, Tuam",,"H54 W220","Galway","Ireland","IE","EU_MEMBER_STATE","Carmel","McGrath"
"DK-MF-000009162","DDD-Diagnostic A/S",,,"Active","Manufacturer",,"1000213707",1,"Denmark","DK","EU_MEMBER_STATE","info@ddd-diagnostic.dk","+4545768888","www.ddd-diagnostic.dk","12","Kærvej",,"2970","Hørsholm","Denmark","DK","EU_MEMBER_STATE","Tina","Andersen"
"US-PR-000042124","Milestone Scientific, Inc.","MLS",,"Active","System/Procedure Pack Producer",,,1,"United States","US","NON_EU","dbynum@milestonescientific.com","+1 973 535 2717 ext. 117","https://www.milestonescientific.com/","425","Eagle Rock Avenue",,"07068","Roseland","United States","US","NON_EU",,
"ES-IM-000000278","ARSH CONSULTANCY & SKYLINE, S.L.","ACS",,"Active","Importer",,"B45682283",1,"Spain","ES","EU_MEMBER_STATE","tecnico@acs-consultancy.com",,,"9","Calle Alfares, ",,"45600","Talavera de la reina - Toledo","Spain","ES","EU_MEMBER_STATE",,
"CN-MF-000023012","Wuxi Qitian Biological Science Instrument Co., Ltd.",,,"Active","Manufacturer",,,1,"China","CN","NON_EU","qt.yiqi@qt-bio.com",,,,"Room 207 of Block A, Xingye Building, Linghu Avenue 97-1, University Science Technology Park, Xinwu District",,"214135","Wuxi, Jiangsu","China","CN","NON_EU","Lei ","Hua"
"DE-MF-000025986","Abbott Rapid Diagnostics Jena GmbH",,,"Active","Manufacturer",,"DE194889265",7,"Germany","DE","EU_MEMBER_STATE","atj.info@abbott.com","+49 3641 3111 0","https://globalpointofcare.abbott/","1","Orlaweg",,"07743","Jena","Germany","DE","EU_MEMBER_STATE","Nicole","Femerling"
"TR-MF-000020761","Pergo Medikal ve Ilac Sanayi A.S.","Pergo Medical",,"Active","Manufacturer",,"7280403587",1,"Türkiye","TR","EU_EXTENDED","info@pergomed.com","+90232 290 89 29","https://www.pergomed.com/",,"Buca OSB Mah. 2/20 Sok. BEGOS Sit. No: 9 ",,"35400","Izmir","Türkiye","TR","EU_EXTENDED","Beyza","Ceylan"
"FI-MF-000012329","Kimmoisa Oy",,"2025-02-27T00:00:00","Inactive","Manufacturer",,"FI28361684",2,"Finland","FI","EU_MEMBER_STATE","teccare@kimmoisa.fi","+3585042226344","www.kimmoisa.fi","13 a","kanneltie",,"01260","vantaa","Finland","FI","EU_MEMBER_STATE","kimmo","lahti"
"CN-MF-000009372","SHANDONG XINGYU GLOVES CO.,LTD",,,"Active","Manufacturer",,,2,"China","CN","NON_EU","james@xingyugloves.com",,,,"MIDDLE YAOQIAN ROAD ",,"261500","Gaomi  City,  Shandong  Province","China","CN","NON_EU","Jiacheng","Yu"
"US-MF-000004702","Boston Scientific Corporation",,,"Active","Manufacturer",,,15,"United States","US","NON_EU","eudamed@bsci.com","001 508-683-4000","www.bsci.com","300","Boston Scientific Way",,"MA 01752","Marlborough","United States","US","NON_EU","Alexandra","Naughton"
"NL-PR-000042703","Ziggy Mobility B.V.",,,"Active","System/Procedure Pack Producer",,"NL864260362B01",2,"Netherlands","NL","EU_MEMBER_STATE","info@ziggy-mobility.nl",,"www.ziggy-mobility.nl","36-H004","Binckhorstlaan",,"2516 BE","The Hague","Netherlands","NL","EU_MEMBER_STATE",,
"GB-MF-000021764","Timesco Healthcare Limited","Timesco",,"Active","Manufacturer",,"GB805952029",3,"United Kingdom (ex Northern Ireland)","UK","NON_EU","regulatory@timesco.com",,"https://timesco.com/","Unit 3, Carnival Park","Carnival Close",,"SS14 3WN","Basildon","United Kingdom (ex Northern Ireland)","UK","NON_EU","Sohail","Fayyaz"
"TR-IM-000054728","BMS TİCARET MEHMET GÖZALA",,,"Active","Importer",,"4100111985",1,"Türkiye","TR","EU_EXTENDED","bmsticaret@yahoo.com",,,"84","MİLLET CADDESİ",,"34093","İSTANBUL","Türkiye","TR","EU_EXTENDED",,
"DE-IM-000014066","ECOmove GmbH",,,"Active","Importer",,"DE308612123",3,"Germany","DE","EU_MEMBER_STATE","sales@ecomove-emobility.com","+4930767598814",,"2-10","Großbeerenstraße",,"12107","Berlin","Germany","DE","EU_MEMBER_STATE",,
"IE-IM-000052326","Syntec Scientific Ltd","Syntec",,"Active","Importer",,"IE6402317W",1,"Ireland","IE","EU_MEMBER_STATE","info@syntec.ie","353-18612100","www.syntec.ie","Unit 2","The Business Centre",,"D15PY00","Dublin","Ireland","IE","EU_MEMBER_STATE",,
"CN-MF-000040133","Jiangsu Ostup Medical Products Co., Ltd.",,,"Active","Manufacturer",,,1,"China","CN","NON_EU","lily.li@ostupmedical.com",,,,"No. 9, Caofang Road, Luhe Zone",,"211500","Nanjing","China","CN","NON_EU","Jiuxian","Li"
"SE-MF-000025562","S2Medical AB",,,"Active","Manufacturer",,"SE556934834401",2,"Sweden","SE","EU_MEMBER_STATE","hello@s2m.se","+46 8 70000 50","www.s2m.se","5","Sunnorpsgatan ",,"58273","Linköping","Sweden","SE","EU_MEMBER_STATE","Mårten","Skog"
"IT-MF-000027964","SIPEC SPA",,"2023-12-01T00:00:00","Inactive","Manufacturer",,"04441130152",2,"Italy","IT","EU_MEMBER_STATE","info@sipec.com",,"www.sipec.com","16/18","VIA ANNA KULISCIOFF ",,"20152","MILANO","Italy","IT","EU_MEMBER_STATE","ANDREA MAX ","MUSATTI"
"DE-MF-000007378","Vitrolife GmbH",,,"Active","Manufacturer",,"DE812300978",3,"Germany","DE","EU_MEMBER_STATE","bruckberg@vitrolife.com","+49871430657-29","www.vitrolife.com","6","Roedersteinstrasse",,"84034","Landshut","Germany","DE","EU_MEMBER_STATE","Susanne","Schweitzer"
"PL-IM-000038404","GE Medical Systems Polska Sp. z o.o.","GE HealthCare Poland",,"Active","Importer",,"5220019702",3,"Poland","PL","EU_MEMBER_STATE","eudamed@gehealthcare.com",,,"9","Ul. Wołoska",,"02-583","Warszawa","Poland","PL","EU_MEMBER_STATE",,
"KR-MF-000049251","NEW BIO CO.,LTD",,,"Active","Manufacturer",,"409-81-53135",1,"South Korea","KR","NON_EU","biocontact@hanmail.net","+82 62-973-6995","www.newbiocontact.com","108 beon gil","cheomdan venture-ro ",,"61008","Gwangju","South Korea","KR","NON_EU","Ji Woong","Joo"
"CN-MF-000050133","Henan Baiyi Medical Auxiliary Co., Ltd.",,,"Active","Manufacturer",,,1,"China","CN","NON_EU","394496263@qq.com",,,,"First Floor, Buildings 1 and 2, No. 4555 Sunshine Avenue, Economic Development Zone, Xuchang City, Henan CHINA",,"461000","Xuchang","China","CN","NON_EU","Jianhe","Kong"
"US-MF-000003310","Hologic, Inc.","Hologic, Inc.",,"Active","Manufacturer",,,6,"United States","US","NON_EU","nick.wong@hologic.com",,,"250","Campus Drive",,"MA 01752","Marlborough","United States","US","NON_EU","Nick","Wong"
"TR-MF-000015720","Avrupa İmplant San. ve Dış Tic. Ltd. Şti.",,,"Active","Manufacturer",,"1050606494",1,"Türkiye","TR","EU_EXTENDED","info@bioinfinityimplants.com","+90 212 670 13 00","www.avrupaimplants.com",,"Heskop Sitesi",,"34490","Istanbul","Türkiye","TR","EU_EXTENDED","Sibel ","Aslan"
"CN-MF-000040683","Beijing Manson Technology Co., Ltd.",,,"Active","Manufacturer",,,1,"China","CN","NON_EU","info@mansonmed.com",,"http://www.mansonmed.com/","No.101","Building 18, Campus 6,8th Hengye Street,Tongzhou,Beijing,China",,"101149","Beijing","China","CN","NON_EU","Sophia","Lee"
"NL-IM-000049629","Duovita Elite BV",,,"Active","Importer",,"NL868063162B01",1,"Netherlands","NL","EU_MEMBER_STATE","info@duovita.com","+31 (0)118-853852"," www.duovita.com","19","Productweg",,"4387 PG","Vlissingen","Netherlands","NL","EU_MEMBER_STATE",,
"TH-MF-000022400","ASIA MEDICAL GLOVES CO. LTD.","AMED GLOVES",,"Active","Manufacturer",,,1,"Thailand","TH","NON_EU","official@amed-gloves.com","+66 3895 2120","http://www.amed-gloves.com","5","37/9 Mu","21180","21180","Rayong","Thailand","TH","NON_EU","CHAIVICHIT","ANO"
"DE-MF-000011264","Moje Keramik-Implantate GmbH&Co.KG","Moje KI GmbH&Co.KG",,"Active","Manufacturer",,"DE257742266",1,"Germany","DE","EU_MEMBER_STATE","hotline@moje.de","+493669150668","www.moje.de","10-12","Eschenweg",,"07616","Petersberg","Germany","DE","EU_MEMBER_STATE","Hans-Jürgen","Moje"
"RO-IM-000051339","HS MEDICAL SRL","HS",,"Active","Importer",,"34772846",1,"Romania","RO","EU_MEMBER_STATE","office@hsmedical.ro","0747242884",,"17","Strada Cerna, Biroul nr. 7, Județ Vâlcea",,"240565","Râmnicu Vâlcea","Romania","RO","EU_MEMBER_STATE",,
"CN-MF-000051634","Sichuan Shuer Medical Devices Co, Ltd",,,"Active","Manufacturer",,,1,"China","CN","NON_EU","info@cnjnkj.com","+86 18782159085",,,"No. 2, Building 37, Haowang Electromechanical & New Materials Industrial Park, No. 24 Jinle Road, Chengdu-Aba Industrial Concentration Development Zone, Jintang County",,"610404","Chengdu ","China","CN","NON_EU","Haisheng","Yue"
"DE-IM-000037556","SpineSave GmbH",,"2023-11-30T00:00:00","Inactive","Importer",,,2,"Germany","DE","EU_MEMBER_STATE","andrea.guenon@spinesave.com","+4941049944446","www.spinesave.com","8 H","Eichenallee",,"21521","Wohltorf","Germany","DE","EU_MEMBER_STATE",,
"DE-IM-000025505","White Label Pharma GmbH",,,"Active","Importer",,"DE114103 514",1,"Germany","DE","EU_MEMBER_STATE","info@white-label-pharma.eu","+49 221 63060 5220","www.white-label-pharma.eu","38-40","Hohenzollernring ",,"50672","Köln","Germany","DE","EU_MEMBER_STATE",,
"NL-IM-000059326","Blijdent BV",,,"Active","Importer",,"NL850811612B01",1,"Netherlands","NL","EU_MEMBER_STATE","h.willems@dentalhouse.nl","+31654270908","www.blijdent.nl","1","Klovenier",,"3905PN","VEENENDAAL","Netherlands","NL","EU_MEMBER_STATE",,
"KR-MF-000039097"," SENBITEC Co., Ltd. ",,,"Active","Manufacturer",,"123-86-31789",2,"South Korea","KR","NON_EU","kathryn@senbitec.com","+82-31-477-7964","www.senbitec.com","#304, 46-24","LS-ro 91beon-gil, Dongan-gu",,"14119","Anyang-si, Gyeonggi-do","South Korea","KR","NON_EU","Min Gi","Kang"
"IT-MF-000040323","KIRMED Forniture Ospedaliere Srl","KIRMED Srl",,"Active","Manufacturer",,"IT00790570329",1,"Italy","IT","EU_MEMBER_STATE","international@kirmed.com","+39 040 9278494",,,,,"34015","MUGGIA (TS) VIA DEL SERBATOIO 19/A","Italy","IT","EU_MEMBER_STATE","Manuela","Colonna"
"DE-MF-000033505","ABC Breast Care GmbH","ABC ",,"Active","Manufacturer",,"DE257638539",1,"Germany","DE","EU_MEMBER_STATE","info@abcbreastcare.de","+49 (0) 8035 9039 550","www.abcbreastcare.de","8","Heft  ",,"83115","Neubeuern","Germany","DE","EU_MEMBER_STATE","Brigitte","Stickling"
"DE-IM-000016241","roha apothekendienste GmbH",,,"Active","Importer",,"DE209059829",4,"Germany","DE","EU_MEMBER_STATE","a.hannebauer@roha-apd.de","02227921310","www.roha-apd.de","1","Enggasse",,"53332","Bornheim","Germany","DE","EU_MEMBER_STATE",,
"EE-IM-000002130","Enitek Engineering OÜ",,,"Active","Importer",,"EE101580160",1,"Estonia","EE","EU_MEMBER_STATE","info@enitek.ee",,,"7","Vitamiini",,"50412","Tartu","Estonia","EE","EU_MEMBER_STATE",,
"LU-AR-000012114","LUXIP SA",,"2025-02-01T00:00:00","Inactive","Authorised Representative",,"LU24629936",2,"Luxembourg","LU","EU_MEMBER_STATE","eu@jnslabs.com","+352691691777","www.jnslabs.com","2A","rue nicolas bové",,"1253","Luxembourg","Luxembourg","LU","EU_MEMBER_STATE","Nicolas","VAN BEEK"
"KR-MF-000035306","DK MEDIVISION Co.,Ltd.",,,"Active","Manufacturer",,,2,"South Korea","KR","NON_EU","ksj@dkmv.co.kr",,,"23","Busong 1-gil",,"31038","Jiksan-eup, Seobuk-gu, Cheonan-si, Chungcheongnam-do","South Korea","KR","NON_EU","MyungHyun","Cho"
"CZ-IM-000036958","OSSTEM EUROPE s.r.o.",,,"Active","Importer",,"CZ09956310",1,"Czechia","CZ","EU_MEMBER_STATE","info@osstem.eu","+420 296 238 800","http://www.osstem.eu/","740/113c","Radlická",,"158 00","Praha 5","Czechia","CZ","EU_MEMBER_STATE",,
"DE-MF-000011425","Elma Schmidbauer GmbH","Elma",,"Active","Manufacturer",,"DE142767476",4,"Germany","DE","EU_MEMBER_STATE","info@elma-ultrasonic.com","+49 7731-8820","https://www.elma-ultrasonic.com/","17","Gottlieb-Daimler-Straße",,"78224","Singen","Germany","DE","EU_MEMBER_STATE","Ewald","Müller"
"RU-MF-000021927","TehnoDent Co LTD",,,"Active","Manufacturer",,,1,"Russia","RU","NON_EU","tehnodent.rus@gmail.com","+74 9 511 82 873","www.tehnodent.org","1/6","Beryozovaya","308010","308010","Severnyj","Russia","RU","NON_EU","Tatiana","Kryuchkova"
"ES-IM-000011565","Ceragem Mundo","Ceragem Mundo",,"Active","Importer",,"ESB85536373",1,"Spain","ES","EU_MEMBER_STATE","jin@ceragem.com","+34 667 683 033",,"31","AV. SISTEMA SOLAR",,"28830","MADRID","Spain","ES","EU_MEMBER_STATE",,
"ES-IM-000030125","Técnicas Radiofísicas S.L.U","TRF",,"Active","Importer",," B50600584",2,"Spain","ES","EU_MEMBER_STATE","quality@trf.es","+ 34976212545",,"38","POLIGONO EL PORTAZGO",,"50011","ZARAGOZA","Spain","ES","EU_MEMBER_STATE",,
"TW-MF-000010109","YA HORNG ELECTRONIC CO., LTD.","YAHORNG",,"Active","Manufacturer",,,2,"Taiwan","TW","NON_EU","healthcare@yahorng.com","+886-593-2201","www.yahorng.com",,"No.35, Shalun, Anding Dist.,",,"74555","TAINAN","Taiwan","TW","NON_EU","Wu-Hsiang","Cheng"
"CN-MF-000038398","Singlera Health Technologies(Shanghai) Ltd.",,,"Active","Manufacturer",,"91310115MA1HA1DM4E",5,"China","CN","NON_EU","ra@singleragenomics.com",,,"Room 508, Building 2"," 351 Guo Shoujing Road, Pilot Free Trade Zone",,"201203","shanghai","China","CN","NON_EU","Yan","Shen"
"CN-MF-000005694","Zhejiang Gongdong Medical Technology Co., Ltd.,",,,"Active","Manufacturer",,"91331003148185689U",6,"China","CN","NON_EU","zhangjx@gongdong.com",,,"No.10","Beiyuan Ave., ",,"318020","Huangyan, 318020 Taizhou,Zhejiang","China","CN","NON_EU","Jing xiang","zhang"
"PL-IM-000010602","Zakłady Farmaceutyczne Polpharma S.A.",,,"Active","Importer",,"592-02-02-822",1,"Poland","PL","EU_MEMBER_STATE","ewa.barczewska@polpharma.com","+48783838970",,"19","Pelplińska",,"83-200 ","Starogard Gdański","Poland","PL","EU_MEMBER_STATE",,
"CN-MF-000039344","Hangzhou Westlake Biomaterial Co.,Ltd.",,,"Active","Manufacturer",,,1,"China","CN","NON_EU","bella@xihubiom.com.cn",,,,"Bld.2,No.1,Lingang Rd.,Renhe Subdistrict,Yuhang District",,"311107","Hangzhou, Zhejiang","China","CN","NON_EU","Genying","Ye"
"US-MF-000047773","Bioness Medical, Inc.",,,"Active","Manufacturer",,,2,"United States","US","NON_EU","regulatory.affairs@bionessmedical.com","+1 800 211 9136","https://bionessmedical.com/","25103","Rye Canyon Loop",,"91355","Valencia","United States","US","NON_EU","Janet","Bumbarger"
"CH-PR-000017306","Hocoma AG",,,"Active","System/Procedure Pack Producer",,,3,"Switzerland","CH","NON_EU","info@hocoma.com","+41 43 444 22 00","https://www.hocoma.com","4","Industriestrasse",,"8604","Volketswil","Switzerland","CH","NON_EU",,
"CA-MF-000050390","MacuMira Medical Devices Inc.","MacuMira",,"Active","Manufacturer",,,1,"Canada","CA","NON_EU","info@macumira.com",,"https://macumira.com/","815","1st SW",,"T2P 1N3","Calgary","Canada","CA","NON_EU","Daryl","Wisdahl"
"IT-MF-000011224","Gambro Dasco S.P.A.","Gambro",,"Active","Manufacturer",,"IT00182680363",4,"Italy","IT","EU_MEMBER_STATE","info.medolla@vantive.com","+39 0535 50111","www.vantive.com","66","Via Modenese",,"I-41036","Medolla","Italy","IT","EU_MEMBER_STATE","Sara","Giacomelli"
"GB-MF-000035913","DiaSorin Italia S.p.A UK Branch",,,"Active","Manufacturer",,"GB415159900",1,"United Kingdom (ex Northern Ireland)","UK","NON_EU","Hasmita.Kanjee@diasorin.co.uk","+44 (0)1322317812",,,"Central Road",,"DA1 5LR","Dartford","United Kingdom (ex Northern Ireland)","UK","NON_EU","Hasmita","Kanjee"
"CN-MF-000031530","LiClear Biotech (Hangzhou)  Co., Ltd",,,"Active","Manufacturer",,"91330106MA28MEFX12",1,"China","CN","NON_EU","samuel.xiao@accleargenlabs.com","+86 571 86075535","www.accleargenlabs.com",,"5th Floor, Block D, No.,2959 Yuhangtang Rd, Yuhang District",,"311121","Hangzhou","China","CN","NON_EU","Zhengmao","Xiao"
"CN-MF-000017842","AUSTAR HEARING SCIENCE & TECHNOLOGY (XIAMEN) CO., LTD.",,,"Active","Manufacturer",,,7,"China","CN","NON_EU","yangyiqun@austar-hearing.com","+86 592 5971216","www.austar-hearing.net","Ground Floor and Third Floor, Building No.B8, Biomedical Industrial Park, No.2064","Wengjiao West Road, Haicang District",,"361022","Xiamen","China","CN","NON_EU","Kylin","Wu"
"DK-MF-000025034","ExSeed Health ApS","ExSeed Health",,"Active","Manufacturer",,"DK38677942",1,"Denmark","DK","EU_MEMBER_STATE","info@exseedhealth.com",,"www.exseedhealth.com","21G","Njalsgade","2300","2300","København S","Denmark","DK","EU_MEMBER_STATE","Emil","Andersen"
"SE-IM-000024643","Camp Scandinavia AB",,,"Active","Importer",,"SE556221827001",1,"Sweden","SE","EU_MEMBER_STATE","info@camp.se","+4642252701","camp.se","38","Karbingatan",,"25467","Helsingborg","Sweden","SE","EU_MEMBER_STATE",,
"HU-IM-000039778","Scart Kereskedelmi és Szolgáltató Kft.","Scart Kft",,"Active","Importer",,"HU11486770",1,"Hungary","HU","EU_MEMBER_STATE","info@medimarket.hu","+3653200108","https://www.medimarket.hu","17-19","Koltoi Anna",,"2730","Albertirsa","Hungary","HU","EU_MEMBER_STATE",,
"SE-IM-000049868","Bio-Rad Laboratories AB","Bio-Rad",,"Active","Importer",,"SE 556457889501",2,"Sweden","SE","EU_MEMBER_STATE","delphine_nakache@bio-rad.com",,"www.bio-rad.com","13","Vretenvägen",,"17122","Solna","Sweden","SE","EU_MEMBER_STATE",,
"EL-MF-000055507","Α. ΓΛΥΝΟΣ ΚΑΙ ΣΙΑ Ε.Ε.","A. GLYNOS & SIA L.P.",,"Active","Manufacturer",,"998697956",1,"Greece","EL","EU_MEMBER_STATE","info@aglynos.gr",,"https://aglynos.gr","7","Kolokotroni ",,"14568","Krioneri Athens","Greece","EL","EU_MEMBER_STATE","Alexandros","Glynos"
"IT-MF-000050672","HEALTH MEDICAL FAB SRL",,,"Active","Manufacturer",,"IT04556540278",1,"Italy","IT","EU_MEMBER_STATE","info@vita-facile.it","+39 049 8257570",,"5","Via Almatea",,"30015","Chioggia (VE)","Italy","IT","EU_MEMBER_STATE","ALESSANDRO","BOSCOLO CEGION"
"HU-IM-000004337","Herbodent Fogászati,Kereskedelmi, Szervező és Szolgáltató Korlátolf Felelősségű Társaság","Herbodent Kft.",,"Active","Importer",,"HU11832140 ",1,"Hungary","HU","EU_MEMBER_STATE","herbodent@herbodent.hu","+3613257129","www.herbodent.hu","52.","SZÉPVÖLGYI","1025","1025","BUDAPEST","Hungary","HU","EU_MEMBER_STATE",,
"IT-PR-000044159","MIR - Medical International Research S.p.A.",,,"Active","System/Procedure Pack Producer",,"04564101006",2,"Italy","IT","EU_MEMBER_STATE","mir@spirometry.com","0622754777",,"270","Viale Luigi Schiavonetti",,"00173","Rome","Italy","IT","EU_MEMBER_STATE",,
"PT-IM-000004714","Linde Portugal, Lda",,,"Active","Importer",,"500266344",2,"Portugal","PT","EU_MEMBER_STATE","linde.portugal@linde.com","+351218310420",,"21-24","Avenida Infante Dom Henrique",,"1800-217","Lisboa","Portugal","PT","EU_MEMBER_STATE",,
"DE-MF-000048845","Kreidewerk Rügen GmbH","KWR",,"Active","Manufacturer",,"DE137555261",1,"Germany","DE","EU_MEMBER_STATE","info@dammann.de",,"www.dammann.de",,"Klementelvitz ",,"18546","Sassnitz","Germany","DE","EU_MEMBER_STATE","Friederike","Krey"
"DE-MF-000006357","P. J. Dahlhausen & Co. GmbH",,,"Active","Manufacturer",,"DE811177952",3,"Germany","DE","EU_MEMBER_STATE","info@dahlhausen.de","+ 49 2236 39130","www.dahlhausen.de","4","Adam-Riese-Strasse ",,"50996","Köln","Germany","DE","EU_MEMBER_STATE","Petra","Hardt"
"GB-MF-000010073","Impo International Limited",,,"Active","Manufacturer",,"263784081",1,"United Kingdom (ex Northern Ireland)","UK","NON_EU","info@impointernational.co.uk","+44 2080572235","www.impointernational.co.uk","Unit 3","60 Lower Road",,"HA2 0DH","Greater London","United Kingdom (ex Northern Ireland)","UK","NON_EU","Adam","Amrani"
"KR-MF-000025467","Hanshin Medical Co., Ltd.",,,"Active","Manufacturer",,,2,"South Korea","KR","NON_EU","trade@hanshinmed.co.kr","+82 32 500 8800","www.hanshinmed.co.kr","166","Pyeongcheon-ro",,"21311","Incheon","South Korea","KR","NON_EU","Byoung Ho","Kim"
"CN-MF-000008281","JIANGSU SENOLO MEDICAL TECHNOLOGY CO., LTD.",,,"Active","Manufacturer",,,1,"China","CN","NON_EU","info@senolo.com",,,,"No.88, 4th Road, Private Venture Park, Jianhu County,",,"224700","Jiangsu","China","CN","NON_EU","Jungo","Woo"
"CN-MF-000013920","Hebei Ruinuo Medical Instrument Co.,Ltd.",,,"Active","Manufacturer",,"9113010075402915XK",1,"China","CN","NON_EU","reinnow@yahoo.com","+86-311-89916981","http://www.reinnow.com.","No.55"," Kunlun Street",,"050035","Shijiazhuang","China","CN","NON_EU","KE","ZHANG"
"AT-AR-000020403","Luft For Life Österreich Ltd","Luft For Life",,"Active","Authorised Representative",,"ATU75588516",3,"Austria","AT","EU_MEMBER_STATE","nbausek2@gmail.com","+436645380261",,"1","Tachenberg ",,"2640","Altendorf Gloggnitz","Austria","AT","EU_MEMBER_STATE","Nina","Bausek"
"PL-IM-000048848","Regenova Therapeutics sp. z.o.o","Regenova Therapeutics ",,"Active","Importer",,"PL6932161236",2,"Poland","PL","EU_MEMBER_STATE","biuro@regenovatherapeutics.com","+48665532366","https://www.regenova-therapeutics.com/","7","Plac Wolności",,"50-071","Wrocław","Poland","PL","EU_MEMBER_STATE",,
"NL-AR-000000444","Umedwings Netherlands B.V.","Umedwings",,"Active","Authorised Representative",,"NL861225430B01",4,"Netherlands","NL","EU_MEMBER_STATE","ar@umedwings.eu","+31 (0) 642758955","www.umedwings.eu",,"Treubstraat 1",,"2288EG","Rijswijk","Netherlands","NL","EU_MEMBER_STATE","Hui","Qi"
"NL-IM-000044333","Reflection Investment B.V.",,,"Active","Importer",,,1,"Netherlands","NL","EU_MEMBER_STATE","rg-zhongkemingwang@oppo.com",,,"20","Hofplein ",,"3032 AC","Rotterdam","Netherlands","NL","EU_MEMBER_STATE",,
"PL-MF-000045337","KAMEX MAREK KAMIŃSKI",,,"Active","Manufacturer",,"5320011396",1,"Poland","PL","EU_MEMBER_STATE","kamex@kamex.pl","798400201",,"31","Spacerowa",,"05-410","Józefów","Poland","PL","EU_MEMBER_STATE","Marek","Kamiński"
"IN-MF-000013203","Samay Surgical Private Limited","SS",,"Active","Manufacturer",,"24ABBFS6464J1ZY",2,"India","IN","NON_EU","info@samaysurgical.com","+91 7 878 15 21 54","www.samaysurgical.com",,"Plot No. 12 and 13, Survey No. 896 and 897, Avadh Industrial Park - A, Village - Khambha, Rajkot-360311, Gujarat, India",,"360311","Rajkot","India","IN","NON_EU","Lavanya","Bora"
"IT-MF-000018668","Silfradent S.R.L.",,,"Active","Manufacturer",,"01721580403",2,"Italy","IT","EU_MEMBER_STATE","info@silfradent.com","+39 0543 970684 ","www.silfradent.com","35/37","Via Giuseppe di Vittorio",,"47018","S.Sofia (FC)","Italy","IT","EU_MEMBER_STATE","Massimo","Lungherini"
"ES-IM-000003162","RIOMAVIX S.L.",,,"Active","Importer",,"B88249594",3,"Spain","ES","EU_MEMBER_STATE","leis@riomavix.com","+34 680 558 659","www.riomavix.com","10","Calle Isabel Colbrand",,"28050","Madrid","Spain","ES","EU_MEMBER_STATE",,
"BE-MF-000000123","Dentsply Implants NV","Dentsply Sirona",,"Active","Manufacturer",,"BE0882.241.328",9,"Belgium","BE","EU_MEMBER_STATE","benelux-implants-info@dentsplysirona.com","+32 3 232 81 50","https://www.dentsplysirona.com/en-us/discover/discover-by-category/implant-dentistry.html","10","Research Campus ",,"3500","Hasselt","Belgium","BE","EU_MEMBER_STATE","Sofia","Hjortmo"
"DK-MF-000027386","Medichanical Engineering",,,"Active","Manufacturer",,"33388381",1,"Denmark","DK","EU_MEMBER_STATE","info@medichanical.com",,,"17","Klokkestøbergade ",,"9000","Aalborg","Denmark","DK","EU_MEMBER_STATE","Søren","Buch"
"DE-MF-000005761","Implasens Biosensoring GmbH",,,"Active","Manufacturer",,"de332093753",1,"Germany","DE","EU_MEMBER_STATE","connect@implasens.com",,,"10","Robert Roessle Str",,"13125","Berlin","Germany","DE","EU_MEMBER_STATE","Antje","Kamprad"
"TR-MF-000022603","BIÇAKÇILAR TIBBİ CİHAZLAR SANAYİ VE TİCARET ANONİM ŞİRKETİ",,,"Active","Manufacturer",,"1680036193",5,"Türkiye","TR","EU_EXTENDED","info@kocmedical.com","+90 212 689 02 20","www.kocmedical.com","21","Gazi Cd.",,"34522","İSTANBUL","Türkiye","TR","EU_EXTENDED","ÜLKÜ","ÖKER"
"DE-MF-000025076","Propack Produkte für Haushalt und Körperpflege GmbH","Propack",,"Active","Manufacturer",,"DE811120743",3,"Germany","DE","EU_MEMBER_STATE","vanessa.kuhne@reckitt.com","+49 172 7339168",,"1","Robert-Koch-Straße",,"69115","Heidelberg","Germany","DE","EU_MEMBER_STATE","Vanessa","Kuhne"
"CN-MF-000047486","Dongguan Baifangyi Technology Co., Ltd.",,,"Active","Manufacturer",,,1,"China","CN","NON_EU","rainywang@baifangyi.com","13424246910",,"3203, No. 1, "," 1st Road, Jinzhou 2nd District, Humen Town, Dongguan City, Guangdong Province","rainywang@baifangyi.com","523899","Dongguan","China","CN","NON_EU","Dan feng","Huang"
"DE-AR-000016611","BioDomi GmbH","BioDomi",,"Active","Authorised Representative",,,6,"Germany","DE","EU_MEMBER_STATE","ARcontact@biodomieurope.de",,,"13","Schokoladenring",,"65795","Hattersheim am Main","Germany","DE","EU_MEMBER_STATE","Aidi","Cao"
"US-MF-000051899","enableCV, LLC",,,"Active","Manufacturer",,,5,"United States","US","NON_EU","customerservice@enablecv.com","+1 (888)943-2783","enableCV.com",,"6967 S River Gate Dr., Suite 104",,"84047","Midvale","United States","US","NON_EU","Evangeline","Loh"
"AT-MF-000024168","Robert Schindele GesmbH",,,"Active","Manufacturer",,"ATU39990006",1,"Austria","AT","EU_MEMBER_STATE","kerschus.schindele@mineralien.co.at","+43 2753 289","www.mineralien.co.at","18","Kicking",,"3122","Dunkelsteinerwald","Austria","AT","EU_MEMBER_STATE","Sigrun","Kerschus-Schindele"
"DE-IM-000047114","AIRA Pharm GmbH","AIRA",,"Active","Importer",,"DE815821711",1,"Germany","DE","EU_MEMBER_STATE","service@airapharm.de","+49 54595970","www.airapharm.de",,"Fritz-Vomfeldestrasse 34 - 38",,"40547","Düsseldorf","Germany","DE","EU_MEMBER_STATE",,
"NL-MF-000013492","ELITechGroup B.V.","EGBV","2023-02-27T00:00:00","Inactive","Manufacturer",,"NL818591870B01",4,"Netherlands","NL","EU_MEMBER_STATE","a.intveld@elitechgroup.com","31313430555","www.elitechgroup.com ","4","Van Rensselaerweg",,"6956 AV ","Spankeren","Netherlands","NL","EU_MEMBER_STATE","Adriaan ","Intveld"
"DK-IM-000039684","Medten EU ApS",,,"Active","Importer",,"43375016",2,"Denmark","DK","EU_MEMBER_STATE","vicky@orantech.com","+45 53 65 30 77",,"33","Oldenvej",,"3490","Kvistgård","Denmark","DK","EU_MEMBER_STATE",,
"CN-MF-000012856","XIANTAO LONGWIN MEDICAL PRODUCTS LTD.",,,"Active","Manufacturer",,,1,"China","CN","NON_EU","bill.ba@lwmed.com",,,,"XINGPAN ROAD, YANGLINWEI TOWN,",," 433000","XIANTAO,HUBEI","China","CN","NON_EU","BILL","BA"
"ES-IM-000036113","NEW MEDICAL INGENIUS S.L.",,,"Active","Importer",,"B72960826",1,"Spain","ES","EU_MEMBER_STATE","administracion@newmedicalingenius.com","+34 828 66 50 68",,"29","AVENIDA BRASIL",,"28020","MADRID","Spain","ES","EU_MEMBER_STATE",,
"CH-MF-000045034","InfinetaMed AG",,,"Active","Manufacturer",,,1,"Switzerland","CH","NON_EU","RAQA@infinetamed.com",,,"17","Kägiswilerstrasse",,"6060","Sarnen","Switzerland","CH","NON_EU","Avital","Barlev"
"IL-MF-000034666","Hisense Ltd.",,,"Active","Manufacturer",,,3,"Israel","IL","NON_EU","mila@hisense.co.il","+972 3 956 6604",,"27 ","Shaked St",,"7319900","Hevel Modi'in Industrial Park ","Israel","IL","NON_EU","Mila","Magidovich"
"CN-MF-000003224","Xiamen Eagledon Pharmaceutical Co., Ltd.",,,"Active","Manufacturer",,"9135021270548261X5",1,"China","CN","NON_EU","info@eaglehealthltd.com","+86-592-7231999","www.eaglehealthltd.com","NO.220-228","Meihe 3rd Road, Xike Light Industrial Park, Tongan",,"361100","Xiamen city ","China","CN","NON_EU","Mingwang","Zhang"
"CN-MF-000047281","Shanghai Everpure Plastics Co.,Ltd",,,"Active","Manufacturer",,,1,"China","CN","NON_EU","roy@everpuremed.com",,,,"Block 2-3, No. 288, Tairi Road, Jinshan District",,"201503","Shanghai","China","CN","NON_EU","Yongming","Luo"
"NL-IM-000050301","NeoChord, Inc",,,"Active","Importer",,"NL861225892B02",1,"Netherlands","NL","EU_MEMBER_STATE","info@neochord.com","19526987800","neochord.com",,"Achter de Molen 9",,"5761CJ ","Bakel","Netherlands","NL","EU_MEMBER_STATE",,
"CN-MF-000011105","Sandstone Medical(Suzhou) Inc.",,,"Active","Manufacturer",,,2,"China","CN","NON_EU","juanjuans@sandstonemed.com",,,"168","PuTuoShan",,"215153","Suzhou","China","CN","NON_EU","Juanjuan","Sun"
"US-MF-000042423","RCI Operating Co, LLC","RC Imaging",,"Active","Manufacturer",,,1,"United States","US","NON_EU","claudia@rcimaging.com","+1 585 392 4336","rcimaging.com","50","Old Hojack Lane",,"14468","Hilton","United States","US","NON_EU","Claudia","Eichas"
"LV-MF-000003508","""LIKA J"" SIA","LIKA-J ",,"Active","Manufacturer",,"LV53602009711",1,"Latvia","LV","EU_MEMBER_STATE","info@lika-j.com","+371 63025357",,"5","Bauskas","LV3001","LV3001","Jelgava","Latvia","LV","EU_MEMBER_STATE","Rolands","Dirvens"
"FR-MF-000017818","GROUPE SOBER SAS",,"2023-05-16T00:00:00","Active","Manufacturer",,"FR69822951026",3,"France","FR","EU_MEMBER_STATE","e.lattier@sober.fr","+33474607503","www.sober.fr","391","Rue de l'Avenir",,"69830","SAINT GEORGES DE RENEINS","France","FR","EU_MEMBER_STATE","Laurent","BETTIOL"
"DE-IM-000034291","MPS Medical Product service GmbH","MPS Medical Product service GmbH",,"Active","Importer",,"DE165956061",1,"Germany","DE","EU_MEMBER_STATE","g.froemel@mps-gmbh.eu","+491713594254","https://www.mps-gmbh.eu","20","Borngasse",,"35619","Braunfels","Germany","DE","EU_MEMBER_STATE",,
"NL-MF-000010926","Vitatron Holding BV",,,"Active","Manufacturer",,"NL004303672B01",3,"Netherlands","NL","EU_MEMBER_STATE","rs.eudamedinquiries@medtronic.com",,,"5","Endepolsdomein ",,"6229 GW ","Maastricht","Netherlands","NL","EU_MEMBER_STATE","Richard","Andrew"
"DE-IM-000008683","Teleon Surgical Vertriebs GmbH","Teleon",,"Active","Importer",,,2,"Germany","DE","EU_MEMBER_STATE","contact@teleon-surgical.com","+49 30 430 9550","https://www.teleon-surgical.com/","58","Am Borsigturm",,"13507","Berlin","Germany","DE","EU_MEMBER_STATE",,
"DE-MF-000023401","Axel Löser Messtechnik","Löser",,"Active","Manufacturer",,"DE237806493",1,"Germany","DE","EU_MEMBER_STATE","info@loeser-osmometer.de",,"www.loeser-osmometer.de","16","Remscheider Strasse",,"13583","Berlin","Germany","DE","EU_MEMBER_STATE","Axel","Löser"
"CN-MF-000021134","Changzhou Hualian Health Dressing Co., Ltd.",,,"Active","Manufacturer",,,1,"China","CN","NON_EU","sales@hualiandressing.com",,,,"No.55 Yuejin Road, Zouqu Town",,"213144","Changzhou City, Jiangsu Province","China","CN","NON_EU","Liqing","Huang"
"XI-IM-000039958","Leib Medical Ltd",,,"Active","Importer",,"102687526",1,"Northern Ireland","XI","EU_SPECIAL","RBAILIE@LEIBMEDICAL.COM","+442890923317","LEIBMEDICAL.COM","3","WELLINGTON PARK",,"BT9 6DJ","BELFAST","Northern Ireland","XI","EU_SPECIAL",,
"IT-MF-000051030","Medical Technologies S.r.l.","Medical Technologies",,"Active","Manufacturer",,"09602661218",1,"Italy","IT","EU_MEMBER_STATE","marco.ronga@riunitidentali.com",,,"6","via Ugo Palermo",,"80128","Napoli","Italy","IT","EU_MEMBER_STATE","Claudio","Dionisio"
"SI-IM-000045983","VI-DA STUDIO d.o.o.","VI-DA STUDIO d.o.o.",,"Active","Importer",,"15816141",1,"Slovenia","SI","EU_MEMBER_STATE","info@vidastudio.si",,,"280","CELOVŠKA",,"1000","LJUBLJANA","Slovenia","SI","EU_MEMBER_STATE",,
"US-MF-000032055","Daedalus Wings Inc","Daedalus Wings Inc",,"Active","Manufacturer",,,2,"United States","US","NON_EU","sales@riomobility.com","+14155526277","www.riomobility.com","731","Dwight Way",,"94710","Berkeley","United States","US","NON_EU","Andrew ","Boone"
"US-MF-000026161","Thermo Finnigan LLC.",,,"Active","Manufacturer",,,1,"United States","US","NON_EU","mark.puopolo@thermofisher.com","017814273634","Thermofisher.com","355","River Oaks Parkway",,"951343","San Jose","United States","US","NON_EU","Mark","Puopolo"
"CZ-IM-000055283","CHIRANA T. Injecta, s.r.o.",,,"Active","Importer",,"CZ26216469",1,"Czechia","CZ","EU_MEMBER_STATE","info@t-injecta.cz","+420241768407",,"2148","Komořanská",,"14300","Praha 4, Modřany","Czechia","CZ","EU_MEMBER_STATE",,
"US-MF-000021076","Flocast LLC.","Flocast",,"Active","Manufacturer",,,2,"United States","US","NON_EU","plr@globalcarehab.dk","+45 24 65 55 50","globalcarehab.dk","15","South 2nd Street",,"13329","Dolgeville","United States","US","NON_EU","John ","Ernst"
"SI-IM-000018295","Vets4science d.o.o.",,,"Active","Importer",,"SI52977773",1,"Slovenia","SI","EU_MEMBER_STATE","info@vets4science.com","+36200320","www.petriview.net","2","Kukovceva Ulica","3000","3000","Celje","Slovenia","SI","EU_MEMBER_STATE",,
"CZ-IM-000050658","DESTPHARM s.r.o.",,,"Active","Importer",,"CZ28141458",1,"Czechia","CZ","EU_MEMBER_STATE","petr@destpharm.cz","+420 775 563 241",,"858","Lesní",,"39201","Soběslav","Czechia","CZ","EU_MEMBER_STATE",,
"DE-IM-000038900","VELLAP Diagnostics GmbH",,,"Active","Importer",,"DE356738521",2,"Germany","DE","EU_MEMBER_STATE","info@vellap.de","+4936438559355","http://www.vellap.de","8","Industriestraße",,"99427","Weimar","Germany","DE","EU_MEMBER_STATE",,
"DE-IM-000039114","betapharm Arzneimittel GmbH","betapharm",,"Active","Importer",,"DE155988224",1,"Germany","DE","EU_MEMBER_STATE","info@betapharm.de","+4982174881-0","https://www.betapharm.de","95","Kobelweg","86156","86156","Augsburg","Germany","DE","EU_MEMBER_STATE",,
"IT-PR-000031645","ASA S.r.l.",,,"Active","System/Procedure Pack Producer",,"01724290851",1,"Italy","IT","EU_MEMBER_STATE","info@asaclsrl.it","+39 0934680745","www.asaclsrl.it","Snc","Contrada Niscima",,"93100","Caltanissetta","Italy","IT","EU_MEMBER_STATE",,
"KR-MF-000015840","GC Medical Science Corporation","GCMS","2025-04-21T00:00:00","Active","Manufacturer",,,6,"South Korea","KR","NON_EU","yuriseo@gccorp.com","+82 10 9487 5964",,"26","Mugeuk-ro 65beon-gil",,"27632","Geumwang-eup, Eumseong-gun, Chungcheongbuk-do","South Korea","KR","NON_EU","Seonhee","Park"
"DE-MF-000028569","Peter Pflugbeil GmbH Medizinische Instrumente","Peter Pflugbeil GmbH",,"Active","Manufacturer",,"DE129435689",2,"Germany","DE","EU_MEMBER_STATE","info@pflugbeil.com","+49 8106 2413 0","www.pflugbeil.com","21","Georg-Wimmer-Ring",,"85604","Zorneding","Germany","DE","EU_MEMBER_STATE","Linda","Acheo"
"CN-MF-000024548","Koch Biotechnology (Beijing) Co.,Ltd.",,,"Active","Manufacturer",,,1,"China","CN","NON_EU","dwshi@kochbj.com","  +86-18601253976",,"No.16"," Chunlin street",,"102600","Daxing District, Beijing","China","CN","NON_EU","Daniel ","Shi"
"US-MF-000054842","Silipos Holding LLC",,,"Active","Manufacturer",,,1,"United States","US","NON_EU","tammyg@silipos.com","7162830700","www.silipos.com","7049","Williams Rd",,"14304","Niagara Falls","United States","US","NON_EU","Tammy ","Gentile"
"BG-MF-000025716","Thalloderma Co Ltd.",,,"Active","Manufacturer",,"BG 103148681",1,"Bulgaria","BG","EU_MEMBER_STATE","st.penev@thalloderma.bg","+359897890005","www.thalloderma.bg",,"kv. Chajka, bl.64,ap.58","98","9005","Varna","Bulgaria","BG","EU_MEMBER_STATE","Stanitsvet","Penev"
"IE-AR-000001724","Care Surgical Supplies Limited","CSSL",,"Active","Authorised Representative",,,3,"Ireland","IE","EU_MEMBER_STATE","info@ecrep-caresurgical.com","+35312460099","none","12a, Office 2","Lower Main Street",,"K78 X5P8","Co. Dublin","Ireland","IE","EU_MEMBER_STATE","Annmarie","Graff"
"CN-MF-000017338","HANDAN ZHEHAO PROTECTIVE PRODUCTS CO., LTD",,,"Active","Manufacturer",,,1,"China","CN","NON_EU","kranki@126.com",,,,"Qianfudu village, Weisengzhai Town, Guantao County,",,"057750"," Handan City He bei Pro","China","CN","NON_EU","GUIQIN","SONG"
"NL-MF-000033067","Rhinolandia BV",,,"Active","Manufacturer",,"NL852400676B01",2,"Netherlands","NL","EU_MEMBER_STATE","info@kno-winkel.nl",,"https://nosewings.com.au/","21 H","Jan Willem Brouwersstraat ",,"1071 LH","Amsterdam","Netherlands","NL","EU_MEMBER_STATE","Robert","Andre"
"SK-MF-000044244","Glycanostics","GLY",,"Active","Manufacturer",,"SK2120651368",2,"Slovakia","SK","EU_MEMBER_STATE","andrea.sadlonova@glycanostics.com",,"www.glycanostics.com","7","Kudlakova",,"84101","Bratislava","Slovakia","SK","EU_MEMBER_STATE","Andrea","Sadlonova"
"SK-IM-000057018","Miroslav Kasana SANUS",,,"Active","Importer",,,1,"Slovakia","SK","EU_MEMBER_STATE","info@sanusdental.sk",,,"27","Pod Hliníkom",,"95141","Lužianky","Slovakia","SK","EU_MEMBER_STATE",,
"IE-IM-000040279","SOLTA MEDICAL IRELAND LTD",,,"Active","Importer",,"IE3757419QH",1,"Ireland","IE","EU_MEMBER_STATE","soltaregulatory@solta.com",,,,"3013 Lake Drive",,"24","Dublin","Ireland","IE","EU_MEMBER_STATE",,
"DE-AR-000022087","WQS Management Consultants GmbH",,,"Active","Authorised Representative",,"DE283859039",1,"Germany","DE","EU_MEMBER_STATE","info@wqs.de",,,"24a","Waterkamp",,"59075","Hamm","Germany","DE","EU_MEMBER_STATE","Werner ","Wiatrek"
"DK-IM-000028721","V. GULDMANN A/S",,,"Active","Importer",,"27706746",1,"Denmark","DK","EU_MEMBER_STATE","um@guldmann.com","+4540591830","www.guldmann.com","21-23A","Graham Bells Vej",,"8200","Aarhus N","Denmark","DK","EU_MEMBER_STATE",,
"DE-IM-000038992","Schroth GmbH & Co KG",,,"Active","Importer",,"DE323865265",1,"Germany","DE","EU_MEMBER_STATE","info@schroth.cz","+4935755654998","www.Testimport.de","12","Rohnaer Str.",,"01561","Thiendorf","Germany","DE","EU_MEMBER_STATE",,
"NL-IM-000019232","2-BeSure",,,"Active","Importer",,"NL001587255B65",1,"Netherlands","NL","EU_MEMBER_STATE","info@2-besure.com",,"www.2-besure.com","19","Citroengras",,"3994 NV","HOUTEN","Netherlands","NL","EU_MEMBER_STATE",,
"NL-MF-000039323","Ancillare Europe BV","Ancillare",,"Active","Manufacturer",,"NL859806418B01",1,"Netherlands","NL","EU_MEMBER_STATE","melissa.egyed@ancillare.com","+1267857836","Ancillare.com","5-d","Zijdelweg ",,"1187ZM","amstelveen","Netherlands","NL","EU_MEMBER_STATE","Peter ","Van Doornik"
"TR-MF-000026673","YELKEN AYDINLATMA ENERJİ ISITMA SİSTEMLERİ MÜHENDİSLİK HİZMETLERİ İTH. İHR. SAN. TİC. LTD. ŞTİ.","YELKEN AYDINLATMA ENERJİ LTD. ŞTİ.",,"Active","Manufacturer",,"9470482571",1,"Türkiye","TR","EU_EXTENDED","nezahatyelken@gmail.com","+905380300538",,,"AKKENT MH. PİR AHMET CD. KİŞGEM EK BİNA NO:34/2-9","43100","43100","KUTAHYA","Türkiye","TR","EU_EXTENDED","NEZAHAT","YELKEN"
"SK-IM-000056551","MedTech Innovations, s.r.o.","MedTech Innovations, s.r.o.",,"Active","Importer",,"SK2122032759",1,"Slovakia","SK","EU_MEMBER_STATE","objednavky@medtechin.sk","+421911491220","www.medtechin.sk","33","Kalinčiaková ",,"83104","Bratislava","Slovakia","SK","EU_MEMBER_STATE",,
"DE-MF-000036144","Caveman Verlag UG (haftungsbeschränkt)",,,"Active","Manufacturer",,,2,"Germany","DE","EU_MEMBER_STATE","wuehrer.klaus@gmail.com","+491714061208",,"12","Hainberger Weg ",,"94496","Ortenburg","Germany","DE","EU_MEMBER_STATE","Klaus","Wührer"
"FR-MF-000000502","EOS imaging",,"2023-05-02T00:00:00","Active","Manufacturer",,"FR09349694893",6,"France","FR","EU_MEMBER_STATE","regulatory@eos-imaging.com",,,"32","rue Blanche",,"75009","Paris","France","FR","EU_MEMBER_STATE","Mylène","Tabary"
"CN-MF-000027285","YUYAO JIAHUA MEDICAL APPLIANCE CO., LTD.","Jiahua",,"Active","Manufacturer",,"9133028179951428XH",1,"China","CN","NON_EU","zjh3200@126.com",,,,"No.18 Cangchu Road",,"315400","Yuyao City, Zhejiang Province","China","CN","NON_EU","Feibo","Shan"
"BE-MF-000000623","G-FLEX FLEXIBLE INSTRUMENTS EUROPE","G-Flex Europe SRL",,"Active","Manufacturer",,"BE0876308490",3,"Belgium","BE","EU_MEMBER_STATE","thierry@g-flex.com","+3267883665","www.g-flex.com","20","Rue De L'industrie",,"1400","Nivelles","Belgium","BE","EU_MEMBER_STATE","Thierry","CREMER"
"PL-IM-000044067","Farmabol spółka z ograniczoną odpowiedzialnością","Farmabol Sp.z o.o.",,"Active","Importer",,"PL7372140712",1,"Poland","PL","EU_MEMBER_STATE","info@farmabol.pl","+48123612762","www.farmabol.pl","4","ul. Tadeusza Ociepki ",,"34-600","Limanowa","Poland","PL","EU_MEMBER_STATE",,
"US-MF-000026023","Grason-Stadler",,,"Active","Manufacturer",,"20-0736692",1,"United States","US","NON_EU","info@grason-stadler.com",,,"10395","West 70th Street",,"55344","Eden Prairie","United States","US","NON_EU","Brandon","Bell"
"CN-MF-000037509","VANDL BIOTECHNOLOGY INC",,,"Active","Manufacturer",,,1,"China","CN","NON_EU","info@vandl.com",,,,"ROOM 301-14 &16, NO.48, LANE 313, GUMEI WEST ROAD",,"201100","Shanghai","China","CN","NON_EU","Shirley","Liu"
"US-MF-000046621","Innovative Medical Products, Inc.",,,"Active","Manufacturer",,,1,"United States","US","NON_EU","customerservice@impmedical.com","+1 (800)-467-4944","https://www.impmedical.com/","87","Spring Lane",,"CT 06062","Plainville","United States","US","NON_EU","Rebecca","Szoldra"
"GB-MF-000013000","Metaphysis LLP","Metaphysis",,"Active","Manufacturer",,"GB 172 3107 37",2,"United Kingdom (ex Northern Ireland)","UK","NON_EU","info@io-uk.com","+44 (0) 844 800 4405","www.io-uk.com","The Keele Centre","Three Mile Lane",,"St5 5HH","Newcastle Under Lyme","United Kingdom (ex Northern Ireland)","UK","NON_EU","Peter","Ogrodnik"
"IT-MF-000020875","Bormioli Pharma SPA","Bormioli Pharma",,"Active","Manufacturer",,"10122920969",5,"Italy","IT","EU_MEMBER_STATE","erika.minari@bormiolipharma.com","+39 3351391039","www.bormiolipharma.com","84","Corso Magenta",,"20123","Milano","Italy","IT","EU_MEMBER_STATE","Ludovica","Cortesi"
"FR-MF-000025235","ELITECH MICROBIO","EM",,"Active","Manufacturer",,"FR13503366239",3,"France","FR","EU_MEMBER_STATE","axelle.doctrinal@elitechgroup.com",,"www.elitechgroup.com","19","Allée d'Athènes",,"83870","Signes","France","FR","EU_MEMBER_STATE","Axelle","DOCTRINAL"
"ES-MF-000041868","NAIAX PHARMA S.L.","NAIAX ",,"Active","Manufacturer",,"ESB71385868",1,"Spain","ES","EU_MEMBER_STATE","contact@naiaxpharma.com","+34948034654","www.naiaxpharma.com","19","CALLE BERROA ",,"31192","TAJONAR","Spain","ES","EU_MEMBER_STATE","Laura","Barber"
"SK-IM-000055520","Jadob s.r.o.","JADOB",,"Active","Importer",,"SK2120112093",1,"Slovakia","SK","EU_MEMBER_STATE","office@jadob.sk","+421 952 319 522","www.jadob.sk","46A","Haanova ",,"85104","Bratislava","Slovakia","SK","EU_MEMBER_STATE",,
"PL-MF-000016015","Hemolens Diagnostics Sp. z o.o.",,,"Active","Manufacturer",,"PL5213714387",5,"Poland","PL","EU_MEMBER_STATE","info@hemolens.com",,"www.hemolens.com","48G","Legnicka",,"54-202","Wrocław","Poland","PL","EU_MEMBER_STATE","Marta","Uchmanowicz"
"GB-MF-000035397","Doccla UK Ltd.",,,"Active","Manufacturer",,"GB333776582",3,"United Kingdom (ex Northern Ireland)","UK","NON_EU","hello@doccla.com","0808 178 6228","www.doccla.com","184","Shepherds Bush Road",,"W6 7NL","London","United Kingdom (ex Northern Ireland)","UK","NON_EU","Stefani","Nael"
"DE-MF-000023767","Ernsting´s Family GmbH & Co. KG",,,"Active","Manufacturer",,,1,"Germany","DE","EU_MEMBER_STATE","service@ernstings-family.com","+49 (0) 2546 / 98 999 98","www.ernstings-family.com","1","Hugo-Ernsting-Platz ",,"Coesfeld - Lette","48653","Germany","DE","EU_MEMBER_STATE","Petra","Engel"
"CN-MF-000018405","Shenzhen Horb Technology Corp. Ltd.","HORB",,"Active","Manufacturer",,,1,"China","CN","NON_EU","horb44@horb.com.cn",,,,"6-7 Floor, Building B, Funing Hi-Tech Industrial Park, No.71-2 Xintian Rd, Fuyong Street, Bao'an District, Shenzhen, Guangdong 518100, China.  ",,"518100","Shenzhen","China","CN","NON_EU","Xian","Chen"
"TR-IM-000054089","SİS DİŞ DEPOSU SANAYİ VE TİCARET LTD. ŞTİ.","SİS DENTAL",,"Active","Importer",,"7710314902",1,"Türkiye","TR","EU_EXTENDED","info@sisdisdeposu.com.tr",,,"17B","OĞUZHAN CADDESİ",,"34093","İSTANBUL","Türkiye","TR","EU_EXTENDED",,
"IT-MF-000031025","FRC DI FARINA FEDERICO",,,"Active","Manufacturer",,"09501000963",1,"Italy","IT","EU_MEMBER_STATE","federico@farinarenato.it","+39 0 362 90 38 87 ","www.farinarenato.it","4","VIA F.BORROMEO",,"20841","CARATE BRIANZA","Italy","IT","EU_MEMBER_STATE","FEDERICO","FARINA"
"CN-MF-000028094","HENGSHUI RUNDE MEDICAL INSTRUMENTS CO.,LTD.",,,"Active","Manufacturer",,,1,"China","CN","NON_EU","380568332@qq.com",,,,"Sunyaocheng Village, Daziwen Town, Anping County",,"053600","Hengshui City, Hebei Province","China","CN","NON_EU","JIANYING","QI"
"PL-MF-000041654","Blakpol spółka z ograniczoną odpowiedzialnością","Blakpol sp. z o.o.",,"Active","Manufacturer",,"5732848838",1,"Poland","PL","EU_MEMBER_STATE","blakpol@wp.pl","+48343613185",,"9","Śniadeckich","42-200","42-200","Częstochowa","Poland","PL","EU_MEMBER_STATE","Edyta","Wierciak-Bożętka"
"CZ-MF-000005951","VH Pharma a.s.",,,"Active","Manufacturer",,"28089529",1,"Czechia","CZ","EU_MEMBER_STATE","vhpharma@vhpharma.cz","+420 377 429 448","www.vhpharma.cz","647/2","Jakubská",,"110 00","Praha","Czechia","CZ","EU_MEMBER_STATE","Renata","Rýdlová"
"US-MF-000034407","Abbott Laboratories Diagnostics Division",,,"Active","Manufacturer",,,23,"United States","US","NON_EU","RATransfusionMedicine@abbott.com",,,"100","Abbott Park Road",,"60064","Abbott Park","United States","US","NON_EU","Kevin","Richardson"
"ZA-MF-000033190","Snuza (Pty) Ltd","Snuza",,"Active","Manufacturer",,"4320250527",6,"South Africa","ZA","NON_EU","regulatory@snuza.com","+27214618530","https://www.snuza.com/","Unit 8-11","Roeland Square","12362","8001","Cape Town","South Africa","ZA","NON_EU","Greg","Gallagher"
"CN-MF-000028070","Suzhou Zhe`an Healthcare Co., Ltd",,,"Active","Manufacturer",,,1,"China","CN","NON_EU","wei.wang@zhe-an.com",,,,"A06, Science and Technology Pioneer Park, Jinnan Road, Jinfeng Town, ",,"215624","Zhangjiagang City, Jiangsu","China","CN","NON_EU","wei ","wang"
"DE-MF-000025020","Gold Standard Diagnostics Frankfurt GmbH",,,"Active","Manufacturer",,"DE813273237",9,"Germany","DE","EU_MEMBER_STATE","info.frankfurt@eu.goldstandarddiagnostics.com","+49 6074 236980",,"23 A6","Waldstrasse",,"63128","Dietzenbach","Germany","DE","EU_MEMBER_STATE","Alexandra","Ebert"
"CN-MF-000010579","Shenzhen Caremed Medical Technology Co.,Ltd.",,,"Active","Manufacturer",,,6,"China","CN","NON_EU","cm003@szcaremed.com",,,,"3/F, Building C, Xiazao Digital Industrial Park, No. 8 Huali Road, Gaofeng Community, Dalang Street, Longhua District",,"518109","Shenzhen","China","CN","NON_EU","Shawn","Xiao"
"IL-MF-000029159","Tempdrop LTD","Tempdrop LTD",,"Active","Manufacturer",,"515093490",1,"Israel","IL","NON_EU","Michael@temp-drop.com","+972542295555","https://www.tempdrop.com/","2","Ha-Shlosha","NA","6706054","Tel-Aviv","Israel","IL","NON_EU","Michael ","Vardi "
"GB-MF-000028365","Helena Biosciences Europe","Helena Biosciences Europe",,"Active","Manufacturer",,"GB414319869",4,"United Kingdom (ex Northern Ireland)","UK","NON_EU","bj@helena-biosciences.com","+44 (0) 191 482 8440","helena-biosciences.com",,"Queensway South",,"NE11 0SD","Gateshead","United Kingdom (ex Northern Ireland)","UK","NON_EU","Kelly","Pine"
"CN-MF-000051855","Linhejiacheng (Shenzhen) E-commerce Co., Ltd.",,,"Active","Manufacturer",,,1,"China","CN","NON_EU","regulatory@paruulife.com",,,,"Unit A1, Room 201, Building 1, Yinzhixing Life and Health Technology Park, Fenghuang Community, Fenghuang Street",,"518132","Shenzhen","China","CN","NON_EU","Caitlin","Liang"
"CN-MF-000010954","YANGZHOU SUPER UNION IMPORT AND EXPORT CO., LTD",,,"Active","Manufacturer",,,2,"China","CN","NON_EU","392219704@qq.com",,,,"NO.120 XISHAN SOUTH ROAD, CHENJI TOWN",,"211408","YIZHENG CITY, JIANGSU PROVINCE","China","CN","NON_EU","Hongfeng","Shao"
"FR-MF-000043220","Allergy Medical Material","A2M",,"Active","Manufacturer",,"FR58884346073",2,"France","FR","EU_MEMBER_STATE","trecycat@gmail.com",,,"5","L'Audrière",,"85700","Saint Mesmin","France","FR","EU_MEMBER_STATE","Franck","Chaillou"
"FR-PR-000007189","HEMODIA SAS",,,"Active","System/Procedure Pack Producer",,"FR 74 331 772 160",1,"France","FR","EU_MEMBER_STATE","hemodia@hemodia.com",,,"85","Rue du Chêne Vert",,"31670","LABEGE","France","FR","EU_MEMBER_STATE",,
"FR-MF-000049996","AMN Concept","AMN Concept",,"Active","Manufacturer",,"FR74 987 953 007",1,"France","FR","EU_MEMBER_STATE","nathalie.vancelst.amncf@gmail.com",,"www.amn-concept.com","20 Bis","Rue Joseph Rainard",,"13200","ARLES","France","FR","EU_MEMBER_STATE","Nathalie","VAN CELST"
"MT-IM-000043204","J. Mifsud - Premiere Healthcare",,,"Active","Importer",,"MT1569-4122",1,"Malta","MT","EU_MEMBER_STATE","premierehealthcare1@gmail.com","+356 21582797","www.premierehealthcare.com.mt","31","Fort Street",,"MLH1519","Mellieha","Malta","MT","EU_MEMBER_STATE",,
"BE-IM-000051521","More2C",,,"Active","Importer",,"BE0779294436",1,"Belgium","BE","EU_MEMBER_STATE","info@more2C.be",,,"76","Durmstraat",,"9930","Lievegem","Belgium","BE","EU_MEMBER_STATE",,
"DE-AR-000005330","Drägerwerk AG & Co. KGaA","DWAG",,"Active","Authorised Representative",,"DE135082211",12,"Germany","DE","EU_MEMBER_STATE","EUDAMED@draeger.com","+49 451 882 0","www.draeger.com","53-55","Moislinger Allee ",,"23542","Lübeck","Germany","DE","EU_MEMBER_STATE","Sonja","Hillmer"
"DE-MF-000017150","Chondrometrics GmbH - medical data processing","Chondrometrics",,"Active","Manufacturer",,"DE228451495",1,"Germany","DE","EU_MEMBER_STATE","contact@chondrometrics.de",,"https://www.chondrometrics.com/","12","Ludwig-Zeller Straße",,"83395","Freilassing","Germany","DE","EU_MEMBER_STATE","Wolfgang","Wirth"
"DE-MF-000005296","EUROIMMUN Medizinische Labordiagnostika AG","EUROIMMUN AG",,"Active","Manufacturer",,"DE 135116900",14,"Germany","DE","EU_MEMBER_STATE","info@euroimmun.de","+49 451 2032-0","www.euroimmun.de","31","Seekamp ",,"23560","Lübeck","Germany","DE","EU_MEMBER_STATE","Regina Bernadette","Orzekowsky-Schroeder  "
"TR-IM-000054592","EMA GRUP LAB. CİH. OTO. KİR.SAN.TİC.LTD.ŞTİ",,,"Active","Importer",,"3330709061",1,"Türkiye","TR","EU_EXTENDED","ihale@emagrupltd.com","+90 533 655 15 33",,"NO:16","253.SK","23270","23270","ELAZIĞ","Türkiye","TR","EU_EXTENDED",,
"CN-MF-000036323","Wuhan YZY Medical Science and Technology Co., Ltd",,,"Active","Manufacturer",,,1,"China","CN","NON_EU","chenyanhui@yzymedical.com","+86-15377590655",," 4-5F, Unit 1, No 23 Building"," Wuhan Optics Valley International Biomedical Enterprise-Accelerator 1.2, No.388 Gaoxin 2nd Rd, Optics Valley, East Lake Hi-tech Development Zone",,"430075","WuHan","China","CN","NON_EU","YanHui","Chen"
"DE-MF-000006549","Rehatec GmbH",,,"Active","Manufacturer",,"DE143453303",2,"Germany","DE","EU_MEMBER_STATE","eudamed@rehatec.com","+49622891360","www.rehatec.com","35","In den Kreuzwiesen",,"69250","Schönau","Germany","DE","EU_MEMBER_STATE","Dieter","Frank"
"FR-MF-000001185","Laboratoires Chaix et Du Marais","CDM Lavoisier",,"Active","Manufacturer",,"FR 73 582 009 106",9,"France","FR","EU_MEMBER_STATE","reglementaire@lavoisier.com","+33 (0) 2 54 55 46 00",,"18","rue de la Pépinière",,"75008","Paris","France","FR","EU_MEMBER_STATE","Julie","ROUSSEL"
"PL-MF-000055300","MOV SPÓŁKA Z OGRANICZONĄ ODPOWIEDZIALNOŚCIĄ","MOV",,"Active","Manufacturer",,"8393237038",1,"Poland","PL","EU_MEMBER_STATE","biuro@swiatmasazu.pl","+48690080080","www.swiatmasazu.pl","30","Cytrynowa",,"76-200","SŁUPSK","Poland","PL","EU_MEMBER_STATE","Cezary","Wdowiak"
"AT-MF-000020242","CADstar Technology GmbH",,,"Active","Manufacturer",,"ATU62765225",1,"Austria","AT","EU_MEMBER_STATE","qm@cadstar.dental",,,"30","Grasslau ",,"5500","Bischofshofen","Austria","AT","EU_MEMBER_STATE","Georg","Dick"
"CN-MF-000049755","Shenzhen Xinyan Medical Technology Co., Ltd.","Xinyan Medical",,"Active","Manufacturer",,,1,"China","CN","NON_EU","ymheart@xinyancare.cn",,,"/","1st Building, 501-1 & 501-2, Mitehua&Pukyo Bio Science Park,  No. 9 Jinxiu East Road, Laokeng Community, Longtian Street,  Pingshan District",,"518122","Shenzhen City, Guangdong Province","China","CN","NON_EU","Haibo","Zhang"
"IT-MF-000019536","ABINTRAX S.r.l.",,,"Active","Manufacturer",,"07644780723",1,"Italy","IT","EU_MEMBER_STATE","info@abintrax.com","+39 080 2149700","www.abintrax.com","62","Via marina del Mondo",,"70043 ","Monopoli ","Italy","IT","EU_MEMBER_STATE","Giuseppe Domenico","Caliandro"
"DE-IM-000037288","Vinergy GmbH",,,"Active","Importer",,"DE320444800",1,"Germany","DE","EU_MEMBER_STATE","info@vinergy.de","+49 7731 83270033","https://www.vinergy.de/","19","Bahnhofstraße",,"78224","Singen (Hohentwiel)","Germany","DE","EU_MEMBER_STATE",,
"SE-IM-000045751","BioNordika AB",,,"Active","Importer",,"556367791201",1,"Sweden","SE","EU_MEMBER_STATE","info@bionordika.se","+46 8 306 010","www.bionordika.se","13","Berzelius väg","17165","17165","Solna","Sweden","SE","EU_MEMBER_STATE",,
"CN-MF-000011148","Reach Surgical,Inc.",,,"Active","Manufacturer",,,5,"China","CN","NON_EU","Reachquality@reachsurgical.com",,,"120"," Xinxing Road, West Zone, TEDA",,"300462","Tianjin","China","CN","NON_EU","Francis","Fan"
"DE-IM-000005957","Friedrich Bosch GmbH&Co.KG","Friedrich Bosch GmbH&Co.KG",,"Active","Importer",,"DE144835338",3,"Germany","DE","EU_MEMBER_STATE","jb@fbosch.de","+49 7476 3554","www.fbosch.de","30","Hohenlaienstr. ",,"72406","Bisingen","Germany","DE","EU_MEMBER_STATE",,
"US-MF-000052790","Elogio Speech Technologies LLC",,,"Active","Manufacturer",,,1,"United States","US","NON_EU","james@elogiospeech.com","+12107711602","www.elogiospeech.com","8718","Timber Lodge",,"78250","San Antonio","United States","US","NON_EU","James","Council"
"IE-AR-000003995","E C REP LIMITED","E C REP LIMITED",,"Active","Authorised Representative",,"IE3645609VH",4,"Ireland","IE","EU_MEMBER_STATE","info@ecrep.ie","+353 89 225 1951 ","No website","5","Fitzwilliam Square East",,"D02 R744","Dublin D2","Ireland","IE","EU_MEMBER_STATE","Janet ","Borgerson MSc, BSc (Hons)"
"CN-MF-000042663","Qingdao Wearable Intelligent Medical Co.,Ltd.",,,"Active","Manufacturer",,,1,"China","CN","NON_EU","qc_wearable@163.com",,,"No.1 ","A103, Tiankang Rd, Chengyang Dist",,"266109","Qingdao","China","CN","NON_EU","Xiaoping","JING"
"ES-MF-000031793","Technotex Quality Fabrics SLU","Technotex",,"Active","Manufacturer",,"B86629375",2,"Spain","ES","EU_MEMBER_STATE","hello@technotex.es","679858826","www.technotex.es","25","Camí de la fou","08640","08640","OLESA DE MONTSERRAT","Spain","ES","EU_MEMBER_STATE","Enrique","Pich-Aguilera"
"NL-MF-000028039","Hessels & Grob B.V.",,,"Active","Manufacturer",,"NL8200.35.385.B01",5,"Netherlands","NL","EU_MEMBER_STATE","info@hesselsgrob.com","+31307740220","https://hesselsgrob.com/","160","Ravenswade",,"3439 LD","Nieuwegein","Netherlands","NL","EU_MEMBER_STATE","Maarten","Cuppen"
"FR-MF-000012695","Myopowers Medical Technologies France",,,"Active","Manufacturer",,"FR40799927355",5,"France","FR","EU_MEMBER_STATE","contact@carvolix.eu","33 442 95 12 20","https://www.carvolix.eu/fr/","18","rue alain savary",,"25000","besançon","France","FR","EU_MEMBER_STATE","Veronique","Balandier"
"CN-MF-000013490","PureMED Product (Yangzhou) Co., Ltd.","PureMED Yangzhou",,"Active","Manufacturer",,,2,"China","CN","NON_EU","donaldwu@pmpmedical.cn",,,"No. 55"," Lingbo Road",,"225600","Gaoyou city, Jiangsu","China","CN","NON_EU","Wenhe ","Wu"
"BG-AR-000026268","SCENAR CENTER - BULGARIA ltd",,,"Active","Authorised Representative",,,1,"Bulgaria","BG","EU_MEMBER_STATE","peya.madankova@bgscenar.org",,,"9","Vasil Aprilov",,"4002","Plovdiv","Bulgaria","BG","EU_MEMBER_STATE","Elinka","Rashkova"
"CN-MF-000046153","Beijing Kreate Medical Co., Ltd.",,,"Active","Manufacturer",,,1,"China","CN","NON_EU","sean.chen@kreatemed.cn",,,"#18","West Ring South Road, E-town",,"100176","Beijing","China","CN","NON_EU","Ping","Liang"
"PL-IM-000057156","WM BRANDS SPÓŁKA Z OGRANICZONĄ ODPOWIEDZIALNOŚCIĄ",,,"Active","Importer",,"PL5223098659",2,"Poland","PL","EU_MEMBER_STATE","kontakt@feelo.pl",,,,"Aleje Jerozolimskie 172",,"02-486","Warszawa","Poland","PL","EU_MEMBER_STATE",,
"US-MF-000010229","Intersect ENT, Inc.","Intersect ENT",,"Active","Manufacturer",,,6,"United States","US","NON_EU","rs.eudamedinquiries@medtronic.com",,,"1555","Adams Drive",,"94025","Menlo Park, California","United States","US","NON_EU","Abdiel ","Alvarez"
"IT-MF-000030260","OPTOFLEX S.r.l.",,,"Active","Manufacturer",,"03902870587",1,"Italy","IT","EU_MEMBER_STATE","massimo.carbone@optoflex.it",,,"110B","VIA CASILINA",,"00182","ROMA","Italy","IT","EU_MEMBER_STATE","Massimo","Carbone"
"CN-MF-000044772","Jiangsu Maiha New Materials Co. , Ltd.",,,"Active","Manufacturer",,,1,"China","CN","NON_EU","Lee@yz-rc.cn",,,,"Fumin industrial park, Xiaoji town, Jiangdu District, ",,"225200","Yangzhou，Jiangsu","China","CN","NON_EU","Lei","Li"
"CZ-IM-000056393","ItalDent s.r.o.",,,"Active","Importer",,"CZ26514567",1,"Czechia","CZ","EU_MEMBER_STATE","info@italdent.cz","+420 603 468 507","www.italdent.cz","623/2","Rousovická",,"18100","Praha 8","Czechia","CZ","EU_MEMBER_STATE",,
"CN-MF-000023820","Changzhou Pharos Medical Technology Co., Ltd.","Pharos",,"Active","Manufacturer",,,5,"China","CN","NON_EU","hbzhao@pharosmedicaleducation.com",,,"Room 2103, Building B, No. 9-2 ","Taihu East Road, Xinbei District",,"213000","Changzhou","China","CN","NON_EU","Wenjing","Qi"
"FR-MF-000002214","HYPHEN BioMed",,,"Active","Manufacturer",,"FR40 421645979",4,"France","FR","EU_MEMBER_STATE","info@hyphen-biomed.com","+33 1 34 40 65 10","www.hyphen-biomed.com","155","Rue d'Eragny",,"95000","Neuville-sur-Oise","France","FR","EU_MEMBER_STATE","Celine","Fosse"
"IT-MF-000044165","Pharmalya S.r.l.s.",,,"Active","Manufacturer",,"03264250600",1,"Italy","IT","EU_MEMBER_STATE","info@pharmalya.it","0775351160",,"8","Viale dello Sport",,"03014","Fiuggi (FR) ","Italy","IT","EU_MEMBER_STATE","Maurizio","Celani"
"PK-MF-000057100","BARQ ORTHOMED (PRIVATE) LIMITED",,,"Active","Manufacturer",,,1,"Pakistan","PK","NON_EU","info@barqorthomed.com","+92 320 6201372","www.barqorthomed.com",,"87 C1 Defence Road Wapda Colony,",,"51310","Sialkot","Pakistan","PK","NON_EU","Abdullah","Khalid"
"TR-PR-000020305","STERİLİZASYON MEDİKAL SAĞ. HİZ. GIDA SAN. VE TİC. LTD. ŞTİ.","STERİLİZASYON MEDİKAL",,"Active","System/Procedure Pack Producer",,"7810212951",1,"Türkiye","TR","EU_EXTENDED","info@sterilizasyonmedikal.com.tr","+90 212 613 40 00",,,"İNCİRLİK","34055","34055","ISTANBUL","Türkiye","TR","EU_EXTENDED",,
"DE-IM-000035146","Harald Beyer","HBC Strategy",,"Active","Importer",,"DE316301947",2,"Germany","DE","EU_MEMBER_STATE","office@hbcstrategy.com",,,"136","Kaiser-Friedrich-Promenade",,"61352","Bad Homburg","Germany","DE","EU_MEMBER_STATE",,
"IN-MF-000038657","Surgeine Healthcare (India) Pvt Ltd","SHIPL",,"Active","Manufacturer",,"06AALCS7559Q1ZA",1,"India","IN","NON_EU","qa@surgeine.com","+91 1127477700","https://www.surgeine.com/","Plot No. 1856","Plot No. 1856","131029","131029","Sonipat","India","IN","NON_EU","Shubham","Kumar"
"FR-MF-000000507","Substrate HD","Volta Medical",,"Active","Manufacturer",,"FR14820967875",3,"France","FR","EU_MEMBER_STATE","contact@volta-medical.com",,"www.volta-medical.com","65","Avenue Jules Cantini",,"13006","Marseille","France","FR","EU_MEMBER_STATE","Paola","Milpied"
"IL-MF-000042361","TAV Medical",,,"Active","Manufacturer",,,1,"Israel","IL","NON_EU","revitals@tavmedical.com","+972524448622","https://tavdental.com/",,"Doran industrail park",,"22832","Shlomi","Israel","IL","NON_EU","Revital","Shabati"
"CA-MF-000041338","The Super Patch Company Ltd LLC",,,"Active","Manufacturer",,,1,"Canada","CA","NON_EU","opportunity@superpatch.com",,,"350","Britannia Road East Unit 1 ",,"ON L4Z 1X9","Mississauga ","Canada","CA","NON_EU","Tom","Brown"
"NL-IM-000013846","CoYoMe B.V.","CoYoMe",,"Active","Importer",,"NL.8567.87.772.B01",1,"Netherlands","NL","EU_MEMBER_STATE","info@coyome.nl","+31180420708","www.coyome.nl","4","Edisonstraat",,"3261LD","Oud-Beijerland","Netherlands","NL","EU_MEMBER_STATE",,
"TW-MF-000040942","AGNITIO SCIENCE &TECHNOLOGY,INC.",,,"Active","Manufacturer",,,1,"Taiwan","TW","NON_EU","contact.us@agnitiost.com","+886 3 563 10 88","https://www.agnitiost.com/tw/index.html",,"Industry E. Rd. IX, Hsinchu Science Park,",,"30075","Hsinchu City","Taiwan","TW","NON_EU","HSIAO AI","LIN"
"CN-MF-000039563","Chongqing Iyasocare Medical Co., Ltd.",,,"Active","Manufacturer",,,1,"China","CN","NON_EU","iyaso@iyasocare.com",,,,"406, 4 / F, Software Park Phase 2, 8 Xiyuan North Street (Free Trade Tower)",,"400031","Chongqing ","China","CN","NON_EU","Hang","He"
"CN-MF-000023983","Ningbo Chinmed Technology Co.,Ltd",,,"Active","Manufacturer",,"91330206695066793Y",1,"China","CN","NON_EU","info@chinmed.cc",,,"No.20","Xingzhong Rd,Qijiashan Street,Beilun Area",,"315803","Ningbo,Zhejiang Province","China","CN","NON_EU","Yanbo","Wu"
"CN-MF-000026532","Zhejiang Aceme Electric Co., Ltd.","Aceme",,"Active","Manufacturer",,,1,"China","CN","NON_EU","992496969@qq.com",,,"2/F,Building6,No. 368 ","Jinpeng street, Sandun town, Westlake district",,"310012","Hangzhou","China","CN","NON_EU","Hongwei","Meng"
"BE-AR-000003306","3NEW srl","3NEW",,"Active","Authorised Representative",,"BE0760301539",1,"Belgium","BE","EU_MEMBER_STATE","info@3new.eu","info@3new.eu",,"74","Rue des Pres",,"5541","Hastiere-par-Dela","Belgium","BE","EU_MEMBER_STATE","Kanae","DODA"
"FR-MF-000042797","Upcylink",,,"Active","Manufacturer",,"FR15834091555",1,"France","FR","EU_MEMBER_STATE","hello@horus-x.com",,"https://horus-x.com/","10","Montée du vert",,"07310","Saint Julien d'Intres","France","FR","EU_MEMBER_STATE","Denis","Larrue"
"ES-IM-000009474","Talexco S.L.","TALEXCO",,"Active","Importer",,"B79211199",1,"Spain","ES","EU_MEMBER_STATE","purchases@talexco.com","915359860","https://talexco.com/","14","C/ Los Vascos",,"28040","Madrid","Spain","ES","EU_MEMBER_STATE",,
"KR-MF-000001779","HYUNDAI BIOLAND Co., Ltd.",,,"Active","Manufacturer",,"301-85-29867",4,"South Korea","KR","NON_EU","bio_ra@hyundaibioland.co.kr",,,"162","Gwahaksaneop 3-ro",,"28125","Ochang-eup, Cheongwon-gu, Cheongju-si, Chungcheongubuk-do","South Korea","KR","NON_EU","JaiCheol","Yoo"
"US-MF-000001150","Zimmer Surgical, Inc.",,,"Active","Manufacturer",,,6,"United States","US","NON_EU","zimmer.consumerrelations@zimmer.com","+1 800 348 2759","https://labeling.zimmerbiomet.com/","200","West Ohio Ave",,"44622","Dover","United States","US","NON_EU","Paola","Vivoda"
"NL-PR-000037260","Hopeway B.V.",,"2026-03-18T00:00:00","Inactive","System/Procedure Pack Producer",,"NL852101764B01",2,"Netherlands","NL","EU_MEMBER_STATE","l.lynn@nthopeway.com",,,"130","Weena Zuid",,"3012NC","Rotterdam","Netherlands","NL","EU_MEMBER_STATE",,
"RO-IM-000055377","Zynova Health SRL",,,"Active","Importer",,"RO48324800",1,"Romania","RO","EU_MEMBER_STATE","office@zynova.ro",,,"5","Dornei",,"012295 ","Bucharest","Romania","RO","EU_MEMBER_STATE",,
"CN-MF-000001133","Dynamiker Biotechnology (Tianjin) Co., Ltd.",,,"Active","Manufacturer",,"911201160931130117",3,"China","CN","NON_EU","marketing@dynamiker.com","+86 22 2526 4212","www.dynamiker.com ","No.2 Building, Rongzhi Industry Park, No. 3667, Zhongbin Avenue","Sino-Singapore Eco-city,  TEDA",,"300467","Tianjin","China","CN","NON_EU","Zeqi","Zhou"
"CN-MF-000037425","Yingtan Romeo Optical Co . , Ltd",,,"Active","Manufacturer",,,1,"China","CN","NON_EU","dacchi@163.com",,,,"NO.6 ,3RD road glasses industrial park ,Yujiang district, Jiangxi Province",,"335200","Yingtan","China","CN","NON_EU","JIANHUA","ZOU"
"CN-MF-000035462","Shenzhen Dongjilian Medical Tech Co.,Ltd",,,"Active","Manufacturer",,"91440300754266120P",2,"China","CN","NON_EU","sales9@dongjilian.com",,,,"B1/1-5F,Tonglu Industrial Area,70# Tongxin Road,Tongxin Community Longgang District,Shenzhen518116, Guangdong China",,"518116","Shenzhen","China","CN","NON_EU","Zhuang","Liu"
"DE-MF-000024420","Trautmann Managementsysteme GmbH & Co. KG",,,"Active","Manufacturer",,"DE 346 785 593",1,"Germany","DE","EU_MEMBER_STATE","kontakt@atrautmann.de",,,"13","Gartenstraße",,"04683","Naunhof","Germany","DE","EU_MEMBER_STATE","Jan","Kurnot"
"DK-IM-000055375","Nordic Tests ApS",,,"Active","Importer",,"43417398",1,"Denmark","DK","EU_MEMBER_STATE","support@nordictests.dk",,"https://nordictests.dk/","42","Peter Fabers Gade",,"2200","København N","Denmark","DK","EU_MEMBER_STATE",,
"TR-MF-000040595","ORTLER MEDIKAL URUNLERI LIMITED ŞIRKETI","ORTLER MEDIKAL",,"Active","Manufacturer",,"6481241657",3,"Türkiye","TR","EU_EXTENDED","busra.abatay@ortlermedical.com","+905317361076","www.ortlermedical.com","Ülkem Sokak","Kılıçdede Mahallesi",,"55070","Samsun","Türkiye","TR","EU_EXTENDED","ÜMİT","SEVEN"
"NO-MF-000020112","Medco AS",,"2025-01-01T00:00:00","Inactive","Manufacturer",,"883077482MVA",2,"Norway","NO","EU_EXTENDED","medco@medco.no","0047 91691759","medco@medco.no","83","Årvollskogen",,"1529","Moss","Norway","NO","EU_EXTENDED","Tone","Væråmoen"
"CN-MF-000044837","Hubei Jianhua Technology Co., Ltd.",,,"Active","Manufacturer",,,1,"China","CN","NON_EU","125576325@qq.com",,,,"300 metres north of the intersection of West Ring  Road and Ganchen Avenue, Hongshan Town, Yingshan  County",,"438700","Huanggang","China","CN","NON_EU","yuan","teng"
"DE-IM-000005496","Joline GmbH & Co. KG",,,"Active","Importer",,"DE204465180",1,"Germany","DE","EU_MEMBER_STATE","info@joline.de","+49 7471 9881 0","www.joline.de","50","Neue Rottenburger Straße",,"72379","Hechingen","Germany","DE","EU_MEMBER_STATE",,
"CZ-MF-000026442","TSE spol. s r.o.",,,"Active","Manufacturer",,"CZ15771946",3,"Czechia","CZ","EU_MEMBER_STATE","medical@tse.cz","+420 386 721 161","www.tse-medical.cz","390/74","Mánesova","37152","37001","České Budějovice","Czechia","CZ","EU_MEMBER_STATE","Iveta","Kleinová"
"ES-IM-000021662","MEDICONTUR AVI, S.L.",,,"Active","Importer",,,1,"Spain","ES","EU_MEMBER_STATE","tecnico@medicontur.es",,,"1","Calle Polo Sur",,"28850","Torrejón de Ardoz","Spain","ES","EU_MEMBER_STATE",,
"ES-IM-000030798","NOVASAN, SA",,,"Active","Importer",,"A78993433",1,"Spain","ES","EU_MEMBER_STATE","info@novasan.com",,"www.novasan.com","8-2ºB","Calle Sagasta",,"28004","MADRID","Spain","ES","EU_MEMBER_STATE",,
"PL-IM-000055189","KARL STORZ POLSKA SPÓŁKA Z OGRANICZONĄ ODPOWIEDZIALNOŚCIĄ","KARL STORZ Polska sp. z o.o.",,"Active","Importer",,"PL6312655205",1,"Poland","PL","EU_MEMBER_STATE","info-pl@karlstorz.com","+48222458200",,,"HOŁUBCOWA 123",,"02-854","WARSZAWA","Poland","PL","EU_MEMBER_STATE",,
"DE-MF-000004965","ENDO-FLEX GmbH",,,"Active","Manufacturer",,"DE119063540",5,"Germany","DE","EU_MEMBER_STATE","vertrieb@endo-flex.de","+49 281 94400-0","www.endo-flex.de","115","Alte Hünxer Str. ",,"46562","Voerde","Germany","DE","EU_MEMBER_STATE","Angelina","Huber"
"SE-MF-000002388","Vi Tri Medical AB",,,"Active","Manufacturer",,"16556677667901",1,"Sweden","SE","EU_MEMBER_STATE","info@vitri.se","+4687477660","vitri.se","9A","Stensätravägen ",,"12739","SKÄRHOLMEN","Sweden","SE","EU_MEMBER_STATE","Helen","Johannessen"
"CN-MF-000009003","Medlink (Songzi) Medical Products Co., Ltd",,,"Active","Manufacturer",,,1,"China","CN","NON_EU","bill@medlinkindustry.com",,,,"Liye Rd, Xinjiangkou Town, Songzi City,",,"434200","Jingzhou, Hubei,","China","CN","NON_EU"," Bill"," Liao"
"CZ-MF-000043486","T&T Czech Brands s.r.o.",,,"Active","Manufacturer",,"CZ29450667",1,"Czechia","CZ","EU_MEMBER_STATE","t-tomi@t-tomi.cz","+420 778 081 116",,"130/26","Vodní",,"78335","Horka nad Moravou","Czechia","CZ","EU_MEMBER_STATE","Lucie","Tlamková"
"CN-MF-000013670","CHEMILENS(JIAXING)CO.,LTD",,,"Active","Manufacturer",,,1,"China","CN","NON_EU","wangqin@chemilens.com","+86-0573-83719232",,"NO.89 ChangSheng East Road","Tanghui",,"314033","Jiaxing","China","CN","NON_EU","qin","Wang"
"IN-MF-000016100","Wipro GE Healthcare Private Ltd",,,"Active","Manufacturer",,,10,"India","IN","NON_EU","eudamed@gehealthcare.com",,,"04","Kadugodi Industrial Area",,"560067","Bangalore","India","IN","NON_EU","Shiwani","Zalpuri"
"GB-MF-000018056","Rayner Intraocular Lenses Limited","Rayner",,"Active","Manufacturer",,,2,"United Kingdom (ex Northern Ireland)","UK","NON_EU","regulatoryaffairs@rayner.com","+49 306290783-0",,"10","Dominion Way",,"BN14 8AQ","Worthing, West Sussex","United Kingdom (ex Northern Ireland)","UK","NON_EU","Daniel","Peek"
"BE-AR-000037225","Odette Lunettes bv","Odette Lunettes","2024-12-12T00:00:00","Inactive","Authorised Representative",,"BE0568878967",2,"Belgium","BE","EU_MEMBER_STATE","contact@odettelunettes.com","+32472823448","www.odettelunettes.com","1","Brabantdam ",,"9000","Gent","Belgium","BE","EU_MEMBER_STATE","Eline","De Munck"
"IE-MF-000018690","Cordis Cashel",,,"Active","Manufacturer",,"IE9574526W",3,"Ireland","IE","EU_MEMBER_STATE","gmb-cordis-eudamedinquiries@cordis.com",,"No Website",,"Cahir Road",,"E25 RC92","Cashel, Co. Tipperary","Ireland","IE","EU_MEMBER_STATE","Khadija","Khebaouat"
"SI-IM-000044066","DAKINA GROUP D.O.O.",,,"Active","Importer",,"SI66056870",1,"Slovenia","SI","EU_MEMBER_STATE","info@dakina.eu",,"WWW.DAKINA.EU","101","DUNAJSKA CESTA","1000","1000","LJUBLJANA","Slovenia","SI","EU_MEMBER_STATE",,
"ES-IM-000004182","DURVIZ, S.L.",,,"Active","Importer",,"B46072807",1,"Spain","ES","EU_MEMBER_STATE","durviz@durviz.com","+34961366107","www.durviz.com","10","LEONARDO DA VINCI ",,"46980","VALENCIA","Spain","ES","EU_MEMBER_STATE",,
"DE-MF-000005910","REGER Medizintechnik GmbH",,,"Active","Manufacturer",,"DE814097645",1,"Germany","DE","EU_MEMBER_STATE","info@reger-med.de","+49 741 270 698 0","www.reger-med.de","10","Gewerbestrasse",,"78667","Villingendorf","Germany","DE","EU_MEMBER_STATE","Alexander","Hetzel"
"AU-MF-000002265","CurveBeam AI Limited","CurveBeam AI",,"Active","Manufacturer",,,2,"Australia","AU","NON_EU","urapauckland@curvebeamai.com","+61 396 200 250","https://curvebeamai.com/","10","Queen Street",,"3000","Melbourne, Victoria","Australia","AU","NON_EU","Jasper","Loh"
"DE-MF-000018915","Telemis GmbH",,,"Active","Manufacturer",,"DE 190120956",3,"Germany","DE","EU_MEMBER_STATE","info@telemis.de",,,"25","Madrider Str.",,"41069","Mönchengladbach","Germany","DE","EU_MEMBER_STATE","Detlef","Herff"
"PK-MF-000041975","RETO SURGICAL",,,"Active","Manufacturer",,,1,"Pakistan","PK","NON_EU","info@retosurgical.com","+92345 6712129",,,"Abbas Chowk, Hussaini road,",,"51310","Sialkot","Pakistan","PK","NON_EU","Sharafat ","Hussain"
"DE-MF-000005491","Vitalitec International Medizintechnik GmbH","Vitalitec","2026-03-31T00:00:00","Inactive","Manufacturer",,"DE142939908   ",4,"Germany","DE","EU_MEMBER_STATE","karin.nestel@vitalitec.de","+49742492206","www.vitalitec.de","20","Steigäcker",,"78582","Balgheim","Germany","DE","EU_MEMBER_STATE","Andreas","Lange"
"DE-MF-000019560","Aacurat GmbH",,,"Active","Manufacturer",,"DE213388176",1,"Germany","DE","EU_MEMBER_STATE","info@aacurat.de",,"www.aacurat.de","9","Gottlieb-Daimler-Strasse",,"73460","Hüttlingen","Germany","DE","EU_MEMBER_STATE","Helmut","Speich"
"SE-PR-000017759","Occlutech International AB",,,"Active","System/Procedure Pack Producer",,"SE556721406801",2,"Sweden","SE","EU_MEMBER_STATE","info@occlutech.com",,,"2","Landskronavägen ",,"252 32","Helsingborg","Sweden","SE","EU_MEMBER_STATE",,
"CN-MF-000019188","Hebei Yuanrun Medical Devices Co.,ltd",,,"Active","Manufacturer",,,2,"China","CN","NON_EU","1624578870@qq.com",,,,"NO.1 Chengci Road, Xiquancheng Village, Xin' an Town, Zhengding County",,"050800","Hebei","China","CN","NON_EU","Yinchi","Wu"
"DE-MF-000014323","Schyns GmbH",,,"Active","Manufacturer",,"149319976",2,"Germany","DE","EU_MEMBER_STATE","info@schyns.de","+49260396110","www.schyns.de","1","Pfingstwiese",,"56130","Bad Ems","Germany","DE","EU_MEMBER_STATE","Alexander","Hahmann"
"SE-MF-000030781","Qlucore AB(publ)",,,"Active","Manufacturer",,"SE556719352801",3,"Sweden","SE","EU_MEMBER_STATE","info@qlucore.com",,,"17","Scheelevägen",,"22370","Lund","Sweden","SE","EU_MEMBER_STATE","Per","Nordqvist"
"FR-MF-000054306","YVESH",,,"Active","Manufacturer",,"FR51934847989",1,"France","FR","EU_MEMBER_STATE","yves.hude@gmail.com",,,"229","Rue Saint-Honoré",,"75001","Paris","France","FR","EU_MEMBER_STATE","Yves","HUDE"
"SE-IM-000048517","Sv Labex AB","Labex",,"Active","Importer",,"556476-4990",1,"Sweden","SE","EU_MEMBER_STATE","labex@labex.com","+4642324000","labex.com","6","Ekslingan",,"25467","Helsingborg","Sweden","SE","EU_MEMBER_STATE",,
"UK-MF-000050922","PXD Ltd.",,,"Active","Manufacturer",,,2,"United Kingdom (ex Northern Ireland)","UK","NON_EU","admin@explantlab.com","+44 191 580 6154","https://www.explantlab.com/contact-us",,"The Biosphere Draymans Way",,"NE4 5BX","Newcastle upon Tyne","United Kingdom (ex Northern Ireland)","UK","NON_EU","Matthew","Nargol"
"ES-MF-000000579","DM CEOSA",,"2026-07-26T00:00:00","Inactive","Manufacturer",,,4,"Spain","ES","EU_MEMBER_STATE","aperez@ortoceosa.net","+34 916441276","https://dmceosa.com","18-20","Aeronautica ",,"28923","Alcorcon","Spain","ES","EU_MEMBER_STATE","Ana Maria","Perez Perez"
"NL-MF-000023101","Novuqare Pelvic Health B.V.","NPH",,"Active","Manufacturer",,"NL822715466B01",5,"Netherlands","NL","EU_MEMBER_STATE","quality@novuqare.com","+31 0 737 82 01 18","www.novuqare.com","40","Kievitsven",,"5249JJ","Rosmalen","Netherlands","NL","EU_MEMBER_STATE","walter","van der Heijden"
"KR-MF-000046388","Bell Therapeutics Inc.",,,"Active","Manufacturer",,,1,"South Korea","KR","NON_EU","contact@belltherapeutics.com","+82 70 8095 4983","https://www.belltherapeutics.com","503","Teheran-ro",,"06168","Seoul","South Korea","KR","NON_EU","Youngin","Kim"
"CZ-MF-000001207","IntellMed, s.r.o.",,,"Active","Manufacturer",,"CZ27780317",1,"Czechia","CZ","EU_MEMBER_STATE","sales@intellmed.eu",,"www.intellmed.eu","813/21","Šlechtitelů",,"779 00","Olomouc","Czechia","CZ","EU_MEMBER_STATE","Lubomír","Němec"
"GB-MF-000004499","Cuxson Gerrard & Co. Ltd",,,"Active","Manufacturer",,"GB-276846901",2,"United Kingdom (ex Northern Ireland)","UK","NON_EU","info@cuxsongerrard.com","+44 0121 544 7117","www.cuxsongerrard.com","125","Broadwell Road",,"B69 4BF","Oldbury","United Kingdom (ex Northern Ireland)","UK","NON_EU","Michael","Ratcliffe"
"TR-MF-000052705","Osteoid Saglik Teknolojileri A.S.","OST",,"Active","Manufacturer",,"6480641161",2,"Türkiye","TR","EU_EXTENDED","deniz.karasahin@osteoid.com","+905377921844","www.osteoid.com","2-5","Resitpasa Mh. Katar Cad.","2-5-27","34394","İstanbul","Türkiye","TR","EU_EXTENDED","Deniz","Karasahin"
"DE-AR-000013565","Sänger GmbH",,,"Active","Authorised Representative",,"57073/20104",1,"Germany","DE","EU_MEMBER_STATE","eurep@sanger.de",,,"30","Zeller Weg",,"74575","Schrozberg","Germany","DE","EU_MEMBER_STATE","Fritz","Ley, Dr."
"ES-IM-000030447","PEDRO FERNANDEZ VILCHEZ",,,"Active","Importer",,"ES24198351M",1,"Spain","ES","EU_MEMBER_STATE","pedro@biomaterialesquirurgicos.es","+34667324224","biomaterialesquirurgicos.es","8","AVENIDA DE ITALIA",,"18007","GRANADA","Spain","ES","EU_MEMBER_STATE",,
"FR-MF-000027375","H'ABILITY",,,"Active","Manufacturer",,"FR34893555342",3,"France","FR","EU_MEMBER_STATE","contact@hability.fr",,"https://www.hability.fr/","8","Place de l'Hôpital",,"67000","Strasbourg","France","FR","EU_MEMBER_STATE","Stéphane","Wehrli"
"FR-MF-000003517","SYSTEM ASSISTANCE MEDICAL","SYST'AM",,"Active","Manufacturer",,"FR12392011920",6,"France","FR","EU_MEMBER_STATE","systam@systam.com","0553405035","www.systam.com","72","ZONE D'ACTIVITE DE CAMPAGNAC",,"47300","LEDAT","France","FR","EU_MEMBER_STATE","Sébastien","CINQUIN"
"HU-IM-000035434","DIO CENTRAL EUROPE Korlátolt Felelősségű Társaság","DIO CENTRAL EUROPE Kft.",,"Active","Importer",,"32205022-2-42",1,"Hungary","HU","EU_MEMBER_STATE","leecs@dio.co.kr","+36-70-886-0322",,"68/B","IZABELLA UTCA",,"1064","BUDAPEST","Hungary","HU","EU_MEMBER_STATE",,
"CN-MF-000035241","Handan FCH Medical Technology Co.,Ltd.",,,"Active","Manufacturer",,,1,"China","CN","NON_EU","654579480@qq.com",,,,"East Bei Tou Road Mao Sui Street New industrial park, Jize County",,"057350","Handan city","China","CN","NON_EU","Jialin","Li"
"IT-MF-000041478","Grundfos Water Treatment Italy S.r.l.","GWTI",,"Active","Manufacturer",,"04163531207",3,"Italy","IT","EU_MEMBER_STATE","fgraziani@grundfoswt.com","+393489900290","grundfos.it/wt","6-8-10","Via Gandolfi",,"40057","Cadriano di Granarolo dell'Emilia","Italy","IT","EU_MEMBER_STATE","Giorgia","Galetti"
"DE-IM-000053586","Medizinio GmbH",,,"Active","Importer",,"DE296595793",1,"Germany","DE","EU_MEMBER_STATE","kontakt@medizinio.de",,"https://medizinio.de/","2","Schwarzer Bär",,"30449","Hannover","Germany","DE","EU_MEMBER_STATE",,
"FR-PR-000058654","911","Medisafe",,"Active","System/Procedure Pack Producer",,"FR16519567762",1,"France","FR","EU_MEMBER_STATE","emilie@medisafe.fr","+33785862876","www.medisafe.fr","60","rue Gaillat",,"64990","Lahonce","France","FR","EU_MEMBER_STATE",,
"NL-MF-000050101","Femperial Medical Aesthetics","FMA",,"Active","Manufacturer",,"NL001733020B08",1,"Netherlands","NL","EU_MEMBER_STATE","contact@medicalwigsfemperial.com","+31686260523","medicalwigsfemperial.com","75","Haaksbergweg  ","1101 BR","1101 BR","Amsterdam","Netherlands","NL","EU_MEMBER_STATE","Jacqueline","Soeters"
"FI-MF-000001479","Thermo Fisher Scientific Oy",,,"Active","Manufacturer",,"FI09215470",6,"Finland","FI","EU_MEMBER_STATE","registrations.clinical.fi@thermofisher.com","+358 10 329 200","www.thermofisher.com","2","Ratastie",,"01620","Vantaa","Finland","FI","EU_MEMBER_STATE","Anne","Kummerow"
"DE-MF-000056907","IDS Dentaltechnik GmbH","IDS",,"Active","Manufacturer",,"DE115299389",1,"Germany","DE","EU_MEMBER_STATE","info@ids-dentaltechnik.de","+4955451818",,"8","Theodor-Heuss-Str.","34346","34346","Hann. Münden","Germany","DE","EU_MEMBER_STATE","Heike","Goebel"
"CN-MF-000021158","Wujiang City Cloud & Dragon Medical Device Co., Ltd",,,"Active","Manufacturer",,,2,"China","CN","NON_EU","info@clouddragon.com","+86 512 63242329",,,"West Ganquan Road",,"215214","Wujiang","China","CN","NON_EU","Yanwen","Wang"
"KR-MF-000038914","COVIS OPTIC CO., LTD.",,,"Active","Manufacturer",,"473-86-00425",1,"South Korea","KR","NON_EU","covis@covislens.co.kr",,"http://www.covislens.co.kr/","1098","Daejeon-ro, Daedeok-gu",,"34433","Daejeon","South Korea","KR","NON_EU","Sangmin","Lee"
"CN-MF-000042692","ANHUI JICA CARE EQUIPMENT CO.,LTD",,,"Active","Manufacturer",,,1,"China","CN","NON_EU","nancy@jica-care.com",,,,"Changsan Road, Changqiao town, Jingxian",,"242500","Xuancheng","China","CN","NON_EU","Wei","Wang"
"FR-MF-000046559","Orthopack",,,"Active","Manufacturer",,"FR22925309452",1,"France","FR","EU_MEMBER_STATE","orthopack.pro@gmail.com",,,"409 ","rue de Tourcoing",,"59420","Mouvaux","France","FR","EU_MEMBER_STATE","Hugues","DEBAILLEUL"
"PL-MF-000049936","PROVEGA IT SPÓŁKA Z OGRANICZONĄ ODPOWIEDZIALNOŚCIĄ","PROVEGA IT SP. Z O.O.",,"Active","Manufacturer",,"7123474785",1,"Poland","PL","EU_MEMBER_STATE","biuro@provega.pl",,,"25","KARPACKA",,"20-868","LUBLIN","Poland","PL","EU_MEMBER_STATE","Edyta","Wierciak-Bożętka"
"US-MF-000002745","Span-America Medical Systems, Inc.",,,"Active","Manufacturer",,,3,"United States","US","NON_EU","info@SpanAmerica.com",,"https://savariapatientcare.com/","70","Commerce Center",,"29615","Greenville","United States","US","NON_EU","Erika","Ramsbottom"
"CN-MF-000053320","Hunan Yijiang Medical Technology Co,.Ltd",,,"Active","Manufacturer",,,1,"China","CN","NON_EU","john@yijiangmedical.com",,,,"Yuelu district Xueshi Street Fuling Road No.41",,"410000				","Hunan Province Changsha City ","China","CN","NON_EU","Mingqiang","Xu "
"UK-MF-000051805","Aspire Pharma Limited",,,"Active","Manufacturer",,"GB 206 6966 88",1,"United Kingdom (ex Northern Ireland)","UK","NON_EU","info@aspirepharma.com","+44-1730231148","www.aspirepharma.co.uk","102","Highstreet",,"GU7 1DS","Surrey","United Kingdom (ex Northern Ireland)","UK","NON_EU","Felicity","Bayford"
"IT-MF-000048106","Elios Lamp SRL","Elios Lamp",,"Active","Manufacturer",,"IT02134300678",2,"Italy","IT","EU_MEMBER_STATE","a.rossiello@gmail.com","+39 339 331 0757",,"120","Via Roma",,"64011","Alba Adriatica (TE)","Italy","IT","EU_MEMBER_STATE","Sandro Maria","Crocelli"
"FR-MF-000016207","sarl luceline","LES BINOCLES PAR EMELINE",,"Active","Manufacturer",,"FR23791201197",1,"France","FR","EU_MEMBER_STATE","lucas.brunet51@hotmail.fr","+33326682793","www.les-binocles.com","43","avenue sarah bernhardt",,"51430","TINQUEUX","France","FR","EU_MEMBER_STATE","lucas","brunet"
"DE-MF-000033666","TrendsByTwins GmbH",,,"Active","Manufacturer",,"DE354260245",1,"Germany","DE","EU_MEMBER_STATE","service@5-loops.com",,"www.5-loops.com","3","Winklerring",,"85630","Grasbrunn-Neukeferloh","Germany","DE","EU_MEMBER_STATE","Caroline","Vega"
"DE-MF-000010387","Optik Glas Oesterlein GmbH & Co.KG","Brillenglas Hersteller",,"Active","Manufacturer",,"DE307812836",1,"Germany","DE","EU_MEMBER_STATE","Thomas.Krausgrill@optik-glas-aschaffenburg.de",,"https://www.oga-brillenglaeser.de/","8","Boschweg ",,"63741","Aschaffenburg ","Germany","DE","EU_MEMBER_STATE","Karsten ","Montkau"
"CN-MF-000043910","Guangdong New Design Biotechnology Co., Ltd",,,"Active","Manufacturer",,,1,"China","CN","NON_EU","GDXDS@niudesai.com",,,"Zone B, 5th, Floor, block No.2","Langbao west road No.60, Zhangcha street, Chancheng district",,"528051"," Foshan City, Guangdong","China","CN","NON_EU","Jiaru","Liu"
"CN-MF-000020236","Huachenyang (Shenzhen) Technology Co., Ltd.","HCY",,"Active","Manufacturer",,,6,"China","CN","NON_EU","edward@chenyanglobal.com",,,,"F8, Bldg 4, No.128 Shangnan East Rd., Huangpu Community, Xinqiao St",,"518125","Shenzhen","China","CN","NON_EU","Jie","Peng"
"BE-MF-000022927","M.Ex.T. Belgium","MExT",,"Active","Manufacturer",,"BE0449035071",2,"Belgium","BE","EU_MEMBER_STATE","qc01@mext.be","+3251263286","www.mext.eu","1","Industrieweg",,"8800","Roeselare","Belgium","BE","EU_MEMBER_STATE","Geert","Lafaut"
"US-MF-000013637","Exact Sciences Corporation","EXAS",,"Active","Manufacturer",,,2,"United States","US","NON_EU","regulatoryaffairs@exactsciences.com",,,"5505","Endeavor Lane",,"53719","Madison","United States","US","NON_EU","Ingrid","Mehlhorn"
"NL-MF-000001485","Lewis Seating Systems B.V.","Lewis Seating Systems",,"Active","Manufacturer",,"NL8507.55.712.B01",1,"Netherlands","NL","EU_MEMBER_STATE","kwaliteit@lewisseatingsystems.nl","0031880114900","www.lewisseatingsystems.nl","23a","Willem Vleertmanstraat",,"7575 EC","Oldenzaal","Netherlands","NL","EU_MEMBER_STATE","Majorie","Luijten - Bussink"
"DE-MF-000006155","RAUMEDIC AG",,,"Active","Manufacturer",,"DE231697952",6,"Germany","DE","EU_MEMBER_STATE","contact@raumedic.com","+49 9252 359-0","www.raumedic.com","2","Hermann-Staudinger-Str.",,"95233","Helmbrechts","Germany","DE","EU_MEMBER_STATE","Hannes","Engelhardt"
"SK-IM-000015543","PHARMA GROUP, a.s.","PHARMA GROUP, a.s.",,"Active","Importer",,"SK2020293748",1,"Slovakia","SK","EU_MEMBER_STATE","pharma@pharmagroup.sk","+421252493757","www.pharmagroup.sk","150","SNP",,"90873","Veľké Leváre","Slovakia","SK","EU_MEMBER_STATE",,
"SI-IM-000041090","AKSIOS MED, zastopanje in prodaja medicinskih pripomočkov, d.o.o.","AKSIOS MED d.o.o.",,"Active","Importer",,,1,"Slovenia","SI","EU_MEMBER_STATE","katja@aksiosmed.com",,"www.aksiosmed.com","30","Bleiweisova cesta ",,"1000","Ljubljana","Slovenia","SI","EU_MEMBER_STATE",,
"DE-IM-000005409","megro GmbH & Co. KG","megro GmbH & Co. KG",,"Active","Importer",,"DE120994155",2,"Germany","DE","EU_MEMBER_STATE","info@megro.de","+4928198990","www.megro.de","30","Am Schornacker",,"46485","Wesel","Germany","DE","EU_MEMBER_STATE",,
"FR-MF-000056629","Les amis d'ABiMed",,,"Active","Manufacturer",,,1,"France","FR","EU_MEMBER_STATE","jiba@lesfleursdunormal.fr",,"https://abimed.fr","36","Quai de la Marne",,"75019","Paris","France","FR","EU_MEMBER_STATE","Jean-Baptiste","Lamy"
"IE-AR-000000884","Natus Manufacturing Ltd",,,"Active","Authorised Representative",,"IE6442983O",3,"Ireland","IE","EU_MEMBER_STATE","eimear.bhreathnach@natus.com","+353879559766","www.natus.com",,"IDA Business Park ",,"H91PD92","Galway","Ireland","IE","EU_MEMBER_STATE","Eimear","Bhreathnach"
"IL-MF-000016071","Panaxia Ltd","TLV:PNAX",,"Active","Manufacturer",,,3,"Israel","IL","NON_EU","agn-gp-harmonyca_reporting@abbvie.com","+972 72 2744 141","https://www.luminera.com/","13","Hamelacha St. ",,"7152026","Lod","Israel","IL","NON_EU","Renana","Kozol"
"ES-IM-000030327","Epcatem Málaga 2000, S.L.","Epcatem",,"Active","Importer",,,1,"Spain","ES","EU_MEMBER_STATE","anil@epcatem.com","+34952233830",,"13","Alessandro Volta",,"29590","Campanillas (Málaga)","Spain","ES","EU_MEMBER_STATE",,
"SE-IM-000021549","Adcare AB",,,"Active","Importer",,"SE556605635301",1,"Sweden","SE","EU_MEMBER_STATE","admin@adcarenordic.com","+4642328001","www.adcarenordic.com","11A","Mörsaregatan",,"25466","Helsingborg","Sweden","SE","EU_MEMBER_STATE",,
"IT-IM-000056522","S.P. SALENTO IMPRESA SRL","S.P. SALENTO IMPRESA SRL",,"Active","Importer",,"01988140743",1,"Italy","IT","EU_MEMBER_STATE","gruppodentale@gmail.com",,,"5","Orsini","72021","72021","Francavilla Fontana","Italy","IT","EU_MEMBER_STATE",,
"DE-IM-000038268","Robert vom Dorp","Robert vom Dorp ","2024-02-01T00:00:00","Inactive","Importer",,"DE358903806",2,"Germany","DE","EU_MEMBER_STATE","robertvomdorp-hv@outlook.com","+49 1774182850",,"8","Am Hofanger","82538","82538","Geretsried","Germany","DE","EU_MEMBER_STATE",,
"CN-MF-000018902","XSTO CO., LTD.",,,"Active","Manufacturer",,,3,"China","CN","NON_EU","chenhongbin@xsto.com.cn",,,,"Floor 9, Building No.1, Cuiheng Technology Intelligent Hub, No.1 Heji Street, Cuiheng New District",,"528451","Zhongshan City, Guangdong","China","CN","NON_EU","Qijiong","Wang"
"PT-IM-000046488","GAZCORP SA","GAZCORP",,"Active","Importer",,"515077453",1,"Portugal","PT","EU_MEMBER_STATE","qualidade@gazcorp.pt",,,"1734","Rua Espargo de Baixo",,"4520-107 Espargo","Santa Maria da Feira","Portugal","PT","EU_MEMBER_STATE",,
"CN-MF-000022832","Shandong Tianai Medical Device Co., Ltd",,,"Active","Manufacturer",,,1,"China","CN","NON_EU","2827704832@qq.com",,,,"No.888, Nanlu Industrial Park, Chengwu County,",,"274200","Shandong Province","China","CN","NON_EU","Jincheng","Wang"
"FI-IM-000040426","Fimet Oy",,,"Active","Importer",,"FI04688826",2,"Finland","FI","EU_MEMBER_STATE","fimet@fimet.fi","+358 19 521 6600","https://www.fimet.fi/","6","Teollisuustie",," 07230","Askola","Finland","FI","EU_MEMBER_STATE",,
"US-MF-000035352","Microbiologique Inc.",,,"Active","Manufacturer",,,1,"United States","US","NON_EU","hemantha.kulasekara@iehinc.com","+1- (206) 522-5432","https://microbiologique.com/",,"8315 Lake City Way NE",,"WA 98115","Seattle","United States","US","NON_EU","Hemantha ","Kulasekara"
"CN-MF-000047264","Aimer  (Suzhou)  Medical&Health Technology Co., Ltd",,,"Active","Manufacturer",,,1,"China","CN","NON_EU","1592849185@qq.com",,,"No. 1","Meijia Road",,"215221","Suzhou","China","CN","NON_EU","Hailing","Wang"
"DE-IM-000050077","Ocunera GmbH",,,"Active","Importer",,"DE456668221",1,"Germany","DE","EU_MEMBER_STATE","info@ocunera.de","+49 2235 7948893",,"6","Behrensstr.",,"50374","Erftstadt","Germany","DE","EU_MEMBER_STATE",,
"CH-MF-000029002","Novocure GmbH",,,"Active","Manufacturer",,,3,"Switzerland","CH","NON_EU","info@novocure.com",,,"21","Neuhofstrasse",,"6340","Baar","Switzerland","CH","NON_EU","Sharon","Perez"
"FR-MF-000039701","PREVIA MEDICAL",,,"Active","Manufacturer",,"FR23882559289",3,"France","FR","EU_MEMBER_STATE","info@previa-medical.com",,"previa-medical.com","107","Rue Béchevelin",,"69007","Lyon","France","FR","EU_MEMBER_STATE","Marine","Laliche"
"KR-MF-000022398","OSSTEM IMPLANT CO., LTD.",,,"Active","Manufacturer",,,5,"South Korea","KR","NON_EU","vceph@osstem.com",,,"7F, B-dong, 3","Magokjungang 12-ro",,"07789","Gangseo-gu, Seoul","South Korea","KR","NON_EU","Young Soon","Hwang"
"NL-IM-000002596","Endomed B.V.",,,"Active","Importer",,"NL0084.14.786.B.01",2,"Netherlands","NL","EU_MEMBER_STATE","info@endomed.nl","+31 413 745 940 ","www.endomed.nl","14","Oostwijk",,"5406 XT","Uden","Netherlands","NL","EU_MEMBER_STATE",,
"CN-MF-000011658","Hubei Samji Medical Technology Co., Ltd.",,,"Active","Manufacturer",,,2,"China","CN","NON_EU","linyun.1998@163.com",,,,"South side of Youyi Road, Zhanggou Town",,"433012","Xiantao City, Hubei Province","China","CN","NON_EU","Yun","Lin"
"CA-MF-000032108","Turbomed Orthotics inc.",,,"Active","Manufacturer",,,1,"Canada","CA","NON_EU","info@turbomedorthotics.com","+1 41 85 63 86 75","www.turbomedorthotics.ca","240 ","rue de Sydney suite 101",,"G3A 0P2","Saint-Augustin-de-Desmaures - Québec","Canada","CA","NON_EU","Stephane","Savard"
"FR-IM-000026813","A2B Médical","A2B Médical",,"Active","Importer",,"FR43890110778",2,"France","FR","EU_MEMBER_STATE","m.chari@a2b-global.ae","0033611938414",,"1240","Route des Dolines ",,"06560","Valbonne-Sophia Antipolis","France","FR","EU_MEMBER_STATE",,
"BE-IM-000051291","Trannex SA","Trannex",,"Active","Importer",,"BE0427133164",1,"Belgium","BE","EU_MEMBER_STATE","alexandre.gaudissart@silac.be","+3226758500","www.silac.be","45","Rue des sablières ","Unité 01","1435","Mont-Saint-Guibert","Belgium","BE","EU_MEMBER_STATE",,
"US-MF-000033104","Medical Instrument Development Laboratories, Inc.","MID Labs",,"Active","Manufacturer",,,2,"United States","US","NON_EU","clee@midlabs.com","(510) 357-3952","www.midlabs.com","557","McCormick Street","94577","94577-1107","San Leandro","United States","US","NON_EU","Chan","Lee"
"DE-MF-000013293","Optosol chemische Produkte GmbH","Optosol",,"Active","Manufacturer",,"DE216228148",4,"Germany","DE","EU_MEMBER_STATE","info@optosol.de",,"www.optosol.de","6-8","Oskar-von-Miller-Straße",,"83714","Miesbach","Germany","DE","EU_MEMBER_STATE","Alfred Benjamin","Hefft"
"CN-MF-000012260","Mammon International Corp. (China)","Mammon  (China)",,"Active","Manufacturer",,"9144190033798325XJ",4,"China","CN","NON_EU","ceirs.jen@msa.hinet.net","+86-769-89610068",,,"Second Floor 30th Jinhua Street, Fuxi Road, Liaobu Town",,"523401","Dongguan City, Guangdong Province","China","CN","NON_EU","Yvonne ","Tsao"
"SE-MF-000007811","Fujirebio Diagnostics AB","FDAB",,"Active","Manufacturer",,"SE556450496601",6,"Sweden","SE","EU_MEMBER_STATE","info@fdab.com","+4631857030","https://www.fujirebio.com","7","Gemenskapens gata ","71","43153","Mölndal","Sweden","SE","EU_MEMBER_STATE","Elin","Ekström"
"DE-MF-000036711","L2MTech GmbH","L2M",,"Active","Manufacturer",,"DE 315 985 890",2,"Germany","DE","EU_MEMBER_STATE","admin@l2mtech.de",,"l2mtech.de","65","Friedrich-Ebert-Allee",,"53113","Bonn","Germany","DE","EU_MEMBER_STATE","Madhulatha","G"
"DE-AR-000015692","TeleMedC GmbH",,,"Active","Authorised Representative",,"DE344179176",3,"Germany","DE","EU_MEMBER_STATE","dominik.schindler@telemedc.de",,"https://www.telemedc.de/","43","Erdkampsweg",,"22335","Hamburg","Germany","DE","EU_MEMBER_STATE","Dominik","Schindler"
"2460","DNV Product Assurance AS",,,"Active","Notified Body",,,7,"Norway","NO","EU_EXTENDED","medical@dnv.com","+47 67578800","www.dnv.com",,"Veritasveien 1",,"1363 Høvik","1363 Høvik","Norway","NO","EU_EXTENDED",,
"NL-MF-000007477","12WASH B.V.",,,"Active","Manufacturer",,"NL853516832B01",1,"Netherlands","NL","EU_MEMBER_STATE","info@12wash.com",,"www.12wash.com","25a","Drentse Poort","9521ja","9521JA","NIEUW-BUINEN","Netherlands","NL","EU_MEMBER_STATE","Jozef","Huizinga"
"FR-MF-000005250","Biosphere Medical SA","Biosphere",,"Active","Manufacturer",,"FR05418584033",5,"France","FR","EU_MEMBER_STATE","udiadmin@merit.com","+1 801-253-1600","www.merit.com",,"Parc des Nations, Paris Nord 2",,"95700","Roissy-en-France","France","FR","EU_MEMBER_STATE","Marie-Laure","Patucca"
"FR-MF-000004628","Air Products SAS",,,"Active","Manufacturer",,"FR61548501907",2,"France","FR","EU_MEMBER_STATE","PHARMAFR@airproducts.com",,,"95","avenue des arrivaux",,"38070","saint quentin fallavier","France","FR","EU_MEMBER_STATE","Delphine","Bonaiti"
"VN-MF-000012259","Mammon International Corp. (Vietnam)","Mammon (Vietnam)",,"Active","Manufacturer",,"0800555508",6,"Viet Nam","VN","NON_EU","mammon@mammonmedical.com","+84-320-3838777",,,"Sector 6, Hoang Ngan Road, Road 5 Industrial Complex",,"170000","Hai Phong City","Viet Nam","VN","NON_EU","Yvonne","Tsao"
"US-MF-000013113","Ethicon, Inc.",,,"Active","Manufacturer",,,3,"United States","US","NON_EU","eudamed_enquiries@its.jnj.com",,,,"1000 Route 202",,"08869","Raritan, New Jersey","United States","US","NON_EU","Linda","Plews"
"CZ-MF-000045077","De & Co Hranice s.r.o.",,,"Active","Manufacturer",,"CZ27843912",1,"Czechia","CZ","EU_MEMBER_STATE","EUDAMED@deaco.cz","+420 581 604 644","https://deaco.cz/","2254","Potštátská",,"75301","Hranice","Czechia","CZ","EU_MEMBER_STATE","Tomáš","Rössner"
"DE-MF-000053194","Lab-on-Fiber GmbH","LoF",,"Active","Manufacturer",,"DE311277133",1,"Germany","DE","EU_MEMBER_STATE","info@lab-on-fiber.com","+4995624033826","www.lab-on-fiber.com","32","Pommernstrasse",,"96242","Sonnefeld","Germany","DE","EU_MEMBER_STATE","Ruzin","Aganoglu"
"GB-MF-000016742","Objective Imaging Ltd",,,"Active","Manufacturer",,"GB750797501",1,"United Kingdom (ex Northern Ireland)","UK","NON_EU","lorraine.wragg@objectiveimaging.com","01223 813777","objectiveimaging.com","Unit 1, Quy Court","Colliers Lane",,"CB25 9AU","Cambridge","United Kingdom (ex Northern Ireland)","UK","NON_EU","Lorraine","Wragg"
"NL-MF-000015696","D.O.R.C. Dutch Ophthalmic Research Center (International) B.V.","DORC",,"Active","Manufacturer",,"NL008189778B01",6,"Netherlands","NL","EU_MEMBER_STATE","dl.med-ra-dorc.nl@zeiss.com","+31181458080","www.dorcglobal.com","2","Scheijdelveweg ",,"3214 VN","Zuidland","Netherlands","NL","EU_MEMBER_STATE","Sandra","de Klerk - van Gevenhof"
"CN-MF-000042906","YEESAIN HEALTH TECHNOLOGY CO., LTD.",,,"Active","Manufacturer",,,2,"China","CN","NON_EU","anne@yeesain.com",,,,"No. 1 Shengtai Road, Hygiene Materials Industrial Park, Yuecun Town, Xinmi Advanced Manufacturing Development Zone",,"452370	","Zhengzhou City, Henan Province","China","CN","NON_EU","Anne","Guo"
"US-MF-000054864","Innova Vascular, Inc","Innova Vascular, Inc",,"Active","Manufacturer",,,2,"United States","US","NON_EU","nick.pfeil@innovavascular.com",,"www.innovavascular.com","15375","Barranca Parkway",,"92618","Irvine","United States","US","NON_EU","Nicholas","Pfeil"
"PL-MF-000058410","REHAVIT SPÓŁKA Z OGRANICZONĄ ODPOWIEDZIALNOŚCIĄ","REHAVIT SP. Z O.O.",,"Active","Manufacturer",,"6443552894",1,"Poland","PL","EU_MEMBER_STATE","KONTAKT@REHAVIT.PL","+48323071505","WWW.REHAVIT.PL","2","PARTYZANTÓW ",,"41-200","SOSNOWIEC","Poland","PL","EU_MEMBER_STATE","MARCIN","HABRASZKA"
"CN-MF-000008234","QINGDAO HALIER CO.,LTD.",,,"Active","Manufacturer",,"91370203MA3RHJ6T7Q",1,"China","CN","NON_EU","anne.deng@hlr-world.com","86-32-86671788",,,"No.1 Chang An Road, North 2nd Floor, Shibei District",,"266011","QINGDAO","China","CN","NON_EU","Jibo","Deng"
"PL-IM-000046645","ADPLA Sp. z o.o.",,,"Active","Importer",,"PL5783122198",1,"Poland","PL","EU_MEMBER_STATE","info@adpla.pl",,"http://www.na-pomoc.pl/","5","ul. Agatowa",,"82-310 Elbląg","Gronowo Górne","Poland","PL","EU_MEMBER_STATE",,
"BE-IM-000058091","OSTEON NV","Osteon",,"Active","Importer",,"BE0 460 094 754",1,"Belgium","BE","EU_MEMBER_STATE","info@osteon.be","+32 475 44 14 85","www.osteon.be","4","Bietenweg "," ","3300","TIENEN","Belgium","BE","EU_MEMBER_STATE",,
"US-MF-000038119","Avedro, a Glaukos Company",,,"Active","Manufacturer",,,4,"United States","US","NON_EU","mking@glaukos.com",,,"30","North Avenue",,"01803","Burlington, MA","United States","US","NON_EU","Brian","Wolf"
"DE-MF-000012463","ADEV Gesellschaft für Entwicklung und Vertrieb von medizinischen Artikeln mbH","ADEV",,"Active","Manufacturer",,"DE135087993",2,"Germany","DE","EU_MEMBER_STATE","info@adev.de","+494518907151","https://www.adev.de/","21","Grapengießerstr.",,"23556","Lübeck","Germany","DE","EU_MEMBER_STATE","Cordes","Burmester"
"ES-IM-000003264","TITANIMPLANT, S.L.",,,"Active","Importer",,"B63660625",1,"Spain","ES","EU_MEMBER_STATE","info@titanimplant.net","+34931600388","http://www.titanimplant.net","28-38, Local 4","Carrer General Manso ",,"08980","Sant Feliu de Llobregat","Spain","ES","EU_MEMBER_STATE",,
"CN-MF-000011840","URIT Medical Electronic Co.,Ltd.","URIT",,"Active","Manufacturer",,,7,"China","CN","NON_EU","service@uritest.com","+86(773)2288586","www.urit.com",,"No.D-07 Information Industry District",,"541004","GuiLin,GuangXi","China","CN","NON_EU","Minjie","Lin"
"TR-IM-000056552","MUĞLA DORUK MEDİKAL-MEHMET YUSUF DEĞERLİ","MUĞLA DORUK MEDİKAL",,"Active","Importer",,"2730458799",1,"Türkiye","TR","EU_EXTENDED","mugladorukmedikal@gmail.com","+90252 212 66 03",,"NO:11/307","EMİRBEYAZIT MAH.KURŞUNLU CAD.GİRGİN İŞHAN","48000","48000","MUĞLA","Türkiye","TR","EU_EXTENDED",,
"TW-MF-000026757","RBCBioscience Corp.",,,"Active","Manufacturer",,"28089461",1,"Taiwan","TW","NON_EU","hank@rbcbioscience.com","+886289121200","www.rbcbioscience.com","15","Qiaoge Rd",,"235029","New Taipei City","Taiwan","TW","NON_EU","Chun-Yung","Cho"
"GB-MF-000029062","PolarSeal Tapes and Conversions Ltd ",,,"Active","Manufacturer",,"243825112",4,"United Kingdom (ex Northern Ireland)","UK","NON_EU","regulatory@polarseal.net","+441252726000","https://www.polarseal.net",,"Guildford Road Trading Estate",,"GU9 9PZ","Farnham","United Kingdom (ex Northern Ireland)","UK","NON_EU","Christopher ","Mallett"
"US-MF-000008313","Westmed, Inc.","Westmed",,"Active","Manufacturer",,,1,"United States","US","NON_EU","regaff@sun-med.com","520-294-7987","www.sun-med.com","5580","South Nogales Hwy",,"85706","Tucson","United States","US","NON_EU","Rob","Yamashita"
"DE-AR-000005427","Bricon GmbH ","Bricon",,"Active","Authorised Representative",,,7,"Germany","DE","EU_MEMBER_STATE","qm@bricon.com","+49 7461 9336 667","www.bricon.com","100","Eisenbahnstrasse",,"78573","Wurmlingen","Germany","DE","EU_MEMBER_STATE","Nate","Hou"
"CN-MF-000009621","Henan Zhende Medical Products Co.,Ltd.",,,"Active","Manufacturer",,,6,"China","CN","NON_EU","xlk@xczhende.com","+86 18606756617","www.zhende.com",,"Baihua Road West, North Side of Jinhui Road, Industry Cluster District, Yanling County",,"461200","Xuchang, Henan","China","CN","NON_EU","Likui","Xie"
"DE-MF-000017709","Homoth Medizinelektronik GmbH & Co. KG","HO","2024-03-01T00:00:00","Inactive","Manufacturer",,"DE 118 034 894 ",2,"Germany","DE","EU_MEMBER_STATE","info@homoth.de","0049 4191 272620","www.homoth.de","13-15","Leibnizstraße",,"24568","Kaltenkirchen","Germany","DE","EU_MEMBER_STATE","Simon","Koops"
"GR-MF-000019297","ΑΝΤΙΓΟΝΗ ΠΕΤΡΟΠΟΥΛΟΥ ΚΑΙ ΣΙΑ ΟΕ","ΑΝΤΑ",,"Active","Manufacturer",,"082091043",4,"Greece","EL","EU_MEMBER_STATE","info@anta.com.gr","+30 231 086 26 61","www.anta.com.gr/","1","KOMPOTHEKLA",,"54643","THESSALONIKI","Greece","EL","EU_MEMBER_STATE","FOTOULA","KOUFIDOU"
"IE-IM-000042976","Hibernian Healthcare Limited",,,"Active","Importer",,"IE6352499I",1,"Ireland","IE","EU_MEMBER_STATE","info@hibernianhealth.com","+353 (0) 1 460 4820","https://hibernianhealth.com",,"Unit 4, The Westway Centre",,"D12 HP66","Dublin","Ireland","IE","EU_MEMBER_STATE",,
"CN-MF-000046643","Yuyao Duode Medical Supplies Co., Ltd.","Yuyao Duode",,"Active","Manufacturer",,,1,"China","CN","NON_EU","45348699@qq.com","+86-13486431159",,,"Fangqiao Industrial Park, Yangming Street",,"315400","Yuyao City, Zhejiang Province","China","CN","NON_EU","Tiehui","Liu"
"IE-AR-000012332","Best Putra Gloves (Global) Limited",,,"Active","Authorised Representative",,,1,"Ireland","IE","EU_MEMBER_STATE","pjsmyth@bpgloves.com","+447833463616","No Website","4","Haddington Terrace",,"A96 DX80","Dublin","Ireland","IE","EU_MEMBER_STATE","Patrick","Smyth"
"IT-IM-000055466","Techim Digital S.R.L.","Techim Digital",,"Active","Importer",,"18190141004",1,"Italy","IT","EU_MEMBER_STATE","amministrazione@techimdigital.com","+39 351 7904033",,"18","Via Vincenzo Pacifici",,"00019","Tivoli (RM)","Italy","IT","EU_MEMBER_STATE",,
"US-MF-000019220","Activ Surgical, Inc.","Activ",,"Active","Manufacturer",,,3,"United States","US","NON_EU","info@activsurgical.com","+1 617-333-8162","www.activsurgical.com","27-43","Wormwood Street",,"02210","Boston, MA","United States","US","NON_EU","Peter","Ohanian"
"CN-MF-000041613","Shenzhen WAP-health Technology Co.Ltd","Shenzhen WAP-health Technology Co.Ltd",,"Active","Manufacturer",,,1,"China","CN","NON_EU","info@szwaphealth.com","+86 13510219927",,,"Floor 3, Building C, The Third Industrial Zone #23, Gongming, Guangming New District, Shenzhen, Guangdong",,"518106","Shenzhen","China","CN","NON_EU","Xinde","Jiang "
"DE-MF-000006599","SmartEm GmbH","SmartEm GmbH",,"Active","Manufacturer",,"DE300057989",3,"Germany","DE","EU_MEMBER_STATE","info@smartem.de","+49 2623 8699290","www.smartem.de","9","In der Lieblich",,"56427","Siershahn","Germany","DE","EU_MEMBER_STATE","Pamela","Lambach"
"IT-IM-000055736","Digitec S.r.l.",,,"Active","Importer",,"01647550134",1,"Italy","IT","EU_MEMBER_STATE","info@digitecinnovation.com","+39 0341 364617","https://www.digitecinnovation.com/","17","Via Caduti Lecchesi a Fossoli",," 23900","Lecco","Italy","IT","EU_MEMBER_STATE",,
"FR-MF-000011980","Laboratoire d'Odonto-Stomatologie Thermal","Laboratoire ODOST",,"Active","Manufacturer",,"FR26429039670",2,"France","FR","EU_MEMBER_STATE","contact@buccotherm.com",,,"23","rue du lac",,"32410","Castéra-Verduzan","France","FR","EU_MEMBER_STATE","Alain","Lerch"
"CN-MF-000056830","Shenzhen GODOO Tech Co.,Ltd",,,"Active","Manufacturer",,,1,"China","CN","NON_EU","Mila@godoo3d.com","+86-15920477820",,,"6th Floor,Building 1,No.2 Rongshu Road,Qiaotou Community,Fuhai Street,Baoan District",,"518100","Shenzhen","China","CN","NON_EU","Minghui","Kong"
"ES-IM-000043905","NORIS MEDICAL SLU",,,"Active","Importer",,"ESB93447068",1,"Spain","ES","EU_MEMBER_STATE","manuelm@norismedical.com","693491883","www.norismedical.com","29","Calle General Pardiñas ","28001","28001","MADRID","Spain","ES","EU_MEMBER_STATE",,
"CH-MF-000013790","Hamilton Medical AG",,,"Active","Manufacturer",,"CHE-108.075.924",3,"Switzerland","CH","NON_EU","regulatory.med.global@hamilton-medical.com","+41586101020","https://www.hamilton-medical.com/de_CH/","8","Via Crusch",,"7402","Bonaduz","Switzerland","CH","NON_EU","Stephan ","Müller"
"FI-IM-000019695","BioNordika Oy","BioNordika Oy",,"Active","Importer",,"FI10587300",1,"Finland","FI","EU_MEMBER_STATE","sari.nousiainen@bionordika.fi","+358207410270","www.bionordika.fi","18B","Kutomotie",,"00380","Helsinki","Finland","FI","EU_MEMBER_STATE",,
"FR-MF-000011946","CIDELEC",,,"Active","Manufacturer",,"FR70 378 592 539",3,"France","FR","EU_MEMBER_STATE","info@cidelec.net","+33 2 41 66 20 88","www.cidelec.net","20","Rue des métiers",,"49130","Ste Gemmes sur Loire","France","FR","EU_MEMBER_STATE","Fabrice","Guignard"
"TH-MF-000020563","Inspire Innovatex Corporation Co., Ltd.","IIC",,"Active","Manufacturer",,,1,"Thailand","TH","NON_EU","kitti.innovatex@gmail.com","083-566-6655","https://www.drinnovatex.com/",,,"46/104-105, Moo 8","74000","Samut Sakhon","Thailand","TH","NON_EU","Mr.Kitti  ","Charoenpornpanichkul"
"FR-MF-000056954","PERSPECTIVE","MATHYEUX",,"Active","Manufacturer",,"FR02 903 752 327",1,"France","FR","EU_MEMBER_STATE","mathyeux@yahoo.fr","+33669330312",,"7","RUE DE MONTMILLE",,"60000","FOUQUENIES","France","FR","EU_MEMBER_STATE","MATHIEU","GIRARD"
"NL-IM-000007495","Mindray Medical Netherlands B.V.",,,"Active","Importer",,"818324788B01",1,"Netherlands","NL","EU_MEMBER_STATE","info.nl@mindray.com","+31 33 25 44 911",,"8","Drs. W. van Royenstraat ",,"3871AN","Hoevelaken","Netherlands","NL","EU_MEMBER_STATE",,
"IT-MF-000040589","IDENT H.C. S.R.L.",,,"Active","Manufacturer",,"05017930289",1,"Italy","IT","EU_MEMBER_STATE","segreteria@identitalia.net","+39 049 8910613","www.identitalia.net","37","Via Santuario",,"35031","Abano Terme","Italy","IT","EU_MEMBER_STATE","Antonio","Mangia"
"NL-IM-000023297","Vertex-Dental B.V.",,,"Active","Importer",,"NL005721519B01",1,"Netherlands","NL","EU_MEMBER_STATE","regulatory.vertex@3dsystems.com","+31886160440","www.vertex-dental.com","190","Centurionbaan ",,"3769AV","Soesterberg","Netherlands","NL","EU_MEMBER_STATE",,
"PK-MF-000056714","MUGHALFA INDUSTRIES",,,"Active","Manufacturer",,,1,"Pakistan","PK","NON_EU","info@mughalfaind.com","+92 300 7111745","www.mughalfaind.com",,"Malkay Kalan, Street No. 3, Sublime Chowk,",,"51310","Sialkot ","Pakistan","PK","NON_EU","Muhammad ","Zubair"
"CH-MF-000016224","AXIS DENTAL SARL",,,"Active","Manufacturer",,"CHE-104.502.324 TVA",1,"Switzerland","CH","NON_EU","jp.berclaz@axis-dental.ch","+41216330633","www.axis-dental.com","4","Chemin du Closalet ",,"1023","CRISSIER","Switzerland","CH","NON_EU","Romain","Leblanc"
"IT-MF-000044759","PAREDES MAPEDO FAB SPA","Paredes Mapedo Fab Spa",,"Active","Manufacturer",,"01506900461",1,"Italy","IT","EU_MEMBER_STATE","lara.manfredini@paredesmapedo.it","057243581","WWW.PAREDESMAPEDO.IT","93","VIA DELLE CARTIERE",,"55019","VILLA BASILICA","Italy","IT","EU_MEMBER_STATE","LARA","MANFREDINI"
"CN-MF-000021399","SHENZHEN  DERUI  BIOTECHNOLOGY  CO., LTD","DERUI",,"Active","Manufacturer",,,1,"China","CN","NON_EU","apple199310@163.com",,,"5/F, building B, youlitong technology industrial plant, 56 Qingsong Road","Kengzi street,Pingshan new area",,"518118","Shenzhen","China","CN","NON_EU","Qingshuang","Wang"
"HU-IM-000051121","Meducare Kft.",,,"Active","Importer",,"HU13071389",1,"Hungary","HU","EU_MEMBER_STATE","info@meducare.hu",,,"99/c","Fodor",,"1124","Budapest","Hungary","HU","EU_MEMBER_STATE",,
"HU-PR-000006635","MEDI-KORREKT Zártkörűen Működő Részvénytársaság","MEDI-KORREKT Zrt.",,"Active","System/Procedure Pack Producer",,"HU20887674",2,"Hungary","HU","EU_MEMBER_STATE","medi-korrekt@outlook.com","+36 52 532 904","www.medikorrekt.hu","18","GÁSPÁR ENDRE",,"4034","DEBRECEN","Hungary","HU","EU_MEMBER_STATE",,
"UK-MF-000052239","Softjump Ltd",,,"Active","Manufacturer",,,1,"United Kingdom (ex Northern Ireland)","UK","NON_EU","zak.yahiya@fortrus.com",,"www.fortrus.com","45","Gresham Street",,"EC2V 7BG","London","United Kingdom (ex Northern Ireland)","UK","NON_EU","Beverley","Scott"
"RO-IM-000024401","Elta 90 Medical Research SRL","Elta90MR",,"Active","Importer",,"RO27344880",1,"Romania","RO","EU_MEMBER_STATE","bogdan.tudor@elta90mr.ro","+40731316077","www.elta90mr.ro","22A","Nicolae Caranfil",,"014143","Bucuresti","Romania","RO","EU_MEMBER_STATE",,
"BG-IM-000052618","Cocoon Medical International Ltd","CMI",,"Active","Importer",,"BG204280676",1,"Bulgaria","BG","EU_MEMBER_STATE","regulatory.complaince@sinclair.com","+441244 668734","www.sinclair.com","18A","Parva Bulgarska Armia Str","1220","1220","Sofia","Bulgaria","BG","EU_MEMBER_STATE",,
"AT-MF-000017421","reha buddy gmbh",,"2024-08-06T00:00:00","Inactive","Manufacturer",,"ATU74614606",2,"Austria","AT","EU_MEMBER_STATE","info@rehabuddy.at",,"www.rehabuddy.at","56/18-19","Lindengasse",,"1070","Vienna","Austria","AT","EU_MEMBER_STATE","Paul","Kressnik"
"FR-IM-000006248","MEDIFLUX",,,"Active","Importer",,"FR36389165366",1,"France","FR","EU_MEMBER_STATE","nora@mediflux.fr","+ 33 1 609 39 60","www.mediflux.fr","19","ALLEE DES VENDANGES",,"77183","CROISSY BEAUBOURG","France","FR","EU_MEMBER_STATE",,
"FR-MF-000057393","BITS2BEAT","Bits2Beat",,"Active","Manufacturer",,"FR63918913609",1,"France","FR","EU_MEMBER_STATE","edouard.kleinpeter@bits2beat.com","+33612050853","https://bits2beat.com","185","Bd Maréchal Leclerc",,"33000","Bordeaux","France","FR","EU_MEMBER_STATE","Edouard","Kleinpeter"
"IT-PR-000035888","CIZETA SURGICAL S.r.l.",,,"Active","System/Procedure Pack Producer",,"07139771005",1,"Italy","IT","EU_MEMBER_STATE","info@cizetasurgical.it"," +39 051 462000","www.cizetasurgical.com","76"," Via Caselle",,"40068","San Lazzaro di Savena (BO)","Italy","IT","EU_MEMBER_STATE",,
"ES-MF-000008633","i+Med S.Coop.","i+Med",,"Active","Manufacturer",,"ESF01524438",4,"Spain","ES","EU_MEMBER_STATE","imasmed@imasmed.com","+34 945 56 11 34","https://imasmed.com/","6","Parque Tecnológico de Álava, C/Hermanos Elhuyar",,"01510","Vitoria-Gasteiz","Spain","ES","EU_MEMBER_STATE","Laura","Gómez"
"PL-MF-000003837","KinesisMed Sp. z o.o.","KinesisMed",,"Active","Manufacturer",,"PL5170414625",1,"Poland","PL","EU_MEMBER_STATE","michalski.m78@gmail.com","+48 608116050","www.kinesismed.pl","138B","Trzciana",,"36-071","Trzciana","Poland","PL","EU_MEMBER_STATE","Maciej","Michalski"
"ES-MF-000050472","SNAID TECHNOLOGIES SL.","SNAID",,"Active","Manufacturer",,"B75259754",2,"Spain","ES","EU_MEMBER_STATE","info@snaidtech.com","+34607810570","WWW.SNAIDTECH.COM","7","Calle Ambar","29004","29004","Malaga","Spain","ES","EU_MEMBER_STATE","Juan Carlos","Serrano Merinas"
"RO-MF-000034091","I.D.G. PARTNERS INV S.R.L.","IDG",,"Active","Manufacturer",,"RO 38040010",1,"Romania","RO","EU_MEMBER_STATE","daniel.agapie@lineaminerals.ro","+40723528602","www.lineaminerals.ro","1A","SAMUIL MICU","N/A","400014","CLUJ-NAPOCA","Romania","RO","EU_MEMBER_STATE","DANIEL","AGAPIE"
"AT-AR-000052925","Neurodata Handels-GmbH","Neurodata GmbH",,"Active","Authorised Representative",,"ATU15043708",1,"Austria","AT","EU_MEMBER_STATE","office@neurodata.at","+436644526622","www.neurodata.at","24","Schulzgasse",,"1230","Vienna","Austria","AT","EU_MEMBER_STATE","Herbert","Schachinger"
"DE-MF-000015001","KL medical GmbH","KL medical","2025-05-01T00:00:00","Inactive","Manufacturer",,"DE 814976606",3,"Germany","DE","EU_MEMBER_STATE","info@kl-medical.de","02599-50195-0","www.kl-medical.de","24","Lindenstraße",,"59387","Ascheberg-Herbern","Germany","DE","EU_MEMBER_STATE","Joachim","Raguse"
"CN-MF-000042268","Bi-trumed Biotech Co., Ltd.",,,"Active","Manufacturer",,"91330481MA7DPWG070",1,"China","CN","NON_EU","info@bitrumed.com.cn",,,,"Building D, 39 Shuangli Street，",,"314400","Jiaxing","China","CN","NON_EU","Yan","Zhang"
"DE-MF-000038456","Siemens Healthineers AG",,,"Active","Manufacturer",,"DE315879502",14,"Germany","DE","EU_MEMBER_STATE","contact@siemens-healthineers.com",,"https://www.siemens-healthineers.com","3","Siemensstr.",,"91301","Forchheim","Germany","DE","EU_MEMBER_STATE","Michael","Hecker"
"DE-MF-000005039","Siemens Healthcare Diagnostics Products GmbH",,,"Active","Manufacturer",,"DE812104065",7,"Germany","DE","EU_MEMBER_STATE","contact@siemens-healthineers.com",,"www.siemens-healthineers.com","76","Emil-von-Behring-Str.",,"35041","Marburg","Germany","DE","EU_MEMBER_STATE","Nils","Neuman"
"FR-AR-000000825","Advanced Medical Solutions (France) SAS",,,"Active","Authorised Representative",,"FR33444018477",4,"France","FR","EU_MEMBER_STATE","peters@peters-surgical.com","+33148106262",,"1","COURS DE L'ILE SEGUIN",,"92100","BOULOGNE BILLANCOURT","France","FR","EU_MEMBER_STATE","Marjorie","ROUGIER"
"DE-AR-000011241","Siemens Healthcare GmbH",,,"Active","Authorised Representative",,"DE815546023",18,"Germany","DE","EU_MEMBER_STATE","contact@siemens-healthineers.com",,"https://www.siemens-healthineers.com","127","Henkestr.",,"91052","Erlangen","Germany","DE","EU_MEMBER_STATE","Sebastian","Bartel"
"TR-IM-000026677","Tek Metal Sanayi ve Ticaret A.Ş. - IM",,,"Active","Importer",,"8330522144",1,"Türkiye","TR","EU_EXTENDED","gsubasi@tekmetal.net",,"https://www.tekmetal.net/",,"İkitelli Osb Mh.",,"34490","İstanbul","Türkiye","TR","EU_EXTENDED",,
"NL-MF-000045948","Augmedit B.V.",,,"Active","Manufacturer",,"NL 8593.90.603.B01",1,"Netherlands","NL","EU_MEMBER_STATE","info@augmedit.com","+31 617 1010 94","www.augmedit.com","15","Galerij",,"1411 LH","Naarden","Netherlands","NL","EU_MEMBER_STATE","Bryan","Bhoelai"
"IE-AR-000009328","DePuy Ireland UC",,,"Active","Authorised Representative",,,8,"Ireland","IE","EU_MEMBER_STATE","EUDAMED_Enquiries@its.jnj.com","+353 (0)21 4914000","www.jnj.com",,"Loughbeg",,"P43ED82","Ringaskiddy, Co. Cork","Ireland","IE","EU_MEMBER_STATE","Aoife","Walsh"
"PL-MF-000050397","Destlo Karol Cymerman","Destlo",,"Active","Manufacturer",,"9532274234",1,"Poland","PL","EU_MEMBER_STATE","destlo@wp.pl","+48795000585","www.destlo.com","22","Dworcowa",,"86-011","Wtelno ","Poland","PL","EU_MEMBER_STATE","Marek ","Busiak"
"CY-AR-000031627","I.S. Med Dev Compliance Ltd","MDRC",,"Active","Authorised Representative",,,1,"Cyprus","CY","EU_MEMBER_STATE","info@mdrc-consulting.com",,,"1","Souliou str.",,"2018","Nicoasia","Cyprus","CY","EU_MEMBER_STATE","Igor","Shchemelinin"
"CN-MF-000027330","Beijing QS Medical Technology Co., Ltd.",,,"Active","Manufacturer",,,1,"China","CN","NON_EU","gaoyabing@quinovare.com",,,,"Building 5,No.11 Kechuang 14th Street,Economic Technological Development Area",,"100176","Beijing","China","CN","NON_EU","yabing","gao"
"CN-MF-000055911","DONGGUAN CITY RISEN MEDICAL PRODUCTS CO., LTD",,,"Active","Manufacturer",,,1,"China","CN","NON_EU","info@risenmedical.com",,,,"No.7 Chuangye Industrial Park, Jianshazhou",,"523062","Dongguan, Guangdong","China","CN","NON_EU","Lotus","Wang"
"US-MF-000013823","Crown Aesthetics",,,"Active","Manufacturer",,"NL8262.02.925.B01",2,"United States","US","NON_EU","mfogartie@crownlaboratories.com","+1 888 372 3982","www.crownaesthetics.com",,"207 Mockingbird Lane",,"37604","Johnson City","United States","US","NON_EU","Marie","Fogartie"
"BR-PR-000013795","WEM Equipamentos Eletrônicos Ltda.",,,"Active","System/Procedure Pack Producer",,,1,"Brazil","BR","NON_EU","rs.eudamedinquiries@medtronic.com",,,"550","Rua Marechal Mascarenhas  ",,"Riberião Preto","São Paulo","Brazil","BR","NON_EU",,
"CN-MF-000013446","Tianjin Conboer Gene Technology Co., Ltd",,,"Active","Manufacturer",,,1,"China","CN","NON_EU","niurui24@outlook.com",,,"B5-6,Rongtong Building","No. 80 Haiyun Street",,"300457","Tianjin","China","CN","NON_EU","Rui","Niu"
"DE-AR-000006232","ALTATEC GmbH","ALTATEC GmbH",,"Active","Authorised Representative",,"DE147803270",1,"Germany","DE","EU_MEMBER_STATE","raphael.brausch@altatec.de","+4970449445311","www.altatec.de","5","Maybachstr. 5",,"71299","Wimsheim","Germany","DE","EU_MEMBER_STATE","Raphael","Brausch"
"IT-MF-000013309","MONTEFARMACO OTC SPA","MONTEFARMACO",,"Active","Manufacturer",,"12305380151",1,"Italy","IT","EU_MEMBER_STATE","regolatorio@montefarmaco.it",,,"92","VIA IV NOVEMBRE","20021","20021","BOLLATE","Italy","IT","EU_MEMBER_STATE","STEFANO","COLOMBO"
"DK-MF-000001217","3Shape A/S",,"2023-08-24T00:00:00","Active","Manufacturer",,"1007789722",4,"Denmark","DK","EU_MEMBER_STATE","regulatory@3shape.com","+45 70 27 26 20","https://www.3shape.com","7","Holmens Kanal ",,"1060","Copenhagen K","Denmark","DK","EU_MEMBER_STATE","Antje ","Marquardsen"
"PK-MF-000043969","S. JEE ENTERPRISES",,,"Active","Manufacturer",,,1,"Pakistan","PK","NON_EU","info@sjhollowware.com","+92 333 9619698 ","www.sjhollowware.com ",,"Jinnah Road, Kharota Syedan, ",,"51310","Sialkot","Pakistan","PK","NON_EU","Mukhtar Hussain ","Shah"
"DE-MF-000024821","JTC Diagnosemittel GmbH","JTC",,"Active","Manufacturer",,"DE273871096",1,"Germany","DE","EU_MEMBER_STATE","thomas.nolte@jtc-diagnostics.de","+4956359929346","www.jtc-diagnostics.de","7","Schulweg ",,"34516","Vöhl","Germany","DE","EU_MEMBER_STATE","Michael","Dörffler"
"CN-MF-000012608","Resvent Medical Technology Co., Ltd.",,,"Active","Manufacturer",,,4,"China","CN","NON_EU","info@resvent.com","+86 755-23027370","www.resvent.com",,"BC601, Gaoxinqi Factory, District 67, Xingdong Community, Xin'an Street, Bao'an District, 518100 Shenzhen, PEOPLE'S REPUBLIC OF CHINA",,"518100","Shenzhen","China","CN","NON_EU","Harry","Wang"
"CN-MF-000044695","Shenzhen Ulike Smart Electronics Co., Ltd.",,,"Active","Manufacturer",,,1,"China","CN","NON_EU","daixue@ulike.com",,,"810, Building 1, Xunmei Science and Technology Plaza, No. 8 ","Keyuan Road",,"518000","Shenzhen","China","CN","NON_EU","Lei","Zhang"
"AU-MF-000037218","cardiovasc.tech Pty. Ltd","c.tech",,"Active","Manufacturer",,,1,"Australia","AU","NON_EU","aby@cardiovasc.tech",,,,,,"5042","Adelaide, South Australia ","Australia","AU","NON_EU","Aby ","Jose"
"DE-MF-000026030","B·R·A·H·M·S GmbH",,,"Active","Manufacturer",,"DE161749427",4,"Germany","DE","EU_MEMBER_STATE","DEHENRegulatoryAffairs@thermo.com",,,"25","Neuendorfstrasse",,"16761","Hennigsdorf","Germany","DE","EU_MEMBER_STATE","Elli","Neu"
"HU-MF-000006381","SUBAN Kéziműszer Hungary Zártkörűen Működő Részvénytársaság","SUBAN Kéziműszer Hungary Zrt.",,"Active","Manufacturer",,"HU11622453",3,"Hungary","HU","EU_MEMBER_STATE","nagy.peter@suban.hu",,"https://www.suban-instruments.hu/","98","Füredi út",,"4032","Debrecen","Hungary","HU","EU_MEMBER_STATE","Péter","Nagy"
"IT-MF-000051528","Permobil Progeo Active Design S.r.l",,,"Active","Manufacturer",,"IT10246110968",1,"Italy","IT","EU_MEMBER_STATE","Customer_support_it@permobil.com","+39 0422 484657","www.permobil.com","5","Vicolo Luigi Negrelli",,"31038","Castagnole di Paese","Italy","IT","EU_MEMBER_STATE","Giulia","Guidolin"
"PL-MF-000046928","MTS International Group Sp. z O. O.","MTS IG",,"Active","Manufacturer",,"PL8133838060",1,"Poland","PL","EU_MEMBER_STATE","info@mtsinternationalgroup.pl","+48799092941","www.mtsinternationalgroup.pl","5","Trembeckiego",,"35-234","Rzeszów","Poland","PL","EU_MEMBER_STATE","Adrian","Henzel"
"LV-IM-000054543","AstraMed Ltd.",,,"Active","Importer",,"LV40003601910",1,"Latvia","LV","EU_MEMBER_STATE","info@astra-med.eu","+371 61302400","astra-med.eu","55","Saulrieta krastmala","LV-1063","LV-1063","Riga","Latvia","LV","EU_MEMBER_STATE",,
"CN-MF-000052899","FOSHAN SCIENCE MEDICAL TECHNOLOGY CO., LTD.",,,"Active","Manufacturer",,,1,"China","CN","NON_EU","sales@hksciencemed.com",,,,"No. 5 Hongtu Road,  Songxia Industrial Park, Songgang, Shishan Town, Nanhai District",,"528234				","Foshan City, Guangdong Province","China","CN","NON_EU","CHUN","ZHOU"
"UK-MF-000045146","Talley Group Ltd.","Talley Group Ltd.",,"Active","Manufacturer",,,1,"United Kingdom (ex Northern Ireland)","UK","NON_EU","rmacdonald@talleygroup.com",,,"23"," premier way",,"SO519DQ","Romsey","United Kingdom (ex Northern Ireland)","UK","NON_EU","Robert","Macdonald"
"IT-MF-000027666","Ivory Srl","Ivory",,"Active","Manufacturer",,"IT09125470964",1,"Italy","IT","EU_MEMBER_STATE","purchase@ivory-dent.com","0721955275","www.ivory-dent.com","7","Via Larga",,"20122","Milano","Italy","IT","EU_MEMBER_STATE","Luca","Riccardi"
"FR-MF-000011267","MINIMA SAS","MINIMA",,"Active","Manufacturer",,"FR45317037430",1,"France","FR","EU_MEMBER_STATE","qualite@minima.fr","+33169010303","www.minima.fr","4","AVENUE LOUIS DELAGE",,"91310","LINAS","France","FR","EU_MEMBER_STATE","Julien","DELAME"
"PL-MF-000009264","Przedsiębiorstwo Produkcji Farmaceutycznej Hasco - Lek S.A.","PPF Hasco - Lek S.A.",,"Active","Manufacturer",,"895-17-29-489",1,"Poland","PL","EU_MEMBER_STATE","rejestracja-warszawa@hasco-lek.pl",,"www.hasco-lek.pl  ","242 E","Żmigrodzka",,"51 - 131","Wrocław","Poland","PL","EU_MEMBER_STATE","Katarzyna","Gałecka"
"AU-MF-000010522","Saluda Medical Pty Ltd",,,"Active","Manufacturer",,,6,"Australia","AU","NON_EU","Terra.Kissel@saludamedical.com",,"www.saludamedical.com","5","Eden Park Drive",,"2113","Macquarie Park","Australia","AU","NON_EU","John","Daley"
"CA-MF-000007738","Batrik Medical Manufacturing Inc.",,,"Active","Manufacturer",,,4,"Canada","CA","NON_EU","info@surgmed.com","+1 514 631 7988","www.surgmed.com","2165","46th Ave.",,"H8T2P1","Lachine","Canada","CA","NON_EU","Suzy","Bairos"
"PT-IM-000039291","BATIST MEDICAL PORTUGAL, UNIPESSOAL, LDA",,,"Active","Importer",,"508592909",1,"Portugal","PT","EU_MEMBER_STATE","geral@batist.com","933032604","https://www.batist.com/en/home/","1491","Rua de Cidres",,"4455-442","Perafita","Portugal","PT","EU_MEMBER_STATE",,
"IT-IM-000034464","GIMA SPA","GIMA SPA",,"Active","Importer",,"IT00734640154",1,"Italy","IT","EU_MEMBER_STATE","FIORENZAM@GIMAITALY.COM","+32029538541","WWW.GIMAITALY.COM","2","via T Grossi",,"20121","milano","Italy","IT","EU_MEMBER_STATE",,
"CN-MF-000020034","Nanjing Superstar Medical Equipment Co., Ltd.",,,"Active","Manufacturer",,"913201166673974138",3,"China","CN","NON_EU","mountain0109@outlook.com",,,"No.85 ","No.85 Shidai Avenue, Longchi Street, Luhe District",,"211500","Nanjing","China","CN","NON_EU","Mei","Wang"
"NL-MF-000001691","SHIELD Scientific B.V.",,,"Active","Manufacturer",,"NL817924231B01",2,"Netherlands","NL","EU_MEMBER_STATE","info@shieldscientific.com","+31 (0)317 700 202","www.shieldscientific.com","1-B","Costerweg ",,"6702 AA","Wageningen","Netherlands","NL","EU_MEMBER_STATE","Iris","Roelofs"
"US-PR-000028308","iRhythm Technologies, Inc.",,,"Active","System/Procedure Pack Producer",,,1,"United States","US","NON_EU","regulatory@irhythmtech.com",,,"699","8TH ST STE 600","94103","94103","San Francisco","United States","US","NON_EU",,
"CN-MF-000053094","CMEOS Medical Sci & Tech (Wuxi) Co., Ltd.",,,"Active","Manufacturer",,,1,"China","CN","NON_EU","sales@cmeos.com","+86 - (0)510 6666 0920",,,"3/F, Building A, No. 299 Dacheng Road, Houqiao Sub-district, Xishan District",,"214000","Wuxi","China","CN","NON_EU","Grace","Chen"
"CN-MF-000002187","Shaoxing Undis Medical Technology Co., Ltd",,,"Active","Manufacturer",,"91330600055501283D",1,"China","CN","NON_EU","sales@undis.cn",,,,"Binhai New Area",,"312266","ShaoXing, Zhejiang","China","CN","NON_EU","Xiaojian","Zeng"
"TR-MF-000030153","İstanbul Kozmetik Laboratuarı Sanayi ve Ticaret Limited Şirketi","İstanbul Kozmetik Laboratuarı",,"Active","Manufacturer",,"4810026614",3,"Türkiye","TR","EU_EXTENDED","info@istanbulkoz.com.tr","+90 216 574 24 60",,"44","Kartal ",,"34758","Istanbul ","Türkiye","TR","EU_EXTENDED","Sevgi","Sözügeçer"
"ES-MF-000002317","SH MEDICAL SALUD Y SERVICIOS IBERICA S.L.",,,"Active","Manufacturer",,"B65083016",1,"Spain","ES","EU_MEMBER_STATE","calidad.shmi@shmedical.net","+34 934 60 79 20","www.shmedical.net","30, 7ª PLANTA","PASEO DE LAS DELICIAS",,"28045","MADRID","Spain","ES","EU_MEMBER_STATE","Pilar","Werner Moscardó"
"IT-MF-000033273","VIKTOR S.r.l.","VIKTOR S.r.l.",,"Active","Manufacturer",,"09040940968",1,"Italy","IT","EU_MEMBER_STATE","info@viktor.physio",,"https://www.viktor.physio/","1","Galleria del Corso",,"20122","Milano","Italy","IT","EU_MEMBER_STATE","Guido","Gabbrielli"
"CN-MF-000007105","Danyang Lingxian Medical Products Co.,Ltd.",,,"Active","Manufacturer",,,1,"China","CN","NON_EU","sales@dylxys.com",,,"No.99","Danfu Road, Situ Town ,Danyang City, Jiangsu Province",,"212331","Danyang","China","CN","NON_EU","Jiaxiu","Zang"
"IT-MF-000021996","DENTAL COLOR SNC DI ZANIN ROBERTO E C",,,"Active","Manufacturer",,"04411680236",1,"Italy","IT","EU_MEMBER_STATE","dentalcolor@hotmail.it",,,"3","VIA ALBERTO STRINGA ",,"37131","VERONA","Italy","IT","EU_MEMBER_STATE","FABRIZIO","GALLIAN"
"DE-MF-000007207","WILAmed GmbH",,,"Active","Manufacturer",,"DE201338959",5,"Germany","DE","EU_MEMBER_STATE","info@wilamed.com","+4991789969990","www.wilamed.com","5-7","Aurachhöhe",,"91126","Kammerstein","Germany","DE","EU_MEMBER_STATE","Miriam","Klinger"
"AE-MF-000029409","Medysinal FZCO","MEDYSINAL",,"Active","Manufacturer",,"100355753300003",1,"United Arab Emirates","AE","NON_EU","info@medysinal.com","+97148839458","www.medysinal.com",,"PO Box - 17359, PBU-HA 03-04, Jebel Ali Free Zone, Dubai, United Arab Emirates","17359","0000","Jebel Ali Free Zone, Dubai","United Arab Emirates","AE","NON_EU","Samy","Youssef"
"PL-MF-000010582","Comarch Healthcare S.A.",,,"Active","Manufacturer",,"6751382502",1,"Poland","PL","EU_MEMBER_STATE","malgorzata.saklak@comarch.pl","+48 660 464 241","https://www.comarch.com/healthcare/","39A","Al. Jana Pawła II",,"31-864","Kraków","Poland","PL","EU_MEMBER_STATE","Irmina","Serafin"
"NL-MF-000025525","Piedro International BV","Piedro",,"Active","Manufacturer",,"NL003220801B01",1,"Netherlands","NL","EU_MEMBER_STATE","klantenservice.nl@piedro.nl","+31105215211","www.piedro.com","1195","Grote Esch ",,"2841 MJ","Moordrecht","Netherlands","NL","EU_MEMBER_STATE","Bertine","Veenhuizen"
"BE-MF-000049765","Moments Furniture nv",,,"Active","Manufacturer",,"BE0423530605",1,"Belgium","BE","EU_MEMBER_STATE","info@momentsfurniture.com"," +32 51 489258","https://www.momentsfurniture.com/en","2","Deefakkerstraat",,"8770","Ingelmunster","Belgium","BE","EU_MEMBER_STATE","Joren","De Temmerman"
"US-MF-000021683","Henry Schein Inc.","HSI",,"Active","Manufacturer",,,1,"United States","US","NON_EU","CBRegulatory@henryschein.com",,"https://henryschein-dental.de ","135","Duryea Road",,"NY 11747","Melville","United States","US","NON_EU","Tracey ","Alexander"
"PK-MF-000059308","PREMIER IMPEX","-",,"Active","Manufacturer",,"-",1,"Pakistan","PK","NON_EU","Info@premierimpex.net","+923216180405","www.premierimpex.net",,"Kotli Behram, Street Mushtaq Bhalli, New Muslim Town,",,"51310","Sialkot","Pakistan","PK","NON_EU","Hanan ","Siddique"
"IN-MF-000010584","DEVON INNOVATIONS PRIVATE LIMITED","DEVON ",,"Active","Manufacturer",,,1,"India","IN","NON_EU","srinivas@devoncath.com","080-28522367","www.devoncath.com","Hosur  Road","No:27A,Near State Bank of India,Electronic city Phase-I",,"560100","Bangalore","India","IN","NON_EU","Srinivas","D"
"FR-MF-000032113","COMPAGNIE MARITIME D'EXPERTISES","COMEX",,"Active","Manufacturer",,"FR21062802459",2,"France","FR","EU_MEMBER_STATE","qualite@comex.fr","+33698311195","https://comex.fr","36","Boulevard de l'Océan",,"13009","Marseille","France","FR","EU_MEMBER_STATE","Philippe","EMERY"
"CN-MF-000013924","Henan Tuoren Medical Device Co., Ltd",,,"Active","Manufacturer",,"914107281734449880",7,"China","CN","NON_EU","info@bjtuoren.com",,,,"Weiyuan Industrial Zone, Menggang, Changyuan ",,"453400","Henan ","China","CN","NON_EU","Bin","Yu"
"RU-MF-000021487","RESEARCH CENTER BIOFORM, LLC","RC BIOFORM, LLC",,"Active","Manufacturer",,"7751524924",2,"Russia","RU","NON_EU","info@bioform.ru","+74997071761","https://www.bioform.ru/","Kominterna str 7","intracity territory of the federal city, Babushkinsky municipality",,"129327","Moscow","Russia","RU","NON_EU","Julia","Melentyeva"
"SE-MF-000000734","Kronosept AB",,,"Active","Manufacturer",,"SE556050903501",1,"Sweden","SE","EU_MEMBER_STATE","henry.emond@kronosept.se","+46 413 17015","www.kronosept.se",,,"223","241 23","Eslöv","Sweden","SE","EU_MEMBER_STATE","Henry","Emond"
"CN-MF-000002349","HUBEI XIANMENG HEALTH PROTECTION COMMODITY CO., LTD",,,"Active","Manufacturer",,,2,"China","CN","NON_EU","doris@xianmengmedical.com",,,,"INDUSTRIAL 1st ROAD, CHENCHANG TOWN,",,"433000","XIANTAO CITY, HUBEI PROVINCE","China","CN","NON_EU","Doris","Wang"
"NO-IM-000054687","MEDISINKOMPANIET AS",,,"Active","Importer",,"925099031",1,"Norway","NO","EU_EXTENDED","arvid@protesekompaniet.no","+4797526565","www.protesekompaniet.no","42","Jupiter Ring ",,"3942","PORSGRUNN","Norway","NO","EU_EXTENDED",,
"JP-MF-000013422","Nitto Denko Corporation","Nitto",,"Active","Manufacturer",,,2,"Japan","JP","NON_EU","gr-zz-nitto-mdqms@nitto.com",,,"101","Sunada, Shimonome, Iwadeyama",,"989-6493","Osaki, Miyagi","Japan","JP","NON_EU","Yuji","Kawaharada"
"US-MF-000019977","Medtronic, Inc.",,,"Active","Manufacturer",,,27,"United States","US","NON_EU","rs.eudamedinquiries@medtronic.com",,,"710","Medtronic Parkway",,"MN 55432","Minneapolis","United States","US","NON_EU","Sharon","Fahy"
"CN-MF-000052464","Cida (Guangzhou) Biotechnology Co., Ltd.",,,"Active","Manufacturer",,,1,"China","CN","NON_EU","zengjia@cidabio.com","+86 13054412853",,"No. 18","No. 18 Lianpu",,"510700","Guangzhou City","China","CN","NON_EU","Jiancheng","Luo"
"IT-MF-000007396","Menny Medical",,,"Active","Manufacturer",,"03366790362",1,"Italy","IT","EU_MEMBER_STATE","franco.menarini@gmail.com",,,"79","via XXV luglio",,"41037","Mirandola","Italy","IT","EU_MEMBER_STATE","Chiara","Menarini"
"DE-AR-000043553","Siramo GmbH",,,"Active","Authorised Representative",,"DE367742454 ",1,"Germany","DE","EU_MEMBER_STATE","andreas.konieczny@siramo.de","+4915168513320","www.siramo.de","3","Veilchenweg",,"50999","Köln","Germany","DE","EU_MEMBER_STATE","Andreas","Konieczny"
"IT-MF-000010414","Newmed srl",,,"Active","Manufacturer",,"02113260356",3,"Italy","IT","EU_MEMBER_STATE","newmed.info@midmark.com","+39 0522 875 166","https://www.newmedsrl.com/","79/A","Via Lenin",,"42020","Quattro Castella","Italy","IT","EU_MEMBER_STATE","Antonio","Valdessalici"
"DE-MF-000005862","MTG GmbH","Medizinisch-Technische Gerätebau GmbH",,"Active","Manufacturer",,"DE138264468",3,"Germany","DE","EU_MEMBER_STATE","info@mtg-gmbh.de","+49 6897 8026","www.mtg-gmbh.de","8-10","Zur Seilscheibe",,"66280","Sulzbach","Germany","DE","EU_MEMBER_STATE","Alexander","Bollmann"
"US-MF-000026109","Terumo Medical Corporation ","TMC","2024-01-05T00:00:00","Active","Manufacturer",,,4,"United States","US","NON_EU","tmccustomer.admin@terumomedical.com","+011.800.888.3786","www.terumomedical.com","950","Elkton Boulevard",,"21921","Elkton","United States","US","NON_EU","Kimberly","Feitl"
"DE-MF-000042551","Calluna Tec GmbH",,,"Active","Manufacturer",,"DE 363951248",3,"Germany","DE","EU_MEMBER_STATE","info@callunatec.de",,"www.callunatec.de","12","Lüner Rennbahn",,"21339","Lüneburg","Germany","DE","EU_MEMBER_STATE","Harald","Melchior"
"CN-MF-000037488","GUANGZHOU MEDSOFT SYSTEM LTD.",,,"Active","Manufacturer",,,1,"China","CN","NON_EU","snail.lin@medsoftsys.com","+86 13560042738"," www.medsoftsys.com","No.1"," Room 201, Block C, Nanxiang Branch Road, Huangpu District",," 510663","Guangzhou","China","CN","NON_EU","Xue yi ","Li  "
"NL-MF-000034846","Groener Special Products B.V.","GSP",,"Active","Manufacturer",,"NL854031765B01",1,"Netherlands","NL","EU_MEMBER_STATE","info@groenersp.nl","+31541350629","www.groenersp.nl","10","Hanzeweg",,"7591 BK","Denekamp","Netherlands","NL","EU_MEMBER_STATE","Peter","Groener"
"DE-MF-000016548","MetaSystems Hard & Software GmbH",,,"Active","Manufacturer",,"DE143449719",6,"Germany","DE","EU_MEMBER_STATE","info@metasystems-international.com","+49 6205 39610","www.metasystems-international.com","6","Robert-Bosch-Strasse",,"68804","Altlussheim","Germany","DE","EU_MEMBER_STATE","Frank","Wohkittel"
"CN-MF-000041021","Bei Jing HeLiKang prosthetics Co.,Ltd",,,"Active","Manufacturer",,,1,"China","CN","NON_EU","794888005@qq.com",,,,"138-280, 1st Floor, Building 9, Zone 1, Lvgang Jiayuan, Shunyi District",,"101399","Beijing ","China","CN","NON_EU","Yaning","Zhu"
"NL-IM-000005883","Algold dental","Algold",,"Active","Importer",,"NL001492464B69",3,"Netherlands","NL","EU_MEMBER_STATE","info@algold.nl","+31 653333527","www.algold.nl","20","Laan der Verenigde Naties",,"3844 AG","Harderwijk","Netherlands","NL","EU_MEMBER_STATE",,
"IT-MF-000030217","REVERBERI CORPORATION SRL","REVERBERI SRL",,"Active","Manufacturer",,"01363800358",2,"Italy","IT","EU_MEMBER_STATE","reverbericorporation@reverberisrl.com","00390522875195","www.reverberisrl.com","6","VIA DON LUIGI STURZO ",,"42021","Bibbiano (RE)","Italy","IT","EU_MEMBER_STATE","FABRIZIO","ROSSI"
"EL-IM-000051767","PAPANIKOLAOU CHRISTOS & SIA EE",,,"Active","Importer",,"EL999824007",2,"Greece","EL","EU_MEMBER_STATE","info@optohellas.com",,,,"2 KM KATERINIS ELASSONAS","60150","60150","KATERINI","Greece","EL","EU_MEMBER_STATE",,
"FR-MF-000057585","AXENTISS",,,"Active","Manufacturer",,"FR35920141264",1,"France","FR","EU_MEMBER_STATE","contact@axentiss.com","+33523531543","https://www.axentiss.com","19","rue Guillaume Ibos",,"31200","TOULOUSE","France","FR","EU_MEMBER_STATE","SANDY","TREVISAN"
"CN-MF-000008973","Shenzhen Landwind Health Science And Technology Co., Ltd.","Landwind Health",,"Active","Manufacturer",,"DE321235983",2,"China","CN","NON_EU","overseas@landwind.com.cn",,,"301, Block B15, Life Science Park, 140 Jinye Avenue,","Sanxi Community,Kuichong Street,Dapeng New District,",,"518000","Shenzhen,Guangdong","China","CN","NON_EU","Shuping","Mao"
"FR-MF-000007564","DIABELOOP SA",,,"Active","Manufacturer",,"FR04810416438",8,"France","FR","EU_MEMBER_STATE","contact@diabeloop.fr",,"www.diabeloop.fr","17","rue Félix Esclangon",,"38000","Grenoble","France","FR","EU_MEMBER_STATE","Sonia","FRECHOU"
"FR-MF-000045956","MY FAMILY UP","MFU",,"Active","Manufacturer",,"FR26803748730",1,"France","FR","EU_MEMBER_STATE","contact@myfamilyup.com","+33532093575","www.myfamilyup.com","8","rue bouquière",,"31000","Toulouse","France","FR","EU_MEMBER_STATE","Jérôme","bertrand"
"CN-MF-000045974","TaiZhou RunJin Medical Treatment Articles Co.,LTD",,,"Active","Manufacturer",,,1,"China","CN","NON_EU","aijiehe@126.com",,,"No.21","5th Ring Road, Diduo Town",," 225732","Xinghua","China","CN","NON_EU","Aijie","He"
"GR-IM-000029213","SADENT Α.Ε.Β.Ε.",,,"Active","Importer",,"EL094134087",1,"Greece","EL","EU_MEMBER_STATE","info@sadent.com","+302111022900","www.sadent.com",,"1st km Peania Markopoulo ave",,"19002","Peania","Greece","EL","EU_MEMBER_STATE",,
"DE-AR-000057085","Gebrüder Conzelmann","Conta","2026-07-08T00:00:00","Inactive","Authorised Representative",,,2,"Germany","DE","EU_MEMBER_STATE","mmerkler@conta.de","+49 7432 9795 0","www.conta.de ","60","Untere Bachstrasse",,"72461","Albstadt","Germany","DE","EU_MEMBER_STATE","Simone","Langenhan"
"AT-MF-000018341","MSP Medizintechnik GmbH",,"2025-06-26T00:00:00","Inactive","Manufacturer",,"ATU53364602",3,"Austria","AT","EU_MEMBER_STATE","info@hso-solutions.at",,"www.hso-solutions.at","16","Würtzlerstraße",,"1030","Wien","Austria","AT","EU_MEMBER_STATE","Katharina","Kopa"
"IT-IM-000033313","Spencer Italia s.r.l.","Spencer Italia s.r.l.",,"Active","Importer",,"01633870348",1,"Italy","IT","EU_MEMBER_STATE","l.albano@spencer.it","+390521541111","spencer.it","12","Via Provinciale",,"43038","Sala Baganza - Parma","Italy","IT","EU_MEMBER_STATE",,
"CH-MF-000010325","Högg Liftsysteme AG","Högg Liftsysteme","2026-01-01T00:00:00","Inactive","Manufacturer",,,2,"Switzerland","CH","NON_EU","info@hoegglift.ch",,"www.hoegglift.ch","137","Wilerstrasse",,"9620","Lichtensteig","Switzerland","CH","NON_EU","Patrick ","Gutknecht"
"CN-MF-000028787","Sinol Dental Limited",,,"Active","Manufacturer",,,4,"China","CN","NON_EU","zhaolj@sinol.cn",,,"No.3","No.3 Biyuan Road","zhaolj@sinol.cn","712000","Xianyang, Shaanxi","China","CN","NON_EU","Geng","Tian"
"CZ-IM-000003665","Henry Schein s.r.o.",,,"Active","Importer",,"CZ05324271",1,"Czechia","CZ","EU_MEMBER_STATE","obchod@henryschein.cz",,,"24","Černokostelecká",,"100 00 ","Praha 10","Czechia","CZ","EU_MEMBER_STATE",,
"JP-MF-000004195","Ohira Co.,Ltd.",,,"Active","Manufacturer",,,1,"Japan","JP","NON_EU","kohira@beige.ocn.ne.jp","+81 25 775 3891","http://www.ohira.co.jp","629-961","Niiborishinden",,"949-7135","Minamiuonuma-shi, Niigata-ken","Japan","JP","NON_EU","Akira","Ikeda"
"CN-MF-000013104","Fujian Chenrun Biotechnology Co. , Ltd.","Fujian Chenrun ",,"Active","Manufacturer",,,1,"China","CN","NON_EU","1076824028@qq.com","+86-18059432021",,,"Zhangwan, Dong qiao Industrial Zone, Dongqiao Economic Development District",,"352000","Ning De City","China","CN","NON_EU","Fu Shan","MI"
"TR-IM-000056173","MONO DENTAL-ÇETİN CİHAN",,,"Active","Importer",,"2090359032",1,"Türkiye","TR","EU_EXTENDED","acetincihan@gmail.com","+90 532 509 40 48",,,"Dış Kapı No:14/ İç Kapı No:A FATİH",,"34104","İSTANBUL","Türkiye","TR","EU_EXTENDED",,
"DE-MF-000038894","Cogthera GmbH",,,"Active","Manufacturer",,"DE352514608",2,"Germany","DE","EU_MEMBER_STATE","info@cogthera.de",,"www.cogthera.de","28","Goethestraße",,"80336","Munich","Germany","DE","EU_MEMBER_STATE","Peter","Glas"
"HU-IM-000023745","Analitikai és Orvosi Műszerkereskedelmi Korlátolt Felelősségű Társaság","Anamed Kft.",,"Active","Importer",,"HU10737956",3,"Hungary","HU","EU_MEMBER_STATE","posta@anamed.hu","+3612209236","https://anamed.hu/","29.","Kőszeg",,"1144","Budapest","Hungary","HU","EU_MEMBER_STATE",,
"DE-MF-000005592","REDA Instrumente GmbH","REDA",,"Active","Manufacturer",,"DE142929679",2,"Germany","DE","EU_MEMBER_STATE","thomas.benas@reda-instrumente.de",,"www.reda-instrument.de","34","Gänsäcker","131","78532","Tuttlingen","Germany","DE","EU_MEMBER_STATE","Thomas","Benas"
"US-MF-000011651","Joylux, Inc.",,,"Active","Manufacturer",,,1,"United States","US","NON_EU","info@joylux.com",,,"1430","34th Ave",,"98122","Seattle, WA","United States","US","NON_EU","Dwayne","Bobbitt"
"XI-MF-000012500","Torax Biosciences Ltd","Torax",,"Active","Manufacturer",,"GB 275836757",1,"Northern Ireland","XI","EU_SPECIAL","lawrence@toraxbiosciences.co.uk","+44 (0)28 9543 0303","https://www.toraxbiosciences.co.uk/","2","Mallusk Drive",,"BT36 4GN","Newtownabbey","Northern Ireland","XI","EU_SPECIAL","Jonathan","Phillips"
"CY-IM-000055980","Z.S. CUREMED LTD","Z.S. CUREMED LTD",,"Active","Importer",,"CY10143899X",1,"Cyprus","CY","EU_MEMBER_STATE","curemed@curemed.com.cy",,,,,,"2035","NICOSIA","Cyprus","CY","EU_MEMBER_STATE",,
"CN-MF-000019105","Shanghai Vanoo Laser Technology Co,Ltd",,,"Active","Manufacturer",,,1,"China","CN","NON_EU","service@vanoo-laser.com",,,"No.8, 499(2/F-C1)","Lane North NuJiang Rd",,"200333","Shanghai","China","CN","NON_EU","Xiaoyin","Yan"
"DE-MF-000006225","IBA Dosimetry GmbH","IBA Dosimetry",,"Active","Manufacturer",,"DE132815519",1,"Germany","DE","EU_MEMBER_STATE","dosimetry-info@iba-group.com","+49 9128 607 0","https://www.iba-dosimetry.com","5","Bahnhofstr.",,"90592","Schwarzenbruck","Germany","DE","EU_MEMBER_STATE","Andreas","Suchi"
"CN-MF-000009840","Xiantao Mylcare Protective Co., Ltd",,,"Active","Manufacturer",,,2,"China","CN","NON_EU","info@mylcare.com",,,,"North Dafu Street,Changtangkou,Xiantao",,"433000","Hubei","China","CN","NON_EU","Tina","Zheng"
"CN-MF-000046798","Suqian Glorimed Medical Products Co.,Ltd",,,"Active","Manufacturer",,,1,"China","CN","NON_EU","xiaoyang@szgrm.com",,,,"No.52, Changjiang Road, Siyang Economic Development Zone, ",,"223700				","Suqian","China","CN","NON_EU","xiaoyang","li"
"FR-MF-000004168","SOCIETE FRANCAISE D'INSTRUMENTS DE CHIRURGIE","SOFIC",,"Active","Manufacturer",,"FR71716720248",4,"France","FR","EU_MEMBER_STATE","info@sofic.com","+33 5 63 97 71 65",,"3","Rue Jean-Jacques Rousseau",,"81200","Aussillon","France","FR","EU_MEMBER_STATE","Cédric","LEBASTARD"
"RO-MF-000002110","S.C. CAMP MEDICA DISTRIBUTION SRL","CMD",,"Active","Manufacturer",,"16768740",1,"Romania","RO","EU_MEMBER_STATE","camp@camp.ro","+40744682899","www.campmedica.ro","29","Stanei",,"041251","Bucuresti","Romania","RO","EU_MEMBER_STATE","Carolina","Constantin"
"CN-MF-000037099","Zhuhai Ecare Electronics Science & Technology Go., Ltd",,,"Active","Manufacturer",,,1,"China","CN","NON_EU","august@shenzhengp.com","0755 8936 6592","no website",,"4F,Building D,288 Airport Road East,Sanzao Town,Jinwan District,Zhuhai",,"519090","Zhuhai","China","CN","NON_EU","Theodor ","Seiler"
"PT-IM-000052260","SV LIFE LLC / Alejandro Alda Sancho",,,"Active","Importer",,,1,"Portugal","PT","EU_MEMBER_STATE","admin@svlife.es",,,"9","Marques de Tomar",,"1050-152","Lisboa","Portugal","PT","EU_MEMBER_STATE",,
"FR-MF-000002424","ADTMed",,,"Active","Manufacturer",,"FR0485213670",3,"France","FR","EU_MEMBER_STATE","a.gille@adtmed.fr",,,"2","route départementale 974",,"21190","Meursault","France","FR","EU_MEMBER_STATE","Adeline","Gille"
"DE-MF-000008095","Q3 Medical Germany GmbH",,,"Active","Manufacturer",,"DE 181 958 536",3,"Germany","DE","EU_MEMBER_STATE","bgondaliya@q3medical.com","+49 4171 6578 171","www.q3medical.com","16","Boschstraße",,"21423","Winsen (Luhe)","Germany","DE","EU_MEMBER_STATE","Bhavik","Gondaliya"
"TR-MF-000044025","GÜMÜŞ MEDİKAL - KENAN GÜMÜŞ","GÜMÜŞ MEDİKAL",,"Active","Manufacturer",,"4240541677",1,"Türkiye","TR","EU_EXTENDED","gumusmedikal@hotmail.com","0542 720 62 32",,,"İstasyon Mh. Cumhuriyet Cd. No:69/5 İLKADIM SAMSUN","55040","55040","samsun","Türkiye","TR","EU_EXTENDED","KENAN","GÜMÜŞ"
"EL-MF-000042129","BODERM ΦΑΡΜΑΚΕΥΤΙΚΗ ΑΝΩΝΥΜΗ ΕΤΑΙΡΕΙΑ","BODERM Α.Ε.",,"Active","Manufacturer",,"999139434",1,"Greece","EL","EU_MEMBER_STATE","gmaria@boderm.com","+30 210 7707595","https://boderm.com/","6","Panou Gavala",,"14565","Athens","Greece","EL","EU_MEMBER_STATE","Maria ","Giannakopoulou"
"TR-MF-000021101","İnnomed Laboratuvar İth. İhr. San. Tic. Ltd. Şti.","İnnomed Laboratuvar",,"Active","Manufacturer",,"4780825654",3,"Türkiye","TR","EU_EXTENDED","arge@innomedlifesci.com","+90 552 752 51 92","www.innomedlifesci.com",,"Alemdağ Caddesi ","34773","34773","İstanbul ","Türkiye","TR","EU_EXTENDED","Sümeyye Sena","Bahriyeli"
"CN-MF-000030247","Zhejiang Safekang Healthy Technology Co., Ltd.","Safekang",,"Active","Manufacturer",,,1,"China","CN","NON_EU","info@safekang.com",,,"5","3-2-160, No.5, Xingbin Road (neighborhood center), Zhongyi Ningbo Eco-garden",,"315400","Yuyao City, Zhejiang Province","China","CN","NON_EU","James","Luo"
"JP-MF-000010849","CREATE MEDIC CO., LTD.","CMC-JC",,"Active","Manufacturer",,,6,"Japan","JP","NON_EU","global-info@createmedic.co.jp",,,"2-5-15 ","8F, Shin-Yokohama Center Building, Shin Yokohama, Kohoku-ku, ",,"222-0033 "," Yokohama Kanagawa","Japan","JP","NON_EU","Nobuo","Nemoto"
"CN-MF-000011449","JIANLI XINDI PROTECTIVE PRODUCTS LTD.",,,"Active","Manufacturer",,,1,"China","CN","NON_EU","sunnyone_65@aliyun.com",,,,"NO.28 JIXIANG ROAD, XINGOU TOWN,",,"433304","JIANLI COUNTY, HUBEI","China","CN","NON_EU","YU","SHI"
"NL-AR-000006890","Cookson Drijfhout BV","Drijfhout",,"Active","Authorised Representative",,"NL809062070B01",1,"Netherlands","NL","EU_MEMBER_STATE","chris.kuscher@drijfhoutnl.com","0620955946","www.drijfhoutnl.com","Keienbergweg","12",,"1101 GB","Amsterdam","Netherlands","NL","EU_MEMBER_STATE","Chris","Kuscher"
"IT-IM-000031632","Apex Dental srl",,,"Active","Importer",,"IT04395340153",1,"Italy","IT","EU_MEMBER_STATE","info@apexdental.it","+39 2 33668800","www.apexdental.it","20","Via Cenisio",,"20154","Milano","Italy","IT","EU_MEMBER_STATE",,
"AT-MF-000037501","ARCHImedline GmbH",,,"Active","Manufacturer",,"ATU78984878",1,"Austria","AT","EU_MEMBER_STATE","info@archimedline.com","+4313940020","www.archimedline.com","20/2","Leberstrasse",,"1110","Vienna","Austria","AT","EU_MEMBER_STATE","Markus","Schwarz"
"IE-IM-000051770","Synopsys International Ltd.",,,"Active","Importer",,"IE6396095F",2,"Ireland","IE","EU_MEMBER_STATE","simpleware-ce@synopsys.com",,"https://ansys.synopsys.com/products/structures/ansys-simpleware-medical","Floor 4, No. 2","Stemple Exchange",,"D15E4FN","Dublin","Ireland","IE","EU_MEMBER_STATE",,
"NL-AR-000054525","aQuickCheck BV","aQC",,"Active","Authorised Representative",,"NL869297181B01",1,"Netherlands","NL","EU_MEMBER_STATE","info@aquickcheck.com","+31623266536","https://www.aquickcheck.com","166-2","Amstelkade ",,"1078AX","Amsterdam","Netherlands","NL","EU_MEMBER_STATE","Marcel","Noorden"
"RO-IM-000043282","CLINI-LAB SRL","CLINI-LAB",,"Active","Importer",,"RO3102218",1,"Romania","RO","EU_MEMBER_STATE","office@clinilab.ro","+40265218784","www.clinilab.ro","15","Rodnei",,"540342","Targu Mures","Romania","RO","EU_MEMBER_STATE",,
"PL-MF-000038516","""PHIN CONSULTING"" SPÓŁKA Z OGRANICZONĄ ODPOWIEDZIALNOŚCIĄ","PHIN CONSULTING",,"Active","Manufacturer",,"PL7251930680",1,"Poland","PL","EU_MEMBER_STATE","sekretariat@phin.pl",,"www.phin.pl","114/116/1.20","S. Dubois",,"93-465","Łódź","Poland","PL","EU_MEMBER_STATE","Joanna","Mik-Wojtczak"
"DE-MF-000010481","selection GmbH - dental","selection - dental","2024-03-25T00:00:00","Inactive","Manufacturer",," 	DE211144068",3,"Germany","DE","EU_MEMBER_STATE","info@baer-light.de","+49 414179 79 80"," 	www.baer-light.de","151","Vorderstraße",," 	21723","Hollern","Germany","DE","EU_MEMBER_STATE","Hans-Günter","Rudorf"
"US-MF-000017778","Abbott Laboratories",,,"Active","Manufacturer",,,7,"United States","US","NON_EU","ratransfusionmedicine@abbott.com",,,"1921","Hurd Drive",,"75038","Irving","United States","US","NON_EU","Mary ","Walker"
"IT-MF-000031603","URIACH ITALY S.R.L.",,,"Active","Manufacturer",,"02571991203",5,"Italy","IT","EU_MEMBER_STATE","regulatoryit@uriach.com",,,"Palazzo F6 ","Centro Direzionale Milanofiori Snc, Strada 1",,"20057","Assago (MI)","Italy","IT","EU_MEMBER_STATE","Lorenza","Boi"
"TR-MF-000021515","ERASER MEDIKAL TIBBİ CIH. SAG. URUN PAZ. SAN. VE TIC. LTD. STI.",,,"Active","Manufacturer",,"3370366540",2,"Türkiye","TR","EU_EXTENDED","info@eraser.com.tr","+902324798060","www.oncoera.com","78","pınar",,"35060","İzmir","Türkiye","TR","EU_EXTENDED","ÖZGE ","TERYAKİ"
"CN-MF-000002588","Anhui Topgen Biological Technology Co., Ltd.",,,"Active","Manufacturer",,"91341222MA2N0L594M",1,"China","CN","NON_EU","IVD@topgen.com.cn",,,,"Building 7-3, Zhongke Biological Base",,"236600","Taihe County, Fuyang，Anhui","China","CN","NON_EU","WeiQiang","Shen"
"RO-MF-000058945","SIMART 3D SRL",,,"Active","Manufacturer",,"RO37997355",1,"Romania","RO","EU_MEMBER_STATE","office@simart3d.ro","+40722319906","www.simart3d.ro","117","Strada Dezrobirii",,"200018","Craiova","Romania","RO","EU_MEMBER_STATE","Lacrimioara","Suciu"
"NL-AR-000007843","Osseointegration International B.V.",,"2025-07-01T00:00:00","Inactive","Authorised Representative",,"NL858814924B01",3,"Netherlands","NL","EU_MEMBER_STATE","complaints.oibv@osseointernational.com","+31681125124",,"9","Spoorstraat",,"7261 AE","Ruurlo","Netherlands","NL","EU_MEMBER_STATE","Frans","Verhaegh"
"CN-MF-000003324","GUANGDONG DAYANG MEDICAL TECHNOLOGY CO., LTD.",,,"Active","Manufacturer",,,1,"China","CN","NON_EU","dy@dayangmed.com",,,,"Xingxian Development Zone, Changhongling Industrial Park (2nd Phase), Shishan, Nanhai District, 528234,",,"528234","Foshan, Guangdong","China","CN","NON_EU","QING","TANG"
"DE-IM-000009018","STORZ MEDICAL Deutschland GmbH",,,"Active","Importer",,"DE291382101",1,"Germany","DE","EU_MEMBER_STATE","info@storzmedical.de",,,"11","Victor-Goerttler-Straße",,"07745","Jena","Germany","DE","EU_MEMBER_STATE",,
"SE-IM-000027901","Fisher Scientific GTF AB",,,"Active","Importer",,"SE556101711101",2,"Sweden","SE","EU_MEMBER_STATE","fisherscientific.europe.mdandivdscreening@thermofisher.com","+46 (0)31 352 32 00","https://www.fishersci.se",,"Arendalsvägen 16",,"418 78 ","Göteborg","Sweden","SE","EU_MEMBER_STATE",,
"FR-MF-000009588","JOMO DISTRIBUTION SASU","JOMO DISTRIBUTION",,"Active","Manufacturer",,"FR69 843304924",1,"France","FR","EU_MEMBER_STATE","contact@jomo-distribution.com","+33 1 81 91 72 23",,"5","ALLEE DES DEVODES",,"91160","SAULX LES CHARTREUX","France","FR","EU_MEMBER_STATE","Ludovic","HARDOUIN"
"CN-MF-000021194","Hunan Ventmed Medical Technology Co.,Ltd.","Ventmed",,"Active","Manufacturer",,,5,"China","CN","NON_EU","tanfenfang_reg@ventmed.cn","+86 19891993996",,"Building No. 9 and 10, Area B of Shaoyang Electronic Information Industrial Park, No. 18 Road","Shaoyang Economic Development Zone",,"422000"," Shaoyang City","China","CN","NON_EU","Danbo","Zhu"
"SI-MF-000021928","Zlatarna Celje d.o.o.",,,"Active","Manufacturer",,"SI23281715",1,"Slovenia","SI","EU_MEMBER_STATE","zc@zlatarnacelje.si","+386 3 42 67 100","www.zlatarnacelje.com","19","Kersnikova ulica",,"3000","Celje","Slovenia","SI","EU_MEMBER_STATE","Peter","Majerič"
"ES-IM-000001879","Telic, S.A.U","Telic",,"Active","Importer",,"A08733578",1,"Spain","ES","EU_MEMBER_STATE","info@telic.es","0034 93 865 61 25","http://www.telic.es","7","Polígono Industrial Can Barri. C/ Molí d’en Barri",,"08415","Bigues i Riells","Spain","ES","EU_MEMBER_STATE",,
"LT-MF-000004853","Runibeda, MB","SC Runibeda",,"Active","Manufacturer",,"LT100013424612",2,"Lithuania","LT","EU_MEMBER_STATE","info@runibeda.com","+37067354050","www.runibeda.com","96","Europos pr.",,"46351","Kaunas","Lithuania","LT","EU_MEMBER_STATE","Daivaras","Dailidonis"
"NL-AR-000039608","Ingenius Solutions B.V.",,,"Active","Authorised Representative",,"NL865528238B01",1,"Netherlands","NL","EU_MEMBER_STATE","indy@slimrevalideren.nl",,,"14","Dokter Hanegraaffhofke","5243VG","5243VG","Rosmalen","Netherlands","NL","EU_MEMBER_STATE","Danielle","Verboven"
"PL-MF-000045658","CORRADOMED SPÓŁKA Z OGRANICZONĄ ODPOWIEDZIALNOŚCIĄ","CORRADOMED",,"Active","Manufacturer",,"9591482951",1,"Poland","PL","EU_MEMBER_STATE","biuro@corradomed.pl",,,"5","Dobromyśl",,"25-825","Kielce","Poland","PL","EU_MEMBER_STATE","Marcin","Długosz"
"IT-MF-000020871","SXT S.r.l. - Sistemi per Telemedicina",,,"Active","Manufacturer",,"02978870133",2,"Italy","IT","EU_MEMBER_STATE","info@sxt-telemed.it","+390294557567","www.sxt-telemed.it","61","Via Monte Rosa ",,"20149","Milano","Italy","IT","EU_MEMBER_STATE","Sergio ","Parini"
"TR-MF-000016410","BURGEON BIYOTEKNOLOJI VE SAN. TIC.A.S.","BURGEON",,"Active","Manufacturer",,"1910897290",4,"Türkiye","TR","EU_EXTENDED","info@burgeon.me","+903124058069","http://www.burgeon.me/","30 C","Saray Mah. 1500 Cad. ",,"06980","Kahramankazan","Türkiye","TR","EU_EXTENDED","METE","ÖZGÜRBÜZ"
"BR-MF-000033452","INSTRAMED INDÚSTRIA MÉDICO HOSPITALAR LTDA.","INSTRAMED",,"Active","Manufacturer",,,2,"Brazil","BR","NON_EU","qualidade@instramed.com.br","+555130738200","www.instramed.com.br","1395, 4° andar, sala 403","Av. Severo Dullius",,"90200-310","Porto Alegre","Brazil","BR","NON_EU","Diogo","Scolari"
"FR-MF-000054316","MoveR","MoveR",,"Active","Manufacturer",,"FR17987524733",1,"France","FR","EU_MEMBER_STATE","contact@mover-vr.fr","+33172563908","https://mover-vr.fr","12","Avenue des Prés",,"78180","Montigny-le-Bretonneux","France","FR","EU_MEMBER_STATE","Emmanuel","Icart"
"BE-IM-000012104","Life bv","Life bv","2024-12-31T00:00:00","Inactive","Importer",,"BE0638789144",2,"Belgium","BE","EU_MEMBER_STATE","info@lifebvba.be","+32492739172","www.lepu-medical.be","122","Oude weg","9870","9870","Zulte","Belgium","BE","EU_MEMBER_STATE",,
"NL-AR-000000166","MicroPort Medical B.V.","MPMBV",,"Active","Authorised Representative",,"NL814080820B01",8,"Netherlands","NL","EU_MEMBER_STATE","MPEUAR@microport.com","+31205450100ext8",,"25","Paasheuvelweg ",,"1105BP","Amsterdam","Netherlands","NL","EU_MEMBER_STATE","Ester","Daemen"
"CN-MF-000028827","ZHUHAI MEIHUA MEDICAL TECHNOLOGY LIMITED",,,"Active","Manufacturer",,,1,"China","CN","NON_EU","market@meihuayl.com",,,,"Unit 203, 301, 302, 401, Building 3, No. 1 Keji 7 Road, Tangjiawan Town, Zhuhai City,",,"519085","Guangdong Province","China","CN","NON_EU","Yueheng","Wu"
"DE-IM-000035845","MED-KOMP GmbH","MED-KOMP",,"Active","Importer",,"DE319179276",1,"Germany","DE","EU_MEMBER_STATE","dr.henneberg@t-online.de","02364 - 92 99 35",,"15","Römerstrasse ",,"45721 "," Haltern am See","Germany","DE","EU_MEMBER_STATE",,
"IT-MF-000021292","C.O.I. Compagnia Ottica Italiana srl","C.O.I. srl",,"Active","Manufacturer",,"10725380157",1,"Italy","IT","EU_MEMBER_STATE","sticozzelli@gmail.com","0039 02 29526650","https://www.coivision.com/it/","10","Via Paganini","20131","20131","Milano","Italy","IT","EU_MEMBER_STATE","Spirella","Ticozzelli"
"TW-MF-000013206","Karma Medical Products Co., Ltd",,,"Active","Manufacturer",,,1,"Taiwan","TW","NON_EU","globalsales@karma.com.tw","+886-5-2066688","https://www.karmamedical.com/","NO.2363","Sec. 2, University Rd.",,"62144","Chia-Yi County","Taiwan","TW","NON_EU","Clark","Chen"
"EE-AR-000050987","Medical Management OÜ","Medical Management",,"Active","Authorised Representative",,"EE101798101",1,"Estonia","EE","EU_MEMBER_STATE","info@baltic-lasers.eu",,"www.baltic-lasers.eu","32-37","Raua",,"10120","Tallinn","Estonia","EE","EU_MEMBER_STATE","Konstantin","Smuul"
"FR-MF-000020743","atelier faro",,,"Active","Manufacturer",,"FR94903790996",1,"France","FR","EU_MEMBER_STATE","info@atelierfaro.fr",,,"42","grande rue",,"70150","marnay","France","FR","EU_MEMBER_STATE","romain","mange"
"DE-AR-000035678","Galvanize Therapeutics Germany GmbH",,,"Active","Authorised Representative",,"DE351015941",3,"Germany","DE","EU_MEMBER_STATE","etrouche@galvanizegmbh.com","+33674736775",,,"Prielmayerstr. 3, c/o Rüter Partner Steuerberatungsgesellschaft mbB ",,"80335","München","Germany","DE","EU_MEMBER_STATE","ELODIE","TROUCHE"
"DE-MF-000020344","CardioGo GmbH",,,"Active","Manufacturer",,"DE338224123",1,"Germany","DE","EU_MEMBER_STATE","info@cardiogo.de",,"www.cardiogo.de","53","Abteistrasse",,"20149","Hamburg","Germany","DE","EU_MEMBER_STATE","Agnes","Wieczorek"
"TR-IM-000054266","BIOSYSTEMS DİYAGNOSTİK VE ANALİTİK LABORATUVAR ÜRÜNLERİ TİCARET LİMİTED ŞİRKETİ",,,"Active","Importer",,"1680506739",1,"Türkiye","TR","EU_EXTENDED","info@biosystems.com.tr","+902322034597","https://biosystems.global/","1191","Fatih Mah. 1191 Sk.",,"35410","İzmir","Türkiye","TR","EU_EXTENDED",,
"IL-MF-000043594","BAIBYS Fertility Ltd.",,,"Active","Manufacturer",,"516139490 ",2,"Israel","IL","NON_EU","info@baibys.com","+972-77-332-0302","https://www.baibys.com/","26","Habarzel",,"6971036","Tel-Aviv","Israel","IL","NON_EU","Efrat","Kate"
"DZ-MF-000042446","Vital Care Production, Distribution et Logistique SPA",,,"Active","Manufacturer",,,2,"Algeria","DZ","NON_EU","Regulatoryaffairs@vitalcareprod.com",,,,"Semmar « Djenane Boudjakdji » , lieu-dit Citizen ( ilot 272 , section 01) ",,"16029","Algiers","Algeria","DZ","NON_EU","Mohamed","Ikbal Mihoubi"