"ID","UDI_DI_DATA_ULID","UUID","TRADE_NAME","REFERENCE","PLACED_ON_THE_MARKET_ID","LATEST_VERSION","CMR_SUBSTANCE","ENDOCRINE_DISRUPTOR","LATEX","REPROCESSED","STERILE","STERILIZATION","NEW_DEVICE","VERSION_NUMBER","PRIMARY_DI","BASIC_UDI","BASIC_UDI_DATA_UUID","BASIC_UDI_DATA_ULID","ACTIVE","ADMINISTERING_MEDICINE","ANIMAL_TISSUES","COMPANION_DIAGNOSTICS","HUMAN_TISSUES","IMPLANTABLE","KIT","MEASURING_FUNCTION","MICROBIAL_SUBSTANCES","NEAR_PATIENT_TESTING","REUSABLE","SELF_TESTING","SPECIAL_DEVICE_TYPE_ID","REAGENT","MULTI_COMPONENT_ID","INSTRUMENT","PROFESSIONAL_TESTING","SUTURES","HUMAN_PRODUCT","MEDICINAL_PRODUCT","DEVICE_NAME","DEVICE_MODEL","RISK_CLASS_ID","APPLICABLE_LEGISLATION_ID","DEVICE_CRITERION","MEDICAL_PURPOSE","NOMENCLATURE_CODE","MF_SRN","MF_NAME","DEVICE_STATUS_TYPE_ID","MF_ACTOR_NAMES","ACTOR_ABBREVIATED_NAMES","STATUS_ID","AR_NAME","AR_SRN","AR_ACTOR_NAMES","UNIT_OF_USE_DI","DIRECT_MARKETING_DI","SECONDARY_DI","CONTAINER_PACKAGE_DIS","SUBSTATUSES"
3561350,"01KXDXSN07AFKACJ50RD1VFYZH","406bbb33-302d-492d-9124-602606e539aa","CURSHMAN Trokar 4,5 x 2,2 mm","99-9007-18",-56,1,0,0,0,0,0,1,,1,"04250379964168","425048530000018825","ee0e50ee-8ea7-4364-aebf-462768e700fb","01KVPV2JQCQ62QAGK13283SVAG",0,0,0,,0,0,,0,,,1,,,,,,,,0,0,,"Trokar, sonstige",-203,-197,"STANDARD",," L031299","DE-MF-000005528","Zepf Medical Instruments GmbH",-11,"{
  ""texts"" : [ {
    ""language"" : {
      ""isoCode"" : ""de"",
      ""name"" : ""German""
    },
    ""text"" : ""Zepf Medical Instruments GmbH"",
    ""allLanguagesApplicable"" : null
  } ]
}","{
  ""texts"" : [ {
    ""language"" : {
      ""isoCode"" : ""de"",
      ""name"" : ""German""
    },
    ""text"" : ""Zepf Medical Instruments "",
    ""allLanguagesApplicable"" : null
  } ]
}",-1306,,,,,"04250379964168",,,
2841586,"01KSNEZ2WRBENNGE6VQYZXWAWH","4ba04706-ea39-4924-9f79-addd38aec119","Unloader One®","B-241519712",-162,1,0,0,0,0,0,0,,1,"05690977326316","5690967BU00037NG","3fface8d-6b54-4d56-aa3e-ac43af428434","01KSN096216PC7TSTQE4QGRZ59",0,0,0,,0,0,,0,,,0,,,,,,,,0,0,,"BU00037",-203,-197,"STANDARD",," Y061209","IS-MF-000000173","Össur Iceland ehf.",-11,"{
  ""texts"" : [ {
    ""language"" : {
      ""isoCode"" : ""en"",
      ""name"" : ""English""
    },
    ""text"" : ""Össur Iceland ehf."",
    ""allLanguagesApplicable"" : null
  } ]
}","{
  ""texts"" : [ {
    ""language"" : {
      ""isoCode"" : ""en"",
      ""name"" : ""English""
    },
    ""text"" : ""Ossur"",
    ""allLanguagesApplicable"" : false
  } ]
}",-1306,,,,,,,,
4584586,"01M31VJJEPC32SXZ7H877NQP15","b0f9eeb0-ccbf-4652-aec1-dbc4f81eea99","Rokoko Hair Company Queen of Nature Soa 33 # 8/10/16","QUE004560",-175,1,0,0,0,0,0,0,,1,"05908128420869","590448419RHCMDMWVB","56392b72-5695-4747-8fa2-1cfb7c0bf865","01M31NRH7Q1WNRNSTK8FGAJW94",0,0,0,,0,0,,0,,,0,,,,,,,,0,0,"medical wigs",,-203,-197,"STANDARD",," Y063099","PL-MF-000052381","ROKOKO spółka cywilna Tomasz Kijanowski, Dorota Kijanowska",-11,"{
  ""texts"" : [ {
    ""language"" : {
      ""isoCode"" : ""pl"",
      ""name"" : ""Polish""
    },
    ""text"" : ""ROKOKO spółka cywilna Tomasz Kijanowski, Dorota Kijanowska"",
    ""allLanguagesApplicable"" : null
  } ],
  ""textByDefaultLanguage"" : null
}","{
  ""texts"" : [ {
    ""language"" : {
      ""isoCode"" : ""pl"",
      ""name"" : ""Polish""
    },
    ""text"" : ""ROKOKO"",
    ""allLanguagesApplicable"" : null
  } ],
  ""textByDefaultLanguage"" : null
}",-1306,,,,,,,,
4682735,"01M39Q9BFR43E0NEEQD8VJNX80","79346222-d3d2-41ce-8afb-a8067a93dd0f","Rigidní ortéza 010F,20°,vel.3    / 55 cm - lýtko","010f",-55,1,0,0,0,0,0,0,,1,"08594042764645","859404276050JL","7c437e1b-45e0-451c-9bf0-7ef16e2bca67","01M39PVWAPDXYCMHBBDXRVGJBD",0,0,0,,0,0,,0,,,0,,,,,,,,0,0,"Rigidní ortéza 010F",,-203,-197,"STANDARD",," Y061209","CZ-MF-000001007","HANDICAP, a.s.",-11,"{
  ""texts"" : [ {
    ""language"" : {
      ""isoCode"" : ""cs"",
      ""name"" : ""Czech""
    },
    ""text"" : ""HANDICAP, a.s."",
    ""allLanguagesApplicable"" : null
  } ]
}",,-1306,,,,,,,,
1020615,"01JZHWDAWREXZ57JY7AKY8G8HK","7345ac44-b4b3-4f32-8e32-2dd5fd283cd2","Eyepiece - WF 20x/12mm","6129020",-162,1,0,0,0,0,0,0,,1,"00810178551859","81017855ACCESSORIESH8","3d6268bf-d31a-4f45-9b79-290354cc1978","01J8MA5Y5TWSSJKS2YF497SG49",0,0,0,,0,0,,0,,,0,,,,,,,,0,0,"Accessories & Spares  for Surgical (Operating) Microscopes","Accessories & Spares  for Surgical (Operating) Microscopes",-203,-197,"STANDARD",," Z12011101","US-MF-000044352","Labo America Inc.",-11,"{
  ""texts"" : [ {
    ""language"" : {
      ""isoCode"" : ""en"",
      ""name"" : ""English""
    },
    ""text"" : ""Labo America Inc."",
    ""allLanguagesApplicable"" : false
  } ]
}",,-1306,"Labomed Europe b.v.","NL-AR-000022889","{
  ""texts"" : [ {
    ""language"" : {
      ""isoCode"" : ""en"",
      ""name"" : ""English""
    },
    ""text"" : ""Labomed Europe b.v."",
    ""allLanguagesApplicable"" : false
  } ]
}",,"00810178551859",,,
3714139,"01K1JTKTJXSFD96KF507DE6HW9","12764b77-5cde-4f53-b23a-28e7d1d2d300","Empower Bracket","485-83517B",-162,1,0,0,0,0,0,0,,2,"00190746011160","01907460000124DM","f0630a55-117a-40a6-be4a-923384329de7","01K1H3NNYYXCC8GNJ1M50DWVM7",0,0,0,,0,0,,0,,,0,,,,,,,,0,0,"Empower Bracket",,-204,-197,"STANDARD",," Q010403","US-MF-000007702","American Orthodontics",-12,"{
  ""texts"" : [ {
    ""language"" : {
      ""isoCode"" : ""en"",
      ""name"" : ""English""
    },
    ""text"" : ""American Orthodontics"",
    ""allLanguagesApplicable"" : null
  } ]
}",,-1306,"Medical Technology Promedt Consulting GmbH","DE-AR-000000085","{
  ""texts"" : [ {
    ""language"" : {
      ""isoCode"" : ""de"",
      ""name"" : ""German""
    },
    ""text"" : ""Medical Technology Promedt Consulting GmbH"",
    ""allLanguagesApplicable"" : null
  } ]
}",,,,,
4163539,"01M10EK6C8BC7R0CP4YWXRZSGT","7a774173-338d-4db7-886c-1d90278909dd","Synthetic Polymer Teeth","Sonning/T1-L1-30/A00/28×1×4",-56,1,0,0,0,0,0,0,,1,"06909412226975","6909412RZY2A019J","8a8d7041-c95a-4d52-adfe-e817ebf4a7ed","01KT66J5VMHY7HY79TRF6HNJE7",0,0,0,,0,0,,0,,,0,,,,,,,,0,0,"Synthetic Polymer Teeth","Upper anterior teeth, Lower anterior teeth, Posterior teeth",-204,-197,"STANDARD",," Q01020601","CN-MF-000013266","Shandong Huge Dental Material Corporation",-11,"{
  ""texts"" : [ {
    ""language"" : {
      ""isoCode"" : ""en"",
      ""name"" : ""English""
    },
    ""text"" : ""Shandong Huge Dental Material Corporation"",
    ""allLanguagesApplicable"" : null
  } ]
}","{
  ""texts"" : [ {
    ""language"" : {
      ""isoCode"" : ""en"",
      ""name"" : ""English""
    },
    ""text"" : ""HUGE"",
    ""allLanguagesApplicable"" : null
  } ]
}",-1306,"MedNet EC-REP GmbH","DE-AR-000000002","{
  ""texts"" : [ {
    ""language"" : {
      ""isoCode"" : ""en"",
      ""name"" : ""English""
    },
    ""text"" : ""MedNet EC-REP GmbH"",
    ""allLanguagesApplicable"" : null
  } ]
}",,,,,
2346388,"01KRED7ZGXCKD2D28DZF1WMEEP","609a6960-5b35-431a-bbc9-cc2db38f8ed4","PUNTA N.1  - LEVACORONE","4572/1",-108,1,0,0,0,0,0,1,,1,"08056215748024","805660060MEDFT01IL9","50fca661-4df7-41b5-8672-24e2f13f2c95","01KQAC2THXVBEGRWEGXYK7Z4NG",0,0,0,,0,0,,0,,,1,,,,,,,,0,0,,"DISPOSITIVI MEDICI PER USO ODONTOIATRICO",-203,-197,"STANDARD",," L159099","IT-MF-000028737","MEDESY srl",-11,"{
  ""texts"" : [ {
    ""language"" : {
      ""isoCode"" : ""it"",
      ""name"" : ""Italian""
    },
    ""text"" : ""MEDESY srl"",
    ""allLanguagesApplicable"" : false
  } ]
}",,-1306,,,,,"08056215748024",,,
2201536,"01KQS0FA966W9J7NYZWS0CS037","50f66d1e-626c-4951-ad28-16b4f592a369",,"10mlΦ16*100pp",-13,1,,,,,0,0,0,1,"06977346241050","697734624TT01RE","b4c9de94-dd8f-46c4-989f-f4056c0904d2","01HW7MZYBN4307TA5K6CEXVQ5P",,,0,0,0,,0,,0,0,,0,,0,,0,1,,,,"Test Tube","Plastic Test Tube 3mlΦ12*60ps,5mlΦ12*75pp,5mlΦ13*75pp,5mlΦ12*75ps,5mlΦ13*75ps,7mlΦ12*100ps,7mlΦ13*100ps,10mlΦ15*100pp,10mlΦ16*100pp,10mlΦ16*102ps",-199,-198,"STANDARD",," W0599","CN-MF-000041286","YIWU EASON MEDICAL DEVICES CO.,LTD.",-11,"{
  ""texts"" : [ {
    ""language"" : {
      ""isoCode"" : ""en"",
      ""name"" : ""English""
    },
    ""text"" : ""YIWU EASON MEDICAL DEVICES CO.,LTD."",
    ""allLanguagesApplicable"" : false
  } ]
}",,-1306,"SUNGO Europe B.V.","NL-AR-000000247","{
  ""texts"" : [ {
    ""language"" : {
      ""isoCode"" : ""nl"",
      ""name"" : ""Dutch""
    },
    ""text"" : ""SUNGO Europe B.V."",
    ""allLanguagesApplicable"" : null
  } ]
}",,,,,
1080475,"01K1JGAB3KTJ0STSRSP40K7N9Z","29585ac4-2e8e-45dd-9b47-fa2af0b65273","ADA Swabs","00170550500400",-180,1,0,0,0,0,1,0,,1,"05600701940275","560082989C0102XD","0aa67478-8bed-4fe7-bcc7-95774d1526ca","01JZWKMPAS7MFR70C8EGJK5P9F",0,0,0,,0,0,,0,,,0,,,,,,,,0,0,"Sterile gauze and non-woven dressings","Sterile gauze and non-woven dressings without XR contrast thread",-204,-197,"STANDARD",," M0201020101","PT-MF-000002823","Albino Dias de Andrade, S.A.",-11,"{
  ""texts"" : [ {
    ""language"" : {
      ""isoCode"" : ""pt"",
      ""name"" : ""Portuguese""
    },
    ""text"" : ""Albino Dias de Andrade, S.A."",
    ""allLanguagesApplicable"" : null
  } ],
  ""textByDefaultLanguage"" : null
}","{
  ""texts"" : [ {
    ""language"" : {
      ""isoCode"" : ""pt"",
      ""name"" : ""Portuguese""
    },
    ""text"" : ""ADA"",
    ""allLanguagesApplicable"" : null
  } ],
  ""textByDefaultLanguage"" : null
}",-1306,,,,,,,,
3103813,"01KTHWDHCXD0VRGVZ19HJK24CJ","9bb97a7b-7cfa-402d-a783-c22752df5c58","Spex","1256-1614-0SS-C_060",-56,1,0,0,0,0,0,0,,1,"09420082692732","94200517BACKSUPPORTFL","1c069f54-9308-4dc4-a36a-d96168d41d1c","01KQR1B6HEKZBF4RRJ2CF1XZRE",0,0,0,,0,0,,0,,,0,,,,,,,,0,0,"Wheelchair Back Support",,-203,-197,"STANDARD",," Y122406","NZ-MF-000009327","Spex Ltd",-11,"{
  ""texts"" : [ {
    ""language"" : {
      ""isoCode"" : ""en"",
      ""name"" : ""English""
    },
    ""text"" : ""Spex Ltd"",
    ""allLanguagesApplicable"" : null
  } ],
  ""textByDefaultLanguage"" : ""Spex Ltd""
}","{
  ""texts"" : [ {
    ""language"" : {
      ""isoCode"" : ""en"",
      ""name"" : ""English""
    },
    ""text"" : ""Spex"",
    ""allLanguagesApplicable"" : false
  } ],
  ""textByDefaultLanguage"" : ""Spex""
}",-1306,"BEO MedConsulting Berlin GmbH","DE-AR-000006764","{
  ""texts"" : [ {
    ""language"" : {
      ""isoCode"" : ""de"",
      ""name"" : ""German""
    },
    ""text"" : ""BEO MedConsulting Berlin GmbH"",
    ""allLanguagesApplicable"" : null
  } ]
}",,"09420082692732",,,
927468,"01JV6F21XEK71EBS4SHEWH4KCM","bd80408e-cc99-4487-bbb8-780c2684ea46","I.V. Cannula Dressing","Model A/14cm×10cm",-56,1,0,0,0,0,1,0,,1,"06953395538853","69533955CD0010001B5","398e9cae-a409-459d-a18d-74de83ca407b","01JV479RN3K1X0JC22TQCTW5RA",0,0,0,,0,0,,0,,,0,,,,,,,,0,0,"I.V. Cannula Dressing",,-203,-197,"STANDARD",," M04010202","CN-MF-000009653","Jinhua Jingdi Medical Supplies Co.,Ltd.",-11,"{
  ""texts"" : [ {
    ""language"" : {
      ""isoCode"" : ""en"",
      ""name"" : ""English""
    },
    ""text"" : ""Jinhua Jingdi Medical Supplies Co.,Ltd."",
    ""allLanguagesApplicable"" : null
  } ],
  ""textByDefaultLanguage"" : ""Jinhua Jingdi Medical Supplies Co.,Ltd.""
}","{
  ""texts"" : [ {
    ""language"" : {
      ""isoCode"" : ""en"",
      ""name"" : ""English""
    },
    ""text"" : ""Jingdi"",
    ""allLanguagesApplicable"" : null
  } ],
  ""textByDefaultLanguage"" : ""Jingdi""
}",-1306,"MedPath GmbH","DE-AR-000000087","{
  ""texts"" : [ {
    ""language"" : {
      ""isoCode"" : ""de"",
      ""name"" : ""German""
    },
    ""text"" : ""MedPath GmbH"",
    ""allLanguagesApplicable"" : null
  } ]
}",,,,,
2009712,"01KP8HC5NBJRCDM628336RV71B","12971b1b-f89f-48ea-b383-9f27d1a7250b","VenoTrain soft, AG, border dot, Ccl 1,
open toe, XL Normal short, Amaretto","21260711420224",-56,1,0,0,0,0,0,0,,1,"04057532162283","4046445SOF00000000YY","309baeb1-c8f2-4e5c-ace0-fcf58ee842df","01KP3FV4D7Z7ZAHRSSDK76GRPH",0,0,0,,0,0,,0,,,0,,,,,,,,0,0,"VenoTrain soft",,-203,-197,"STANDARD",," M030405","DE-MF-000007543","Bauerfeind AG",-11,"{
  ""texts"" : [ {
    ""language"" : {
      ""isoCode"" : ""de"",
      ""name"" : ""German""
    },
    ""text"" : ""Bauerfeind AG"",
    ""allLanguagesApplicable"" : null
  } ]
}",,-1306,,,,,,,,
2355525,"01KRG2PRAKY1ESM7P4GGRYZS6R","e9e92c81-6452-4b5d-8ded-70f07f1357b0",,"0477210000041",-56,1,0,0,0,0,0,0,,1,"04059465273180","4055107LucRo7D","84264c3d-df38-47e8-8c5b-db3e6b719269","01KRBAHFPTH32N78MG1EKS4H0T",0,0,0,,0,0,,0,,,0,,,,,,,,0,0,"LucRo",,-203,-197,"STANDARD",," Y063303","DE-MF-000004958","Schein Orthopädie Service KG",-11,"{
  ""texts"" : [ {
    ""language"" : {
      ""isoCode"" : ""de"",
      ""name"" : ""German""
    },
    ""text"" : ""Schein Orthopädie Service KG"",
    ""allLanguagesApplicable"" : null
  } ]
}",,-1306,,,,,,,,
3465364,"01KWYDGBEP3XPE61SMA6W2S3SD","0dc7d2ec-4504-4e7d-b87c-3d01161bff73",,"113-093-1115",-56,1,0,0,0,0,0,0,,1,"04250869658591","B-04250869658591","ea179414-7768-4d9f-ac0b-ccc663575235","01KWYDGBE4F0W8MESTFV19MAZ5",0,0,0,,0,1,,0,,,0,,,,,,,,0,0,"113-093-1115","MOSS Family",-205,-53,"LEGACY",," P09070302","DE-MF-000005455","Biedermann Motech GmbH & Co. KG",-11,"{
  ""texts"" : [ {
    ""language"" : {
      ""isoCode"" : ""de"",
      ""name"" : ""German""
    },
    ""text"" : ""Biedermann Motech GmbH & Co. KG"",
    ""allLanguagesApplicable"" : null
  } ],
  ""textByDefaultLanguage"" : null
}","{
  ""texts"" : [ {
    ""language"" : {
      ""isoCode"" : ""de"",
      ""name"" : ""German""
    },
    ""text"" : ""BM"",
    ""allLanguagesApplicable"" : null
  } ],
  ""textByDefaultLanguage"" : null
}",-1306,,,,,,,,
905844,"01JSFBP4JMAAH7F9P9YP9TP98Z","fb628200-4942-4d2a-a757-ce67c6017acb","S.C.A","12.473.58T",-245,1,0,0,0,0,0,1,,1,"08680862149219","868086255S.C.A3546TS","8d848d01-f417-4325-9db1-6339da48661c","01HWSSNN3EA7GTSA4WWXHFPP89",0,0,0,,0,0,,0,,,1,,,,,,,,0,0,"SEPARATORS","S.C.A",-203,-197,"STANDARD",," L03140199","TR-MF-000018747","SAMSUN CERRAHİ ALETLER SANAYİ VE TİCARET LİMİTED ŞİRKETİ",-11,"{
  ""texts"" : [ {
    ""language"" : {
      ""isoCode"" : ""en"",
      ""name"" : ""English""
    },
    ""text"" : ""SAMSUN CERRAHİ ALETLER SANAYİ VE TİCARET LİMİTED ŞİRKETİ"",
    ""allLanguagesApplicable"" : false
  } ]
}",,-1306,,,,,,,,
4713005,"01M3C9HE803YRQRJ4HDJGAHG2T","52e23738-d6ca-4645-90bd-72e47efc69c2","Lastofa","01534308581200",-56,1,0,0,0,0,0,0,,1,"04052727310197","4018839K019G","9a3a9ab3-d2ac-444c-92d4-76f226b5a6fa","01KTP84J98X84HQ0AE8RCSYQRD",0,0,0,,0,0,,0,,,0,,,,,,,,0,0,"Rundstrick","Rundstrick",-203,-197,"STANDARD",," M030405","DE-MF-000008470","Ofa Bamberg GmbH",-11,"{
  ""texts"" : [ {
    ""language"" : {
      ""isoCode"" : ""de"",
      ""name"" : ""German""
    },
    ""text"" : ""Ofa Bamberg GmbH"",
    ""allLanguagesApplicable"" : null
  } ]
}","{
  ""texts"" : [ {
    ""language"" : {
      ""isoCode"" : ""de"",
      ""name"" : ""German""
    },
    ""text"" : ""Ofa"",
    ""allLanguagesApplicable"" : null
  } ]
}",-1306,,,,,"04052727310197",,,
2046173,"01KPPFKRK1JS0J91GHT7J0CZZK","7d1bf7b8-169f-402c-bd55-75bc9fe88bbf",,"[01122K] KWIK-STIK™ S. aureus ATCC BAA-2312™",-74,1,,,,,0,0,0,1,"30845357036330","0845357001122W7","e52a9a81-54b3-4d11-95ab-89afb5c25c08","01KPP2N7F1CBQ7P2D7XJ8M3709",,,0,0,0,,0,,1,0,,0,,0,,0,1,,,,"KWIK-STIK™ and LYFO DISK™","01122",-200,-198,"STANDARD",," W01040601","US-MF-000000466","Microbiologics, INC.",-11,"{
  ""texts"" : [ {
    ""language"" : {
      ""isoCode"" : ""en"",
      ""name"" : ""English""
    },
    ""text"" : ""Microbiologics, INC."",
    ""allLanguagesApplicable"" : null
  } ]
}",,-1306,"MediMark Europe Sarl.","FR-AR-000000182","{
  ""texts"" : [ {
    ""language"" : {
      ""isoCode"" : ""en"",
      ""name"" : ""English""
    },
    ""text"" : ""MediMark Europe Sarl."",
    ""allLanguagesApplicable"" : false
  } ]
}",,,,,
2072544,"01KPT8MTP345Q4N4TEKW7NRXJY","7e946ffe-9303-4f3d-ac43-033457ced1c1","Rapid Surgery Extension Drill 5.5 x 30.0mm","RS_EB5.5/30.0",-56,1,0,0,0,0,0,1,,1,"EAGNRSEB553000","B-EAGNRSEB553000","65cd4520-fc13-4d93-901e-51cbd79eed41","01KPT8MTNSQPAV9XA6MEKZPZK2",0,0,0,,0,0,,0,,,1,,,,,,,,0,0,,"Rapid Surgery Extension Drill 5.5 x 30.0mm",-204,-53,"LEGACY",," Q010399","DE-MF-000012472","Argon Medical Productions & Vertriebs Gesellschaft mbH & Co. KG",-11,"{
  ""texts"" : [ {
    ""language"" : {
      ""isoCode"" : ""de"",
      ""name"" : ""German""
    },
    ""text"" : ""Argon Medical Productions & Vertriebs Gesellschaft mbH & Co. KG"",
    ""allLanguagesApplicable"" : null
  } ]
}","{
  ""texts"" : [ {
    ""language"" : {
      ""isoCode"" : ""de"",
      ""name"" : ""German""
    },
    ""text"" : ""Argon Medical"",
    ""allLanguagesApplicable"" : null
  } ]
}",-1306,,,,,,,,
2830799,"01KSN2P6HN6X1BH4T0V8YHYZ0K","7a9ed08b-2821-45da-913a-e4e1830b21b7","AHL GI R/Opaque Luting 30g/15ml","259XPL",-149,1,0,0,0,0,0,0,,1,"05056009100703","5056009120268SX","b0326bf9-1f86-401b-b026-b43f1186276b","01KSMDF87B16WRDQDEQWQSR92X",0,0,0,,0,0,,0,,,0,,,,,,,,0,0,"GI Luting cement / Zinc Polycarboxylate cement",,-204,-197,"STANDARD",," Q01010106","GB-MF-000002771","Advanced Healthcare Ltd.",-11,"{
  ""texts"" : [ {
    ""language"" : {
      ""isoCode"" : ""en"",
      ""name"" : ""English""
    },
    ""text"" : ""Advanced Healthcare Ltd."",
    ""allLanguagesApplicable"" : null
  } ],
  ""textByDefaultLanguage"" : ""Advanced Healthcare Ltd.""
}","{
  ""texts"" : [ {
    ""language"" : {
      ""isoCode"" : ""en"",
      ""name"" : ""English""
    },
    ""text"" : ""AHL"",
    ""allLanguagesApplicable"" : null
  } ],
  ""textByDefaultLanguage"" : ""AHL""
}",-1306,"Advena Limited","MT-AR-000000234","{
  ""texts"" : [ {
    ""language"" : {
      ""isoCode"" : ""en"",
      ""name"" : ""English""
    },
    ""text"" : ""Advena Limited"",
    ""allLanguagesApplicable"" : null
  } ]
}",,,,,
636984,"01J1WEFYHZ3930YD5M9HZ12AMJ","853f9058-19e3-4aa9-8b58-a544d4a5009f","VITAPAN® CUSPIFORM","A6C444CU",-56,1,0,0,0,0,0,0,,1,"J017A6C444CU0","++J017AA1PE","da8e71af-69d8-42c7-8a7f-0da090b28554","01J1WASS4V5269B028F9MQGN6G",0,0,0,,0,0,,0,,,0,,,,,,,,0,0,"Artificial teeth",,-204,-197,"STANDARD",," Q010699","DE-MF-000005906","VITA Zahnfabrik H. Rauter GmbH & Co. KG",-11,"{
  ""texts"" : [ {
    ""language"" : {
      ""isoCode"" : ""de"",
      ""name"" : ""German""
    },
    ""text"" : ""VITA Zahnfabrik H. Rauter GmbH & Co. KG"",
    ""allLanguagesApplicable"" : null
  } ],
  ""textByDefaultLanguage"" : null
}","{
  ""texts"" : [ {
    ""language"" : {
      ""isoCode"" : ""de"",
      ""name"" : ""German""
    },
    ""text"" : ""VITA"",
    ""allLanguagesApplicable"" : null
  } ],
  ""textByDefaultLanguage"" : null
}",-1306,,,,,,,,
4025286,"01M00QA5D6FBJ4P6R8Q6N55FF3","9762c1f7-3a13-41b3-9d90-91fdee058f22","Dart-Fire®","D1N30034S",-162,1,0,0,0,0,0,1,,1,"00840420120809","08858251006386TZ","866aa314-7955-42ea-b1ef-f83457856d0f","01M00P0F3C25D678TDPX9PKP13",0,0,0,,0,1,,0,,,0,,,,,,,1,0,0,"DARTFIRE SMALL SCREWS IMPLANTS - HEADED SCREW - TITANIUM ALLOY -ANODIZED-CLASS IIB-NON STERILE","08858251006386TZ",-205,-197,"STANDARD",," P09120603","US-MF-000025260","Wright Medical Technology, Inc.",-11,"{
  ""texts"" : [ {
    ""language"" : {
      ""isoCode"" : ""en"",
      ""name"" : ""English""
    },
    ""text"" : ""Wright Medical Technology, Inc."",
    ""allLanguagesApplicable"" : false
  } ],
  ""textByDefaultLanguage"" : ""Wright Medical Technology, Inc.""
}",,-1306,"Stryker European Operations Limited","IE-AR-000000092","{
  ""texts"" : [ {
    ""language"" : {
      ""isoCode"" : ""en"",
      ""name"" : ""English""
    },
    ""text"" : ""Stryker European Operations Limited"",
    ""allLanguagesApplicable"" : null
  } ]
}",,,,,
1207798,"01K71CSZKC8CEHF8F2B584QNTX","312a24e3-2eea-4d8a-997b-1317014ed3a0","Aesculap","FK110R",-56,1,0,0,0,0,0,1,,1,"04038653166060","403923900000033929","6ad68b5e-bba6-452d-9d76-f648125f4967","01K71CSPCWC841AQFHQB8M2HA4",0,0,0,,0,0,,0,,,1,,,,,,,,0,0,"Elevator",,-203,-197,"STANDARD",," L0902","DE-MF-000005504","Aesculap AG",-11,"{
  ""texts"" : [ {
    ""language"" : {
      ""isoCode"" : ""de"",
      ""name"" : ""German""
    },
    ""text"" : ""Aesculap AG"",
    ""allLanguagesApplicable"" : null
  } ],
  ""textByDefaultLanguage"" : null
}",,-1306,,,,,"04038653166060",,,
1580666,"01KH1M3ZRKECJ9MPW24VYQ533J","7a0865e0-cf57-4524-88aa-67368c0ffdd9",,"F7830/ADTEKBIO",-108,1,0,0,0,0,1,0,,1,"08054751930019","803300326105000028MR","328d0cd5-dbe0-469e-98f6-83bf39b528ed","01KH1CQN1KYNPCGAKZXY3J2Y51",0,0,0,,0,0,,0,,,0,,,,,,,,0,0,,"Adapter cables",-203,-197,"STANDARD",," Z12050680","IT-MF-000005988","FIAB S.p.A.",-11,"{
  ""texts"" : [ {
    ""language"" : {
      ""isoCode"" : ""it"",
      ""name"" : ""Italian""
    },
    ""text"" : ""FIAB S.p.A."",
    ""allLanguagesApplicable"" : null
  } ]
}",,-1306,,,,,,,,
4507085,"01M2TB3E9SJJTV4550YNJBNEGF","b16740cb-b3d8-4283-a61c-e5c23c4aef6e","Juzo Soft","2001",-56,1,0,0,0,0,0,0,,1,"04071191486429","4018678M030405PHLY-010-AS","b1b47278-0227-4275-aff4-196e309ae175","01M27XRQX05TB01GQ5CWFCZH8H",0,0,0,,0,0,,0,,,0,,,,,,,,0,0,"Medical compression garments PH/LY- stockings / pantyhose / sleeves",,-203,-197,"STANDARD",," M030405","DE-MF-000009443","Julius Zorn GmbH",-11,"{
  ""texts"" : [ {
    ""language"" : {
      ""isoCode"" : ""de"",
      ""name"" : ""German""
    },
    ""text"" : ""Julius Zorn GmbH"",
    ""allLanguagesApplicable"" : null
  } ]
}","{
  ""texts"" : [ {
    ""language"" : {
      ""isoCode"" : ""de"",
      ""name"" : ""German""
    },
    ""text"" : ""Juzo"",
    ""allLanguagesApplicable"" : null
  } ]
}",-1306,,,,,"04071191486429",,,
460099,"01HNFJTJHX7Z19GCE2M1XSQZF4","dd6bb4b9-97bc-4ab5-b8de-d99556e4f92c","Orthopädisches Ringkissen - Art. 202 205 - Dunkelgrau","202 205 - Dunkelgrau",-56,1,0,0,0,0,0,0,,1,"04744999460525","47449994620220X2YG","3e23729a-2dbc-4782-a035-ce00027c1b85","01HND0YZ7NP0D7R8DBYNBX6ZDC",0,0,0,,0,0,,0,,,0,,,,,,,,0,0,"Orthopädisches Ringkissen","Art. 202 205, 202 206, 202 207",-203,-197,"STANDARD",," V080399","DE-MF-000011263","feela., Marco Winter, e-Commerce",-11,"{
  ""texts"" : [ {
    ""language"" : {
      ""isoCode"" : ""de"",
      ""name"" : ""German""
    },
    ""text"" : ""feela., Marco Winter, e-Commerce"",
    ""allLanguagesApplicable"" : null
  } ]
}","{
  ""texts"" : [ {
    ""language"" : {
      ""isoCode"" : ""de"",
      ""name"" : ""German""
    },
    ""text"" : ""feela"",
    ""allLanguagesApplicable"" : null
  } ]
}",-1306,,,,,,,,
2526935,"01KS0S5B8K2S458CCETBHX9KNN","fe542cbf-fd8c-4206-b190-5586c8bdaebd","Style SEMITRANSPARENT","57206",-56,1,0,0,0,0,0,0,,1,"07611711572064","7611711SSEFK","35b5b2d2-ca51-4d18-a364-c66f1b1d2a69","01KS0Q34B0W2PH0QZC0C8Z9XVJ",0,0,0,,0,0,,0,,,0,,,,,,,,0,0,,"Style SEMITRANSPARENT",-203,-197,"STANDARD",," M030405","CH-MF-000015565","SIGVARIS AG",-11,"{
  ""texts"" : [ {
    ""language"" : {
      ""isoCode"" : ""de"",
      ""name"" : ""German""
    },
    ""text"" : ""SIGVARIS AG"",
    ""allLanguagesApplicable"" : null
  } ],
  ""textByDefaultLanguage"" : null
}","{
  ""texts"" : [ {
    ""language"" : {
      ""isoCode"" : ""de"",
      ""name"" : ""German""
    },
    ""text"" : ""SSG"",
    ""allLanguagesApplicable"" : null
  } ],
  ""textByDefaultLanguage"" : null
}",-1306,"Sigvaris GmbH","DE-AR-000010016","{
  ""texts"" : [ {
    ""language"" : {
      ""isoCode"" : ""de"",
      ""name"" : ""German""
    },
    ""text"" : ""Sigvaris GmbH"",
    ""allLanguagesApplicable"" : null
  } ]
}",,,,,
351459,"01HA6E47F39MKHSBW19P6XAERD","c062ec90-10ab-425e-8799-8e08e0b79b05","No 17-Clamps, Retainers White","20Z203A",-56,1,0,0,0,0,0,0,,1,"00840161303868","08401613000233","24fc8c52-2add-41ba-af7f-81b9b20009dc","01HA4T57VFSHSD6CBEYM4T8VTG",0,0,0,,0,0,,0,,,0,,,,,,,,0,0,"Non-Sterile Instrument Holders and Organizers Products",,-203,-197,"STANDARD",," V0499","US-MF-000021065","Zirc Dental Products Inc.",-11,"{
  ""texts"" : [ {
    ""language"" : {
      ""isoCode"" : ""en"",
      ""name"" : ""English""
    },
    ""text"" : ""Zirc Dental Products Inc."",
    ""allLanguagesApplicable"" : null
  } ],
  ""textByDefaultLanguage"" : ""Zirc Dental Products Inc.""
}",,-1306,"Medicom GmbH","DE-AR-000005612","{
  ""texts"" : [ {
    ""language"" : {
      ""isoCode"" : ""de"",
      ""name"" : ""German""
    },
    ""text"" : ""Medicom GmbH"",
    ""allLanguagesApplicable"" : null
  } ]
}",,,,,
1309895,"01KAWZYDH669AWN1G5XWM64NZK","b73b84ca-66dd-4d21-8e52-9cbb9178c7a5","Aesculap","BV349R",-56,1,0,0,0,0,0,1,,1,"04038653236954","403923900000248635","481f2bbe-17c1-4eb0-bbb8-d0fbe5572251","01KAWZY98PNEMP1QXDQDHKFKYA",0,0,0,,0,0,,0,,,0,,,,,,,,0,0,"Retraktor for general use IIa",,-204,-197,"STANDARD",," L03140101","DE-MF-000005504","Aesculap AG",-11,"{
  ""texts"" : [ {
    ""language"" : {
      ""isoCode"" : ""de"",
      ""name"" : ""German""
    },
    ""text"" : ""Aesculap AG"",
    ""allLanguagesApplicable"" : null
  } ],
  ""textByDefaultLanguage"" : null
}",,-1306,,,,,,,,
2117066,"01KQ6YXRBNP7ZK4CWX59KEKR0N","e8615c01-9929-4e86-8a4e-50a6884c6ab5","Knapp Spoon","26-662-14",-56,1,0,0,0,0,0,1,,1,"+B844266621409","++B844REUSABLERETRACTOR2W","6b146b45-d3c5-430a-b9f1-b46d5f9dc6a3","01KNRV7FZN7RGDYFYH2F7F8C7Z",0,0,0,,0,0,,0,,,1,,,,,,,,0,0,"Retractor",,-203,-197,"STANDARD",," L1706","PK-MF-000011692","Trimed (Pvt) Ltd",-11,"{
  ""texts"" : [ {
    ""language"" : {
      ""isoCode"" : ""en"",
      ""name"" : ""English""
    },
    ""text"" : ""Trimed (Pvt) Ltd"",
    ""allLanguagesApplicable"" : null
  } ]
}",,-1306,"CMC Medical Devices & Drugs SL","ES-AR-000000293","{
  ""texts"" : [ {
    ""language"" : {
      ""isoCode"" : ""es"",
      ""name"" : ""Spanish""
    },
    ""text"" : ""CMC Medical Devices & Drugs SL"",
    ""allLanguagesApplicable"" : null
  } ]
}",,"+B844266621409",,,
300022,"01H329RB12EZCJCY20DD2DX401","7902126f-4937-4357-8035-9318533a289a","THD L-ANO (TR/NS)","800026",-108,1,0,0,0,0,0,0,,2,"08033737710067","803373771DIANS0001XZ","f12e769f-13fd-4e88-aabf-684806279153","01H31QWNNDC3EPK37SX8VV6VG7",0,0,0,,0,0,,0,,,0,,,,,,,,0,0,"THD Not Sterile AnoProctoRectoscopes LED and not LED","THD Not Sterile AnoProctoRectoscopes LED and not LED",-203,-197,"STANDARD",," G02060301","IT-MF-000029427","THD S.P.A.",-11,"{
  ""texts"" : [ {
    ""language"" : {
      ""isoCode"" : ""it"",
      ""name"" : ""Italian""
    },
    ""text"" : ""THD S.P.A."",
    ""allLanguagesApplicable"" : null
  } ]
}",,-1306,,,,,,,"08033737710067,18033737710064,28033737710061",
2399619,"01KRK64HY782CSBXMVYGXT7DA5","6a037c23-d68a-4362-be8d-62bf4674ba46",,"624N1-739-2",-108,1,0,0,0,0,0,0,,1,"08032638973212","805618224VARISANTOPK2JP","5b9e208d-5786-4401-a47c-2e5f23b2dde5","01KRDNV76CC0ARA3WRXK9FSNSA",0,0,0,,0,0,,0,,,0,,,,,,,,0,0,"VARISAN TOP",,-203,-197,"STANDARD",," M030405","IT-MF-000028355","CIZETA MEDICALI S.P.A.",-11,"{
  ""texts"" : [ {
    ""language"" : {
      ""isoCode"" : ""it"",
      ""name"" : ""Italian""
    },
    ""text"" : ""CIZETA MEDICALI S.P.A."",
    ""allLanguagesApplicable"" : null
  } ]
}",,-1306,,,,,,,,
2558961,"01KS2ZJ6F40SMFD9HAAB3GAECC","d0da8a4b-fd73-40cc-bd69-6ff27366571b","Essential COMFORTABLE","70012",-56,1,0,0,0,0,0,0,,1,"07611711700122","7611711ECFBX","9d5fed23-f5af-408a-b7df-0139d8869cdd","01KS2WF8ZAXEENAXXVK4QTW4BQ",0,0,0,,0,0,,0,,,0,,,,,,,,0,0,,"Essential COMFORTABLE",-203,-197,"STANDARD",," M030405","CH-MF-000015565","SIGVARIS AG",-11,"{
  ""texts"" : [ {
    ""language"" : {
      ""isoCode"" : ""de"",
      ""name"" : ""German""
    },
    ""text"" : ""SIGVARIS AG"",
    ""allLanguagesApplicable"" : null
  } ],
  ""textByDefaultLanguage"" : null
}","{
  ""texts"" : [ {
    ""language"" : {
      ""isoCode"" : ""de"",
      ""name"" : ""German""
    },
    ""text"" : ""SSG"",
    ""allLanguagesApplicable"" : null
  } ],
  ""textByDefaultLanguage"" : null
}",-1306,"Sigvaris GmbH","DE-AR-000010016","{
  ""texts"" : [ {
    ""language"" : {
      ""isoCode"" : ""de"",
      ""name"" : ""German""
    },
    ""text"" : ""Sigvaris GmbH"",
    ""allLanguagesApplicable"" : null
  } ]
}",,,,,
3547738,"01KXDCYHFFRV8S2Y960V3PR5GZ","7eb3c72a-5d2f-43f6-981b-abdc165c68c5","SPENCER WELLS (JONES) Arterienklemme","12-3300-14",-56,1,0,0,0,0,0,1,,1,"04250379816467","4250485300000016Z4","30d09209-e65e-4aa9-a33c-a639cdd59ae0","01KVDK30RXPXV4CSGCVWEZJ2JF",0,0,0,,0,0,,0,,,1,,,,,,,,0,0,,"Klemme, Arterie",-203,-197,"STANDARD",," L07080102","DE-MF-000005528","Zepf Medical Instruments GmbH",-11,"{
  ""texts"" : [ {
    ""language"" : {
      ""isoCode"" : ""de"",
      ""name"" : ""German""
    },
    ""text"" : ""Zepf Medical Instruments GmbH"",
    ""allLanguagesApplicable"" : null
  } ]
}","{
  ""texts"" : [ {
    ""language"" : {
      ""isoCode"" : ""de"",
      ""name"" : ""German""
    },
    ""text"" : ""Zepf Medical Instruments "",
    ""allLanguagesApplicable"" : null
  } ]
}",-1306,,,,,"04250379816467",,,
3468924,"01KWYNZ49JX3WX635CGYJ6W8FG","17e0d503-e84f-4a7b-bf44-fa5226ae0c57",,"553050",-56,1,0,0,0,0,0,0,,1,"04250869612791","B-04250869612791","6aa4122b-1d74-4534-b88f-bdc32a4c9b21","01KWYNZ48TRXRZEY77J1PAR1JN",0,0,0,,0,1,,0,,,0,,,,,,,,0,0,"553050","MOSS Family",-205,-53,"LEGACY",," P09070302","DE-MF-000005455","Biedermann Motech GmbH & Co. KG",-11,"{
  ""texts"" : [ {
    ""language"" : {
      ""isoCode"" : ""de"",
      ""name"" : ""German""
    },
    ""text"" : ""Biedermann Motech GmbH & Co. KG"",
    ""allLanguagesApplicable"" : null
  } ],
  ""textByDefaultLanguage"" : null
}","{
  ""texts"" : [ {
    ""language"" : {
      ""isoCode"" : ""de"",
      ""name"" : ""German""
    },
    ""text"" : ""BM"",
    ""allLanguagesApplicable"" : null
  } ],
  ""textByDefaultLanguage"" : null
}",-1306,,,,,,,,
2906168,"01KSSTQP11FF64BG2Q3PYZJT6F","959338e8-7f23-4f6d-a681-ad018c593a20",,"RN380520-R000003752",-108,1,0,0,0,0,0,0,,1,"08023103142813","802310300RETTD035M","e54e3f35-d9e2-4ca0-a5ea-a814eb9a037d","01KSS6PRPJW3S7PNGN55J0KG8Z",0,0,0,,0,0,,0,,,0,,,,,,,,0,0,,"RET",-203,-197,"STANDARD",," V08068099","IT-MF-000027843","B&T Spa",-11,"{
  ""texts"" : [ {
    ""language"" : {
      ""isoCode"" : ""it"",
      ""name"" : ""Italian""
    },
    ""text"" : ""B&T Spa"",
    ""allLanguagesApplicable"" : null
  } ],
  ""textByDefaultLanguage"" : null
}","{
  ""texts"" : [ {
    ""language"" : {
      ""isoCode"" : ""it"",
      ""name"" : ""Italian""
    },
    ""text"" : ""B&T"",
    ""allLanguagesApplicable"" : null
  } ],
  ""textByDefaultLanguage"" : null
}",-1306,,,,,,,,
3986916,"01KZVPJ83EMF3H6QMAS4DQCRV8","83ceb34d-9392-41b5-9f14-e70b09ea0061",,"HB205-M36-B5",-162,1,0,0,0,0,0,0,,1,"00841180105075","8411801GMN0011FP","18740b0d-0608-45ab-ab80-7ee6a50cc8a2","01KTQCK9RKHQ29GCZB8QX99KP2",0,0,0,,0,0,,0,,,0,,,,,,,,0,0,"Flexible Postural Supports",,-203,-197,"STANDARD",," Y122406","US-MF-000042021","Bodypoint, Inc",-11,"{
  ""texts"" : [ {
    ""language"" : {
      ""isoCode"" : ""en"",
      ""name"" : ""English""
    },
    ""text"" : ""Bodypoint, Inc"",
    ""allLanguagesApplicable"" : false
  } ]
}",,-1306,"MDSS GmbH","DE-AR-000005430","{
  ""texts"" : [ {
    ""language"" : {
      ""isoCode"" : ""en"",
      ""name"" : ""English""
    },
    ""text"" : ""MDSS GmbH"",
    ""allLanguagesApplicable"" : null
  } ]
}",,,,,
1450909,"01KDC1PSYTGAWTK0JHGY1K2PY2","dad0378b-fae2-42f9-95c1-809b667583a6","NEW ACE","20PCS,S4L,LL2,B1",-56,1,0,0,0,0,0,0,,1,"PLNEWXS4LL2XB1","B-PLNEWXS4LL2XB1","0a198354-818c-43ea-a244-15bc8733771a","01KDC1PSXEWN0V3QD94GWBPB8N",0,0,0,,0,0,,0,,,0,,,,,,,,0,0,,"20PCS,S4L,LL2,B1",-204,-53,"LEGACY",," Q01020601","JP-MF-000024849","YAMAHACHI DENTAL MFG., CO.",-11,"{
  ""texts"" : [ {
    ""language"" : {
      ""isoCode"" : ""en"",
      ""name"" : ""English""
    },
    ""text"" : ""YAMAHACHI DENTAL MFG., CO."",
    ""allLanguagesApplicable"" : false
  } ]
}",,-1306,"Obelis s.a.","BE-AR-000000106","{
  ""texts"" : [ {
    ""language"" : {
      ""isoCode"" : ""en"",
      ""name"" : ""English""
    },
    ""text"" : ""Obelis s.a."",
    ""allLanguagesApplicable"" : null
  } ],
  ""textByDefaultLanguage"" : ""Obelis s.a.""
}",,,,,
1750559,"01KKVBSFHKW7X68Z1439YYP3MP","6baa5279-9b13-4a2f-ad99-c72b2e645a50",,"ME 9369 566257 36",-163,1,0,0,0,0,0,0,,1,"07020402257775","7071045SupportFootwearT9","1aaebe0f-666e-4d2c-a183-8be8343a1e01","01KKV8KPKYRKQX1R5DKZPZ4JVP",0,0,1,,0,0,,0,,,0,,,,,,,,0,0,"Supportive Footwear",,-203,-197,"STANDARD",," Y063303","NO-MF-000007972","Klaveness Footwear AS",-11,"{
  ""texts"" : [ {
    ""language"" : {
      ""isoCode"" : ""en"",
      ""name"" : ""English""
    },
    ""text"" : ""Klaveness Footwear AS"",
    ""allLanguagesApplicable"" : null
  } ]
}",,-1306,,,,,,,,
3761968,"01KYJX9Z2CP30X4HMHPXCHNQHQ","a3377cb7-d6b8-41d3-a24d-48f231eb9eee","MAJOR PLUS COMP V X6 UPPER D2-M4","T2031.D2.M4.U",-108,1,0,0,0,0,0,0,,1,"08056640001732","8056640CMPF8","31c4cdeb-196b-4411-b28f-8b060b243e36","01KKVD3D7QJVV808TJZ99FGRPP",0,0,0,,0,0,,0,,,0,,,,,,,,0,0,"Major Plus Comp, AF Comp","Multilayer composite and acrylic resin artificial teeth",-204,-197,"STANDARD",," Q010699","IT-MF-000024700","Major Prodotti Dentari S.p.A.",-11,"{
  ""texts"" : [ {
    ""language"" : {
      ""isoCode"" : ""it"",
      ""name"" : ""Italian""
    },
    ""text"" : ""Major Prodotti Dentari S.p.A."",
    ""allLanguagesApplicable"" : null
  } ],
  ""textByDefaultLanguage"" : null
}","{
  ""texts"" : [ {
    ""language"" : {
      ""isoCode"" : ""it"",
      ""name"" : ""Italian""
    },
    ""text"" : ""Major"",
    ""allLanguagesApplicable"" : null
  } ],
  ""textByDefaultLanguage"" : null
}",-1306,,,,,,,,
800056,"01JGXK3765DTPQNA10FSEKTJK7","1c54bc60-5d6d-4e95-bc96-5f3e0982ea77","Millu Compression Socks","548BVXL",-56,1,0,0,0,0,0,0,,1,"06926865900405","692686591705NT","60162539-a76e-4777-a059-1ca5c95247dd","01JGNQ6ZHHJKW2SNE9VB716AWE",0,0,0,,0,0,,0,,,0,,,,,,,,0,0,"Millu Compression Socks",,-203,-197,"STANDARD",," M030405","CN-MF-000045420","Zhejiang Rongrong Hosiery Co., Ltd.",-11,"{
  ""texts"" : [ {
    ""language"" : {
      ""isoCode"" : ""en"",
      ""name"" : ""English""
    },
    ""text"" : ""Zhejiang Rongrong Hosiery Co., Ltd."",
    ""allLanguagesApplicable"" : false
  } ]
}",,-1306,"MedPath GmbH","DE-AR-000000087","{
  ""texts"" : [ {
    ""language"" : {
      ""isoCode"" : ""de"",
      ""name"" : ""German""
    },
    ""text"" : ""MedPath GmbH"",
    ""allLanguagesApplicable"" : null
  } ]
}",,,,,
3378206,"01KWC8C045RB5RD9B32T30M38S","386ca626-54fe-4877-8caf-2da11cce0ed0",,"BDHAN409",-162,1,0,0,0,0,1,0,,1,"08809822760022","880972899110PL","7d439b9d-15b8-4859-a27b-55e497d0b0e3","01KTRF1TPKPNDWYTJW0VYH7DMA",0,0,0,,0,1,,0,,,0,,,,,,,1,0,0,"Healing Abutment",,-205,-197,"STANDARD",," P01020101","KR-MF-000009885","MegaGen Implant Co., Ltd.",-11,"{
  ""texts"" : [ {
    ""language"" : {
      ""isoCode"" : ""en"",
      ""name"" : ""English""
    },
    ""text"" : ""MegaGen Implant Co., Ltd."",
    ""allLanguagesApplicable"" : null
  } ],
  ""textByDefaultLanguage"" : ""MegaGen Implant Co., Ltd.""
}",,-1306,"MDSS GmbH","DE-AR-000005430","{
  ""texts"" : [ {
    ""language"" : {
      ""isoCode"" : ""en"",
      ""name"" : ""English""
    },
    ""text"" : ""MDSS GmbH"",
    ""allLanguagesApplicable"" : null
  } ]
}",,,,,
3514747,"01KX5NXZ7T88RJZDCTN7WP3WZ8","400d784b-418c-477b-9586-4f090b5e3c47","Pinzette mikro Ringmaul Spitze 2,0 x 1,0 mm 15 cm lang aus Titan Maul diamantiert","11-1076-15",-56,1,0,0,0,0,0,1,,1,"04250379812971","4250485300000159ZT","2d13b416-c206-43de-b2e8-7037708c4204","01KVDK3B8MF8RG41MFN7KNSKW7",0,0,0,,0,0,,0,,,1,,,,,,,,0,0,,"Pinzette",-203,-197,"STANDARD",," L031308","DE-MF-000005528","Zepf Medical Instruments GmbH",-11,"{
  ""texts"" : [ {
    ""language"" : {
      ""isoCode"" : ""de"",
      ""name"" : ""German""
    },
    ""text"" : ""Zepf Medical Instruments GmbH"",
    ""allLanguagesApplicable"" : null
  } ]
}","{
  ""texts"" : [ {
    ""language"" : {
      ""isoCode"" : ""de"",
      ""name"" : ""German""
    },
    ""text"" : ""Zepf Medical Instruments "",
    ""allLanguagesApplicable"" : null
  } ]
}",-1306,,,,,"04250379812971",,,
1553020,"01KGA3BSS4QRXW4HKPPNAGY8Z9","4a61f861-4a61-414f-8e73-da633dbb7117","Body dla seniora","B41.L.10",-175,1,0,0,0,0,0,0,,1,"05904933160419","59049331bodydlasenioraKL","a7740edf-1e3e-4e41-b849-5081497072c0","01JER2B015TMATJ5MT9KX2PJT9",0,0,0,,0,0,,0,,,0,,,,,,,,0,0,"Body dla seniora Alica24","Body dla seniora Alica24",-203,-197,"STANDARD",," V9099","PL-MF-000036129","Polstar Mateusz Ordyszewski",-11,"{
  ""texts"" : [ {
    ""language"" : {
      ""isoCode"" : ""pl"",
      ""name"" : ""Polish""
    },
    ""text"" : ""Polstar Mateusz Ordyszewski"",
    ""allLanguagesApplicable"" : false
  } ]
}",,-1306,,,,,,,,
1599539,"01KH44ZV6VSKX4SCYW24RQHYZQ","d13eb246-c04e-4c75-8f1d-ff5fdc3756d1","MDT Diamond Coated Dental Burs","128810-45-54",-74,1,0,0,0,0,0,1,,1,"57291046197924","7291046DiamondnonStrlRE","b48b709a-d54a-4d45-a72f-9f71bc69d355","01H1GSTNGPMEAZD2WMR01BFMGM",0,0,0,,0,0,,0,,,1,,,,,,,,0,0,"Non-Sterile Diamond Coated Dental Burs",,-204,-197,"STANDARD",," Z12110102","IL-MF-000008464","MDT Micro Diamond Technologies Ltd.",-11,"{
  ""texts"" : [ {
    ""language"" : {
      ""isoCode"" : ""en"",
      ""name"" : ""English""
    },
    ""text"" : ""MDT Micro Diamond Technologies Ltd."",
    ""allLanguagesApplicable"" : null
  } ]
}","{
  ""texts"" : [ {
    ""language"" : {
      ""isoCode"" : ""en"",
      ""name"" : ""English""
    },
    ""text"" : ""MDT"",
    ""allLanguagesApplicable"" : null
  } ]
}",-1306,"Obelis s.a.","BE-AR-000000106","{
  ""texts"" : [ {
    ""language"" : {
      ""isoCode"" : ""en"",
      ""name"" : ""English""
    },
    ""text"" : ""Obelis s.a."",
    ""allLanguagesApplicable"" : null
  } ],
  ""textByDefaultLanguage"" : ""Obelis s.a.""
}",,,,,
4485964,"01M2S38RCHN15W29HXTK9CKVTP","8015f50b-4fb0-4eeb-abdb-89b80b2448e7","Juzo Soft","2002",-56,1,0,0,0,0,0,0,,1,"04071191387269","4018678M030405PHLY-010-AS","b1b47278-0227-4275-aff4-196e309ae175","01M27XRQX05TB01GQ5CWFCZH8H",0,0,0,,0,0,,0,,,0,,,,,,,,0,0,"Medical compression garments PH/LY- stockings / pantyhose / sleeves",,-203,-197,"STANDARD",," M030405","DE-MF-000009443","Julius Zorn GmbH",-11,"{
  ""texts"" : [ {
    ""language"" : {
      ""isoCode"" : ""de"",
      ""name"" : ""German""
    },
    ""text"" : ""Julius Zorn GmbH"",
    ""allLanguagesApplicable"" : null
  } ]
}","{
  ""texts"" : [ {
    ""language"" : {
      ""isoCode"" : ""de"",
      ""name"" : ""German""
    },
    ""text"" : ""Juzo"",
    ""allLanguagesApplicable"" : null
  } ]
}",-1306,,,,,"04071191387269",,,
210420,"01GP9P5AK36BXQNWQTEJJTZX7W","8793a69e-3ca3-4d2d-bbd4-58b70ea98db5","5x95 Cannula + Luer","EC0509521",-100,1,,,0,0,0,1,,1,"05051986013350","B-05051986013350","43688c2b-baed-46d2-8893-08c75fe7c697","01GP9P5AGPRGFZ551AFC7ZF04A",0,0,0,,0,0,,0,,,1,,,,,,,,0,0,"5x95 Cannula + Luer","EC0509521",-204,-53,"LEGACY",," L1207","GB-MF-000012187","Surgical Innovations Ltd.",-11,"{
  ""texts"" : [ {
    ""language"" : {
      ""isoCode"" : ""en"",
      ""name"" : ""English""
    },
    ""text"" : ""Surgical Innovations Ltd."",
    ""allLanguagesApplicable"" : null
  } ]
}",,-1306,"CS Life Sciences Europe Ltd","IE-AR-000004113","{
  ""texts"" : [ {
    ""language"" : {
      ""isoCode"" : ""en"",
      ""name"" : ""English""
    },
    ""text"" : ""CS Life Sciences Europe Ltd"",
    ""allLanguagesApplicable"" : null
  } ],
  ""textByDefaultLanguage"" : ""CS Life Sciences Europe Ltd""
}",,,,,
4478081,"01M2QVGEYKVX83AVA1RR63V28P","3ba4d821-8e73-4d3f-9922-23bf165d1356",,"IU 2507-00",-56,1,0,0,0,0,0,1,,1,"04042409040122","B-04042409040122","73bb0f15-c15f-45c9-b9ca-54b558e811f9","01M2QVGEY5PZYC42YHH8Q4PZG3",0,0,0,,0,0,,0,,,1,,,,,,,,0,0,,"Instrument",-203,-53,"LEGACY",," L091303","DE-MF-000005994","aap Implantate AG",-11,"{
  ""texts"" : [ {
    ""language"" : {
      ""isoCode"" : ""de"",
      ""name"" : ""German""
    },
    ""text"" : ""aap Implantate AG"",
    ""allLanguagesApplicable"" : null
  }, {
    ""language"" : {
      ""isoCode"" : ""en"",
      ""name"" : ""English""
    },
    ""text"" : ""aap Implantate AG"",
    ""allLanguagesApplicable"" : null
  } ]
}","{
  ""texts"" : [ {
    ""language"" : {
      ""isoCode"" : ""de"",
      ""name"" : ""German""
    },
    ""text"" : ""aap"",
    ""allLanguagesApplicable"" : null
  }, {
    ""language"" : {
      ""isoCode"" : ""en"",
      ""name"" : ""English""
    },
    ""text"" : ""aap"",
    ""allLanguagesApplicable"" : null
  } ]
}",-1306,,,,,,,,
1172725,"01K58TH3G8W8Q28HWGHH3K97NV","fcf0a9ca-75b8-4d63-849b-aae6319884a2","Abdominal Compress 35cm x 35cm 6 folds 20 wires With X-ray ETO sterile","ESY81833",-87,1,0,0,0,0,1,0,,1,"08684072261501","86840722ESY50000A65","aaeff0d4-3a3e-45cc-b84c-d8144604c5b1","01JBYAJ3HENAK9DG82686E1PC7",0,0,0,,0,0,,0,,,0,,,,,,,,0,0,"Sponge and Abdominal Compress With X-ray Sterile",,-204,-197,"STANDARD",," M0201020201","TR-MF-000028279","ERMED TIP MEDİKAL TİCARET A.Ş.",-11,"{
  ""texts"" : [ {
    ""language"" : {
      ""isoCode"" : ""en"",
      ""name"" : ""English""
    },
    ""text"" : ""ERMED TIP MEDİKAL TİCARET A.Ş."",
    ""allLanguagesApplicable"" : false
  } ]
}","{
  ""texts"" : [ {
    ""language"" : {
      ""isoCode"" : ""en"",
      ""name"" : ""English""
    },
    ""text"" : ""ERMED TIP MEDİKAL A.Ş."",
    ""allLanguagesApplicable"" : false
  } ]
}",-1306,,,,,"08684072261501",,,
1562465,"01KFD513HVKMVJJ3JTZHW9E9B9","12a769bc-f663-4c3f-bbb4-8cd687552516","High-Q-Bond Bracket Adhesive","400063 X2",-21,1,0,0,0,0,0,0,,3,"07290115053586","729011505400060AK","0e36a298-f6b8-4ffd-9977-e3e73b7b542f","01KFBBEHX3BFS4CWV081TG2WAF",0,0,0,,0,0,,0,,,0,,,,,,,,0,0,"Orthodontics (excluding primer)",,-204,-197,"STANDARD",," Q010407","IL-MF-000034121","B.J.M. Laboratories Ltd.",-11,"{
  ""texts"" : [ {
    ""language"" : {
      ""isoCode"" : ""en"",
      ""name"" : ""English""
    },
    ""text"" : ""B.J.M. Laboratories Ltd."",
    ""allLanguagesApplicable"" : false
  } ]
}",,-1306,"Obelis s.a.","BE-AR-000000106","{
  ""texts"" : [ {
    ""language"" : {
      ""isoCode"" : ""en"",
      ""name"" : ""English""
    },
    ""text"" : ""Obelis s.a."",
    ""allLanguagesApplicable"" : null
  } ],
  ""textByDefaultLanguage"" : ""Obelis s.a.""
}","07290115053364",,,,
1899456,"01KN60Z5KC24DC4GMZ2CJ3AD4Z","a4196579-a18d-4f44-a1ec-6c85bcb85dae","Prosert®","AM1T1UXL28,-2.0D",-56,1,0,0,0,0,1,0,,1,"06923033699147","B-06923033699147","8eff301a-b67c-4dd3-a184-4078d8b2fd95","01KN60Z5K3GABZEBGH36E3C9GG",0,0,0,,0,1,,0,,,0,,,,,,,,0,0,"Preloaded Intraocular Lens System","AM1T1UXL28,-2.0D",-205,-53,"LEGACY",," P030102100301","CN-MF-000003041","Eyebright Medical Technology (Beijing) Co., Ltd.",-11,"{
  ""texts"" : [ {
    ""language"" : {
      ""isoCode"" : ""en"",
      ""name"" : ""English""
    },
    ""text"" : ""Eyebright Medical Technology (Beijing) Co., Ltd."",
    ""allLanguagesApplicable"" : null
  } ],
  ""textByDefaultLanguage"" : ""Eyebright Medical Technology (Beijing) Co., Ltd.""
}",,-1306,"Lotus NL B.V.","NL-AR-000000121","{
  ""texts"" : [ {
    ""language"" : {
      ""isoCode"" : ""en"",
      ""name"" : ""English""
    },
    ""text"" : ""Lotus NL B.V."",
    ""allLanguagesApplicable"" : null
  } ]
}",,,,,
2683330,"01KSFQGWYMYCJ4PDG1TFM2N1XV","3ff72a7b-00ee-4d8d-b7f6-85b871d4a3cd","Trousse Universelle renforcée","S911101",-74,1,0,0,0,0,1,0,,1,"06932523023348","697170524PW2PacksQZ","4bc00fcb-c765-4131-af91-d1df4525bbcc","01K1ADE0EXASXT97MJCAX36GGC",0,0,0,,0,0,,0,,,0,,,,,,,,0,0,"Surgical Packs",,-203,-197,"STANDARD",," T0202","CN-MF-000022548","Jiangsu Medplus Non-woven Manufacturer Co.,Ltd.",-11,"{
  ""texts"" : [ {
    ""language"" : {
      ""isoCode"" : ""en"",
      ""name"" : ""English""
    },
    ""text"" : ""Jiangsu Medplus Non-woven Manufacturer Co.,Ltd."",
    ""allLanguagesApplicable"" : false
  } ]
}",,-1306,"MedPath GmbH","DE-AR-000000087","{
  ""texts"" : [ {
    ""language"" : {
      ""isoCode"" : ""de"",
      ""name"" : ""German""
    },
    ""text"" : ""MedPath GmbH"",
    ""allLanguagesApplicable"" : null
  } ]
}",,,,,
4385752,"01M26B800XFDV2H5YYD3V84682","542f68d0-1120-4f4f-834c-2fc66ecf0d25",,"3489",-100,1,0,0,0,0,0,0,,1,"00192253020611","063014000000000000001045Z","3edc04c1-d6ac-4ef1-a327-f3cc445e0da5","01M268CBQEJYHTC1G53RHZ43Y1",0,0,0,,0,0,,0,,,0,,,,,,,,0,0,"WEBRIL Cotton Undercast Padding, Regular Finish","WEBRIL Cotton Undercast Padding, Regular Finish",-203,-197,"STANDARD",," M0202030102","US-MF-000006765","Cardinal Health 200 LLC",-11,"{
  ""texts"" : [ {
    ""language"" : {
      ""isoCode"" : ""en"",
      ""name"" : ""English""
    },
    ""text"" : ""Cardinal Health 200 LLC"",
    ""allLanguagesApplicable"" : null
  } ]
}","{
  ""texts"" : [ {
    ""language"" : {
      ""isoCode"" : ""en"",
      ""name"" : ""English""
    },
    ""text"" : ""Cardinal Health"",
    ""allLanguagesApplicable"" : null
  } ]
}",-1306,"Cardinal Health Ireland Manufacturing Limited","IE-AR-000001988","{
  ""texts"" : [ {
    ""language"" : {
      ""isoCode"" : ""en"",
      ""name"" : ""English""
    },
    ""text"" : ""Cardinal Health Ireland Manufacturing Limited"",
    ""allLanguagesApplicable"" : null
  } ]
}","10192253020618",,,"00192253020604,00192253020611",
2543979,"01KS2B5KQ5C9WG0KJ50702943C","6dd86932-ebd3-489d-bb4f-2a46f7533d5d","Axiom","OPAF032",-74,1,0,0,0,0,0,1,,1,"03663394009010","36633940014QM","3a0d2979-6f1d-47b9-8319-176893ef4c0f","01KS21Y7W2Y7VW2GXPT36XCRGZ",0,0,0,,0,0,,0,,,0,,,,,,,,0,0,,"Try in component",-203,-197,"STANDARD",," Q010299","FR-MF-000000602","anthogyr",-11,"{
  ""texts"" : [ {
    ""language"" : {
      ""isoCode"" : ""fr"",
      ""name"" : ""French""
    },
    ""text"" : ""anthogyr"",
    ""allLanguagesApplicable"" : null
  } ]
}",,-1306,,,,,,,,
2193452,"01KQA0861SF5H31AT5CZDVFG20","0d57fa11-7d2f-4da0-8db6-76559ff7b14f","Natura","NA:C1:L3",-100,1,0,0,0,0,0,0,,2,"05052674058097","B-05052674058097","a641bdba-b9f9-4e27-8a4f-d2c298233af8","01KQA0860VZP98YXH131FCT725",0,0,0,,0,0,,0,,,0,,,,,,,,0,0,"NA:C1:L3","Natura Anterior Denture Teeth",-204,-53,"LEGACY",," P01020180","GB-MF-000035008","Davis Schottlander & Davis Ltd",-11,"{
  ""texts"" : [ {
    ""language"" : {
      ""isoCode"" : ""en"",
      ""name"" : ""English""
    },
    ""text"" : ""Davis Schottlander & Davis Ltd"",
    ""allLanguagesApplicable"" : false
  } ]
}","{
  ""texts"" : [ {
    ""language"" : {
      ""isoCode"" : ""en"",
      ""name"" : ""English""
    },
    ""text"" : ""Schottlander"",
    ""allLanguagesApplicable"" : false
  } ]
}",-1306,"Schottlander (IRL) Ltd","IE-AR-000029625","{
  ""texts"" : [ {
    ""language"" : {
      ""isoCode"" : ""en"",
      ""name"" : ""English""
    },
    ""text"" : ""Schottlander (IRL) Ltd"",
    ""allLanguagesApplicable"" : false
  } ]
}",,,,,
3429263,"01KWSJMM35EAG95JKAZKRK60J5","85edd1a5-46fb-4bd1-9e01-3f8f86c17284","Kształtka Rehabilitacyjna","KRK.20x25x10.1628",-175,1,0,0,0,0,0,0,,1,"05904933181070","59049331ksztalkaKF","5f34125b-f49d-4dce-89cf-57cf151bb995","01KWP29NPHFM187R702K3Y8ZX1",0,0,0,,0,0,,0,,,0,,,,,,,,0,0,"Kształtka Rehabilitacyjna","Kształtka Rehabilitacyjna",-203,-197,"STANDARD",," V080302","PL-MF-000036129","Polstar Mateusz Ordyszewski",-11,"{
  ""texts"" : [ {
    ""language"" : {
      ""isoCode"" : ""pl"",
      ""name"" : ""Polish""
    },
    ""text"" : ""Polstar Mateusz Ordyszewski"",
    ""allLanguagesApplicable"" : false
  } ]
}",,-1306,,,,,,,,
1010830,"01JZ06H6M3DXYGKDGMTRWEJ4K8","39f455a6-f0d2-43a3-ab0f-88c3c8744825","VEIN-O-LINE® MARVEL PLUS","GS-3153",-13,1,0,0,0,0,1,0,,1,"08907265315301","8907265C011YL","9a35d366-4b36-4bd8-8317-cc0ae7200688","01JXVP4RPEAHAGEWM8710WY4KM",0,1,0,,0,0,,0,,,0,,,,,,,,0,0,"EXTENSION LINES","EXTENSION LINES",-204,-197,"STANDARD",," A03020101","IN-MF-000036506","Romsons Group Private Limited",-11,"{
  ""texts"" : [ {
    ""language"" : {
      ""isoCode"" : ""en"",
      ""name"" : ""English""
    },
    ""text"" : ""Romsons Group Private Limited"",
    ""allLanguagesApplicable"" : false
  } ]
}","{
  ""texts"" : [ {
    ""language"" : {
      ""isoCode"" : ""en"",
      ""name"" : ""English""
    },
    ""text"" : ""RGPL"",
    ""allLanguagesApplicable"" : false
  } ]
}",-1306,"Obelis s.a.","BE-AR-000000106","{
  ""texts"" : [ {
    ""language"" : {
      ""isoCode"" : ""en"",
      ""name"" : ""English""
    },
    ""text"" : ""Obelis s.a."",
    ""allLanguagesApplicable"" : null
  } ],
  ""textByDefaultLanguage"" : ""Obelis s.a.""
}",,,,,
4261517,"01M1HQ2VK63S3008XP0YTTNE5G","1eb9a0c1-3cb0-45f7-bcab-271413daff0d","TR SPINE","TRHFMFSS7535 ",-245,1,,,0,0,0,1,,1,"08680539105937","B-08680539105937","14bcd614-f6b0-4d7c-9263-c1039fe4ec09","01M1HQ2VHNRW1PP3VFX6471K8K",0,0,0,,0,1,,0,,,0,,,,,,,,0,0,"M.2016.106.7230",,-205,-53,"LEGACY",," P09070302","TR-MF-000026734","CK GRUP TIBBİ MALZEMELER İNŞAAT TAAHHÜT TURİZM TAŞIMACILIK TEMİZLİK GIDA TEKSTİL SANAYİ VE TİCARET LİMİTED ŞİRKETİ",-11,"{
  ""texts"" : [ {
    ""language"" : {
      ""isoCode"" : ""en"",
      ""name"" : ""English""
    },
    ""text"" : ""CK GRUP TIBBİ MALZEMELER İNŞAAT TAAHHÜT TURİZM TAŞIMACILIK TEMİZLİK GIDA TEKSTİL SANAYİ VE TİCARET LİMİTED ŞİRKETİ"",
    ""allLanguagesApplicable"" : false
  } ]
}","{
  ""texts"" : [ {
    ""language"" : {
      ""isoCode"" : ""en"",
      ""name"" : ""English""
    },
    ""text"" : ""CK GRUP TIBBİ MALZEMELER"",
    ""allLanguagesApplicable"" : false
  } ]
}",-1306,,,,,,,,
2385426,"01KRH30RHMKABFK7GD83FHC3FA","33bfa200-f214-4e12-aac7-1707a825eff5","SMAHA LIGATURE PLIER 14CM STR","D-132-200",-67,1,0,0,0,0,0,1,,1,"08961104040137","896110404PLIERCLASSI7Q","33a6dc05-0b5c-438b-ae22-922704e41832","01K53WV7M7ET7QDRJF6V0W6D9X",0,0,0,,0,0,,0,,,0,,,,,,,,0,0,"SCREW TECH BRACKET REMOVING PLIER WITH PLASTIC TIP , 13CM  ",,-203,-197,"STANDARD",," L150702","PK-MF-000031202","Mark One Surgical",-11,"{
  ""texts"" : [ {
    ""language"" : null,
    ""text"" : ""Mark One Surgical"",
    ""allLanguagesApplicable"" : true
  } ]
}",,-1306,"KHANG BAO INTERNATIONAL KFT","HU-AR-000034102","{
  ""texts"" : [ {
    ""language"" : {
      ""isoCode"" : ""en"",
      ""name"" : ""English""
    },
    ""text"" : ""KHANG BAO INTERNATIONAL KFT"",
    ""allLanguagesApplicable"" : false
  } ]
}",,,,,
4184489,"01M131VREVNX5ZR8M3M9XBZREG","2f56c9a2-0160-45d2-b88a-f9e1c8e21345",,"441171280",-56,1,0,0,0,0,0,1,,1,"06912547159384","6903095INSDFN0179","3b2eb885-0e67-40c1-93cb-d96add8be53f","01KKDE3P97W09Z9QKQ5F5S9PHW",0,0,0,,0,1,,0,,,0,,,,,,,1,0,0,"Sterile and Non-Sterile Intramedullary Nailing System","WGA2Z01",-205,-197,"STANDARD",," P09120201","CN-MF-000019785","Shandong Weigao Orthopaedic Device Company Limited.",-11,"{
  ""texts"" : [ {
    ""language"" : {
      ""isoCode"" : ""en"",
      ""name"" : ""English""
    },
    ""text"" : ""Shandong Weigao Orthopaedic Device Company Limited."",
    ""allLanguagesApplicable"" : null
  } ]
}","{
  ""texts"" : [ {
    ""language"" : {
      ""isoCode"" : ""en"",
      ""name"" : ""English""
    },
    ""text"" : ""Wegortho"",
    ""allLanguagesApplicable"" : null
  } ]
}",-1306,"Shanghai International Holding Corp. GmbH(Europe)","DE-AR-000000001","{
  ""texts"" : [ {
    ""language"" : {
      ""isoCode"" : ""de"",
      ""name"" : ""German""
    },
    ""text"" : ""Shanghai International Holding Corp. GmbH(Europe)"",
    ""allLanguagesApplicable"" : null
  } ]
}",,,,,
2756103,"01KSJCCG8HHYNNDZ9QZ6QSRA9F","5c55e9f4-c043-42c7-b9a8-9adb9b95dc29","FinnComfort","05068-903041",-56,1,0,0,1,0,0,0,,1,"04030457519776","4030457-FinnCo-001-MN","3f3b99d2-4122-41dd-aeb4-f7c39ddbf3fc","01KR3AHVVTKD99Q52VK8V9XTW7",0,0,0,,0,0,,0,,,0,,,,,,,,0,0,"FinnComfort",,-203,-197,"STANDARD",," Y063303","DE-MF-000016907","Waldi Schuhfabrik GmbH",-11,"{
  ""texts"" : [ {
    ""language"" : {
      ""isoCode"" : ""de"",
      ""name"" : ""German""
    },
    ""text"" : ""Waldi Schuhfabrik GmbH"",
    ""allLanguagesApplicable"" : null
  } ]
}","{
  ""texts"" : [ {
    ""language"" : {
      ""isoCode"" : ""de"",
      ""name"" : ""German""
    },
    ""text"" : ""FinnComfort"",
    ""allLanguagesApplicable"" : null
  } ]
}",-1306,,,,,"04030457519776",,,
2236448,"01KQYHNFMSCPZJ8XDT7WY30Z8A","1cdc521d-7770-45d9-a14e-d198b1a5dfdd","LorX® Cervical Titanium Cage 17x14x6mm","LX-65-746",-245,1,,,0,0,1,0,,1,"08682408127453","B-08682408127453","7fdebfd2-60db-4ba0-939f-256fa2e56f16","01KQYHNFKM4H7K15R883HJ0TW7",0,0,0,,0,1,,0,,,0,,,,-116,,,,0,0,"LorX® Cervical Titanium Cage 17x14x6mm","LorX® Cervical Titanium Cage 17x14x6mm",-205,-53,"LEGACY",," P09070101","TR-MF-000017385","Tria Spine Medikal A.Ş.",-11,"{
  ""texts"" : [ {
    ""language"" : null,
    ""text"" : ""Tria Spine Medikal A.Ş."",
    ""allLanguagesApplicable"" : true
  } ],
  ""textByDefaultLanguage"" : null
}","{
  ""texts"" : [ {
    ""language"" : null,
    ""text"" : ""Tria Spine Medikal"",
    ""allLanguagesApplicable"" : true
  } ],
  ""textByDefaultLanguage"" : null
}",-1306,,,,,,,,
562954,"01HWNHVYXDB8DAHZNQGWVA87G5","48b372a1-05df-4c0e-bf6b-7757bab588be","BioStep CL, Size 28, Left, Rate 42","BSCL-28L-42",-108,1,0,0,0,0,0,0,,1,"00713980017417","0713980100040017E","91e7eb17-0a8f-4a7b-9a94-de70600b5630","01HS14CDNT6KHRS974KCZESB8N",0,0,0,,0,0,,0,,,0,,,,,,,,0,0,"BIOSTEP CL",,-203,-197,"STANDARD",," Y062499","US-MF-000001260","Alps South, LLC",-11,"{
  ""texts"" : [ {
    ""language"" : {
      ""isoCode"" : ""en"",
      ""name"" : ""English""
    },
    ""text"" : ""Alps South, LLC"",
    ""allLanguagesApplicable"" : null
  } ]
}",,-1306,"AR Experts B.V.","NL-AR-000023989","{
  ""texts"" : [ {
    ""language"" : {
      ""isoCode"" : ""nl"",
      ""name"" : ""Dutch""
    },
    ""text"" : ""AR Experts B.V."",
    ""allLanguagesApplicable"" : false
  } ],
  ""textByDefaultLanguage"" : null
}",,,,,
3070100,"01KT9ACG76Z99NWZB827H09Z5Q","c073d015-c2e4-4f3f-a7bf-1311313edb93","Vacuform 2.0 Siliplus 75 x 100 cm ","37065005",-56,1,0,0,0,0,0,0,,1,"04250603601715","42506036VAKUUMKISSEN6H","1515f07c-e1fa-4d78-aeae-ec54dc38c52c","01GQ4R1B4EYK0JEB52HDRXZZ68",0,0,0,,0,0,,0,,,0,,,,,,,,0,0,"Vakuummatratze",,-203,-197,"STANDARD",," V080702","DE-MF-000022478","B.u.W. Schmidt GmbH",-11,"{
  ""texts"" : [ {
    ""language"" : {
      ""isoCode"" : ""de"",
      ""name"" : ""German""
    },
    ""text"" : ""B.u.W. Schmidt GmbH"",
    ""allLanguagesApplicable"" : false
  } ]
}",,-1306,,,,,,,,
825108,"01JKANYDCQJT2H35WZV13SVG9F","d0b679fc-9d92-4489-8912-9af8d3c17a50","Sweden & Martina","ZGSL-INT",-108,1,,,0,0,0,1,,1,"+D7701515163","B-+D7701515163","f8a51b23-1a43-452e-b4e9-fe446bad4218","01JKANYDAKAYRQZ3E913NEEHEV",0,0,0,,0,0,,0,,,0,,,,-116,,,,0,0,,"Surgical Instrument",-204,-53,"LEGACY",," L159099","IT-MF-000007391","SWEDEN & MARTINA S.P.A.",-11,"{
  ""texts"" : [ {
    ""language"" : {
      ""isoCode"" : ""it"",
      ""name"" : ""Italian""
    },
    ""text"" : ""SWEDEN & MARTINA S.P.A."",
    ""allLanguagesApplicable"" : null
  } ]
}",,-1306,,,,,,,,
4453603,"01M2N8GMZFB9C8CFF2JS2Z9PQV","afce44a9-3fc0-4f3a-82ab-9c02beb8dc6b","P.F. Nail - Left 10 mm 135°","180.L10.135.44",,1,0,0,0,0,0,1,,1,"08905827051575","B-08905827051575","6bde4bd5-25e5-4007-af0b-de0b81842bf8","01M2N8GMYTD15QZMVEJXK2K7SR",0,0,0,,0,1,,0,,,0,,,,,,,,0,0,"IM Nail Non Cannulated (SS)",,-205,-53,"LEGACY",," P09120201","IN-MF-000026763","Nebula Surgical Private Limited",-12,"{
  ""texts"" : [ {
    ""language"" : {
      ""isoCode"" : ""en"",
      ""name"" : ""English""
    },
    ""text"" : ""Nebula Surgical Private Limited"",
    ""allLanguagesApplicable"" : false
  } ],
  ""textByDefaultLanguage"" : ""Nebula Surgical Private Limited""
}",,-1306,"CMC Medical Devices & Drugs SL","ES-AR-000000293","{
  ""texts"" : [ {
    ""language"" : {
      ""isoCode"" : ""es"",
      ""name"" : ""Spanish""
    },
    ""text"" : ""CMC Medical Devices & Drugs SL"",
    ""allLanguagesApplicable"" : null
  } ]
}",,,,,
1828880,"01KMKX8QNDEP4STYBJA00XGPVT","1b7b71f0-335b-4878-8c11-081b2718857b","Max Vision®","AM6UXL24,+18.0D",-56,1,0,0,0,0,1,0,,1,"06926959172909","B-06926959172909","a008c7fa-a62e-4857-84e4-4c061dd46a54","01KMKX8QN12CJEN5XZ926J8596",0,0,0,,0,1,,0,,,0,,,,,,,,0,0,"Preloaded Intraocular Lens System","AM6UXL24,+18.0D",-205,-53,"LEGACY",," P030102100201","CN-MF-000003041","Eyebright Medical Technology (Beijing) Co., Ltd.",-11,"{
  ""texts"" : [ {
    ""language"" : {
      ""isoCode"" : ""en"",
      ""name"" : ""English""
    },
    ""text"" : ""Eyebright Medical Technology (Beijing) Co., Ltd."",
    ""allLanguagesApplicable"" : null
  } ],
  ""textByDefaultLanguage"" : ""Eyebright Medical Technology (Beijing) Co., Ltd.""
}",,-1306,"Lotus NL B.V.","NL-AR-000000121","{
  ""texts"" : [ {
    ""language"" : {
      ""isoCode"" : ""en"",
      ""name"" : ""English""
    },
    ""text"" : ""Lotus NL B.V."",
    ""allLanguagesApplicable"" : null
  } ]
}",,,,,
2817460,"01KSMQHWMKX7HAKXQ3M2BA2TKF","09eea3b4-a030-4c4f-b3e6-f9b9d7a239c7","NeoBurr ","FG.TC 8SL",-56,1,1,0,0,0,1,0,,1,"00840221632464","08402216NBSMUDP","379aab95-3c57-4087-a4a9-c4023d9afd00","01KSJ9SG9Q042VKEP1ERHFJHRB",0,0,0,,0,0,,0,,,0,,,,,,,,0,0,"Tungsten carbide Burs – Pre-Sterile ",,-204,-197,"STANDARD",," Z12110102","US-MF-000012637","Microcopy, A Division of Neo-Flo, Inc.",-11,"{
  ""texts"" : [ {
    ""language"" : {
      ""isoCode"" : ""en"",
      ""name"" : ""English""
    },
    ""text"" : ""Microcopy, A Division of Neo-Flo, Inc."",
    ""allLanguagesApplicable"" : null
  } ]
}","{
  ""texts"" : [ {
    ""language"" : {
      ""isoCode"" : ""en"",
      ""name"" : ""English""
    },
    ""text"" : ""Microcopy Dental"",
    ""allLanguagesApplicable"" : null
  } ]
}",-1306,"Obelis s.a.","BE-AR-000000106","{
  ""texts"" : [ {
    ""language"" : {
      ""isoCode"" : ""en"",
      ""name"" : ""English""
    },
    ""text"" : ""Obelis s.a."",
    ""allLanguagesApplicable"" : null
  } ],
  ""textByDefaultLanguage"" : ""Obelis s.a.""
}",,,,,
2775142,"01KSK2FA6RV2SP12X3NKYYRBG5","26d14006-aa6d-44fb-a945-cd917c8b048a","NeoDiamond ","172-012M",-56,1,0,0,0,0,1,0,,1,"00840221606199","08402216NDSMUE5","972585f2-54ce-44ac-a8aa-dead99bd3d63","01KSJ4T6ZC5XRNP760HCNW54H6",0,0,0,,0,0,,0,,,0,,,,,,,,0,0,"Diamond Burs pre-sterile ",,-204,-197,"STANDARD",," Z12110102","US-MF-000012637","Microcopy, A Division of Neo-Flo, Inc.",-11,"{
  ""texts"" : [ {
    ""language"" : {
      ""isoCode"" : ""en"",
      ""name"" : ""English""
    },
    ""text"" : ""Microcopy, A Division of Neo-Flo, Inc."",
    ""allLanguagesApplicable"" : null
  } ]
}","{
  ""texts"" : [ {
    ""language"" : {
      ""isoCode"" : ""en"",
      ""name"" : ""English""
    },
    ""text"" : ""Microcopy Dental"",
    ""allLanguagesApplicable"" : null
  } ]
}",-1306,"Obelis s.a.","BE-AR-000000106","{
  ""texts"" : [ {
    ""language"" : {
      ""isoCode"" : ""en"",
      ""name"" : ""English""
    },
    ""text"" : ""Obelis s.a."",
    ""allLanguagesApplicable"" : null
  } ],
  ""textByDefaultLanguage"" : ""Obelis s.a.""
}",,,,,
3391141,"01KWEG3N5XYG004AF3RADCQDEW","251ce312-d1aa-4c7c-8125-55a358e1ad39","Gnathostar Set of 8 LD88 2A","517195",-126,1,0,0,0,0,0,0,,1,"07615208426809","76152082APROS004VZ","2a1db2f1-529e-4db2-8f50-b9a4268190e2","01KJPX0WQ6Q00J3ETXJD4JKDVS",0,0,0,,0,0,,0,,,0,,,,,,,,0,0,"Ivostar / Gnathostar, Ivocryl, Resin Teeth / DCL / PE, Resin Teeth S PE / S DCL, SR Phonares II",,-204,-197,"STANDARD",," Q010699","LI-MF-000000522","Ivoclar Vivadent AG",-11,"{
  ""texts"" : [ {
    ""language"" : {
      ""isoCode"" : ""de"",
      ""name"" : ""German""
    },
    ""text"" : ""Ivoclar Vivadent AG"",
    ""allLanguagesApplicable"" : null
  } ]
}",,-1306,,,,,,,,
3502188,"01KX3NG8EM88XZSEQS2ZT7R0QG","8fff5ad8-4f94-409a-b643-b546c6b63b9b",,"XPNCL713-10-NL1",-162,1,0,0,0,0,0,0,,1,"05024310902828","5024310X9478","fc4976be-b96e-4746-80af-39c1f7ef849c","01KWYQHGW9JVGRXQBGPAWAR8VF",0,0,1,,0,0,,0,,,0,,,,,,,,0,0,,"Flair Active",-203,-197,"STANDARD",," A100199","GB-MF-000033194","Welland Medical Ltd",-11,"{
  ""texts"" : [ {
    ""language"" : {
      ""isoCode"" : ""en"",
      ""name"" : ""English""
    },
    ""text"" : ""Welland Medical Ltd"",
    ""allLanguagesApplicable"" : false
  } ]
}","{
  ""texts"" : [ {
    ""language"" : {
      ""isoCode"" : ""en"",
      ""name"" : ""English""
    },
    ""text"" : ""Welland"",
    ""allLanguagesApplicable"" : false
  } ]
}",-1306,"Advena Limited","MT-AR-000000234","{
  ""texts"" : [ {
    ""language"" : {
      ""isoCode"" : ""en"",
      ""name"" : ""English""
    },
    ""text"" : ""Advena Limited"",
    ""allLanguagesApplicable"" : null
  } ]
}",,,,,
2517565,"01KS0AFWV2R477FW4XQZKQFCG0","f781c238-ee51-49c1-9ff1-f13b623559fb",,"KKA063633C",-108,1,0,0,0,0,0,0,,1,"08057147015758","8057147TTL008XZ","7cd3829c-5a16-4900-95e5-d25efc20ef75","01KS046FWDS1XE704VERP33X0E",0,0,0,,0,0,,0,,,0,,,,,,,,0,0,,"TECHNE RX",-203,-197,"STANDARD",," L0399","IT-MF-000027104","UNIVET LOUPES SPA",-11,"{
  ""texts"" : [ {
    ""language"" : {
      ""isoCode"" : ""it"",
      ""name"" : ""Italian""
    },
    ""text"" : ""UNIVET LOUPES SPA"",
    ""allLanguagesApplicable"" : false
  } ]
}",,-1306,,,,,,,,
4696211,"01M3B0PYHTFA99YG2T7BHV643Z","c78474bf-0d20-4b6f-8ce2-58eff80e6e71","Lastofa","01520404570100",-56,1,0,0,0,0,0,0,,1,"04018839039371","4018839K019G","9a3a9ab3-d2ac-444c-92d4-76f226b5a6fa","01KTP84J98X84HQ0AE8RCSYQRD",0,0,0,,0,0,,0,,,0,,,,,,,,0,0,"Rundstrick","Rundstrick",-203,-197,"STANDARD",," M030405","DE-MF-000008470","Ofa Bamberg GmbH",-11,"{
  ""texts"" : [ {
    ""language"" : {
      ""isoCode"" : ""de"",
      ""name"" : ""German""
    },
    ""text"" : ""Ofa Bamberg GmbH"",
    ""allLanguagesApplicable"" : null
  } ]
}","{
  ""texts"" : [ {
    ""language"" : {
      ""isoCode"" : ""de"",
      ""name"" : ""German""
    },
    ""text"" : ""Ofa"",
    ""allLanguagesApplicable"" : null
  } ]
}",-1306,,,,,"04018839039371",,,
3844489,"01KZ37122RQKDM5TV06XWD4NZP","c7442af5-2ec2-4152-8d2d-0d1598b460c5",,"41.318.071.01-2",-67,1,0,0,0,0,0,1,,1,"08436568732046","843656873DTIBASE02SC","dbf490e7-018b-4e28-ac07-bc1addbd75b7","01KZ36X7MS93WKG7AA266PWK6H",0,0,0,,0,1,,0,,,0,,,,,,,1,0,0,"SCREW","DTIBASE02",-205,-197,"STANDARD",," P01020180","ES-MF-000004601","Talladium España, S.L.",-11,"{
  ""texts"" : [ {
    ""language"" : {
      ""isoCode"" : ""es"",
      ""name"" : ""Spanish""
    },
    ""text"" : ""Talladium España, S.L."",
    ""allLanguagesApplicable"" : null
  } ],
  ""textByDefaultLanguage"" : null
}",,-1306,,,,,,,,
4068330,"01M0BB27N74284ZS7GSTN7NHPS","1557f4a0-dd4e-478b-88f7-7df69a52e1a8","AcoArt Tulip","TUL10080BG",-56,1,0,0,0,0,1,0,,1,"06955139287461","B-06955139287461","303ca5b0-8d5f-4484-ba81-7fa4c07dde96","01M0BB27KTWP1W6ZDEJPPXZD7P",0,1,0,,0,0,,0,,,0,,,,,,,,0,1,"Drug Eluting Balloon Catheters (AcoArt Tulip)","TUL12120FG",-10,-53,"LEGACY",," C010402020101","CN-MF-000015843","Acotec Scientific Co., Ltd",-11,"{
  ""texts"" : [ {
    ""language"" : {
      ""isoCode"" : ""en"",
      ""name"" : ""English""
    },
    ""text"" : ""Acotec Scientific Co., Ltd"",
    ""allLanguagesApplicable"" : null
  } ],
  ""textByDefaultLanguage"" : ""Acotec Scientific Co., Ltd""
}",,-1306,"MedDevConsult GmbH","DE-AR-000005877","{
  ""texts"" : [ {
    ""language"" : {
      ""isoCode"" : ""de"",
      ""name"" : ""German""
    },
    ""text"" : ""MedDevConsult GmbH"",
    ""allLanguagesApplicable"" : null
  } ]
}",,,,,
2209767,"01KQSKCQ21H4SDJAAREVVS0GQA","833752ad-7f1e-4491-9632-69fc87c93156","VenoTrain soft S, AD, Ccl 1, Special heel,
closed toe, M Normal long, French Lavender","21280015404232",-56,1,0,0,0,0,0,0,,1,"04057532652487","4046445SOFs00000005D","5b0827d7-720b-4b23-a4f0-5d7344b224e1","01KPWYSHFMFWCT4FRJQ6M7R1J8",0,0,0,,0,0,,0,,,0,,,,,,,,0,0,"VenoTrain soft S",,-203,-197,"STANDARD",," M030405","DE-MF-000007543","Bauerfeind AG",-11,"{
  ""texts"" : [ {
    ""language"" : {
      ""isoCode"" : ""de"",
      ""name"" : ""German""
    },
    ""text"" : ""Bauerfeind AG"",
    ""allLanguagesApplicable"" : null
  } ]
}",,-1306,,,,,,,,
586576,"01HXRJ1A0T51J26DMD1EWMWWY5","ed2bce83-3a5d-4ea3-8fd2-2839bd50aab7","KNO NEUS TRAY SG","115065AF",,1,,,,,1,0,,1,"08710685124916","8710685TF07001002RZ","1181927e-b819-46c5-a70b-8f3787dce932","01GVG7VX4BFNGKNFJN0XGKXK0A",,,,,,,,,,,,,,,-541,,,,,,"Custom Procedure Trays",,-204,-197,"SPP","No"," V0599","NL-PR-000000117","Medica Europe B.V.",-11,"{
  ""texts"" : [ {
    ""language"" : {
      ""isoCode"" : ""nl"",
      ""name"" : ""Dutch""
    },
    ""text"" : ""Medica Europe B.V."",
    ""allLanguagesApplicable"" : null
  } ]
}","{
  ""texts"" : [ {
    ""language"" : {
      ""isoCode"" : ""nl"",
      ""name"" : ""Dutch""
    },
    ""text"" : ""Medica Europe B.V."",
    ""allLanguagesApplicable"" : null
  } ]
}",-1306,,,,,,,,
1495763,"01KEBVXMPWM2P3PCK6JVFVV865","e73327fe-e5df-4815-9313-738700f173d7","Beinhochlagerungsschiene Kunstleder jade 90x26x20 cm","125024",-56,1,0,0,0,0,0,0,,1,"04001363002294","4001363PFLH001B7","4417fc5a-1452-4cb0-a51d-445627253c1d","01HSTZY4FXP008426ZT4FHJ06B",0,0,0,,0,0,,0,,,0,,,,,,,,0,0,"Lagerungshilfen",,-203,-197,"STANDARD",," V080302","DE-MF-000005057","POLYFORM-Kunststofftechnik GmbH &Co. Betriebs KG",-11,"{
  ""texts"" : [ {
    ""language"" : {
      ""isoCode"" : ""de"",
      ""name"" : ""German""
    },
    ""text"" : ""POLYFORM-Kunststofftechnik GmbH &Co. Betriebs KG"",
    ""allLanguagesApplicable"" : null
  } ]
}","{
  ""texts"" : [ {
    ""language"" : {
      ""isoCode"" : ""de"",
      ""name"" : ""German""
    },
    ""text"" : ""POLYFORM GmbH & Co. KG"",
    ""allLanguagesApplicable"" : null
  } ]
}",-1306,,,,,"04001363002294",,,
2443943,"01KRP7WYVWG7AEBWNJSH80GW8M","8ac0060d-272d-46dc-9e5f-f2604851c7c1","KARAOĞLU","KC300.03B",-245,1,0,0,0,0,0,1,,1,"08699041710355","8699041KARAOGLU13730JK","53719fda-1abd-4719-97e0-4fb05b2f6d43","01KRP21MJTXNEZN3B0A6TB0K3E",0,0,0,,0,0,,0,,,1,,,,,,,,0,0,"STERILIZATION CONTAINER SYSTEMS","KARAOĞLU",-203,-197,"STANDARD",," S010499","TR-MF-000041867","KARAOĞLU BASKÜL VE CERRAHİ ALETLER İMAL. SAN. TİC. LTD. ŞTİ",-11,"{
  ""texts"" : [ {
    ""language"" : null,
    ""text"" : ""KARAOĞLU BASKÜL VE CERRAHİ ALETLER İMAL. SAN. TİC. LTD. ŞTİ"",
    ""allLanguagesApplicable"" : true
  } ],
  ""textByDefaultLanguage"" : null
}","{
  ""texts"" : [ {
    ""language"" : null,
    ""text"" : ""Karaoğlu"",
    ""allLanguagesApplicable"" : true
  } ],
  ""textByDefaultLanguage"" : null
}",-1306,,,,,,,,
1210531,"01K774GAYSC9VV7WMARNEEW7V5","043c9112-83d9-4a0f-a549-542b83f95026","MONTEREY 2 STRAPS MED","MF315541004350",-175,1,0,0,1,0,0,0,,1,"08004373494772","805714973BIOPRINT9T","26c85f07-bdf1-4393-867c-af9022e12400","01JYPE4RW7GM5CWQWPE4P5A5RX",0,0,0,,0,0,,0,,,0,,,,,,,,0,0,"SCHOLL BIOPRINT/BIOPRINT ADAPTA SHOES",,-203,-197,"STANDARD",," Y061203,Y063303","IT-MF-000038685","Health and Fashion Shoes Italia SpA",-11,"{
  ""texts"" : [ {
    ""language"" : {
      ""isoCode"" : ""en"",
      ""name"" : ""English""
    },
    ""text"" : ""Health and Fashion Shoes Italia SpA"",
    ""allLanguagesApplicable"" : false
  } ]
}","{
  ""texts"" : [ {
    ""language"" : {
      ""isoCode"" : ""en"",
      ""name"" : ""English""
    },
    ""text"" : ""H&FS Italia Spa"",
    ""allLanguagesApplicable"" : false
  } ]
}",-1306,,,,,,,,
3411043,"01KWHCEDSQ5BYHAMSAKJ5RQYJF","681bdbd7-0c71-4085-9c0c-2a2df573caa8","Kołdra Obciążeniowa","KCEG.90x140.1,75kg",-175,1,0,0,0,0,0,0,,1,"05905455036954","5905455KoldryAlica24QF","1f26c18d-0bb3-4479-9e62-47af3420e7dd","01JERZK67MVMFEK051487AGG18",0,0,0,,0,0,,0,,,0,,,,,,,,0,0,"Kołdra Obciążeniowa","Kołdra Obciążeniowa ",-203,-197,"STANDARD",," V9099","PL-MF-000036129","Polstar Mateusz Ordyszewski",-11,"{
  ""texts"" : [ {
    ""language"" : {
      ""isoCode"" : ""pl"",
      ""name"" : ""Polish""
    },
    ""text"" : ""Polstar Mateusz Ordyszewski"",
    ""allLanguagesApplicable"" : false
  } ]
}",,-1306,,,,,,,,
2599220,"01KS5A28N1ANADA10PVXVEW6AD","80d86716-3723-4f25-a7ba-0980137a1246",,"05993023158719",-98,1,0,0,0,0,1,0,,1,"05993023158719","599302677TAYU3","b9167a98-2c3c-4981-8381-1cd361e505a3","01KS58FAZ28VTZ54EX56RGVXRN",0,0,0,,0,1,,0,,,0,,,,,,,0,0,0,,"677TAY",-205,-197,"STANDARD",," P030102090302","HU-MF-000024195","Medicontur Medical Engineering Ltd.",-11,"{
  ""texts"" : [ {
    ""language"" : {
      ""isoCode"" : ""en"",
      ""name"" : ""English""
    },
    ""text"" : ""Medicontur Medical Engineering Ltd."",
    ""allLanguagesApplicable"" : false
  }, {
    ""language"" : {
      ""isoCode"" : ""hu"",
      ""name"" : ""Hungarian""
    },
    ""text"" : ""Medicontur Zrt."",
    ""allLanguagesApplicable"" : false
  } ],
  ""textByDefaultLanguage"" : ""Medicontur Medical Engineering Ltd.""
}",,-1306,,,,,,,,
4023052,"01M009Y3VRY1WBFS1S6KBT43XK","54d59bb6-5ed0-4baf-a093-5660b3b0b06b",,"LF1923REM",,1,,,,,0,0,,1,"00763000637613","0763000B00009107W","d8876a50-5b9b-4de4-b4f5-ad176bc732fc","01KSQEVXKRWYH32W9XDYT2DT94",,,,,,,,,,,,,,,-541,,,,,,"Thoracic Surgery Procedure Pack",,-10,-197,"SPP","Торакална хирургия"," V9099","US-PR-000013794","Covidien llc",-11,"{
  ""texts"" : [ {
    ""language"" : {
      ""isoCode"" : ""en"",
      ""name"" : ""English""
    },
    ""text"" : ""Covidien llc"",
    ""allLanguagesApplicable"" : null
  } ]
}",,-1306,,,,,,,,
4687702,"01M3A0X5Z7GEEKHE2M1V1EPE14","f44478ae-8f50-438e-8e1e-4675f6451d5d","Lastofa","01510406584400",-56,1,0,0,0,0,0,0,,1,"04052727203505","4018839K019G","9a3a9ab3-d2ac-444c-92d4-76f226b5a6fa","01KTP84J98X84HQ0AE8RCSYQRD",0,0,0,,0,0,,0,,,0,,,,,,,,0,0,"Rundstrick","Rundstrick",-203,-197,"STANDARD",," M030405","DE-MF-000008470","Ofa Bamberg GmbH",-11,"{
  ""texts"" : [ {
    ""language"" : {
      ""isoCode"" : ""de"",
      ""name"" : ""German""
    },
    ""text"" : ""Ofa Bamberg GmbH"",
    ""allLanguagesApplicable"" : null
  } ]
}","{
  ""texts"" : [ {
    ""language"" : {
      ""isoCode"" : ""de"",
      ""name"" : ""German""
    },
    ""text"" : ""Ofa"",
    ""allLanguagesApplicable"" : null
  } ]
}",-1306,,,,,"04052727203505",,,
4646205,"01M36MJKWXARKZGTHH6B0DBTHA","c53c8771-7302-4597-89d8-15c5c453909a","30° OsteoPlan Angled Abutment.SHC.RP.H3,5mm.","OCPCA330",-67,1,0,0,0,0,0,1,,1,"08435616023167","84356160BSTARM","8f6ffe49-9979-4567-8c0c-68115305d550","01M2SVZH22R56STNJ3V089CZXB",0,0,0,,0,1,,0,,,0,,,,,,,1,0,0,,"BSTA",-205,-197,"STANDARD",," P01020180","ES-MF-000006510","Biostar Laboratorios SLU",-11,"{
  ""texts"" : [ {
    ""language"" : {
      ""isoCode"" : ""es"",
      ""name"" : ""Spanish""
    },
    ""text"" : ""Biostar Laboratorios SLU"",
    ""allLanguagesApplicable"" : null
  } ],
  ""textByDefaultLanguage"" : null
}","{
  ""texts"" : [ {
    ""language"" : {
      ""isoCode"" : ""es"",
      ""name"" : ""Spanish""
    },
    ""text"" : ""Biostar"",
    ""allLanguagesApplicable"" : null
  } ],
  ""textByDefaultLanguage"" : null
}",-1306,,,,,,,,
3806511,"01KYR1247CSNV9YS1XP0TFCJ0S","cdb6d13a-1571-44c1-8d7c-f05ef23028ae","DemeQUICK ","PGR19830",-98,1,,,0,0,1,0,,1,"10652927300236","B-10652927300236","a8a2ef2c-7ba6-41d9-ba6a-635383240794","01KYR124700DK39290709A0XAQ",0,0,0,,0,1,,0,,,0,,,,,,,,0,0,"DemeQUICK ",,-10,-53,"LEGACY",," H010101020203","US-MF-000026972","DemeTECH Corp",-11,"{
  ""texts"" : [ {
    ""language"" : {
      ""isoCode"" : ""en"",
      ""name"" : ""English""
    },
    ""text"" : ""DemeTECH Corp"",
    ""allLanguagesApplicable"" : false
  } ],
  ""textByDefaultLanguage"" : ""DemeTECH Corp""
}",,-1306,"Obelis s.a.","BE-AR-000000106","{
  ""texts"" : [ {
    ""language"" : {
      ""isoCode"" : ""en"",
      ""name"" : ""English""
    },
    ""text"" : ""Obelis s.a."",
    ""allLanguagesApplicable"" : null
  } ],
  ""textByDefaultLanguage"" : ""Obelis s.a.""
}",,,,,
3828710,"01KYVK5S3FS3588TB9S2KNJYJV","3a82b1c7-8f67-483d-bcd2-1650b441e921","Ennovate®","SZ341R",-56,1,0,0,0,0,0,1,,1,"04046964731068","40392390000018763F","39294e4a-5b8f-4b6f-8b2e-807cfd09f7d8","01KY6WK75Y8QMSSWH9JF4X7RNA",0,0,0,,0,0,,0,,,0,,,,,,,,0,0,"ENNOVATE impl. instr. IIa non-sterile RU",,-204,-197,"STANDARD",," L091199","DE-MF-000005504","Aesculap AG",-11,"{
  ""texts"" : [ {
    ""language"" : {
      ""isoCode"" : ""de"",
      ""name"" : ""German""
    },
    ""text"" : ""Aesculap AG"",
    ""allLanguagesApplicable"" : null
  } ],
  ""textByDefaultLanguage"" : null
}",,-1306,,,,,"04046964731068",,,
2122328,"01KQ7C3073GJAKGVRG3RKM2RY5","b1c919a5-e340-4f54-87bb-7e970d296a06","Normmed Trabecular Titanium TLIF Cage 0° 10X32X13mm","NM-TTT3213",-245,1,0,0,0,0,1,0,,1,"08682549530617","B-08682549530617","acfc37bb-e2f2-4d63-bb42-38813810d5be","01KQ7C306BF1MJT8F0DEXXQFJB",0,0,0,,0,1,,0,,,0,,,,,,,,0,0,"Normmed Trabecular Titanium TLIF Cage 0° 10X32X13mm",,-205,-53,"LEGACY",," P09070101","TR-MF-000015713","NORMMED MEDİKAL SAN. VE TİC. A.Ş.",-11,"{
  ""texts"" : [ {
    ""language"" : {
      ""isoCode"" : ""en"",
      ""name"" : ""English""
    },
    ""text"" : ""NORMMED MEDİKAL SAN. VE TİC. A.Ş."",
    ""allLanguagesApplicable"" : null
  } ]
}","{
  ""texts"" : [ {
    ""language"" : {
      ""isoCode"" : ""en"",
      ""name"" : ""English""
    },
    ""text"" : ""NORMMED"",
    ""allLanguagesApplicable"" : null
  } ]
}",-1306,,,,,,,,
833447,"01GWVVATJD555W5XH795HDCDHR","ae90574d-4f86-4a68-a855-199517dd7403","AR REUSABLE CURVE CUTTER BLADES 2.9 MM ","TM08225029",-245,1,,,0,0,1,1,,2,"08681596117840","B-08681596117840","268fe1cc-e228-467b-8e24-eb4a83446146","01GWVVATFYV5K29NT65B131ZQA",0,1,0,,0,0,,0,,,0,,,,,,,,0,0,"AR REUSABLE CURVE CUTTER BLADES 2.9 MM ","AR REUSABLE CURVE CUTTER BLADES ",-204,-53,"LEGACY",," K030203","TR-MF-000022604","Tulpar Tıbbi Ürünler İthalat İhracat Sanayi ve Ticaret L.T.D Ş.T.İ",-11,"{
  ""texts"" : [ {
    ""language"" : {
      ""isoCode"" : ""en"",
      ""name"" : ""English""
    },
    ""text"" : ""Tulpar Tıbbi Ürünler İthalat İhracat Sanayi ve Ticaret L.T.D Ş.T.İ"",
    ""allLanguagesApplicable"" : false
  } ]
}",,-1306,,,,,,,,
918419,"01JT9QRSGYT011DR7169RDG4PZ","9bd6568e-39fc-4150-a902-ea303e84668d","OP-1500","OP-1500",-245,1,0,0,0,0,0,0,,1,"08683907240902","86839072OP001SW","a6831071-94ca-4c6d-ab9b-26955d30f568","01JT87TQTPCK699D4K5XP5E66E",0,0,0,,0,0,,0,,,0,,,,,,,,0,0,"ORTHOPEDICS SUPPORT ORTHOSES","OP-1000 /.../ OP-2505",-203,-197,"STANDARD",," Y060312","TR-MF-000038879","EUROPACK ULUSLARARASI SAĞLIK VE SPOR ÜRÜNLERI ANONİM ŞİRKETİ",-11,"{
  ""texts"" : [ {
    ""language"" : {
      ""isoCode"" : ""en"",
      ""name"" : ""English""
    },
    ""text"" : ""EUROPACK ULUSLARARASI SAĞLIK VE SPOR ÜRÜNLERI ANONİM ŞİRKETİ"",
    ""allLanguagesApplicable"" : false
  } ]
}","{
  ""texts"" : [ {
    ""language"" : {
      ""isoCode"" : ""en"",
      ""name"" : ""English""
    },
    ""text"" : ""EUROPACK"",
    ""allLanguagesApplicable"" : false
  } ]
}",-1306,,,,,"08683907240902",,,
2030309,"01KPMEGW5CPFKVA75E7JRKNAS7","bb669878-8c1f-4856-8d84-a79711a0784c","STERiLANCE","Standard Ⅰ SS  15#",-67,1,0,0,0,0,1,0,,1,"16945630142960","6945630107BM","ed0deada-5bff-43dd-802f-ed9a7cd4ce13","01GT0E6SFSR82TF5MPTAZNMGMQ",0,0,0,,0,0,,0,,,0,,,,,,,,0,0,"Disposable Scalpels",,-204,-197,"STANDARD",," V010101","CN-MF-000002860","Sterilance Medical (Suzhou) Inc.",-11,"{
  ""texts"" : [ {
    ""language"" : {
      ""isoCode"" : ""en"",
      ""name"" : ""English""
    },
    ""text"" : ""Sterilance Medical (Suzhou) Inc."",
    ""allLanguagesApplicable"" : null
  } ]
}",,-1306,"Emergo Europe B.V.","NL-AR-000000116","{
  ""texts"" : [ {
    ""language"" : {
      ""isoCode"" : ""en"",
      ""name"" : ""English""
    },
    ""text"" : ""Emergo Europe B.V."",
    ""allLanguagesApplicable"" : null
  } ]
}","06945630142963",,,"16945630142960,36945630142964",
3043493,"01KT6GY3BPDW8ENSJXNMNRRTM2","e8792ddf-0921-4e40-b71e-65d25577790b",,"3463270000029",-56,1,0,0,0,0,0,0,,1,"04048145894593","4055107MyGen69","2d0f642f-2516-4331-a365-cc66ce58a598","01KRDT6V93EG5M6DVETC7STS0D",0,0,0,,0,0,,0,,,0,,,,,,,,0,0,"MyGeneration",,-203,-197,"STANDARD",," Y063303","DE-MF-000004958","Schein Orthopädie Service KG",-11,"{
  ""texts"" : [ {
    ""language"" : {
      ""isoCode"" : ""de"",
      ""name"" : ""German""
    },
    ""text"" : ""Schein Orthopädie Service KG"",
    ""allLanguagesApplicable"" : null
  } ]
}",,-1306,,,,,,,,
4697621,"01M3B5E8YCPP8DC13G5V09KHAD","0e4b6ea6-2cf4-4def-9b95-d0e39e894e6e","Lastofa","01520412573210",-56,1,0,0,0,0,0,0,,1,"04052727485529","4018839K019G","9a3a9ab3-d2ac-444c-92d4-76f226b5a6fa","01KTP84J98X84HQ0AE8RCSYQRD",0,0,0,,0,0,,0,,,0,,,,,,,,0,0,"Rundstrick","Rundstrick",-203,-197,"STANDARD",," M030405","DE-MF-000008470","Ofa Bamberg GmbH",-11,"{
  ""texts"" : [ {
    ""language"" : {
      ""isoCode"" : ""de"",
      ""name"" : ""German""
    },
    ""text"" : ""Ofa Bamberg GmbH"",
    ""allLanguagesApplicable"" : null
  } ]
}","{
  ""texts"" : [ {
    ""language"" : {
      ""isoCode"" : ""de"",
      ""name"" : ""German""
    },
    ""text"" : ""Ofa"",
    ""allLanguagesApplicable"" : null
  } ]
}",-1306,,,,,"04052727485529",,,
1263718,"01K99W9HC5X5FWRX79XQDCE974","6708ed2c-0701-4b2a-a44b-b44a117cb72f","DESU","DP-M-RDFR",-245,1,0,0,0,0,1,0,,1,"D-8683955203492DW","B-8683955203492DW","e087ad22-3a56-46b8-8dd6-04c6f4639daa","01K99W9HB6JVWHK11XTQ680YSH",1,0,1,,0,1,,0,,,0,,,,,,,,0,0,"DEPUS QUICK RESPONSE Şant Defit Yetişkin Rezervuar  ile  ORTA BASINÇ",,-10,-53,"LEGACY",," N010301","TR-MF-000031476","DESU MEDİKAL ÜRÜNLER VE TIBBİ CİHAZLAR SANAYİ VE TİCARET ANONİM ŞİRKETİ",-11,"{
  ""texts"" : [ {
    ""language"" : {
      ""isoCode"" : ""en"",
      ""name"" : ""English""
    },
    ""text"" : ""DESU MEDİKAL ÜRÜNLER VE TIBBİ CİHAZLAR SANAYİ VE TİCARET ANONİM ŞİRKETİ"",
    ""allLanguagesApplicable"" : false
  } ],
  ""textByDefaultLanguage"" : ""DESU MEDİKAL ÜRÜNLER VE TIBBİ CİHAZLAR SANAYİ VE TİCARET ANONİM ŞİRKETİ""
}","{
  ""texts"" : [ {
    ""language"" : {
      ""isoCode"" : ""en"",
      ""name"" : ""English""
    },
    ""text"" : ""DESU MEDİKAL ÜRÜNER VE TIBBİ CİHAZLAR SANAYİ VE TİCARET ANONİM ŞİRKETİ"",
    ""allLanguagesApplicable"" : false
  } ],
  ""textByDefaultLanguage"" : ""DESU MEDİKAL ÜRÜNER VE TIBBİ CİHAZLAR SANAYİ VE TİCARET ANONİM ŞİRKETİ""
}",-1306,,,,,,,,
1609718,"01KH4JJBYDDDRM3HB8FBM1BWMT","b3ff191b-8f25-4d38-9fc4-eb1614097ab5","MDT Diamond Coated Dental Burs","111017-35-5Q",-74,1,0,0,0,0,0,1,,1,"57291046317315","7291046DiamondnonStrlRE","b48b709a-d54a-4d45-a72f-9f71bc69d355","01H1GSTNGPMEAZD2WMR01BFMGM",0,0,0,,0,0,,0,,,1,,,,,,,,0,0,"Non-Sterile Diamond Coated Dental Burs",,-204,-197,"STANDARD",," Z12110102","IL-MF-000008464","MDT Micro Diamond Technologies Ltd.",-11,"{
  ""texts"" : [ {
    ""language"" : {
      ""isoCode"" : ""en"",
      ""name"" : ""English""
    },
    ""text"" : ""MDT Micro Diamond Technologies Ltd."",
    ""allLanguagesApplicable"" : null
  } ]
}","{
  ""texts"" : [ {
    ""language"" : {
      ""isoCode"" : ""en"",
      ""name"" : ""English""
    },
    ""text"" : ""MDT"",
    ""allLanguagesApplicable"" : null
  } ]
}",-1306,"Obelis s.a.","BE-AR-000000106","{
  ""texts"" : [ {
    ""language"" : {
      ""isoCode"" : ""en"",
      ""name"" : ""English""
    },
    ""text"" : ""Obelis s.a."",
    ""allLanguagesApplicable"" : null
  } ],
  ""textByDefaultLanguage"" : ""Obelis s.a.""
}",,,,,
3290067,"01KVT723MBFGRPYAC7XABHVG4J","2a434cdf-a4be-4310-bd3f-d142f1d7371c",,"344-224-60CC",-56,1,0,0,0,0,0,0,,1,"04049113304502","404911315301R002001001X3","93d5ce0f-4e18-4898-bb12-71233ea04041","01KV4VJ2Y1KCZTEDEBXZ0S2ZMH",0,0,0,,0,0,,0,,,1,,,,,,,,0,0,"Knife/Scissors/Punch/Wire cutting forceps, Messer/Schere/Stanze/Drahtschneidezange",,-203,-197,"STANDARD",," L091307","DE-MF-000005908","ELCON Medical Instruments GmbH",-11,"{
  ""texts"" : [ {
    ""language"" : {
      ""isoCode"" : ""de"",
      ""name"" : ""German""
    },
    ""text"" : ""ELCON Medical Instruments GmbH"",
    ""allLanguagesApplicable"" : null
  } ]
}",,-1306,,,,,"04049113304502",,,
130085,"01G8W60XJ6S9RQ762PS17QJY5X","6ab51d7d-9dc0-40eb-9ba7-482bedc3387e","Orthodontic Archwires","BM09192502",-74,1,0,0,0,1,0,0,,1,"06957067018070","695706700003-0373FD","b7e8fbe7-3fa2-4163-8030-95567fa6a854","01G35MRQ2VZ6MRV558A11TGVMZ",0,0,0,,0,0,,0,,,0,,,,,,,,0,0,"Orthodontic Archwires","Niti Wires",-204,-197,"STANDARD",," Q010405","CN-MF-000002280","Innovative Material and Devices, Inc",-11,"{
  ""texts"" : [ {
    ""language"" : {
      ""isoCode"" : ""en"",
      ""name"" : ""English""
    },
    ""text"" : ""Innovative Material and Devices, Inc"",
    ""allLanguagesApplicable"" : null
  } ]
}","{
  ""texts"" : [ {
    ""language"" : {
      ""isoCode"" : ""en"",
      ""name"" : ""English""
    },
    ""text"" : ""IMD"",
    ""allLanguagesApplicable"" : null
  } ]
}",-1306,"Lotus NL B.V.","NL-AR-000000121","{
  ""texts"" : [ {
    ""language"" : {
      ""isoCode"" : ""en"",
      ""name"" : ""English""
    },
    ""text"" : ""Lotus NL B.V."",
    ""allLanguagesApplicable"" : null
  } ]
}",,,,,
708247,"01J8MRFEDAPFFT01FDX9KP1CCR","f084032b-0dd8-44db-ba27-5e777e21fae2","Esmark Bandages","35-412NS",-162,1,0,0,0,0,0,1,,1,"00749756173636","0749756N194D3K4","06efdc64-fa74-424f-bf72-8c286e1857e0","01J8MQHBYZ3GNJ6A3W0YJ1XJPF",0,0,0,,0,0,,0,,,0,,,,,,,,0,0,"Esmark Bandages",,-203,-197,"STANDARD",," M0399","US-MF-000002102","DeRoyal Industries, Inc.",-11,"{
  ""texts"" : [ {
    ""language"" : {
      ""isoCode"" : ""en"",
      ""name"" : ""English""
    },
    ""text"" : ""DeRoyal Industries, Inc."",
    ""allLanguagesApplicable"" : null
  } ]
}","{
  ""texts"" : [ {
    ""language"" : {
      ""isoCode"" : ""en"",
      ""name"" : ""English""
    },
    ""text"" : ""DeRoyal"",
    ""allLanguagesApplicable"" : null
  } ]
}",-1306,"MedEnvoy Global BV","NL-AR-000024028","{
  ""texts"" : [ {
    ""language"" : {
      ""isoCode"" : ""en"",
      ""name"" : ""English""
    },
    ""text"" : ""MedEnvoy Global BV"",
    ""allLanguagesApplicable"" : false
  } ],
  ""textByDefaultLanguage"" : ""MedEnvoy Global BV""
}",,,,,
4038866,"01M0557TJKTDTR1R3EC8D6W567","c74ad5d1-cc47-4019-8d92-ed4ab54daf67","4K Endoscope Camera System","SKS-S380FE",-162,1,0,0,0,0,0,0,,3,"06978385970482","697838597SKS-S380FE0000EX","9fa7c2dd-4de0-4b7e-b6c3-184445580064","01M0557THJAZ74Q9RXXFNFYZH9",1,0,0,,0,0,,0,,,0,,,,-116,,,,0,0,"4K Endoscope Camera System","S380F",-203,-197,"STANDARD",," Z12020405","CN-MF-000046799","XuZhou SYKERS Photoelectric Technology Co., Ltd.",-11,"{
  ""texts"" : [ {
    ""language"" : {
      ""isoCode"" : ""en"",
      ""name"" : ""English""
    },
    ""text"" : ""XuZhou SYKERS Photoelectric Technology Co., Ltd."",
    ""allLanguagesApplicable"" : false
  } ]
}",,-1306,"Kingsmead Service B.V.","NL-AR-000002066","{
  ""texts"" : [ {
    ""language"" : {
      ""isoCode"" : ""en"",
      ""name"" : ""English""
    },
    ""text"" : ""Kingsmead Service B.V."",
    ""allLanguagesApplicable"" : null
  } ]
}",,"06978385970482",,,
1109376,"01K2ES2R6MJ9C3PANNB1HYSDXY","b19c10df-7ddc-4038-a751-ea8ade4ae7f4",,"150mmX70m",-13,1,0,0,0,0,0,0,,1,"06933401107938","69334011KMNSFNQ","ecd74338-f7eb-452e-a5d6-a7808ac3d6d2","01H909TD7BVY67BQN3QXGHJRB5",0,0,0,,0,0,,0,,,0,,,,,,,,0,0,"Sterilization Pouch","57*100mm or customized",-203,-197,"STANDARD",," S01010101","CN-MF-000025536","Anqing Kangmingna Packaging Co.,Ltd",-11,"{
  ""texts"" : [ {
    ""language"" : {
      ""isoCode"" : ""en"",
      ""name"" : ""English""
    },
    ""text"" : ""Anqing Kangmingna Packaging Co.,Ltd"",
    ""allLanguagesApplicable"" : false
  } ]
}",,-1306,"SUNGO Europe B.V.","NL-AR-000000247","{
  ""texts"" : [ {
    ""language"" : {
      ""isoCode"" : ""nl"",
      ""name"" : ""Dutch""
    },
    ""text"" : ""SUNGO Europe B.V."",
    ""allLanguagesApplicable"" : null
  } ]
}",,,,,
2810779,"01KSMDXX41CGGC91QMWKPJ785X","8a8ef76b-14de-496c-a649-41fba1da4057","L-Type Head-Neck-Shoulder Mask Reinforced NH T-2.4mm","M24RA-VLB580W",-13,1,0,0,0,0,0,0,,1,"06977071930557","697707193001MB","05c0c367-f361-41c4-825d-26e1cad1ee24","01KSEC27JQWT3ZE27CAMX047AB",0,0,0,,0,0,,0,,,0,,,,,,,,0,0,"Thermoplastic Masks ",,-203,-197,"STANDARD",," Z119099","CN-MF-000039245","Guangdong Meicen Medical Equipment Co., Ltd.",-11,"{
  ""texts"" : [ {
    ""language"" : {
      ""isoCode"" : ""en"",
      ""name"" : ""English""
    },
    ""text"" : ""Guangdong Meicen Medical Equipment Co., Ltd."",
    ""allLanguagesApplicable"" : false
  } ]
}",,-1306,"OSMUNDA Medical Technology Service GmbH","DE-AR-000009285","{
  ""texts"" : [ {
    ""language"" : {
      ""isoCode"" : ""en"",
      ""name"" : ""English""
    },
    ""text"" : ""OSMUNDA Medical Technology Service GmbH"",
    ""allLanguagesApplicable"" : null
  } ]
}",,,,,
3995202,"01KZX77HCWDPPZ30BMZKVYBX09","6219d901-38c4-43f1-a7b3-b92efb4635d7",,"BCPC1508535",-108,1,0,0,0,0,1,1,,1,"08905516017851","890551614T4","185807e2-876b-4587-b471-4d5fd60c929a","01KYSNJ1HJEG0WS74J4YSJFTMT",0,0,0,,0,0,,0,,,0,,,,,,,,0,0,"PCN Catheter / 
Nephrostomy Catheter",,-204,-197,"STANDARD",," U010299","IN-MF-000013050","Biorad Medisys Pvt Ltd",-11,"{
  ""texts"" : [ {
    ""language"" : {
      ""isoCode"" : ""en"",
      ""name"" : ""English""
    },
    ""text"" : ""Biorad Medisys Pvt Ltd"",
    ""allLanguagesApplicable"" : null
  } ]
}","{
  ""texts"" : [ {
    ""language"" : {
      ""isoCode"" : ""en"",
      ""name"" : ""English""
    },
    ""text"" : ""BRP"",
    ""allLanguagesApplicable"" : null
  } ]
}",-1306,"CMC Medical Devices & Drugs SL","ES-AR-000000293","{
  ""texts"" : [ {
    ""language"" : {
      ""isoCode"" : ""es"",
      ""name"" : ""Spanish""
    },
    ""text"" : ""CMC Medical Devices & Drugs SL"",
    ""allLanguagesApplicable"" : null
  } ]
}",,,,,
914363,"01JT07ADNRZRA1NMRNRT5E9PW9","b4640b87-947b-4318-9f4f-5d6784e1fc12","S.C.A","04.031.00",-245,1,0,0,0,0,0,1,,1,"08698980417547","868086255S.C.A3548TW","1cd00628-e698-42e4-87a6-e7c1799f0cf9","01HWSSF77H9YHXSY1TEXY10GAR",0,0,0,,0,0,,0,,,1,,,,,,,,0,0,"CONSERVATIVE","S.C.A",-203,-197,"STANDARD",," L031399","TR-MF-000018747","SAMSUN CERRAHİ ALETLER SANAYİ VE TİCARET LİMİTED ŞİRKETİ",-11,"{
  ""texts"" : [ {
    ""language"" : {
      ""isoCode"" : ""en"",
      ""name"" : ""English""
    },
    ""text"" : ""SAMSUN CERRAHİ ALETLER SANAYİ VE TİCARET LİMİTED ŞİRKETİ"",
    ""allLanguagesApplicable"" : false
  } ]
}",,-1306,,,,,,,,
4457195,"01M2NC20BEZP2SWDRZHDD9BQN6","33ce870d-074b-47d5-a6ad-c34ff2302946","MONOPROLEN","ML2223",-245,1,0,0,0,0,1,0,,1,"08680471016278","B-08680471016278","50898a1b-0c4c-49da-9dad-0f3fe0965d6c","01M2NC20AN1K8VGEA9BJ7D3HE8",0,0,0,,0,1,,0,,,0,,,,,,,,0,0,"MONOPROLEN",,-10,-53,"LEGACY",," H010201010401,H010201010402","TR-MF-000025046","BOZ TIBBI MALZEME SAN. VE TIC. A.S.",-11,"{
  ""texts"" : [ {
    ""language"" : {
      ""isoCode"" : ""en"",
      ""name"" : ""English""
    },
    ""text"" : ""BOZ TIBBI MALZEME SAN. VE TIC. A.S."",
    ""allLanguagesApplicable"" : false
  } ]
}","{
  ""texts"" : [ {
    ""language"" : {
      ""isoCode"" : ""en"",
      ""name"" : ""English""
    },
    ""text"" : ""BOZ TIBBI"",
    ""allLanguagesApplicable"" : false
  } ]
}",-1306,,,,,,,,
3920306,"01KZCZ2TNDSYZ35BDJH5HK336K","8c5b65d8-56a0-4238-8de2-0f5dcc68ac40","ZEROS Dental Implant System","AM2MAR5530N",-108,1,0,0,0,0,0,1,,1,"08800077028073","88000770AbutmentG3","1515af92-cd74-4b60-a3ed-b67f2068f01a","01KYRKTKJSTTFMVGT667M195CR",0,0,0,,0,1,,0,,,0,,,,,,,1,0,0,"ZEROS Dental Implant System","Abutment",-205,-197,"STANDARD",," P01020101","KR-MF-000020402","ZEROS Co., Ltd.",-11,"{
  ""texts"" : [ {
    ""language"" : {
      ""isoCode"" : ""en"",
      ""name"" : ""English""
    },
    ""text"" : ""ZEROS Co., Ltd."",
    ""allLanguagesApplicable"" : false
  } ]
}",,-1306,"KTR Europe GmbH","DE-AR-000005685","{
  ""texts"" : [ {
    ""language"" : {
      ""isoCode"" : ""en"",
      ""name"" : ""English""
    },
    ""text"" : ""KTR Europe GmbH"",
    ""allLanguagesApplicable"" : null
  } ]
}",,,,,
323783,"01H6NQB18ZDEENXMNH7VHXAM0J","10db5484-fda3-4964-9f04-b3e15d04e5ed","VACUSERA","234601",-245,1,,,,,1,0,,1,"M7122346011","B-M7122346011","d101ab59-c100-4a17-b3cc-c5f9929b1fea","01H6NQB16A1F8T96E7REASNK37",,,0,0,0,,0,,0,0,,0,,0,,0,0,,,,"VACUSERA® 1 ml K2E/K2EDTA Blood Collection Tube",,-157,-55,"LEGACY",," W050101010201","TR-MF-000025066","DİSERA TIBBİ MALZEME LOJİSTİK SAN. VE TİC. A.Ş.",-11,"{
  ""texts"" : [ {
    ""language"" : {
      ""isoCode"" : ""en"",
      ""name"" : ""English""
    },
    ""text"" : ""DİSERA TIBBİ MALZEME LOJİSTİK SAN. VE TİC. A.Ş."",
    ""allLanguagesApplicable"" : false
  } ],
  ""textByDefaultLanguage"" : ""DİSERA TIBBİ MALZEME LOJİSTİK SAN. VE TİC. A.Ş.""
}",,-1306,,,,,,,,
2973194,"01KT21A98WQRP3ZX7VTJZEW9RH","7ec829e0-8624-4722-b1cb-f3c94da2c61c","IMMULITE 2000 Toxoplasma IgM (µ-Capture)","10381298",-56,1,,,,,0,0,0,1,"00630414972893","0405686901465VS","1ddc3fb5-d90d-4cd4-bf58-3a65cec272d4","01KT21A96M00PPCJ7DPH1GZSPH",,,1,0,1,,1,,0,0,,0,,1,,0,1,,,,"IVDR_67_LLB_DUB-C_C_KIT_Toxoplasma IgM","IVDR_67_LLB_DUB-C_C_KIT_Toxoplasma IgM",-201,-198,"STANDARD",," W0105050103","GB-MF-000016339","Siemens Healthcare Diagnostics Products Ltd.",-11,"{
  ""texts"" : [ {
    ""language"" : null,
    ""text"" : ""Siemens Healthcare Diagnostics Products Ltd."",
    ""allLanguagesApplicable"" : true
  } ]
}",,-1306,"Siemens Healthcare Diagnostics Manufacturing Limited","IE-AR-000006763","{
  ""texts"" : [ {
    ""language"" : {
      ""isoCode"" : ""en"",
      ""name"" : ""English""
    },
    ""text"" : ""Siemens Healthcare Diagnostics Manufacturing Limited"",
    ""allLanguagesApplicable"" : null
  } ],
  ""textByDefaultLanguage"" : ""Siemens Healthcare Diagnostics Manufacturing Limited""
}",,,,,
3478344,"01KX0G2HD8KYMHM7DPR9TSEAX8","e97ebdc3-88f0-4b74-8c85-f35b7e77ce82","FKET Rapid Test Cassette ","DFKE-R102",-67,1,,,,,0,0,,1,"D-DFKE-R102ZD","B-DFKE-R102ZD","6dadbd4a-8478-4add-b475-0db4735b0646","01KX0G2HBZ0PR19JGNGTMWDFG1",,,1,0,0,,1,,0,0,,0,,0,,0,1,,,,"FKET Rapid Test Cassette ",,-157,-55,"LEGACY",," W0102090299","CN-MF-000010710","Hangzhou Alltest Biotech.Co.,Ltd.",-11,"{
  ""texts"" : [ {
    ""language"" : {
      ""isoCode"" : ""en"",
      ""name"" : ""English""
    },
    ""text"" : ""Hangzhou Alltest Biotech.Co.,Ltd."",
    ""allLanguagesApplicable"" : null
  } ]
}",,-1306,"VidaQuick Biotech S.L.","ES-AR-000048138","{
  ""texts"" : [ {
    ""language"" : {
      ""isoCode"" : ""en"",
      ""name"" : ""English""
    },
    ""text"" : ""VidaQuick Biotech S.L."",
    ""allLanguagesApplicable"" : false
  } ],
  ""textByDefaultLanguage"" : ""VidaQuick Biotech S.L.""
}",,,,,
177092,"01GGQ6Q1GH5S600W9F90AFTK6J","408ae200-949e-4641-a660-cd2098b01baa","evercare® Adhesive drape sheet 75 x 90 cm","1460-02",-192,1,0,0,0,0,1,0,,1,"06438129117677","6438129B0049HQ","a340a3a2-e7e5-4a24-8ef0-175b22743326","01GGQ6P96CVN00QR86J4Z2MFNH",0,0,0,,0,0,,0,,,0,,,,,,,,0,0,"Surgical drapes, general purpose, sterile
(Surgical drapes-others)",,-203,-197,"STANDARD",," T020199","FI-MF-000000642","OneMed Group Oy",-11,"{
  ""texts"" : [ {
    ""language"" : {
      ""isoCode"" : ""en"",
      ""name"" : ""English""
    },
    ""text"" : ""OneMed Group Oy"",
    ""allLanguagesApplicable"" : null
  } ]
}",,-1306,,,,,,,,
1445318,"01KDA4CKCE5QMK7M8YPJFPFS34","0417016e-9f1d-4203-8575-5aeec9587b48","EFUCERA FX","20PCS,30,LR7,B2",-56,1,0,0,0,0,0,0,,1,"PLEFXXX30R7XB2","B-PLEFXXX30R7XB2","7eb04004-3926-4c35-bb19-1f0d46ed0085","01KDA4CKC46FJ3FQS2R4WF7YSY",0,0,0,,0,0,,0,,,0,,,,,,,,0,0,,"20PCS,30,LR7,B2",-204,-53,"LEGACY",," Q01020601","JP-MF-000024849","YAMAHACHI DENTAL MFG., CO.",-11,"{
  ""texts"" : [ {
    ""language"" : {
      ""isoCode"" : ""en"",
      ""name"" : ""English""
    },
    ""text"" : ""YAMAHACHI DENTAL MFG., CO."",
    ""allLanguagesApplicable"" : false
  } ]
}",,-1306,"Obelis s.a.","BE-AR-000000106","{
  ""texts"" : [ {
    ""language"" : {
      ""isoCode"" : ""en"",
      ""name"" : ""English""
    },
    ""text"" : ""Obelis s.a."",
    ""allLanguagesApplicable"" : null
  } ],
  ""textByDefaultLanguage"" : ""Obelis s.a.""
}",,,,,
2224391,"01KQWQCR7G0G8V3W4AB333C9SB","2acde707-4254-41c3-8e7e-c7dce8c79163","Moritz Sitzkissen ","10.610-6/38435",-56,1,0,0,0,0,0,0,,1,"04255942208199","426072775002A2","d8320e19-306b-4afa-95ab-99fb66d7eab1","01KM7VK4TXRXYGKHK0RVX61XD3",0,0,0,,0,0,,0,,,0,,,,,,,,0,0,"Rollstuhlkissen",,-203,-197,"STANDARD",," V080399","DE-MF-000005119","Moritz Reha-Hilfen GmbH",-11,"{
  ""texts"" : [ {
    ""language"" : {
      ""isoCode"" : ""de"",
      ""name"" : ""German""
    },
    ""text"" : ""Moritz Reha-Hilfen GmbH"",
    ""allLanguagesApplicable"" : null
  } ]
}","{
  ""texts"" : [ {
    ""language"" : {
      ""isoCode"" : ""de"",
      ""name"" : ""German""
    },
    ""text"" : ""Moritz"",
    ""allLanguagesApplicable"" : null
  } ]
}",-1306,,,,,"04255942208199",,,
1628057,"01KH6CZMN21ZA3NQBY9BPD69MY","d00e5f68-627e-4eb6-8411-21a9c1574908","MATOSET","MA-109-2050-028",-175,1,0,0,0,0,1,0,,1,"05900516703899","5900516DDBXXXXU4","82f100ab-ae49-47f9-9791-1215f4543ac7","01KG4Q4KPH657W1YE5B278T0CN",0,0,0,,0,0,,0,,,0,,,,,,,,0,0,"DRESSING MATERIALS - SURGICALLY INVASIVE STERILE",,-204,-197,"STANDARD",," T0202","PL-MF-000002200","TORUŃSKIE ZAKŁADY MATERIAŁÓW OPATRUNKOWYCH SPÓŁKA AKCYJNA",-11,"{
  ""texts"" : [ {
    ""language"" : {
      ""isoCode"" : ""pl"",
      ""name"" : ""Polish""
    },
    ""text"" : ""TORUŃSKIE ZAKŁADY MATERIAŁÓW OPATRUNKOWYCH SPÓŁKA AKCYJNA"",
    ""allLanguagesApplicable"" : null
  } ]
}","{
  ""texts"" : [ {
    ""language"" : {
      ""isoCode"" : ""pl"",
      ""name"" : ""Polish""
    },
    ""text"" : ""TZMO SA"",
    ""allLanguagesApplicable"" : null
  } ]
}",-1306,,,,,,,,
990677,"01JXYDJTC67VENV3MBZWH19CJG","7a313770-7460-4f67-9080-b2c708df4294","FULLY REMOVE","VKFU-1517-AMS",-108,1,,,0,0,1,0,,1,"08033860027797","B-08033860027797","0945f834-6aac-43a5-96ef-b72c437f22a7","01JXYDJTAFPBNBJJNSTD4B550Y",0,0,0,,0,0,,0,,,0,,,,,,,,0,0,"FULLY REMOVE","VKFU-1517-AMS",-204,-53,"LEGACY",," A01020201","IT-MF-000011601","BIOPSYBELL SRL",-11,"{
  ""texts"" : [ {
    ""language"" : {
      ""isoCode"" : ""it"",
      ""name"" : ""Italian""
    },
    ""text"" : ""BIOPSYBELL SRL"",
    ""allLanguagesApplicable"" : null
  } ],
  ""textByDefaultLanguage"" : null
}",,-1306,,,,,,,,
3412647,"01KWHJ4BJRMB34HQEY0E10RNT3","bb6953b2-1a2d-47bb-8424-d3229e8d66b9",,"CA4N2-739-5",-108,1,0,0,0,0,0,0,,1,"08032638975575","803263897TOPCOTONEK2_6F","1ab63ad8-5b00-4c85-8084-40a15b887ea1","01KRBMCB1T4YD79KTYBPB14CQK",0,0,0,,0,0,,0,,,0,,,,,,,,0,0,"VARISAN TOP COTTON",,-203,-197,"STANDARD",," M030405","IT-MF-000028355","CIZETA MEDICALI S.P.A.",-11,"{
  ""texts"" : [ {
    ""language"" : {
      ""isoCode"" : ""it"",
      ""name"" : ""Italian""
    },
    ""text"" : ""CIZETA MEDICALI S.P.A."",
    ""allLanguagesApplicable"" : null
  } ]
}",,-1306,,,,,,,,
2833831,"01KSN7M29QNEKFGM8YM7RR1B2Q","e5f1614a-75c8-4cc9-a624-04fdff07a7d8","Pro-Flex® Modular","PMD0225R",-162,1,0,0,0,0,0,0,,1,"05690977244146","5690967BU00046NH","b683f7cd-b0db-4117-b531-e0a3eb6496c2","01KSN08ZQR8NVZ1VH4E1E8MWMV",0,0,0,,0,0,,0,,,0,,,,,,,,0,0,,"BU00046",-203,-197,"STANDARD",," Y062403","IS-MF-000000173","Össur Iceland ehf.",-11,"{
  ""texts"" : [ {
    ""language"" : {
      ""isoCode"" : ""en"",
      ""name"" : ""English""
    },
    ""text"" : ""Össur Iceland ehf."",
    ""allLanguagesApplicable"" : null
  } ]
}","{
  ""texts"" : [ {
    ""language"" : {
      ""isoCode"" : ""en"",
      ""name"" : ""English""
    },
    ""text"" : ""Ossur"",
    ""allLanguagesApplicable"" : false
  } ]
}",-1306,,,,,,,,
3950825,"01KZNH4DN21X5GRZAY1XBP8N9Z","f1cf5fc6-9daa-4fce-a601-0cd2dba0ab99","Einwegbehältersystem Allegra M30","1510214HL32",,1,,,,,0,0,,1,"04260586042108","426058604SetNG","e3926c08-5e96-4a01-974e-678bb58f06a6","01KQS6N97BV8Y54RYNKWT3DF75",,,,,,,,,,,,,,,-541,,,,,,"Procedure Pack Accessories",,-203,-197,"SPP","The sets consist of several accessories for the suction devices and consist of class 1 medical devices. The sets are necessary for the aspirators to perform their intended use."," A060399","DE-PR-000030721","ASSKEA GmbH",-11,"{
  ""texts"" : [ {
    ""language"" : {
      ""isoCode"" : ""de"",
      ""name"" : ""German""
    },
    ""text"" : ""ASSKEA GmbH"",
    ""allLanguagesApplicable"" : null
  } ]
}",,-1306,,,,,,,,
4028241,"01KHG8XNHER6PNN7SV6GDMV9WP","3a65a22a-b016-4ef4-bebb-1fdcaaa1f68b","WS-473-038R: Non-Sterile, Reusable, Watson-Williams Nasal Cutting Forceps 19.0cm / 7 ½”, 120mm Shaft","WS-473-038R",-67,1,,,0,0,0,1,,2,"05056863326363","B-05056863326363","0c18baa5-ae3d-48eb-9bf3-694ab914410d","01KHG8XNGHGZ6QSX77YWZS3KFR",0,0,0,,0,0,,0,,,1,,,,,,,,0,0,"WS-473-038R: Non-Sterile, Reusable, Watson-Williams Nasal Cutting Forceps 19.0cm / 7 ½”, 120mm Shaft","WS-473-038R",-203,-53,"LEGACY",," L03130499","PK-MF-000010180","Weldon Instruments",-11,"{
  ""texts"" : [ {
    ""language"" : {
      ""isoCode"" : ""en"",
      ""name"" : ""English""
    },
    ""text"" : ""Weldon Instruments"",
    ""allLanguagesApplicable"" : null
  } ]
}",,-1306,"CMC Medical Devices & Drugs SL","ES-AR-000000293","{
  ""texts"" : [ {
    ""language"" : {
      ""isoCode"" : ""es"",
      ""name"" : ""Spanish""
    },
    ""text"" : ""CMC Medical Devices & Drugs SL"",
    ""allLanguagesApplicable"" : null
  } ]
}",,,,,
2841594,"01KSNEZ6CAV3ZFR5YM3BX9QJ6P","a3574678-1657-40b7-81c8-5e4cd7e77c5d","Pro-Flex® Modular","PMD0825RBR",-162,1,0,0,0,0,0,0,,1,"05690977245952","5690967BU00046NH","b683f7cd-b0db-4117-b531-e0a3eb6496c2","01KSN08ZQR8NVZ1VH4E1E8MWMV",0,0,0,,0,0,,0,,,0,,,,,,,,0,0,,"BU00046",-203,-197,"STANDARD",," Y062403","IS-MF-000000173","Össur Iceland ehf.",-11,"{
  ""texts"" : [ {
    ""language"" : {
      ""isoCode"" : ""en"",
      ""name"" : ""English""
    },
    ""text"" : ""Össur Iceland ehf."",
    ""allLanguagesApplicable"" : null
  } ]
}","{
  ""texts"" : [ {
    ""language"" : {
      ""isoCode"" : ""en"",
      ""name"" : ""English""
    },
    ""text"" : ""Ossur"",
    ""allLanguagesApplicable"" : false
  } ]
}",-1306,,,,,,,,
1803240,"01KMDMS1QFWTBVSV1EFQKJSR1T","2ab4e073-1a8d-4f7d-b750-04847b7d6d64","Zensetiv","ASP2100",-56,1,0,0,0,0,0,0,,1,"04260333150841","4260333ACC-PTB5","f3ae9e8e-2f0b-478d-934d-edef6fdbc42e","01KMDMJJXQ3X327X28T2T2HDTW",0,0,0,,0,0,,0,,,0,,,,,,,,0,0,"Zensetiv Plasters and Tape",,-203,-197,"STANDARD",," M0599","DE-MF-000004970","Oxmed International GmbH",-11,"{
  ""texts"" : [ {
    ""language"" : {
      ""isoCode"" : ""de"",
      ""name"" : ""German""
    },
    ""text"" : ""Oxmed International GmbH"",
    ""allLanguagesApplicable"" : null
  } ],
  ""textByDefaultLanguage"" : null
}",,-1306,,,,"04260333157093",,,"04260333150841,04260333154009",
1412004,"01KD51A2RHYAVE6CBF52KT88FT","3d71cb35-362a-4480-a45c-dc365604ebd6","CROWN NS/EFUCERA NS COMBINATION SET","28*1SET,O51SN61S34,UL,C1",-56,1,0,0,0,0,0,0,,1,"CSCEN1718ULXC1","B-CSCEN1718ULXC1","9f34419c-c98d-4598-859b-d619ccbf3efa","01KD51A2R3RAFPZF0AP5RH0FKQ",0,0,0,,0,0,,0,,,0,,,,,,,,0,0,,"28*1SET,O51SN61S34,UL,C1",-204,-53,"LEGACY",," Q01020601","JP-MF-000024849","YAMAHACHI DENTAL MFG., CO.",-11,"{
  ""texts"" : [ {
    ""language"" : {
      ""isoCode"" : ""en"",
      ""name"" : ""English""
    },
    ""text"" : ""YAMAHACHI DENTAL MFG., CO."",
    ""allLanguagesApplicable"" : false
  } ]
}",,-1306,"Obelis s.a.","BE-AR-000000106","{
  ""texts"" : [ {
    ""language"" : {
      ""isoCode"" : ""en"",
      ""name"" : ""English""
    },
    ""text"" : ""Obelis s.a."",
    ""allLanguagesApplicable"" : null
  } ],
  ""textByDefaultLanguage"" : ""Obelis s.a.""
}",,,,,
4459221,"01M0XBK8D4Y7KVXN0MH9923461","9b39c481-bdb0-4da3-a7ac-1d74a3eb8ae4","Mirro MRI™ DR SureScan™","DDME3D1",-162,1,0,0,0,0,1,0,,2,"00763000001568","B-00763000001568","d2629bad-5833-40cf-864c-a21163fe01ff","01M0XBK8BT3GJY0TJB4KE766V1",1,0,0,,0,1,,0,,,0,,,,,,,,0,0,"Evera,Visia AF, Primo/Mirro w  MRI",,-154,-54,"LEGACY",," J01050201","US-MF-000019977","Medtronic, Inc.",-11,"{
  ""texts"" : [ {
    ""language"" : {
      ""isoCode"" : ""en"",
      ""name"" : ""English""
    },
    ""text"" : ""Medtronic, Inc."",
    ""allLanguagesApplicable"" : null
  } ],
  ""textByDefaultLanguage"" : ""Medtronic, Inc.""
}",,-1306,"Medtronic B.V.","NL-AR-000006050","{
  ""texts"" : [ {
    ""language"" : {
      ""isoCode"" : ""en"",
      ""name"" : ""English""
    },
    ""text"" : ""Medtronic B.V."",
    ""allLanguagesApplicable"" : null
  } ]
}",,,,,
4603933,"01M32A9CDD8AKF77EW2TDF84V9","c892b5a2-02d7-475a-8482-b2b8c478d7e3","Juzo Soft","2002",-56,1,0,0,0,0,0,0,,1,"04071191943618","4018678M030405PHLY-010-AS","b1b47278-0227-4275-aff4-196e309ae175","01M27XRQX05TB01GQ5CWFCZH8H",0,0,0,,0,0,,0,,,0,,,,,,,,0,0,"Medical compression garments PH/LY- stockings / pantyhose / sleeves",,-203,-197,"STANDARD",," M030405","DE-MF-000009443","Julius Zorn GmbH",-11,"{
  ""texts"" : [ {
    ""language"" : {
      ""isoCode"" : ""de"",
      ""name"" : ""German""
    },
    ""text"" : ""Julius Zorn GmbH"",
    ""allLanguagesApplicable"" : null
  } ]
}","{
  ""texts"" : [ {
    ""language"" : {
      ""isoCode"" : ""de"",
      ""name"" : ""German""
    },
    ""text"" : ""Juzo"",
    ""allLanguagesApplicable"" : null
  } ]
}",-1306,,,,,"04071191943618",,,
205901,"01GN5ZCBQ9FNFV3DKR54HG0Q4N","e78fb57a-b008-4a15-a772-2e2480e26d20",,"GR-5314EMG",-67,1,,,0,0,1,0,,1,"04987488874773","B-04987488874773","fa1c6154-5967-4d39-b20e-c6ef0dde1926","01GN5ZCBMCR95H0G2F3J2DEE4F",0,0,0,,0,0,,0,,,0,,,,,,,,0,0,"A. V. Fistula Sets  GR-5314EMG","A. V. Fistula Sets  GR-5314EMG",-204,-53,"LEGACY",," A010401","JP-MF-000011253","SB-KAWASUMI LABORATORIES, INC.",-11,"{
  ""texts"" : [ {
    ""language"" : {
      ""isoCode"" : ""en"",
      ""name"" : ""English""
    },
    ""text"" : ""SB-KAWASUMI LABORATORIES, INC."",
    ""allLanguagesApplicable"" : null
  } ]
}","{
  ""texts"" : [ {
    ""language"" : {
      ""isoCode"" : ""en"",
      ""name"" : ""English""
    },
    ""text"" : ""SB-KAWASUMI"",
    ""allLanguagesApplicable"" : null
  } ]
}",-1306,"Medical Technology Promedt Consulting GmbH","DE-AR-000000085","{
  ""texts"" : [ {
    ""language"" : {
      ""isoCode"" : ""de"",
      ""name"" : ""German""
    },
    ""text"" : ""Medical Technology Promedt Consulting GmbH"",
    ""allLanguagesApplicable"" : null
  } ]
}",,,,,
4357414,"01M22RE2X4T7SJGYYF63RF2QZ5","22df5232-a41d-4003-9e57-f3d4b1608cf7","Bende orlate di garza","12058805157",-108,1,0,0,0,0,0,0,,1,"18000246011180","8000246004010M8","1dc6d0c4-62b7-44a8-ae59-f50c5d24c47a","01M22RCAWXJ9N9ZHGZH2QFF2S8",0,0,0,,0,0,,0,,,0,,,,,,,,0,0,"Bende di garza Orlate","Bende orlate di garza",-203,-197,"STANDARD",," M030101","IT-MF-000014424","FARMACEUTICI-MEDICAZIONE-ARTICOLI CHIRURGICI FARMAC-ZABBAN SPA ",-11,"{
  ""texts"" : [ {
    ""language"" : {
      ""isoCode"" : ""it"",
      ""name"" : ""Italian""
    },
    ""text"" : ""FARMACEUTICI-MEDICAZIONE-ARTICOLI CHIRURGICI FARMAC-ZABBAN SPA "",
    ""allLanguagesApplicable"" : null
  } ]
}",,-1306,,,,,,,,
4607507,"01M32KKNDYB0F5333G8XBFC1KY","d1d1ec44-c074-4168-9f42-8deffdc66842","Juzo Soft","2002",-56,1,0,0,0,0,0,0,,1,"04071191963197","4018678M030405PHLY-010-AS","b1b47278-0227-4275-aff4-196e309ae175","01M27XRQX05TB01GQ5CWFCZH8H",0,0,0,,0,0,,0,,,0,,,,,,,,0,0,"Medical compression garments PH/LY- stockings / pantyhose / sleeves",,-203,-197,"STANDARD",," M030405","DE-MF-000009443","Julius Zorn GmbH",-11,"{
  ""texts"" : [ {
    ""language"" : {
      ""isoCode"" : ""de"",
      ""name"" : ""German""
    },
    ""text"" : ""Julius Zorn GmbH"",
    ""allLanguagesApplicable"" : null
  } ]
}","{
  ""texts"" : [ {
    ""language"" : {
      ""isoCode"" : ""de"",
      ""name"" : ""German""
    },
    ""text"" : ""Juzo"",
    ""allLanguagesApplicable"" : null
  } ]
}",-1306,,,,,"04071191963197",,,
2898175,"01KSSHH9XK1650WTV5HMHTR225","f7dcc37c-4418-47fc-9542-e4578c64cf60",,"HyLED 200M",-56,1,0,0,0,0,0,0,,1,"06948350500907","69483505HyLEDX9Series**TS","8f53e2fa-db1d-4e5b-9afd-c1728aa1096c","01KRJGYJKZTA0HFZPCEAEFJVSM",1,0,0,,0,0,,0,,,0,,,,,,,,0,0,"LED Surgical Light","HyLED XE91",-203,-197,"STANDARD",," Z12010701","CN-MF-000019806","Nanjing Mindray Bio-Medical Electronics Co., Ltd.",-11,"{
  ""texts"" : [ {
    ""language"" : {
      ""isoCode"" : ""en"",
      ""name"" : ""English""
    },
    ""text"" : ""Nanjing Mindray Bio-Medical Electronics Co., Ltd."",
    ""allLanguagesApplicable"" : null
  } ]
}",,-1306,"Shanghai International Holding Corp. GmbH(Europe)","DE-AR-000000001","{
  ""texts"" : [ {
    ""language"" : {
      ""isoCode"" : ""de"",
      ""name"" : ""German""
    },
    ""text"" : ""Shanghai International Holding Corp. GmbH(Europe)"",
    ""allLanguagesApplicable"" : null
  } ]
}",,"06948350500907",,,
28223,"01FRFAV3K05FBBDD7KQZHA93TY","c5ba7639-e748-4ca6-a469-2ff64e941bd7","C-Arm Drape","E6238",-162,1,0,0,0,0,1,1,,1,"06975085703327","697508570EC04J7","58a17845-db15-4803-87ec-25aae3f76ab6","01FRF9JMN1DXDKK9NWXQEDNZT5",0,0,0,,0,0,,0,,,0,,,,,,,,0,0,"C-Arm Drape",,-203,-197,"STANDARD",," T030199","CN-MF-000001406","Exact Medical Manufacturing, Inc",-11,"{
  ""texts"" : [ {
    ""language"" : {
      ""isoCode"" : ""en"",
      ""name"" : ""English""
    },
    ""text"" : ""Exact Medical Manufacturing, Inc"",
    ""allLanguagesApplicable"" : null
  } ]
}","{
  ""texts"" : [ {
    ""language"" : {
      ""isoCode"" : ""en"",
      ""name"" : ""English""
    },
    ""text"" : ""EMM Inc"",
    ""allLanguagesApplicable"" : null
  } ]
}",-1306,"Exact Medical Manufacturing B.V.","NL-AR-000000452","{
  ""texts"" : [ {
    ""language"" : {
      ""isoCode"" : ""en"",
      ""name"" : ""English""
    },
    ""text"" : ""Exact Medical Manufacturing B.V."",
    ""allLanguagesApplicable"" : false
  } ]
}",,,,,
1623341,"01KH5VHPG9XMRYDEAK8MTKVNTA","8ebbcfce-26e5-4965-9e68-b52d1c910c32","BOM","OM-191-FPPA-108",-175,1,0,0,0,0,0,0,,1,"05900516500344","5900516AAEXXXXSB","31726bf9-3827-4510-9abc-bd24c3fb2e18","01KG4Q5RF4N7A384ZMV0Y1Y49C",0,0,0,,0,0,,0,,,0,,,,,,,,0,0,"MEDICAL PACKAGING",,-203,-197,"STANDARD",," S01010101","PL-MF-000002200","TORUŃSKIE ZAKŁADY MATERIAŁÓW OPATRUNKOWYCH SPÓŁKA AKCYJNA",-11,"{
  ""texts"" : [ {
    ""language"" : {
      ""isoCode"" : ""pl"",
      ""name"" : ""Polish""
    },
    ""text"" : ""TORUŃSKIE ZAKŁADY MATERIAŁÓW OPATRUNKOWYCH SPÓŁKA AKCYJNA"",
    ""allLanguagesApplicable"" : null
  } ]
}","{
  ""texts"" : [ {
    ""language"" : {
      ""isoCode"" : ""pl"",
      ""name"" : ""Polish""
    },
    ""text"" : ""TZMO SA"",
    ""allLanguagesApplicable"" : null
  } ]
}",-1306,,,,,,,,
984890,"01HR7ECMCRVXTFH1K83KD4NP8K","9c1e6fb9-c5f5-45af-9b45-0283a7c81556","L-Pace Lateral AFO - Right Large","FH450R04",-100,1,0,0,0,0,0,0,,2,"05052893002673","5052893CFMCQ","355481a6-6ff1-4c7f-9110-3e90f79387f7","01H4DNR9NSJ7HKS4N8FRXJGSN1",0,0,0,,0,0,,0,,,0,,,,,,,,0,0,"Ankle foot orthosis",,-203,-197,"STANDARD",," Y06120602","GB-MF-000015741","Trulife Ltd",-11,"{
  ""texts"" : [ {
    ""language"" : {
      ""isoCode"" : ""en"",
      ""name"" : ""English""
    },
    ""text"" : ""Trulife Ltd"",
    ""allLanguagesApplicable"" : null
  } ]
}",,-1306,"MDSS GmbH","DE-AR-000005430","{
  ""texts"" : [ {
    ""language"" : {
      ""isoCode"" : ""en"",
      ""name"" : ""English""
    },
    ""text"" : ""MDSS GmbH"",
    ""allLanguagesApplicable"" : null
  } ]
}",,"05052893002673",,,
3213720,"01KV7STH62S2164RP161RK4E8X","86b6565a-2482-4206-8c87-1ba7a7c690bd","FILBLOC 90","FS423HHFST",-108,1,0,0,0,0,1,0,,1,"18033439388851","8033439FILBLOC908G","9e068019-babd-4704-a13e-ebde8ae136db","01KTNN4AGH69NXWQRWNSHWKZ4Z",0,0,0,,0,1,,0,,,0,,,,,,,,0,0,"FILBLOC 90",,-10,-197,"STANDARD",," H010101010303","IT-MF-000018178","ASSUT EUROPE SPA",-11,"{
  ""texts"" : [ {
    ""language"" : {
      ""isoCode"" : ""it"",
      ""name"" : ""Italian""
    },
    ""text"" : ""ASSUT EUROPE SPA"",
    ""allLanguagesApplicable"" : null
  } ]
}","{
  ""texts"" : [ {
    ""language"" : {
      ""isoCode"" : ""it"",
      ""name"" : ""Italian""
    },
    ""text"" : ""Assut"",
    ""allLanguagesApplicable"" : null
  } ]
}",-1306,,,,,"18033439388851",,,
2122939,"01KQ7DGBCPJJDSH5J0EH6BXY36","15820afe-a3ca-41be-aadb-22f6a2ddc039","CANULA INTRODUCTORA DE Ø3,20 MM CON GUIA 165MM","IV702-62-03",-67,1,0,0,0,0,0,1,,1,"08435760836323","84357608INSGUIA5K","f2f87ba1-ae89-4dd1-857c-01e04bdabca9","01HV466TDXR66C68DA16MB7WM8",0,0,0,,0,0,,0,,,1,,,,,,,,0,0,"INSTRUMENTOS DE GUIA",,-203,-197,"STANDARD",," L0399","ES-MF-000000634","Ivalmed S.L.",-11,"{
  ""texts"" : [ {
    ""language"" : {
      ""isoCode"" : ""es"",
      ""name"" : ""Spanish""
    },
    ""text"" : ""Ivalmed S.L."",
    ""allLanguagesApplicable"" : null
  } ]
}","{
  ""texts"" : [ {
    ""language"" : {
      ""isoCode"" : ""es"",
      ""name"" : ""Spanish""
    },
    ""text"" : ""Ivalmed"",
    ""allLanguagesApplicable"" : null
  } ]
}",-1306,,,,,"08435760836323",,,
3204650,"01KV5QMHPC6JJ86Q0BY7WKW4MG","3bac5fcf-1266-4f65-9e6f-1ecb7e1c4d34","KARAOĞLU","KO123.05

",-245,1,0,0,0,0,0,1,,1,"08699041106226","8699041KARAOGLU2041R2","bdc82328-e422-458c-b9fb-e22b7d2ff26e","01KTVEXDBX8X9N61SPX4D7K2VC",0,0,0,,0,0,,0,,,1,,,,,,,,0,0,"CUT OFF","KARAOĞLU",-203,-197,"STANDARD",," L110604","TR-MF-000041867","KARAOĞLU BASKÜL VE CERRAHİ ALETLER İMAL. SAN. TİC. LTD. ŞTİ",-11,"{
  ""texts"" : [ {
    ""language"" : null,
    ""text"" : ""KARAOĞLU BASKÜL VE CERRAHİ ALETLER İMAL. SAN. TİC. LTD. ŞTİ"",
    ""allLanguagesApplicable"" : true
  } ],
  ""textByDefaultLanguage"" : null
}","{
  ""texts"" : [ {
    ""language"" : null,
    ""text"" : ""Karaoğlu"",
    ""allLanguagesApplicable"" : true
  } ],
  ""textByDefaultLanguage"" : null
}",-1306,,,,,,,,
1329229,"01KBMCAXTQFQ0N8P42Z6PV3YHR","1b23f89c-02c7-4cb5-b546-1a8a0643449e","771 LILAS","1020016S6",-74,1,0,0,0,0,0,0,,1,"03615800008773","361580771PL","a9f1ee66-b0f9-4e85-86fd-01e0828ff7f6","01KBMBB3VP0KH18F50QSQPSTR7",0,0,0,,0,0,,0,,,0,,,,,,,,0,0,"771",,-203,-197,"STANDARD",," Y12030601","FR-MF-000009712","VILGO",-11,"{
  ""texts"" : [ {
    ""language"" : {
      ""isoCode"" : ""fr"",
      ""name"" : ""French""
    },
    ""text"" : ""VILGO"",
    ""allLanguagesApplicable"" : null
  } ]
}",,-1306,,,,,"03615800008773",,,
1120128,"01K2N526J2SYT1VV927TTQVF17","08d998ce-aed9-4dea-9d05-9f80a8fe28a7","Hu-Friedy","IME12DO418",-56,1,0,0,0,0,0,1,,1,"10889950117634","0889950IMSCasettes1AS","3e9bcc0c-ab14-4a84-a4a0-e19e451bfa5b","01K24XM8R3RHGSNJDQJH2X1D7H",0,0,0,,0,0,,0,,,0,,,,,,,,0,0,,"Cassette",-203,-197,"STANDARD",," S010401","US-MF-000017104","Hu-Friedy Manufacturing Co., LLC",-11,"{
  ""texts"" : [ {
    ""language"" : {
      ""isoCode"" : ""en"",
      ""name"" : ""English""
    },
    ""text"" : ""Hu-Friedy Manufacturing Co., LLC"",
    ""allLanguagesApplicable"" : null
  } ],
  ""textByDefaultLanguage"" : ""Hu-Friedy Manufacturing Co., LLC""
}","{
  ""texts"" : [ {
    ""language"" : {
      ""isoCode"" : ""en"",
      ""name"" : ""English""
    },
    ""text"" : ""Hu-Friedy Mfg. Co., LLC"",
    ""allLanguagesApplicable"" : null
  } ],
  ""textByDefaultLanguage"" : ""Hu-Friedy Mfg. Co., LLC""
}",-1306,"Hu-Friedy Europe LLC & Co. KG","DE-AR-000005530","{
  ""texts"" : [ {
    ""language"" : {
      ""isoCode"" : ""de"",
      ""name"" : ""German""
    },
    ""text"" : ""Hu-Friedy Europe LLC & Co. KG"",
    ""allLanguagesApplicable"" : null
  } ],
  ""textByDefaultLanguage"" : null
}",,,,,
134433,"01G9GT6WA8WTKPB9XXSVGBFZJG","fa82de83-e758-43ad-ae4c-2d36015666da","HANAROSTENT® ","BNA08040-Q060",-56,1,,,0,0,1,0,,1,"08806367074263","B-08806367074263","ccdc7f4d-6baa-4091-a264-cb09136095a5","01G9GT6W9M5VBFXF10D2DK4JRZ",0,0,0,,0,1,,0,,,0,,,,,,,,0,0,"Biliary Stent with Delivery System","HANAROSTENT® Biliary (NNN)",-205,-53,"LEGACY",," P0502","KR-MF-000011623","M.I.Tech Co., Ltd",-11,"{
  ""texts"" : [ {
    ""language"" : {
      ""isoCode"" : ""en"",
      ""name"" : ""English""
    },
    ""text"" : ""M.I.Tech Co., Ltd"",
    ""allLanguagesApplicable"" : false
  } ],
  ""textByDefaultLanguage"" : ""M.I.Tech Co., Ltd""
}",,-1306,"KTR Europe GmbH","DE-AR-000005685","{
  ""texts"" : [ {
    ""language"" : {
      ""isoCode"" : ""en"",
      ""name"" : ""English""
    },
    ""text"" : ""KTR Europe GmbH"",
    ""allLanguagesApplicable"" : null
  } ]
}",,,,,
962307,"01J9BG73HYH1P3B1NWSV1SEQKQ","5e422abf-4f19-45c3-9910-ff3883c2a53a",,"40.0232.000",-175,1,0,0,0,0,0,1,,2,"05908447057845","59084472NL007M9","7c43d0f4-c47a-4d44-88ef-b24909082048","01J9BFY56N7D160A0F5R386FM7",0,0,0,,0,0,,0,,,1,,,,,,,,0,0,"Dłuto żłobowe","Gouge",-203,-197,"STANDARD",," L090403","PL-MF-000002121","ChM spółka z ograniczoną odpowiedzialnością",-11,"{
  ""texts"" : [ {
    ""language"" : {
      ""isoCode"" : ""pl"",
      ""name"" : ""Polish""
    },
    ""text"" : ""ChM spółka z ograniczoną odpowiedzialnością"",
    ""allLanguagesApplicable"" : null
  } ]
}","{
  ""texts"" : [ {
    ""language"" : {
      ""isoCode"" : ""pl"",
      ""name"" : ""Polish""
    },
    ""text"" : ""ChM sp. z o.o."",
    ""allLanguagesApplicable"" : null
  } ]
}",-1306,,,,,,,,
204352,"01GMP7V5GKKQMX6NBZCCDK2VW7","bcc4f43e-c573-48fc-a243-1c00aef77046",,"VS0744.23",-67,1,,,0,0,1,0,,1,"00810123481217","B-00810123481217","dd962723-90bf-4d0d-b383-855d24733121","01GMP7V5EBHE6RYPDPXY5081V5",0,0,0,,0,0,,0,,,0,,,,,,,,0,0,"23ga ACTU8 ILM Forceps",,-204,-53,"LEGACY",," Q020599","US-MF-000022888","Vortex Surgical Inc",-11,"{
  ""texts"" : [ {
    ""language"" : {
      ""isoCode"" : ""en"",
      ""name"" : ""English""
    },
    ""text"" : ""Vortex Surgical Inc"",
    ""allLanguagesApplicable"" : false
  } ]
}",,-1306,"Emergo Europe B.V.","NL-AR-000000116","{
  ""texts"" : [ {
    ""language"" : {
      ""isoCode"" : ""en"",
      ""name"" : ""English""
    },
    ""text"" : ""Emergo Europe B.V."",
    ""allLanguagesApplicable"" : null
  } ]
}",,,,,
2624148,"01KS6QS50ZZSKA3YYJ7DTANRBN","50475ab9-16ef-43cf-8473-319bd92dbab8",,"IVX-UT-7022CL",-108,1,0,0,0,0,1,0,,1,"06950203376430","69502033UT1YH","1690b14b-37d0-4fae-9d7e-089e2e1f4d7b","01KS4J7MJ7158X1DN2H4S5EG37",0,0,0,,0,0,,0,,,0,,,,,,,,0,0,"Ureteral Stents",,-204,-197,"STANDARD",," U020302","CN-MF-000015981","Innovex Medical Co., Ltd.",-11,"{
  ""texts"" : [ {
    ""language"" : {
      ""isoCode"" : ""en"",
      ""name"" : ""English""
    },
    ""text"" : ""Innovex Medical Co., Ltd."",
    ""allLanguagesApplicable"" : null
  } ]
}","{
  ""texts"" : [ {
    ""language"" : {
      ""isoCode"" : ""en"",
      ""name"" : ""English""
    },
    ""text"" : ""Innovex"",
    ""allLanguagesApplicable"" : null
  } ]
}",-1306,"Emergo Europe B.V.","NL-AR-000000116","{
  ""texts"" : [ {
    ""language"" : {
      ""isoCode"" : ""en"",
      ""name"" : ""English""
    },
    ""text"" : ""Emergo Europe B.V."",
    ""allLanguagesApplicable"" : null
  } ]
}",,,,,
2546882,"01K4282XJ7EMPQ1VGRVE9NCWM8","c1f5e7e9-a5a9-42af-a505-9a86f654a34b",,"02 Taper/110 02",-56,1,0,0,0,0,0,1,,2,"06942200926046","69422009APPXM","07ccc95a-fa63-4fae-a7de-e5ce702f6624","01K3QRM6EMZATJ0GMXA8GSA2N3",0,0,0,,0,0,,0,,,0,,,,,,,,0,0,"Absorbent Paper Points","02 Taper、04 Taper、05 Taper、06 Taper、Accessory Type、Protaper Type、Wave One GOLD、Reciproc Type、Next Type",-203,-197,"STANDARD",," Q01010401","CN-MF-000033003","Shanwei Perfect Medical Instruments Co.,Ltd.",-11,"{
  ""texts"" : [ {
    ""language"" : {
      ""isoCode"" : ""en"",
      ""name"" : ""English""
    },
    ""text"" : ""Shanwei Perfect Medical Instruments Co.,Ltd."",
    ""allLanguagesApplicable"" : false
  } ]
}",,-1306,"SUNGO Europe B.V.","NL-AR-000000247","{
  ""texts"" : [ {
    ""language"" : {
      ""isoCode"" : ""nl"",
      ""name"" : ""Dutch""
    },
    ""text"" : ""SUNGO Europe B.V."",
    ""allLanguagesApplicable"" : null
  } ]
}",,,,,
2809655,"01KSMCD927Z5JNVJW58KQ92HHX","bafc6eb8-6131-426f-a61a-1f9ab057bd42",,"65310-15",-56,1,0,0,0,0,0,1,,1,"04063058052618","40630580000019043","fb0e5875-7461-403a-aeac-c146b122af30","01KSM2YG1XTGQ4DEG7AVK7WHC8",0,0,0,,0,0,,0,,,1,,,,,,,,0,0,"Klemme, sonstige / Clamp, other",,-203,-197,"STANDARD",," L03130499","DE-MF-000005592","REDA Instrumente GmbH",-11,"{
  ""texts"" : [ {
    ""language"" : {
      ""isoCode"" : ""de"",
      ""name"" : ""German""
    },
    ""text"" : ""REDA Instrumente GmbH"",
    ""allLanguagesApplicable"" : null
  } ]
}","{
  ""texts"" : [ {
    ""language"" : {
      ""isoCode"" : ""de"",
      ""name"" : ""German""
    },
    ""text"" : ""REDA"",
    ""allLanguagesApplicable"" : null
  } ]
}",-1306,,,,,"04063058052618",,,
1515966,"01KF0JRX8RQAGWE4Y71CTKXSJX","1835d379-d232-4686-b885-3fea18bb459d","EASYFLOW-R","LF1500R",-108,1,0,0,0,0,1,1,,1,"08052204712182","80522047103EASYRN7","039df9bc-dbe7-49f4-bb73-be5f17b4b1bf","01JX2A85HBAX9BNE6JXR89K7WT",1,1,0,,0,0,,0,,,0,,,,,,,,0,0,"EASYFLOW-R","EASYFLOW-R",-205,-197,"STANDARD",," A05010101","IT-MF-000020866","Adria Med S.r.l.",-11,"{
  ""texts"" : [ {
    ""language"" : {
      ""isoCode"" : ""it"",
      ""name"" : ""Italian""
    },
    ""text"" : ""Adria Med S.r.l."",
    ""allLanguagesApplicable"" : null
  } ]
}","{
  ""texts"" : [ {
    ""language"" : {
      ""isoCode"" : ""it"",
      ""name"" : ""Italian""
    },
    ""text"" : ""Adria Med"",
    ""allLanguagesApplicable"" : null
  } ]
}",-1306,,,,,,,"08052204712182,38052204712183",
913328,"01JSYVG0XDSWBHDRYKYWTP0NCF","cabf47f3-92ba-4830-8207-70b152940407","Hollister","3491",-100,1,0,0,0,0,0,0,,1,"00610075079995","610075D01P038S0039A2","9486fce6-c59c-4270-96bb-4523b88df2d2","01JSYV9R6J9XHNRMBPZS3XQ6MK",0,0,0,,0,0,,0,,,0,,,,,,,,0,0,"1-Piece Closed Ostomy Pouch, Softflex, Convex",,-203,-197,"STANDARD",," A1001010202","US-MF-000027818","Hollister Incorporated",-11,"{
  ""texts"" : [ {
    ""language"" : {
      ""isoCode"" : ""en"",
      ""name"" : ""English""
    },
    ""text"" : ""Hollister Incorporated"",
    ""allLanguagesApplicable"" : false
  } ],
  ""textByDefaultLanguage"" : ""Hollister Incorporated""
}",,-1306,"Hollister ULC","IE-AR-000022119","{
  ""texts"" : [ {
    ""language"" : {
      ""isoCode"" : ""en"",
      ""name"" : ""English""
    },
    ""text"" : ""Hollister ULC"",
    ""allLanguagesApplicable"" : false
  } ],
  ""textByDefaultLanguage"" : ""Hollister ULC""
}","20610075079999",,,,
3644924,"01KXRTK3XS54Q3X37KQXX8Q8E2","747a4633-b3d8-42ce-a301-f2609a1fc15f","ULTRAPOWER","7021-532",-21,1,0,0,0,0,1,0,,1,"10845854001578","B-10845854001578","682e0103-885c-4a5f-9f54-64ba3129f71c","01KXRTK3XC9DK029GJAYZ2AY9P",0,0,0,,0,0,,0,,,0,,,,,,,,0,0,"Orthopedic, Non-active, Handpiece Bur",,-204,-53,"LEGACY",," K030204","US-MF-000012663","Conmed Corporation",-11,"{
  ""texts"" : [ {
    ""language"" : {
      ""isoCode"" : ""en"",
      ""name"" : ""English""
    },
    ""text"" : ""Conmed Corporation"",
    ""allLanguagesApplicable"" : null
  } ]
}",,-1306,"MDSS GmbH","DE-AR-000005430","{
  ""texts"" : [ {
    ""language"" : {
      ""isoCode"" : ""en"",
      ""name"" : ""English""
    },
    ""text"" : ""MDSS GmbH"",
    ""allLanguagesApplicable"" : null
  } ]
}",,,,,
1099833,"01K20KFKRBJXM1FBPS4M4QRN4W","d0f3a471-b8b9-4d87-8a6a-65e90f5d262a","Impression Tray","861-121",-162,1,0,0,0,0,0,0,,1,"00190746035043","01907460000200DC","7fb73ed2-5a38-4a15-b87d-7d58f46e1716","01K20KFEJ2H8SPY9KGFPYNTCWE",0,0,0,,0,0,,0,,,0,,,,,,,,0,0,"Impression Tray",,-203,-197,"STANDARD",," Q010499","US-MF-000007702","American Orthodontics",-11,"{
  ""texts"" : [ {
    ""language"" : {
      ""isoCode"" : ""en"",
      ""name"" : ""English""
    },
    ""text"" : ""American Orthodontics"",
    ""allLanguagesApplicable"" : null
  } ]
}",,-1306,"Medical Technology Promedt Consulting GmbH","DE-AR-000000085","{
  ""texts"" : [ {
    ""language"" : {
      ""isoCode"" : ""de"",
      ""name"" : ""German""
    },
    ""text"" : ""Medical Technology Promedt Consulting GmbH"",
    ""allLanguagesApplicable"" : null
  } ]
}",,,,,
2783827,"01KSK9V1B1KSEEWXR4FM7BY6FB","df752434-04c9-4e28-bf19-1abd7fa867e1","Ryder's (Martin) needle holder, 260 mm, with TC insert","PH-606-26",-98,1,0,0,0,1,0,1,,1,"05996660029886","5996660FogokQ6","4ffddae1-abce-4bdb-8b50-168baf56d7c9","01KSK189KYMKRFQRTXRWHPX2XH",0,0,0,,0,0,,0,,,1,,,,,,,,0,0,"Forceps",,-203,-197,"STANDARD",," L0205","HU-MF-000006381","SUBAN Kéziműszer Hungary Zártkörűen Működő Részvénytársaság",-11,"{
  ""texts"" : [ {
    ""language"" : {
      ""isoCode"" : ""hu"",
      ""name"" : ""Hungarian""
    },
    ""text"" : ""SUBAN Kéziműszer Hungary Zártkörűen Működő Részvénytársaság"",
    ""allLanguagesApplicable"" : null
  } ]
}","{
  ""texts"" : [ {
    ""language"" : {
      ""isoCode"" : ""hu"",
      ""name"" : ""Hungarian""
    },
    ""text"" : ""SUBAN Kéziműszer Hungary Zrt."",
    ""allLanguagesApplicable"" : null
  } ]
}",-1306,,,,,"05996660029886",,,
3947648,"01KZN6XXKMTSF3209B6253K1C1","e7f1d8be-0ac5-47a1-960e-c499d4e3e915","Extr.Set Knie Polymerixx","2388292",,1,,,,,1,0,,1,"04052366855707","40495003149KQ","9b010653-a22c-4c08-976d-37b9b6680585","01KSJ6AQ0K77YKRNNK1JB8P9EP",,,,,,,,,,,,,,,-541,,,,,,"CombiSet Orthopedics","3149",-10,-197,"SPP","A CombiSet is characterized by the customized compilation of defined components used for medical treatments. These are single-use products for surgical procedures."," V0599","DE-PR-000019925","PAUL HARTMANN AG",-11,"{
  ""texts"" : [ {
    ""language"" : null,
    ""text"" : ""PAUL HARTMANN AG"",
    ""allLanguagesApplicable"" : true
  } ]
}","{
  ""texts"" : [ {
    ""language"" : null,
    ""text"" : ""PHAG"",
    ""allLanguagesApplicable"" : true
  } ]
}",-1306,,,,,,,"04052366855684,04052366855707",
3471331,"01KWZ922P2TXNS1M001SMCQRQE","4f60e995-645e-47ed-9880-30f33162a3f3",,"XMHCS513-30-AU2",,1,0,0,0,0,0,0,,1,"05024310911127","5024310X877B","699024d0-8760-4cef-baa5-b2e2a076d4c6","01KWYGP0NSQH7NKDXCVF1E4FPA",0,0,1,,0,0,,0,,,0,,,,,,,,0,0,,"Aurum",-203,-197,"STANDARD",," A100199","GB-MF-000033194","Welland Medical Ltd",-790,"{
  ""texts"" : [ {
    ""language"" : {
      ""isoCode"" : ""en"",
      ""name"" : ""English""
    },
    ""text"" : ""Welland Medical Ltd"",
    ""allLanguagesApplicable"" : false
  } ]
}","{
  ""texts"" : [ {
    ""language"" : {
      ""isoCode"" : ""en"",
      ""name"" : ""English""
    },
    ""text"" : ""Welland"",
    ""allLanguagesApplicable"" : false
  } ]
}",-1306,"Advena Limited","MT-AR-000000234","{
  ""texts"" : [ {
    ""language"" : {
      ""isoCode"" : ""en"",
      ""name"" : ""English""
    },
    ""text"" : ""Advena Limited"",
    ""allLanguagesApplicable"" : null
  } ]
}",,,,,
4059036,"01M0AA3F9EZY1BFP72Y2RY9ARN","d55ca0f1-82b6-4294-86f8-ea97af927a7f","Kaushik","KBVN-010-036",-13,1,,,0,0,0,1,,1,"08905926029031","B-08905926029031","c2e02edd-7812-46c5-abc3-79134d344081","01M0AA3F869W1G0MT4F4BFB3FS",0,0,0,,0,1,,0,,,0,,,,,,,,0,0,"traumaHeal V-Nail, 10mm x 360 mm, Stainless Steel",,-205,-53,"LEGACY",," P09120201","IN-MF-000035697","Kaushik Orthopaedic Private Limited",-11,"{
  ""texts"" : [ {
    ""language"" : {
      ""isoCode"" : ""en"",
      ""name"" : ""English""
    },
    ""text"" : ""Kaushik Orthopaedic Private Limited"",
    ""allLanguagesApplicable"" : false
  } ]
}","{
  ""texts"" : [ {
    ""language"" : {
      ""isoCode"" : ""en"",
      ""name"" : ""English""
    },
    ""text"" : ""KOPL"",
    ""allLanguagesApplicable"" : false
  } ]
}",-1306,"CMC Medical Devices & Drugs SL","ES-AR-000000293","{
  ""texts"" : [ {
    ""language"" : {
      ""isoCode"" : ""es"",
      ""name"" : ""Spanish""
    },
    ""text"" : ""CMC Medical Devices & Drugs SL"",
    ""allLanguagesApplicable"" : null
  } ]
}",,,,,
4245095,"01M1FYQ5N3S5DN622V8MZ7S7GJ","c30b400e-922d-4978-a370-ed1f5d4c56e6","Blade for Braastad Retractor 65x65mm pair","36.0530.65",-56,1,0,0,0,0,0,1,,1,"++G1133600530653P","++G113THORACICLUNGSURG4X","9abeed63-cb55-49c7-b47f-0fa2520660a2","01KXJDS4S23DQKPM27YJTSFGQ1",0,0,0,,0,0,,0,,,1,,,,,,,,0,0,"Collin Rib Shear 19cm","36.0010.19",-203,-197,"STANDARD",," L08060201","PK-MF-000023402","HILBRO INSTRUMENTS (PVT) LTD",-11,"{
  ""texts"" : [ {
    ""language"" : {
      ""isoCode"" : ""en"",
      ""name"" : ""English""
    },
    ""text"" : ""HILBRO INSTRUMENTS (PVT) LTD"",
    ""allLanguagesApplicable"" : null
  } ]
}",,-1306,"ANTEX MEDI SOLUTION","DE-AR-000008078","{
  ""texts"" : [ {
    ""language"" : {
      ""isoCode"" : ""en"",
      ""name"" : ""English""
    },
    ""text"" : ""ANTEX MEDI SOLUTION"",
    ""allLanguagesApplicable"" : null
  } ]
}",,,,,
555331,"01HW783MFQ01FYJD7VTSKG7B45","ddacf159-08fb-426e-bc62-a53bbadac059","Drilled End Needle","D-DRLZ 135-15-9.30X0.28-D-S",-56,1,,,0,0,0,1,,1,"08903158312242","B-08903158312242","afa9ce5f-425f-4768-b913-314ce25768e7","01HW783MDRQFCKY8JR2TV8TBQQ",0,0,0,,0,0,,0,,,0,,,,,,,,0,0,"Drilled End Needle","Surgical Suture Needle ",-204,-53,"LEGACY",," H9080","IN-MF-000007235","Quality Needles Private Limited",-11,"{
  ""texts"" : [ {
    ""language"" : {
      ""isoCode"" : ""en"",
      ""name"" : ""English""
    },
    ""text"" : ""Quality Needles Private Limited"",
    ""allLanguagesApplicable"" : null
  } ],
  ""textByDefaultLanguage"" : ""Quality Needles Private Limited""
}",,-1307,"Meddevices Lifesciences B.V.","NL-AR-000000594","{
  ""texts"" : [ {
    ""language"" : {
      ""isoCode"" : ""en"",
      ""name"" : ""English""
    },
    ""text"" : ""Meddevices Lifesciences B.V."",
    ""allLanguagesApplicable"" : null
  } ]
}",,,,,
3988857,"01KZWB31PWA6EW27P3C3VEWQ6N","f53d338d-17bf-474b-b4d0-1f48e4566c9f","Supercath 5","SP125-26-14-WT",-162,1,0,0,0,0,1,0,,1,"04543527251969","B-04543527251969","0420a147-0bf4-4c55-ada6-66c1e5f52df6","01KZWB31M03G7B0DPVKDN67FXF",0,0,0,,0,0,,0,,,0,,,,,,,,0,0,"Supercath 5",,-204,-53,"LEGACY",," C0101010202","JP-MF-000013805","Togo Medikit Co., Ltd.",-11,"{
  ""texts"" : [ {
    ""language"" : {
      ""isoCode"" : ""en"",
      ""name"" : ""English""
    },
    ""text"" : ""Togo Medikit Co., Ltd."",
    ""allLanguagesApplicable"" : null
  } ]
}","{
  ""texts"" : [ {
    ""language"" : {
      ""isoCode"" : ""en"",
      ""name"" : ""English""
    },
    ""text"" : ""Togo Medikit"",
    ""allLanguagesApplicable"" : null
  } ]
}",-1306,"Emergo Europe B.V.","NL-AR-000000116","{
  ""texts"" : [ {
    ""language"" : {
      ""isoCode"" : ""en"",
      ""name"" : ""English""
    },
    ""text"" : ""Emergo Europe B.V."",
    ""allLanguagesApplicable"" : null
  } ]
}",,,,,
3536367,"01KXB4MD22KP56BWYCR9YSNVCA","b0075823-2db8-4ebe-8822-8da69403b2bc","JOBST® Opaque","70628-01619-00",-56,1,0,0,0,0,0,0,,1,"04059993522460","4019702400438807X","9c296d50-7355-4970-ab8a-de7c3ac347c6","01KTE9TQXXB3KH482TTHHDFYGS",0,0,0,,0,0,,0,,,0,,,,,,,,0,0,"JOBST Opaque CCL2 Lower RTW",,-203,-197,"STANDARD",," M030405","DE-MF-000004936","BSN-Jobst GmbH",-11,"{
  ""texts"" : [ {
    ""language"" : {
      ""isoCode"" : ""en"",
      ""name"" : ""English""
    },
    ""text"" : ""BSN-Jobst GmbH"",
    ""allLanguagesApplicable"" : null
  } ]
}",,-1306,,,,,,,,
339059,"01H8XQAX6WWV3NCMK9X69V6KD2","d003ce43-7480-4e0c-a41d-28aa001ac97c","Disposable Sampling Swab","96000A",-56,1,0,0,0,0,1,0,,1,"06971893320480","697189332ZRDSS005TY","9771f72f-10ce-4176-b97a-4cdfb72e1321","01H8N8CWKK15RDEAATQWCDCY12",0,0,0,,0,0,,0,,,0,,,,,,,,0,0,,"93050, 93050A, 93050B, 93050C, 93050CW, 93050D, 93050J, 93050K，96000, 96000A, 96000B, 96000C, 96000CA, 96000J, 96000K, 96000L，95000A, 95000L, 95000M, 95000N, 95000MV, 95000TG",-203,-197,"STANDARD",," A1101","CN-MF-000011683","Miraclean Technology Co., Ltd",-11,"{
  ""texts"" : [ {
    ""language"" : {
      ""isoCode"" : ""en"",
      ""name"" : ""English""
    },
    ""text"" : ""Miraclean Technology Co., Ltd"",
    ""allLanguagesApplicable"" : null
  } ],
  ""textByDefaultLanguage"" : ""Miraclean Technology Co., Ltd""
}",,-1306,"Share info GmbH","DE-AR-000005132","{
  ""texts"" : [ {
    ""language"" : {
      ""isoCode"" : ""en"",
      ""name"" : ""English""
    },
    ""text"" : ""Share info GmbH"",
    ""allLanguagesApplicable"" : null
  } ]
}",,,,,
2780783,"01KSK8P060GXA9V15T1SDVCYND","2dc83989-5a62-41d7-914a-0fce6ae31602","Desjardins epekő kanál, rugalmas szárral, d= 9 mm, 300 mm","RB-312-09",-98,1,0,0,0,1,0,1,,1,"05996660033302","5996660Kurett_kap.kanalCS","5a05590b-d0b8-4fe8-89d0-499cf53ac29b","01KSK185NNS8TZF8WPNRSSS016",0,0,0,,0,0,,0,,,1,,,,,,,,0,0,"Curettes, scrapers",,-203,-197,"STANDARD",," L0901","HU-MF-000006381","SUBAN Kéziműszer Hungary Zártkörűen Működő Részvénytársaság",-11,"{
  ""texts"" : [ {
    ""language"" : {
      ""isoCode"" : ""hu"",
      ""name"" : ""Hungarian""
    },
    ""text"" : ""SUBAN Kéziműszer Hungary Zártkörűen Működő Részvénytársaság"",
    ""allLanguagesApplicable"" : null
  } ]
}","{
  ""texts"" : [ {
    ""language"" : {
      ""isoCode"" : ""hu"",
      ""name"" : ""Hungarian""
    },
    ""text"" : ""SUBAN Kéziműszer Hungary Zrt."",
    ""allLanguagesApplicable"" : null
  } ]
}",-1306,,,,,"05996660033302",,,
3709268,"01KY76XPX49EPNWFT17DVCY5R8","25eed9c1-3cd4-47a3-ac2c-5b09354cccd8","Sterile Procedure Trays","HGGOR752A",,1,,,,,1,0,,1,"03666520394639","3666520DCSPTORTHOST4L","ec3d69aa-2ca0-458f-ab4e-40c7d9d869f4","01KRM2C69H6HPZ4YA46CM7XHAM",,,,,,,,,,,,,,,-541,,,,,,"Sterile Orthopedic procedure packs",,-204,-197,"SPP","For Orthopedic procedure"," T0202","FR-PR-000003713","Medline International France",-11,"{
  ""texts"" : [ {
    ""language"" : {
      ""isoCode"" : ""fr"",
      ""name"" : ""French""
    },
    ""text"" : ""Medline International France"",
    ""allLanguagesApplicable"" : null
  } ]
}","{
  ""texts"" : [ {
    ""language"" : {
      ""isoCode"" : ""fr"",
      ""name"" : ""French""
    },
    ""text"" : ""MIF"",
    ""allLanguagesApplicable"" : null
  } ]
}",-1306,,,,,,,"03666520394639,53666520394634",
3273445,"01KVQGB5TERMJR17SXZNW2V999","bd5bbc0a-e3a8-4ba6-ac37-3d82df50f7dd",,"JMC-3962W",-56,1,0,0,0,0,0,0,,1,"06970320847163","697032084JMC30C7","81f46586-d236-4abb-b57c-3bd00faeaf6e","01KVQD20AZ1YV6YY5XMNVC3VCN",0,0,0,,0,0,,0,,,0,,,,-117,,,,0,0,"WALKER ",,-203,-197,"STANDARD",," Y120699","CN-MF-000012257","Jan Mao Industries Co., Ltd. (China)",-11,"{
  ""texts"" : [ {
    ""language"" : {
      ""isoCode"" : ""en"",
      ""name"" : ""English""
    },
    ""text"" : ""Jan Mao Industries Co., Ltd. (China)"",
    ""allLanguagesApplicable"" : null
  } ],
  ""textByDefaultLanguage"" : ""Jan Mao Industries Co., Ltd. (China)""
}","{
  ""texts"" : [ {
    ""language"" : {
      ""isoCode"" : ""en"",
      ""name"" : ""English""
    },
    ""text"" : ""Jan Mao (China)"",
    ""allLanguagesApplicable"" : null
  } ],
  ""textByDefaultLanguage"" : ""Jan Mao (China)""
}",-1306,"KOMAS Medical Technology GmbH","DE-AR-000045617","{
  ""texts"" : [ {
    ""language"" : {
      ""isoCode"" : ""en"",
      ""name"" : ""English""
    },
    ""text"" : ""KOMAS Medical Technology GmbH"",
    ""allLanguagesApplicable"" : false
  } ]
}",,"06970320847163",,,
1636015,"01KH9A39PX4699A9BK49CQXBTB","d083ddb0-5df9-41b5-abc9-884ff5466b2e","Cuffie per EEG","0013.C03-BPP-S-E",-108,1,0,0,0,0,0,0,,1,"08033315129175","8033315120013RN","b3eda55c-0eae-4920-a1da-d27700da1362","01KH8SWCTDYBZ4VBEGSTGXXD8T",0,0,0,,0,0,,0,,,0,,,,,,,,0,0,"Cuffie EEG",,-203,-197,"STANDARD",," N01010203","IT-MF-000018461","BIONEN SRL",-11,"{
  ""texts"" : [ {
    ""language"" : {
      ""isoCode"" : ""it"",
      ""name"" : ""Italian""
    },
    ""text"" : ""BIONEN SRL"",
    ""allLanguagesApplicable"" : null
  } ]
}","{
  ""texts"" : [ {
    ""language"" : {
      ""isoCode"" : ""it"",
      ""name"" : ""Italian""
    },
    ""text"" : ""BIONEN"",
    ""allLanguagesApplicable"" : null
  } ]
}",-1306,,,,,,,,
179062,"01GH1GSPJRJMVCCPT2N981TTP5","e6a840a2-86bb-47e8-86e9-ff5aa1c90a04","SANGO advanced RWD SEGO","SANGO advanced RWD SEGO",-162,1,0,0,0,0,0,0,,1,"08719325823011","8719325823SANADVLL","f447e99f-f9da-4154-b0dc-9901714486fb","01GBWQ52DX0MGRE769RNX6VTBX",1,0,0,,0,0,,0,,,0,,,,,,,,0,0,"SANGO","advanced",-203,-197,"STANDARD",," Y122127","NL-MF-000010827","Dietz Power B.V.",-11,"{
  ""texts"" : [ {
    ""language"" : {
      ""isoCode"" : ""nl"",
      ""name"" : ""Dutch""
    },
    ""text"" : ""Dietz Power B.V."",
    ""allLanguagesApplicable"" : null
  } ]
}","{
  ""texts"" : [ {
    ""language"" : {
      ""isoCode"" : ""nl"",
      ""name"" : ""Dutch""
    },
    ""text"" : ""Dietz Power"",
    ""allLanguagesApplicable"" : null
  } ]
}",-1306,,,,,"08719325823011",,,
120150,"01G7RFE8K1ZTV54S43HSZ574XX","bcbc962d-df6e-4410-a3c1-97d792844900","Proficient™","PRF35044",-56,1,,,0,0,1,0,,1,"18904224910925","B-18904224910925","6884c33e-33a4-49f0-81ed-936d00b0b34e","01G7RFE8JF4B4VRN45YEHDRNGR",0,1,0,,0,1,,0,,,0,,,,,,,,0,1,"Proficient™ Sirolimus Eluting Coronary Stent System","Model 1",-10,-53,"LEGACY",," P070402010301","IN-MF-000008308","Meril Life Sciences Pvt. Ltd.",-11,"{
  ""texts"" : [ {
    ""language"" : {
      ""isoCode"" : ""en"",
      ""name"" : ""English""
    },
    ""text"" : ""Meril Life Sciences Pvt. Ltd."",
    ""allLanguagesApplicable"" : null
  } ]
}",,-1306,"Obelis s.a.","BE-AR-000000106","{
  ""texts"" : [ {
    ""language"" : {
      ""isoCode"" : ""en"",
      ""name"" : ""English""
    },
    ""text"" : ""Obelis s.a."",
    ""allLanguagesApplicable"" : null
  } ],
  ""textByDefaultLanguage"" : ""Obelis s.a.""
}",,,,,
3033849,"01KT62TJN4ZM8BBQXKEPY8REDA","4c6c8790-d541-4472-942b-4b14b13c43b0","JOBST® UltraSheer","73577-01952-00",-56,1,0,0,0,0,0,0,,1,"04059993942411","40197024004388283","3f5c93dc-8607-43a1-868d-b94383a13326","01KSYXQ74S2XPCS61BMZ9A0Z96",0,0,0,,0,0,,0,,,0,,,,,,,,0,0,"JOBST UltraSheer CCL1 Lower RTW",,-203,-197,"STANDARD",," M030405","DE-MF-000004936","BSN-Jobst GmbH",-11,"{
  ""texts"" : [ {
    ""language"" : {
      ""isoCode"" : ""en"",
      ""name"" : ""English""
    },
    ""text"" : ""BSN-Jobst GmbH"",
    ""allLanguagesApplicable"" : null
  } ]
}",,-1306,,,,,,,,
2837523,"01KSN9G0RWW0AX857ZQK37TCWX","4588f6d8-d411-4f6a-9622-8bf21620fd87","AeroFit® Seal-In","AF-STFS045",-162,1,0,0,0,0,0,0,,1,"05690977250321","5690967BU00109NG","15e21f98-07fe-4d03-bd85-f9b0ab61845f","01KSN09JE88EWDSTAP7FC0N0AC",0,0,0,,0,0,,0,,,0,,,,,,,,0,0,,"BU00109",-203,-197,"STANDARD",," Y062499","IS-MF-000000173","Össur Iceland ehf.",-11,"{
  ""texts"" : [ {
    ""language"" : {
      ""isoCode"" : ""en"",
      ""name"" : ""English""
    },
    ""text"" : ""Össur Iceland ehf."",
    ""allLanguagesApplicable"" : null
  } ]
}","{
  ""texts"" : [ {
    ""language"" : {
      ""isoCode"" : ""en"",
      ""name"" : ""English""
    },
    ""text"" : ""Ossur"",
    ""allLanguagesApplicable"" : false
  } ]
}",-1306,,,,,,,,
3100375,"01KSQN34THJ777GX75ZA2GATCZ","5cebf5ba-99cd-4184-be5b-2deb29e928c6","Supreme Endo","958149",-56,1,0,0,0,1,0,1,,2,"14062183025648","B-14062183025648","f7d3b64b-c41e-4162-b3fd-5c4e2dfa2c8c","01KSQN34SYZTGPVDYZ31YJG3E4",0,0,0,,0,0,,0,,,0,,,,,,,,0,0,"Root Canal Files","TF-123",-204,-53,"LEGACY",," Q010507","DE-MF-000005902","CB Healthcare Consulting GmbH",-11,"{
  ""texts"" : [ {
    ""language"" : {
      ""isoCode"" : ""de"",
      ""name"" : ""German""
    },
    ""text"" : ""CB Healthcare Consulting GmbH"",
    ""allLanguagesApplicable"" : null
  } ]
}","{
  ""texts"" : [ {
    ""language"" : {
      ""isoCode"" : ""de"",
      ""name"" : ""German""
    },
    ""text"" : ""CBC"",
    ""allLanguagesApplicable"" : null
  } ]
}",-1306,,,,,,,,
2612575,"01KS5EGE3GSCEJCCMG52PNSE0V","adc23028-5a76-485c-b888-5c79e9fb5d5b","FLUX Air 30 CW RAIL - SS - G1/4","HF255B",-108,1,1,0,1,0,0,0,,1,"08050624748460","805415412HF0E8","e44a52a0-a084-4aae-bbd5-a0e580ab4149","01KEEXXV5ZBTVXWH3M0W0NV7ME",0,0,0,,0,0,,0,,,0,,,,,,,,0,0,,"Flow-metering devices for medical gases",-204,-197,"STANDARD",," Z12159099","IT-MF-000023450","BEHRINGER S.R.L.",-11,"{
  ""texts"" : [ {
    ""language"" : {
      ""isoCode"" : ""it"",
      ""name"" : ""Italian""
    },
    ""text"" : ""BEHRINGER S.R.L."",
    ""allLanguagesApplicable"" : null
  } ]
}","{
  ""texts"" : [ {
    ""language"" : {
      ""isoCode"" : ""it"",
      ""name"" : ""Italian""
    },
    ""text"" : ""BEHRINGER"",
    ""allLanguagesApplicable"" : null
  } ]
}",-1306,,,,,"08050624748460",,,
4697364,"01M3B4JZMPNVNZDA7A7KASH2VD","9275b137-bf0f-43b7-8f8e-97f740111042","Lastofa","01520410994220",-56,1,0,0,0,0,0,0,,1,"04052727484638","4018839K019G","9a3a9ab3-d2ac-444c-92d4-76f226b5a6fa","01KTP84J98X84HQ0AE8RCSYQRD",0,0,0,,0,0,,0,,,0,,,,,,,,0,0,"Rundstrick","Rundstrick",-203,-197,"STANDARD",," M030405","DE-MF-000008470","Ofa Bamberg GmbH",-11,"{
  ""texts"" : [ {
    ""language"" : {
      ""isoCode"" : ""de"",
      ""name"" : ""German""
    },
    ""text"" : ""Ofa Bamberg GmbH"",
    ""allLanguagesApplicable"" : null
  } ]
}","{
  ""texts"" : [ {
    ""language"" : {
      ""isoCode"" : ""de"",
      ""name"" : ""German""
    },
    ""text"" : ""Ofa"",
    ""allLanguagesApplicable"" : null
  } ]
}",-1306,,,,,"04052727484638",,,
4011496,"01KZZDJ5A7XB8053XFZWDMKAEX","2ace2d8c-405b-4384-9392-3d9a927436d9","Blood Bag","T300CS",,1,,,0,0,1,0,,1,"06970321651592","B-06970321651592","30e3504e-b111-4be8-bf36-1ac7a413c1a3","01KZZDJ58ZWSZT6JNFX509ZY90",0,0,0,,0,0,,0,,,0,,,,,,,,0,0,"Triple blood bag","T300CS",-205,-53,"LEGACY",," B0101020201","CN-MF-000028529","Suzhou Laishi Transfusion Equipment Co., Ltd.",-12,"{
  ""texts"" : [ {
    ""language"" : {
      ""isoCode"" : ""en"",
      ""name"" : ""English""
    },
    ""text"" : ""Suzhou Laishi Transfusion Equipment Co., Ltd."",
    ""allLanguagesApplicable"" : false
  } ],
  ""textByDefaultLanguage"" : ""Suzhou Laishi Transfusion Equipment Co., Ltd.""
}","{
  ""texts"" : [ {
    ""language"" : {
      ""isoCode"" : ""en"",
      ""name"" : ""English""
    },
    ""text"" : ""Suzhoulaishi"",
    ""allLanguagesApplicable"" : false
  } ],
  ""textByDefaultLanguage"" : ""Suzhoulaishi""
}",-1306,"Llins Service & Consulting GmbH","DE-AR-000009077","{
  ""texts"" : [ {
    ""language"" : {
      ""isoCode"" : ""de"",
      ""name"" : ""German""
    },
    ""text"" : ""Llins Service & Consulting GmbH"",
    ""allLanguagesApplicable"" : null
  } ]
}",,,,,
1302691,"01KAGQW0KVVW7SF4H86FARX0Z2","14eedacd-e7f2-41b0-bf02-601cf4ce015f","blueSKY","bSKY4512",-56,1,0,0,0,0,1,0,,1,"+EBRMBSKY451205","++EBRM2bSKYImp62","c1c59b31-6baf-482a-8e4a-521b8251a24b","01KADJ6FN1A52D4R1QHNX51NJ8",0,0,0,,0,1,,0,,,0,,,,,,,1,0,0,,"Dental implants, titanium",-205,-197,"STANDARD",," P01020101","DE-MF-000008125","bredent medical GmbH & Co. KG",-11,"{
  ""texts"" : [ {
    ""language"" : {
      ""isoCode"" : ""de"",
      ""name"" : ""German""
    },
    ""text"" : ""bredent medical GmbH & Co. KG"",
    ""allLanguagesApplicable"" : null
  } ]
}",,-1306,,,,,,,,
2229016,"01KQXYAPTG2GV7YQCM5DP3D0F4","691e3ef4-f6db-4355-a258-393957e9a352",,"0015GNC",-149,1,0,0,0,0,0,0,,1,"00842010010781","8420100ICBORTHOTICS2R","907ff45f-0402-4454-abdf-2a59d7aae34c","01KQXJB1PXHG0H16N5NQMH5Z6A",0,0,0,,0,0,,0,,,0,,,,,,,,0,0,"ICB Orthotics",,-203,-197,"STANDARD",," Y061203","AU-MF-000053419","ICB Medical Distributors Pty Ltd",-11,"{
  ""texts"" : [ {
    ""language"" : {
      ""isoCode"" : ""en"",
      ""name"" : ""English""
    },
    ""text"" : ""ICB Medical Distributors Pty Ltd"",
    ""allLanguagesApplicable"" : false
  } ],
  ""textByDefaultLanguage"" : ""ICB Medical Distributors Pty Ltd""
}","{
  ""texts"" : [ {
    ""language"" : {
      ""isoCode"" : ""en"",
      ""name"" : ""English""
    },
    ""text"" : ""ICB Med"",
    ""allLanguagesApplicable"" : false
  } ],
  ""textByDefaultLanguage"" : ""ICB Med""
}",-1306,"Advena Limited","MT-AR-000000234","{
  ""texts"" : [ {
    ""language"" : {
      ""isoCode"" : ""en"",
      ""name"" : ""English""
    },
    ""text"" : ""Advena Limited"",
    ""allLanguagesApplicable"" : null
  } ]
}",,,,,
1979813,"01KP313QK0H3BSY8JRKP1VN30E","a2e23d30-477a-4753-8e03-2144f9a00452","Axiom","AT40100",-74,1,0,0,0,0,1,0,,1,"03663394874960","36633940001QC","0c6ccb44-c72f-4c87-94f4-06e14a37fd77","01KECG3S1QJXZCWV7Q76P67ARA",0,0,0,,0,1,,0,,,0,,,,,,,1,0,0,,"Axiom BL Implant",-205,-197,"STANDARD",," P01020101","FR-MF-000000602","anthogyr",-11,"{
  ""texts"" : [ {
    ""language"" : {
      ""isoCode"" : ""fr"",
      ""name"" : ""French""
    },
    ""text"" : ""anthogyr"",
    ""allLanguagesApplicable"" : null
  } ]
}",,-1306,,,,,,,,
3046111,"01KT6KSW008PTG458S3YZRKQSV","e6660b3a-4e11-4ae9-8f9f-9fd1427f5666",,"3443060010034",-56,1,0,0,0,0,0,0,,1,"04059465381687","4055107MyGen69","2d0f642f-2516-4331-a365-cc66ce58a598","01KRDT6V93EG5M6DVETC7STS0D",0,0,0,,0,0,,0,,,0,,,,,,,,0,0,"MyGeneration",,-203,-197,"STANDARD",," Y063303","DE-MF-000004958","Schein Orthopädie Service KG",-11,"{
  ""texts"" : [ {
    ""language"" : {
      ""isoCode"" : ""de"",
      ""name"" : ""German""
    },
    ""text"" : ""Schein Orthopädie Service KG"",
    ""allLanguagesApplicable"" : null
  } ]
}",,-1306,,,,,,,,
3213344,"01KV7S2SS09XYHC9J2Z7582AZ4","737fc372-73e8-4420-9fbc-27dcd6b59869","DURADENT - ML B1 98X25 - SAPPHIRE ZİRKON BLOK","yok",-245,1,,,0,0,0,0,,1,"08699197582820","B-08699197582820","8538e345-0f56-451d-a903-24bf24e70745","01KV7S2SRGZSZDFTDKWGS2VBRG",0,0,0,,0,0,,0,,,0,,,,,,,,0,0,"SAPPHIRE ZİRKON BLOK","ML B1 98X25",-204,-53,"LEGACY",," Q010699","TR-MF-000038674","ERK DENTAL MED. TIBBİ. MALZ. TUR. SAN. VE TİC. LTD. ŞTİ.",-11,"{
  ""texts"" : [ {
    ""language"" : {
      ""isoCode"" : ""en"",
      ""name"" : ""English""
    },
    ""text"" : ""ERK DENTAL MED. TIBBİ. MALZ. TUR. SAN. VE TİC. LTD. ŞTİ."",
    ""allLanguagesApplicable"" : false
  } ],
  ""textByDefaultLanguage"" : ""ERK DENTAL MED. TIBBİ. MALZ. TUR. SAN. VE TİC. LTD. ŞTİ.""
}",,-1306,,,,,,,,
1738847,"01KKM7N5FQSX8DEGEBAVARMWR5","3651cf2f-dabd-4959-a7c5-6539c4e2e492",,"04.333.436",-21,1,0,0,0,0,0,1,,1,"00819917024180","019644901355","b9db6533-fc86-4a14-ba59-05c87e01b2df","01KKM2H78TV87M8XZVJZ1PWHF2",0,0,0,,0,1,,0,,,0,,,,,,,1,0,0,"Headless Screw",,-205,-197,"STANDARD",," P09120699","US-MF-000011350","Tyber Medical",-11,"{
  ""texts"" : [ {
    ""language"" : {
      ""isoCode"" : ""en"",
      ""name"" : ""English""
    },
    ""text"" : ""Tyber Medical"",
    ""allLanguagesApplicable"" : null
  } ]
}",,-1306,"MDSS GmbH","DE-AR-000005430","{
  ""texts"" : [ {
    ""language"" : {
      ""isoCode"" : ""en"",
      ""name"" : ""English""
    },
    ""text"" : ""MDSS GmbH"",
    ""allLanguagesApplicable"" : null
  } ]
}",,,,,
4664812,"01M37898VDXH1D67JH1XH8VQF1","12405326-0c54-490d-a1db-e891727eea71","TIPMED","270713",-245,1,,,0,0,1,0,,1,"08698791270713","B-08698791270713","6c826e55-b87b-4230-8606-c197b1488753","01M37898TP5GJB8YYGPZ8QDKBE",0,0,0,,0,1,,0,,,0,,,,,,,,0,0,"TPM8 Insert Crutiate Retaining (CR), High Crosslink, UHMWPE, Mobile, 18*54, No:1",,-10,-53,"LEGACY",," P090903020201","TR-MF-000017476","TIPMED Tıbbi Medikal Ürünler Sanayi Ticaret Ltd. Şti.",-11,"{
  ""texts"" : [ {
    ""language"" : {
      ""isoCode"" : ""en"",
      ""name"" : ""English""
    },
    ""text"" : ""TIPMED Tıbbi Medikal Ürünler Sanayi Ticaret Ltd. Şti."",
    ""allLanguagesApplicable"" : false
  } ]
}","{
  ""texts"" : [ {
    ""language"" : {
      ""isoCode"" : ""en"",
      ""name"" : ""English""
    },
    ""text"" : ""TIPMED"",
    ""allLanguagesApplicable"" : false
  } ]
}",-1306,,,,,,,,
3584179,"01KXGXCQFTX2ZTYW0TZB8V4VHS","575820f7-75ca-4c3d-8092-442f024821c6",,"2005027",-162,1,0,0,0,0,0,1,,1,"08720167730078","8718868776C-3POR2D2NG","961eed19-3599-49d3-bf07-9e4b841bc86f","01KXGQVF0ZSZZD8BCHBB2GEJNK",0,0,0,,0,0,,0,,,0,,,,,,,,0,0,"NTOC cassette",,-203,-197,"STANDARD",," V9099","NL-MF-000003313","NTOC medische techniek B.V.",-11,"{
  ""texts"" : [ {
    ""language"" : {
      ""isoCode"" : ""nl"",
      ""name"" : ""Dutch""
    },
    ""text"" : ""NTOC medische techniek B.V."",
    ""allLanguagesApplicable"" : null
  } ],
  ""textByDefaultLanguage"" : null
}",,-1306,,,,,"08720167730078",,,
3200990,"01KV5HYXJGMBFCK3P33K50HKDE","238ae097-bf3c-4170-9c87-8b4ca2006f1a","nopa","KK 414/20",-56,1,0,0,0,0,0,1,,1,"14049538084321","404953800000118B8","20ca4ece-0eba-4aa7-80e6-3fece6dcda07","01KTQW4GSXXNFDWKNP2Z2V0BZR",0,0,0,,0,0,,0,,,1,,,,,,,,0,0,,"HERZKLEMMEN, CLAMP AORTA, ARTERY",-203,-197,"STANDARD",," L0708010501","DE-MF-000005613","nopa instruments Medizintechnik GmbH",-11,"{
  ""texts"" : [ {
    ""language"" : {
      ""isoCode"" : ""de"",
      ""name"" : ""German""
    },
    ""text"" : ""nopa instruments Medizintechnik GmbH"",
    ""allLanguagesApplicable"" : null
  } ]
}","{
  ""texts"" : [ {
    ""language"" : {
      ""isoCode"" : ""de"",
      ""name"" : ""German""
    },
    ""text"" : ""Herstellung und Verkauf chirurgischer und endoskopischer Instrumente"",
    ""allLanguagesApplicable"" : null
  }, {
    ""language"" : {
      ""isoCode"" : ""en"",
      ""name"" : ""English""
    },
    ""text"" : ""Manufacture and Sales of Surgical and Endoscopic Instruments"",
    ""allLanguagesApplicable"" : null
  } ]
}",-1306,,,,,"14049538084321",,,
1499476,"01KEF3EJKCC9Q87HR1GHV64FFZ","97b64cc8-649f-4ec3-8711-b7b8688664f4",,"30021A20403021",-74,1,0,0,0,0,0,0,,1,"04035459305419","4035459DE1406A3W","f59b3a8a-0d84-40ee-8034-96ab39182f6a","01KEF2GWM19R391GV2M2CJ6Y3S",0,0,0,,0,0,,0,,,0,,,,,,,,0,0,"VENOFLEX MICRO",,-203,-197,"STANDARD",," M030405","DE-MF-000006210","Thuasne Deutschland GmbH",-11,"{
  ""texts"" : [ {
    ""language"" : {
      ""isoCode"" : ""de"",
      ""name"" : ""German""
    },
    ""text"" : ""Thuasne Deutschland GmbH"",
    ""allLanguagesApplicable"" : null
  } ]
}","{
  ""texts"" : [ {
    ""language"" : {
      ""isoCode"" : ""de"",
      ""name"" : ""German""
    },
    ""text"" : ""TDE"",
    ""allLanguagesApplicable"" : null
  } ]
}",-1306,,,,,"04035459305419",,,
4416526,"01M2FHTNP3A049ETS9HMZSY8C7","45ed3835-44f7-4190-bedf-b65710d7582f","Ventilation Mask","NM-016-TS",-100,1,0,0,0,0,0,0,,1,"06974832561661","697483256YM6D","3a820f0d-c44b-44b3-9e7c-99f103bc1a4a","01M1KEW4KMPBD92MXACS0PQ33T",0,0,0,,0,0,,0,,,0,,,,,,,,0,0,"Ventilation Mask","Non-Ultrasonic Welding Ventilation Mask Series",-204,-197,"STANDARD",," R0301010201","CN-MF-000008460","GuangDong EDA Technology Co., Ltd.",-11,"{
  ""texts"" : [ {
    ""language"" : {
      ""isoCode"" : ""en"",
      ""name"" : ""English""
    },
    ""text"" : ""GuangDong EDA Technology Co., Ltd."",
    ""allLanguagesApplicable"" : null
  } ],
  ""textByDefaultLanguage"" : ""GuangDong EDA Technology Co., Ltd.""
}",,-1306,"Lotus NL B.V.","NL-AR-000000121","{
  ""texts"" : [ {
    ""language"" : {
      ""isoCode"" : ""en"",
      ""name"" : ""English""
    },
    ""text"" : ""Lotus NL B.V."",
    ""allLanguagesApplicable"" : null
  } ]
}",,,,,
3087321,"01KTBD4FQCATJ14620EQ5FGKS3","3260eb7c-d26d-47da-8ee5-e515edcd7d11","nopa","KS 670/00",-56,1,0,0,0,0,0,1,,1,"14049538107624","404953800000073BB","72cac4e6-dcfc-45f7-9dfe-f5c53734d132","01KTB4B441B2HEDWZ3VP6F0SAN",0,0,0,,0,0,,0,,,1,,,,,,,,0,0,,"Haken",-203,-197,"STANDARD",," L140203","DE-MF-000005613","nopa instruments Medizintechnik GmbH",-11,"{
  ""texts"" : [ {
    ""language"" : {
      ""isoCode"" : ""de"",
      ""name"" : ""German""
    },
    ""text"" : ""nopa instruments Medizintechnik GmbH"",
    ""allLanguagesApplicable"" : null
  } ]
}","{
  ""texts"" : [ {
    ""language"" : {
      ""isoCode"" : ""de"",
      ""name"" : ""German""
    },
    ""text"" : ""Herstellung und Verkauf chirurgischer und endoskopischer Instrumente"",
    ""allLanguagesApplicable"" : null
  }, {
    ""language"" : {
      ""isoCode"" : ""en"",
      ""name"" : ""English""
    },
    ""text"" : ""Manufacture and Sales of Surgical and Endoscopic Instruments"",
    ""allLanguagesApplicable"" : null
  } ]
}",-1306,,,,,"14049538107624",,,
2007382,"01KP8B0YYT9BFPKF0728X306JN","a12eec54-c431-4018-ba6d-8e897216f8cc",,"E8971-10",-108,1,0,0,0,0,0,0,,1,"08033707085225","B-08033707085225","18d72ecb-2753-4ba1-a389-ec7b4063061d","01KP8B0YYAHZGEAZ67CJW9RXM8",0,0,0,,0,0,,0,,,0,,,,,,,,0,0,"Orthodontic Bands",,-204,-53,"LEGACY",," Q010402","IT-MF-000005986","LEONE S.P.A.",-11,"{
  ""texts"" : [ {
    ""language"" : {
      ""isoCode"" : ""it"",
      ""name"" : ""Italian""
    },
    ""text"" : ""LEONE S.P.A."",
    ""allLanguagesApplicable"" : null
  } ]
}","{
  ""texts"" : [ {
    ""language"" : {
      ""isoCode"" : ""it"",
      ""name"" : ""Italian""
    },
    ""text"" : ""LEONE"",
    ""allLanguagesApplicable"" : null
  } ]
}",-1306,,,,,,,,
1630885,"01KH8DTTZ0AQX2MW6GF3TTKV2D","04e05636-44b6-4109-87fa-f08ce2ccbb1c","SENI FIX COMFORT","SE-092-3X01-003",-175,1,0,0,0,0,0,0,,1,"05900516699710","5900516AATXXXXXG","aaeed778-1c6f-4337-9233-e2af7f496ad9","01KG4Q5V625V5R249REZHMKZFM",0,0,0,,0,0,,0,,,0,,,,,,,,0,0,"SUPPORTING PANTS",,-203,-197,"STANDARD",," T04010104","PL-MF-000002200","TORUŃSKIE ZAKŁADY MATERIAŁÓW OPATRUNKOWYCH SPÓŁKA AKCYJNA",-11,"{
  ""texts"" : [ {
    ""language"" : {
      ""isoCode"" : ""pl"",
      ""name"" : ""Polish""
    },
    ""text"" : ""TORUŃSKIE ZAKŁADY MATERIAŁÓW OPATRUNKOWYCH SPÓŁKA AKCYJNA"",
    ""allLanguagesApplicable"" : null
  } ]
}","{
  ""texts"" : [ {
    ""language"" : {
      ""isoCode"" : ""pl"",
      ""name"" : ""Polish""
    },
    ""text"" : ""TZMO SA"",
    ""allLanguagesApplicable"" : null
  } ]
}",-1306,,,,,,,,
2637723,"01KS7KYCTVEAMRWXS6KET3RC4Q","3d46f910-2627-493f-8371-ef0ff6ba25f4","COLONOSCOPY PANTS L","17-10-23",-245,1,0,0,0,0,0,0,,1,"08680829210945","868082921NS0013FE","b4110a4e-d605-4fdf-aa3e-be6cbb17574b","01KS4NHZVH60NR33JV9XRXKSBX",0,0,0,,0,0,,0,,,0,,,,,,,,0,0,"PATIENT GOWN (SHORT SLEEVED) S",,-203,-197,"STANDARD",," T0205","TR-MF-000018593","MHK MEDİKAL TEKSTİL SAN VE TİC.LTD.ŞTİ",-11,"{
  ""texts"" : [ {
    ""language"" : {
      ""isoCode"" : ""en"",
      ""name"" : ""English""
    },
    ""text"" : ""MHK MEDİKAL TEKSTİL SAN VE TİC.LTD.ŞTİ"",
    ""allLanguagesApplicable"" : false
  } ],
  ""textByDefaultLanguage"" : ""MHK MEDİKAL TEKSTİL SAN VE TİC.LTD.ŞTİ""
}","{
  ""texts"" : [ {
    ""language"" : {
      ""isoCode"" : ""en"",
      ""name"" : ""English""
    },
    ""text"" : ""MHK MEDİKAL"",
    ""allLanguagesApplicable"" : false
  } ],
  ""textByDefaultLanguage"" : ""MHK MEDİKAL""
}",-1306,,,,,"08680829210945",,,
4380379,"01M25J6XFFQE3CA1XQN0B171Z5","51675e56-d5c8-4f25-9ad0-55d2b6b99d96","COLUMBUS REVISION","NR058K",-56,1,1,0,0,0,1,0,,1,"04046963338022","40392390000016462U","f56f41cc-5f4a-4731-ade9-7acfd5295090","01M25H76DWXE0PR7BCH04ZX08D",0,0,0,,0,1,,0,,,0,,,,,,,1,0,0,"COLUMBUS augmentation implant",,-205,-197,"STANDARD",," P090908","DE-MF-000005504","Aesculap AG",-11,"{
  ""texts"" : [ {
    ""language"" : {
      ""isoCode"" : ""de"",
      ""name"" : ""German""
    },
    ""text"" : ""Aesculap AG"",
    ""allLanguagesApplicable"" : null
  } ],
  ""textByDefaultLanguage"" : null
}",,-1306,,,,,,,,
3045074,"01KT6JHNJ1BMABY8DAMCKWHSZK","cdfc3ee0-8b6d-40fa-b35a-8a7385150ba0","Atom Simple Footpost White/Blue","AT01 011-08-01",,1,0,0,0,1,0,0,,1,"05056235211648","50562352POSTURESYSACC4F","a9ba82e5-427b-4d05-aa94-de2e7b32cc36","01KT6F9EP0C733K7J5ASRXDHWF",1,0,0,,0,0,,0,,,1,,,,,,,,0,0,"Accessories",,-203,-197,"STANDARD",," Y180980","GB-MF-000016540","Jenx Limited",-790,"{
  ""texts"" : [ {
    ""language"" : {
      ""isoCode"" : ""en"",
      ""name"" : ""English""
    },
    ""text"" : ""Jenx Limited"",
    ""allLanguagesApplicable"" : null
  } ],
  ""textByDefaultLanguage"" : ""Jenx Limited""
}","{
  ""texts"" : [ {
    ""language"" : {
      ""isoCode"" : ""en"",
      ""name"" : ""English""
    },
    ""text"" : ""Jenx Ltd."",
    ""allLanguagesApplicable"" : null
  } ],
  ""textByDefaultLanguage"" : ""Jenx Ltd.""
}",-1306,"Advena Limited","MT-AR-000000234","{
  ""texts"" : [ {
    ""language"" : {
      ""isoCode"" : ""en"",
      ""name"" : ""English""
    },
    ""text"" : ""Advena Limited"",
    ""allLanguagesApplicable"" : null
  } ]
}",,,,,
1278652,"01K9T8F6H2C3BAAN7V6SVYBX4Y","0e329e53-8b15-4c64-8bc2-abf84a04c45c","STARDRIVE","201.370",-21,1,0,0,0,0,0,1,,1,"07611819759718","7611819a00416JK","2ff65bef-1c1b-4831-bd61-0cc404a48161","01K9QH0ADP1CFG4S3JYMDNG1K6",0,0,0,,0,1,,0,,,0,,,,,,,1,0,0,"Cortex Screw Stainless Steel","Cortex Screw Stainless Steel",-205,-197,"STANDARD",," P09120601","CH-MF-000013345","Synthes GmbH",-11,"{
  ""texts"" : [ {
    ""language"" : {
      ""isoCode"" : ""en"",
      ""name"" : ""English""
    },
    ""text"" : ""Synthes GmbH"",
    ""allLanguagesApplicable"" : null
  } ]
}",,-1306,"DePuy Ireland UC","IE-AR-000009328","{
  ""texts"" : [ {
    ""language"" : {
      ""isoCode"" : ""en"",
      ""name"" : ""English""
    },
    ""text"" : ""DePuy Ireland UC"",
    ""allLanguagesApplicable"" : null
  } ]
}",,,,,
577662,"01HXBQ9NPMCCNNK1P5ZNKQG2AF","91404acb-9958-4c8b-965b-93e6779360c6","TEKNO-CER","T90-132",-245,1,0,0,0,0,0,1,,1,"08699328722088","869932TEKNO-CER160525AX","b42b3f91-2962-4e71-a229-86c39107a310","01HXBPYR9NPF0660VP3DTJ6KGY",0,0,0,,0,0,,0,,,1,,,,,,,,0,0,"SPARK PLUG","TEKNO-CER",-203,-197,"STANDARD",," G010101","TR-MF-000019961","TEKNO-CER CERRAHİ ALETLER İMALAT SANAYİ VE TİCARET LİMİTED ŞİRKETİ",-11,"{
  ""texts"" : [ {
    ""language"" : {
      ""isoCode"" : ""en"",
      ""name"" : ""English""
    },
    ""text"" : ""TEKNO-CER CERRAHİ ALETLER İMALAT SANAYİ VE TİCARET LİMİTED ŞİRKETİ"",
    ""allLanguagesApplicable"" : false
  } ]
}","{
  ""texts"" : [ {
    ""language"" : {
      ""isoCode"" : ""en"",
      ""name"" : ""English""
    },
    ""text"" : ""TEKNO-CER SURGICAL INSTRUMENTS"",
    ""allLanguagesApplicable"" : false
  } ]
}",-1306,,,,,,,,
3462214,"01KWY9C3CDKQFX5KEYVJHN2ME8","11518e56-8348-4e25-bc3b-35a57bf94019",,"1208010",-245,1,0,0,0,0,0,1,,1,"08682376509442","B-08682376509442","ef60bc7e-d0d1-4d35-a2cb-27ed6a00867e","01KWY9C3C52TKN9TD7F4P3JZMG",0,0,0,,0,1,,0,,,0,,,,,,,,0,0,"4U SPINAL POSTERIOR MULTIFUNCTIONAL PEDICLE SCREW Ø:8.0 L100mm",,-205,-53,"LEGACY",," P09070302","TR-MF-000040424","4U Makina Medikal Otomotiv Sanayi ve Ticaret Ltd. Şti.",-11,"{
  ""texts"" : [ {
    ""language"" : {
      ""isoCode"" : ""en"",
      ""name"" : ""English""
    },
    ""text"" : ""4U Makina Medikal Otomotiv Sanayi ve Ticaret Ltd. Şti."",
    ""allLanguagesApplicable"" : false
  } ],
  ""textByDefaultLanguage"" : ""4U Makina Medikal Otomotiv Sanayi ve Ticaret Ltd. Şti.""
}","{
  ""texts"" : [ {
    ""language"" : {
      ""isoCode"" : ""en"",
      ""name"" : ""English""
    },
    ""text"" : ""4U Medical"",
    ""allLanguagesApplicable"" : false
  } ],
  ""textByDefaultLanguage"" : ""4U Medical""
}",-1306,,,,,,,,
4532509,"01M2XFS0S63WEMWMG56YDKTS6M","946b072d-0a2a-45ce-82fe-7c30b12d6a92","Juzo Soft","2001",-56,1,0,0,0,0,0,0,,1,"04071191776568","4018678M030405PHLY-010-AS","b1b47278-0227-4275-aff4-196e309ae175","01M27XRQX05TB01GQ5CWFCZH8H",0,0,0,,0,0,,0,,,0,,,,,,,,0,0,"Medical compression garments PH/LY- stockings / pantyhose / sleeves",,-203,-197,"STANDARD",," M030405","DE-MF-000009443","Julius Zorn GmbH",-11,"{
  ""texts"" : [ {
    ""language"" : {
      ""isoCode"" : ""de"",
      ""name"" : ""German""
    },
    ""text"" : ""Julius Zorn GmbH"",
    ""allLanguagesApplicable"" : null
  } ]
}","{
  ""texts"" : [ {
    ""language"" : {
      ""isoCode"" : ""de"",
      ""name"" : ""German""
    },
    ""text"" : ""Juzo"",
    ""allLanguagesApplicable"" : null
  } ]
}",-1306,,,,,"04071191776568",,,
1904106,"01KN6E46VPMJGCDBF5XA8RMCQJ","993492a7-cf99-4a87-98fe-c033af34d05a","VenoTrain impuls, AD, border dot 3cm, Ccl 2,
open toe, III normal short, black","20780421720223",-56,1,0,0,0,0,0,0,,1,"04046445618840","4046445IMP00000000UN","3ab185d5-7162-4cd0-b6f5-83d888775c66","01KN4ACRZJAEBQGPJVRPTR9RDF",0,0,0,,0,0,,0,,,0,,,,,,,,0,0,"VenoTrain impuls",,-203,-197,"STANDARD",," M030405","DE-MF-000007543","Bauerfeind AG",-11,"{
  ""texts"" : [ {
    ""language"" : {
      ""isoCode"" : ""de"",
      ""name"" : ""German""
    },
    ""text"" : ""Bauerfeind AG"",
    ""allLanguagesApplicable"" : null
  } ]
}",,-1306,,,,,,,,
1020418,"01JZHBDAHFPKZ9KM7CTY6AXB7A","2dcb295f-dadb-4361-a117-4565e9f6c5c7",,"SDP010",-13,1,0,0,0,0,0,0,,1,"06972712657183","697271265DSP001HM","7526773c-20ba-4d20-9925-7da7539728d9","01JZHAJSNZ0JWJXXXAJFBH73XQ",0,0,0,,0,0,,0,,,0,,,,-116,,,,0,0,"Disposable surgical pack","SDP001 SDP002 SDP003 SDP004 SDP005 SDP006 SDP007 SDP008 SDP009 SDP010 SDP011 SDP012",-203,-197,"STANDARD",," V9099","CN-MF-000028098","Xiantao sanda industrial CO.,LTD",-11,"{
  ""texts"" : [ {
    ""language"" : {
      ""isoCode"" : ""en"",
      ""name"" : ""English""
    },
    ""text"" : ""Xiantao sanda industrial CO.,LTD"",
    ""allLanguagesApplicable"" : false
  } ]
}",,-1306,"SUNGO Europe B.V.","NL-AR-000000247","{
  ""texts"" : [ {
    ""language"" : {
      ""isoCode"" : ""nl"",
      ""name"" : ""Dutch""
    },
    ""text"" : ""SUNGO Europe B.V."",
    ""allLanguagesApplicable"" : null
  } ]
}",,,,,
667102,"01J495Q4G902BA4GBKV9E8R9F3","802658f1-0018-465f-9295-d3e6fba17a1f",,"17/4034-7",-67,1,0,0,0,0,0,1,,1,"08435783605791","8437027932INSTRUM3K","1acd4557-f4e2-42f9-af92-064192a5d0c2","01J29DKAQNJBNPAJ8JVW5NFABM",0,0,0,,0,0,,0,,,0,,,,,,,,0,0,"DENTAL INSTRUMENTS",,-203,-197,"STANDARD",," Q010599","ES-MF-000041884","BADER EUROPE GROUP S.L.",-11,"{
  ""texts"" : [ {
    ""language"" : {
      ""isoCode"" : ""en"",
      ""name"" : ""English""
    },
    ""text"" : ""BADER EUROPE GROUP S.L."",
    ""allLanguagesApplicable"" : false
  } ]
}",,-1306,,,,,,,,
1312184,"01KAXP4E3GV37GCVGBG5K21ARK","08b04974-9864-4ac2-8cb9-73ba9a55e4bf","Base Comfort Black, L S","7810-22",-192,1,0,0,0,0,0,0,,1,"07340202104773","734020216M6","87c44955-4ac0-462e-b809-5d7bfde33256","01JW8YWP6PEEK1AMXA4B1ADB7K",0,0,0,,0,0,,0,,,0,,,,,,,,0,0,"Hand",,-203,-197,"STANDARD",," Y060606","SE-MF-000000726","Catell AB",-11,"{
  ""texts"" : [ {
    ""language"" : {
      ""isoCode"" : ""sv"",
      ""name"" : ""Swedish""
    },
    ""text"" : ""Catell AB"",
    ""allLanguagesApplicable"" : null
  } ]
}",,-1306,,,,,,,,
2233208,"01KQY7A18J3QSVR1MDZ4ABJDGT","12feba0c-00bc-430e-99f5-45711b637632","CEREFORM®","RMS220+",-74,1,0,0,0,0,1,0,,1,"03664685004806","B-03664685004806","9f72526c-0ece-468b-8310-c7605d493afb","01KQY7A17APYGGJGCAA7Y774Q6",0,0,0,,0,1,,0,,,0,,,,,,,,0,0,"CEREFORM® SILICONE GEL-FILLED BREAST IMPLANTS","RMS220+",-10,-53,"LEGACY",," P0601010202","BE-MF-000020089","Euromi Biosciences",-11,"{
  ""texts"" : [ {
    ""language"" : {
      ""isoCode"" : ""en"",
      ""name"" : ""English""
    },
    ""text"" : ""Euromi Biosciences"",
    ""allLanguagesApplicable"" : false
  } ],
  ""textByDefaultLanguage"" : ""Euromi Biosciences""
}",,-1306,,,,,,,,
3665735,"01KY0ND26YGJ13SEBPS96808TW","c0e8068b-ed3e-419d-8925-3dc8b21b4571","AnastoClip® GC Closure System","4011-02M",-56,1,0,0,0,0,1,0,,1,"00840663112043","08406631AclipGCAK","7ae2c9cb-3ba9-446f-af2d-94d601bce0c3","01KX0Z1WWBEMVCZRK9CQR78QC0",0,0,0,,0,1,,0,,,0,,,,,,,1,0,0,"AnastoClip GC Closure Systems",,-205,-197,"STANDARD",," H03010102","US-MF-000016778","LeMaitre Vascular, Inc.",-11,"{
  ""texts"" : [ {
    ""language"" : {
      ""isoCode"" : ""en"",
      ""name"" : ""English""
    },
    ""text"" : ""LeMaitre Vascular, Inc."",
    ""allLanguagesApplicable"" : null
  } ],
  ""textByDefaultLanguage"" : ""LeMaitre Vascular, Inc.""
}","{
  ""texts"" : [ {
    ""language"" : {
      ""isoCode"" : ""en"",
      ""name"" : ""English""
    },
    ""text"" : ""LeMaitre Burlington, MA"",
    ""allLanguagesApplicable"" : false
  } ],
  ""textByDefaultLanguage"" : ""LeMaitre Burlington, MA""
}",-1306,"LeMaitre Vascular GmbH","DE-AR-000013539","{
  ""texts"" : [ {
    ""language"" : {
      ""isoCode"" : ""en"",
      ""name"" : ""English""
    },
    ""text"" : ""LeMaitre Vascular GmbH"",
    ""allLanguagesApplicable"" : null
  } ]
}",,,,,
4019580,"01M00677KD9S43BDWQWF3XPHV7","8109d4b7-a9a5-4abf-9961-5c94a241b512","ChainFor™","PCR67",-245,1,,,,,0,0,,1,"08683548257932","B-08683548257932","1d8d767b-714c-4cc5-9c47-a4306b14b0a4","01M00677J646E3PGDX32C3XKC2",,,0,0,0,,1,,0,0,,0,,1,,0,1,,,,"Lyme Disease qPCR Kit","CFP67P100",-157,-55,"LEGACY",," W0105010605","TR-MF-000026452","Vitrosens Biotechnology Inc.",-11,"{
  ""texts"" : [ {
    ""language"" : {
      ""isoCode"" : ""en"",
      ""name"" : ""English""
    },
    ""text"" : ""Vitrosens Biotechnology Inc."",
    ""allLanguagesApplicable"" : false
  } ]
}","{
  ""texts"" : [ {
    ""language"" : {
      ""isoCode"" : ""en"",
      ""name"" : ""English""
    },
    ""text"" : ""Vitrosens Biyoteknoloji A.S."",
    ""allLanguagesApplicable"" : false
  } ]
}",-1306,,,,,,,,
3810976,"01KYRYHRR6D4VFZHMMJGSTQS19","325426fb-b699-4cc8-af58-4cf2c04b06eb","BANDAGES","4mx10cm-2pcs",-185,1,0,0,0,0,0,0,,1,"06975069550107","697506955bandages9D","f5f099e0-40d3-4968-9b6c-0f249b0e4c8d","01KRG8NMT22E8CJQT45462795S",0,0,0,,0,0,,0,,,0,,,,-117,,,,0,0,"Bandages",,-203,-197,"STANDARD",," M030101","CN-MF-000008773","JIANGSU JIELE MEDICAL DRESSING CO.,LTD",-11,"{
  ""texts"" : [ {
    ""language"" : {
      ""isoCode"" : ""en"",
      ""name"" : ""English""
    },
    ""text"" : ""JIANGSU JIELE MEDICAL DRESSING CO.,LTD"",
    ""allLanguagesApplicable"" : null
  } ]
}",,-1306,"SUNGO Europe B.V.","NL-AR-000000247","{
  ""texts"" : [ {
    ""language"" : {
      ""isoCode"" : ""nl"",
      ""name"" : ""Dutch""
    },
    ""text"" : ""SUNGO Europe B.V."",
    ""allLanguagesApplicable"" : null
  } ]
}",,,,,
1428320,"01KD7NPG4D38FKHPB6N4TDD4BB","6c82f164-d2b9-4868-948c-41ff9918726e","SOLUUT PX/EFUCERA PX COMBINATION SET","28*1SET,SS7LS730,UL,D2",-56,1,0,0,0,0,0,0,,1,"CSSEP4645ULXD2","B-CSSEP4645ULXD2","e42663d8-7c55-4a8e-b384-1f19a38e3bdd","01KD7NPG4209ATRA0R6RFETGYM",0,0,0,,0,0,,0,,,0,,,,,,,,0,0,,"28*1SET,SS7LS730,UL,D2",-204,-53,"LEGACY",," Q01020601","JP-MF-000024849","YAMAHACHI DENTAL MFG., CO.",-11,"{
  ""texts"" : [ {
    ""language"" : {
      ""isoCode"" : ""en"",
      ""name"" : ""English""
    },
    ""text"" : ""YAMAHACHI DENTAL MFG., CO."",
    ""allLanguagesApplicable"" : false
  } ]
}",,-1306,"Obelis s.a.","BE-AR-000000106","{
  ""texts"" : [ {
    ""language"" : {
      ""isoCode"" : ""en"",
      ""name"" : ""English""
    },
    ""text"" : ""Obelis s.a."",
    ""allLanguagesApplicable"" : null
  } ],
  ""textByDefaultLanguage"" : ""Obelis s.a.""
}",,,,,
3280129,"01KVS5XAYEMVMD7RSPB53WAFXM","dcc050ed-7b9a-486a-9c19-f7efa4aee1fb",,"EDTAK3 10ml",-13,1,,,,,0,0,0,1,"06975387350861","697538735VBCTUP","78f5bc93-a419-44a9-b022-15927ea6b7e5","01KVAN9RKTC2RM2KSE97GXAS9E",,,0,0,0,,0,,0,0,,0,,0,,0,1,,,,"Vacuum Blood Collection Tube","Clot Activator:1、2、3、4、5、6、7、8、9、10ml Plain Tube:1、2、3、4、5、6、7、8、9、10ml Heparin Sodium:1、2、3、4、5、6、7、8、9、10ml Lithium Heparin:1、2、3、4、5、6、7、8、9、10ml, etc",-199,-198,"STANDARD",," W050101010201","CN-MF-000055916","SHANDONG CHENGWU HUABO MEDICAL EQUIPMENT CO., LTD",-11,"{
  ""texts"" : [ {
    ""language"" : null,
    ""text"" : ""SHANDONG CHENGWU HUABO MEDICAL EQUIPMENT CO., LTD"",
    ""allLanguagesApplicable"" : true
  } ],
  ""textByDefaultLanguage"" : null
}",,-1306,"SUNGO Europe B.V.","NL-AR-000000247","{
  ""texts"" : [ {
    ""language"" : {
      ""isoCode"" : ""nl"",
      ""name"" : ""Dutch""
    },
    ""text"" : ""SUNGO Europe B.V."",
    ""allLanguagesApplicable"" : null
  } ]
}",,,,,
3468277,"01KWYKQ750TFEFCPC11JK20E7E","670251ee-4bed-4151-9905-7d7695bb9c1f",,"116-55L-1700S",-56,1,0,0,0,0,1,1,,1,"04250869675499","B-04250869675499","7acdce9b-c916-4125-9032-8ed12d33affd","01KWYKQ74P4CH0QASBFJTDD4RA",0,0,0,,0,1,,0,,,0,,,,,,,,0,0,"116-55L-1700S","Ti-Platzhalter/Cages",-10,-53,"LEGACY",," P09070302","DE-MF-000005455","Biedermann Motech GmbH & Co. KG",-11,"{
  ""texts"" : [ {
    ""language"" : {
      ""isoCode"" : ""de"",
      ""name"" : ""German""
    },
    ""text"" : ""Biedermann Motech GmbH & Co. KG"",
    ""allLanguagesApplicable"" : null
  } ],
  ""textByDefaultLanguage"" : null
}","{
  ""texts"" : [ {
    ""language"" : {
      ""isoCode"" : ""de"",
      ""name"" : ""German""
    },
    ""text"" : ""BM"",
    ""allLanguagesApplicable"" : null
  } ],
  ""textByDefaultLanguage"" : null
}",-1306,,,,,,,,
3419799,"01KWKP0TJ05ZKRX5PCABH28GHB","658b3140-978c-4310-b6f8-fc6b095586db","Asnis® PRO","343330",-162,1,0,0,0,0,0,1,,1,"07613327523652","08858251004519TE","e26bc21c-bde8-4f0c-ab8b-7024ab644946","01KWKBFBAHQDVHBV2T6N1QB5HE",0,0,0,,0,1,,0,,,0,,,,,,,1,0,0,"ASNIS III AND ASNIS PRO - SCREW - STAINLESS STEEL - CLASS IIB - NON STERILE","08858251004519TE",-205,-197,"STANDARD",," P09120603","CH-MF-000009332","Stryker GmbH",-11,"{
  ""texts"" : [ {
    ""language"" : {
      ""isoCode"" : ""de"",
      ""name"" : ""German""
    },
    ""text"" : ""Stryker GmbH"",
    ""allLanguagesApplicable"" : null
  } ]
}","{
  ""texts"" : [ {
    ""language"" : {
      ""isoCode"" : ""de"",
      ""name"" : ""German""
    },
    ""text"" : ""Stryker GmbH"",
    ""allLanguagesApplicable"" : false
  } ]
}",-1306,"Stryker European Operations Limited","IE-AR-000000092","{
  ""texts"" : [ {
    ""language"" : {
      ""isoCode"" : ""en"",
      ""name"" : ""English""
    },
    ""text"" : ""Stryker European Operations Limited"",
    ""allLanguagesApplicable"" : null
  } ]
}",,,,,
1258043,"01K97FK1KDYDMYZ8EJV1DJBADM","8891ca8a-6ec2-4ee0-b88b-5e27ef990122","Skin Shape","312",-54,1,0,0,0,0,0,0,,1,"07649995521089","7649995521RFSSHUH","c03aae73-27a9-4fa3-89bf-b9972109d968","01K97F2GVT7Q3R6YDWGYM51W6X",1,0,0,,0,0,,0,,,0,,,,-116,,,,0,0,"Skin Shape 312","312",-203,-197,"STANDARD",," G030699","CH-MF-000027119","Top Engineering Sarl",-11,"{
  ""texts"" : [ {
    ""language"" : {
      ""isoCode"" : ""en"",
      ""name"" : ""English""
    },
    ""text"" : ""Top Engineering Sarl"",
    ""allLanguagesApplicable"" : false
  } ]
}","{
  ""texts"" : [ {
    ""language"" : null,
    ""text"" : ""TE"",
    ""allLanguagesApplicable"" : true
  } ]
}",-1306,"QS MEDICAL DEVICE REGISTRATION LTD","CY-AR-000024665","{
  ""texts"" : [ {
    ""language"" : {
      ""isoCode"" : ""en"",
      ""name"" : ""English""
    },
    ""text"" : ""QS MEDICAL DEVICE REGISTRATION LTD"",
    ""allLanguagesApplicable"" : false
  } ]
}",,"07649995521089",,,
4083229,"01M0DAF1AKMNWVPQBHP5H24YJ9","dd9cd925-9c75-44e7-9e01-b432e3919a16","arcad®","XDB01008",-74,1,0,0,0,0,0,0,,1,"03700879502816","370087950TF2A01010006L","3199d035-8810-4a76-ac8d-898ddf64e58a","01M0DAAG9MPTB57G403YFKQVWV",0,0,0,,0,0,,0,,,1,,,,,,,,0,0,"Instruments for bone preparation, reusable",,-204,-197,"STANDARD",," L091002","FR-MF-000002428","Novastep S.A.S.",-11,"{
  ""texts"" : [ {
    ""language"" : {
      ""isoCode"" : ""fr"",
      ""name"" : ""French""
    },
    ""text"" : ""Novastep S.A.S."",
    ""allLanguagesApplicable"" : null
  } ],
  ""textByDefaultLanguage"" : null
}",,-1306,,,,,"03700879502816",,,
4462004,"01M2NZND6V9J2S8ZX48DWJ89J5","a8f36bd1-8576-4e6f-abf6-fe0c7a4cd346","WRIST/THUMB NEOPRENE BRACE","091240837",-74,1,0,0,1,0,0,0,,1,"05028318976911","50283180000000000000013YQ","d8beb790-5604-4359-a121-0d33dc5a75bd","01M295ATCPN0PXBYGYDBDK6FXN",0,0,0,,0,0,,0,,,0,,,,,,,,0,0,"UPPER EXTREMITY","ORTHOPEDICS",-203,-197,"STANDARD",," Y061806","GB-MF-000003319","Performance Health International LTD",-11,"{
  ""texts"" : [ {
    ""language"" : {
      ""isoCode"" : ""en"",
      ""name"" : ""English""
    },
    ""text"" : ""Performance Health International LTD"",
    ""allLanguagesApplicable"" : null
  } ]
}","{
  ""texts"" : [ {
    ""language"" : {
      ""isoCode"" : ""en"",
      ""name"" : ""English""
    },
    ""text"" : ""Performance Health"",
    ""allLanguagesApplicable"" : null
  } ]
}",-1306,"AR Experts B.V.","NL-AR-000023989","{
  ""texts"" : [ {
    ""language"" : {
      ""isoCode"" : ""nl"",
      ""name"" : ""Dutch""
    },
    ""text"" : ""AR Experts B.V."",
    ""allLanguagesApplicable"" : false
  } ],
  ""textByDefaultLanguage"" : null
}",,,,,
4588642,"01M31YH6XDZR0EZ00BYS5XW9P1","2883e96a-3556-44c9-8b65-c02921e96fb6","TrueFinish ™ PVC Glove Female Number# Colour#","TG312/E18",-162,1,0,0,0,0,0,0,,1,"05056349567341","50553482PVCWG","9a3eadd4-0d6a-4351-9530-d69f12b717d7","01KZZFPKVXZCT5F607B16MFPK1",0,0,0,,0,0,,0,,,0,,,,,,,,0,0,"PVC Glove",,-203,-197,"STANDARD",," Y090312","GB-MF-000010196","Hugh Steeper Limited",-11,"{
  ""texts"" : [ {
    ""language"" : {
      ""isoCode"" : ""en"",
      ""name"" : ""English""
    },
    ""text"" : ""Hugh Steeper Limited"",
    ""allLanguagesApplicable"" : null
  } ]
}","{
  ""texts"" : [ {
    ""language"" : {
      ""isoCode"" : ""en"",
      ""name"" : ""English""
    },
    ""text"" : ""Steeper"",
    ""allLanguagesApplicable"" : null
  } ]
}",-1306,"Emergo Europe B.V.","NL-AR-000000116","{
  ""texts"" : [ {
    ""language"" : {
      ""isoCode"" : ""en"",
      ""name"" : ""English""
    },
    ""text"" : ""Emergo Europe B.V."",
    ""allLanguagesApplicable"" : null
  } ]
}",,,,,
232945,"01GS7DA1R39AP041YKMFD3BSHC","0c6e8854-66a2-4fee-89b9-095aa73f7d62",,"6222012027989",-67,1,0,0,0,0,0,0,,1,"06222012027989","6222012027989PC","fe9aba57-1ea6-4ac3-810e-a16c44695e89","01GS7D88MCQ537HYTYPWBRGCZ7",0,0,0,,0,0,,0,,,0,,,,,,,,0,0,"Fiberglass Casting Tap 2 inches",,-203,-197,"STANDARD",," M03050202","EG-MF-000032514","Miracle Medical Industries",-11,"{
  ""texts"" : [ {
    ""language"" : {
      ""isoCode"" : ""en"",
      ""name"" : ""English""
    },
    ""text"" : ""Miracle Medical Industries"",
    ""allLanguagesApplicable"" : false
  } ]
}","{
  ""texts"" : [ {
    ""language"" : {
      ""isoCode"" : ""en"",
      ""name"" : ""English""
    },
    ""text"" : ""Miracle"",
    ""allLanguagesApplicable"" : false
  } ]
}",-1306,"CMC Medical Devices & Drugs SL","ES-AR-000000293","{
  ""texts"" : [ {
    ""language"" : {
      ""isoCode"" : ""es"",
      ""name"" : ""Spanish""
    },
    ""text"" : ""CMC Medical Devices & Drugs SL"",
    ""allLanguagesApplicable"" : null
  } ]
}",,,,,
2547076,"01KS2DCFYYEJZC6YYT2WFDDKX7","d8f8e6dc-0f0f-40ee-b1f3-6533debad43a","Zirconia Dental Ceramics","Multilayer ML-0M3-MFC (89×71×16)mm",-67,1,0,0,0,0,0,0,,1,"06942445569800","B-06942445569800","3c95509a-83bd-4ba9-af96-8cfb648fded4","01KS2DCFY9KYX9HZ099M3AK76Z",0,0,0,,0,1,,0,,,0,,,,,,,,0,0,"Zirconia Dental Ceramics",,-204,-53,"LEGACY",," Q010699","CN-MF-000011505","Shenzhen Yurucheng Dental Materials Co., Ltd.",-11,"{
  ""texts"" : [ {
    ""language"" : {
      ""isoCode"" : ""en"",
      ""name"" : ""English""
    },
    ""text"" : ""Shenzhen Yurucheng Dental Materials Co., Ltd."",
    ""allLanguagesApplicable"" : null
  } ],
  ""textByDefaultLanguage"" : ""Shenzhen Yurucheng Dental Materials Co., Ltd.""
}","{
  ""texts"" : [ {
    ""language"" : {
      ""isoCode"" : ""en"",
      ""name"" : ""English""
    },
    ""text"" : "" Yurucheng Dental Materials"",
    ""allLanguagesApplicable"" : null
  } ],
  ""textByDefaultLanguage"" : "" Yurucheng Dental Materials""
}",-1306,"Umedwings Netherlands B.V.","NL-AR-000000444","{
  ""texts"" : [ {
    ""language"" : {
      ""isoCode"" : ""en"",
      ""name"" : ""English""
    },
    ""text"" : ""Umedwings Netherlands B.V."",
    ""allLanguagesApplicable"" : null
  } ]
}",,,,,
3929481,"01KZDW47K4473NB684XYRDZY7Q","825dac99-6f1b-4003-b59d-5675f3b9f51e","Einschlägergriff Tibiakonus","43100-140-02",-56,1,0,0,0,0,0,1,,1,"04051308033791","4029839PB00000337G","44171fb6-058d-4ea1-b2ee-08765963a516","01KZDMRKRDFG6A67VX9G6CKDX4",0,0,0,,0,0,,0,,,1,,,,,,,,0,0,"BPK-S Integration Instruments",,-203,-197,"STANDARD",," L091199","DE-MF-000006458","Peter Brehm GmbH",-11,"{
  ""texts"" : [ {
    ""language"" : {
      ""isoCode"" : ""de"",
      ""name"" : ""German""
    },
    ""text"" : ""Peter Brehm GmbH"",
    ""allLanguagesApplicable"" : null
  } ],
  ""textByDefaultLanguage"" : null
}",,-1306,,,,,,,,
3589981,"01KTNWZAMWTXHX5G6JSYB8BWDW","cb3aa528-97f2-4ac8-a3c4-bc2064dc0bbf","ACETABULÁRNÍ FRÉZA D62 mm HC","IF07062",-108,1,0,0,0,0,0,1,,2,"08057968718692","805796871TF0031001TV","2fc0a27a-b4f8-4ef6-bc24-fdd93ebef4ef","01KTNV15A4XQAWAZBS007KF31X",0,0,0,,0,0,,0,,,1,,,,,,,,0,0,,"Full cross – HPF – half cross acetabular reamer",-204,-197,"STANDARD",," L091102","IT-MF-000017541","HPF S.R.L.",-11,"{
  ""texts"" : [ {
    ""language"" : {
      ""isoCode"" : ""it"",
      ""name"" : ""Italian""
    },
    ""text"" : ""HPF S.R.L."",
    ""allLanguagesApplicable"" : null
  } ],
  ""textByDefaultLanguage"" : null
}","{
  ""texts"" : [ {
    ""language"" : {
      ""isoCode"" : ""it"",
      ""name"" : ""Italian""
    },
    ""text"" : ""HPF"",
    ""allLanguagesApplicable"" : null
  } ],
  ""textByDefaultLanguage"" : null
}",-1306,,,,,"08057968718692",,,
3962893,"01KZQV75GXV91W2NJWZ6ASE4FR","36d88ee2-a671-408e-aa5a-052217f28ede","Preference 6er O320+ C3","578293",-56,1,0,0,0,0,0,0,,1,"07630813440408","763081342APROS002VE","9d1bcb2a-9455-490e-8f63-7f0fbd39aa33","01KY7M4RBK3RAGFC305V0H21BG",0,0,0,,0,0,,0,,,0,,,,,,,,0,0,"Physioset TCR, Bonartic TCR, PhysioSelect TCR, BonSelect TCR, Preference, Bonartic II NFC plus, PhysioStar NFC plus, Condyloform II NFC plus",,-204,-197,"STANDARD",," Q010699","CH-MF-000015795","Candulor AG",-11,"{
  ""texts"" : [ {
    ""language"" : {
      ""isoCode"" : ""de"",
      ""name"" : ""German""
    },
    ""text"" : ""Candulor AG"",
    ""allLanguagesApplicable"" : null
  } ]
}",,-1306,"Candulor Dental GmbH","DE-AR-000005472","{
  ""texts"" : [ {
    ""language"" : {
      ""isoCode"" : ""de"",
      ""name"" : ""German""
    },
    ""text"" : ""Candulor Dental GmbH"",
    ""allLanguagesApplicable"" : null
  } ]
}",,,,,
4218629,"01M1C29D9XJJMCC9DT0B0RE1EW","7931877e-8922-4522-a66f-312b07b12957","Sequencing Reagent Kit","550",-21,1,,,,,0,0,1,1,"06975608180550","697560818model02FB","f7ba5ea4-e48a-4f09-a2ea-c778cedaccda","01M1BZR7T3GP17G8KA5P9WNX10",,,0,0,0,,1,,0,0,,0,,1,,0,1,,,,"Sequencing Reagent Kit",,-199,-198,"STANDARD",," W010699","CN-MF-000047921","Sikun Life Science Co., Ltd.",-11,"{
  ""texts"" : [ {
    ""language"" : {
      ""isoCode"" : ""en"",
      ""name"" : ""English""
    },
    ""text"" : ""Sikun Life Science Co., Ltd."",
    ""allLanguagesApplicable"" : false
  } ]
}","{
  ""texts"" : [ {
    ""language"" : {
      ""isoCode"" : ""en"",
      ""name"" : ""English""
    },
    ""text"" : ""Sikun"",
    ""allLanguagesApplicable"" : false
  } ]
}",-1306,"Obelis s.a.","BE-AR-000000106","{
  ""texts"" : [ {
    ""language"" : {
      ""isoCode"" : ""en"",
      ""name"" : ""English""
    },
    ""text"" : ""Obelis s.a."",
    ""allLanguagesApplicable"" : null
  } ],
  ""textByDefaultLanguage"" : ""Obelis s.a.""
}",,,,,
4162534,"01M10DHYYX44ZBNCPMFM2XK8HB","3151d651-cfe5-4b12-b5cb-0d1965544bdd","Synthetic Polymer Teeth","Sonning/S4-L6-32/D3/28×1×4",-56,1,0,0,0,0,0,0,,1,"06909412220195","6909412RZY2A019J","8a8d7041-c95a-4d52-adfe-e817ebf4a7ed","01KT66J5VMHY7HY79TRF6HNJE7",0,0,0,,0,0,,0,,,0,,,,,,,,0,0,"Synthetic Polymer Teeth","Upper anterior teeth, Lower anterior teeth, Posterior teeth",-204,-197,"STANDARD",," Q01020601","CN-MF-000013266","Shandong Huge Dental Material Corporation",-11,"{
  ""texts"" : [ {
    ""language"" : {
      ""isoCode"" : ""en"",
      ""name"" : ""English""
    },
    ""text"" : ""Shandong Huge Dental Material Corporation"",
    ""allLanguagesApplicable"" : null
  } ]
}","{
  ""texts"" : [ {
    ""language"" : {
      ""isoCode"" : ""en"",
      ""name"" : ""English""
    },
    ""text"" : ""HUGE"",
    ""allLanguagesApplicable"" : null
  } ]
}",-1306,"MedNet EC-REP GmbH","DE-AR-000000002","{
  ""texts"" : [ {
    ""language"" : {
      ""isoCode"" : ""en"",
      ""name"" : ""English""
    },
    ""text"" : ""MedNet EC-REP GmbH"",
    ""allLanguagesApplicable"" : null
  } ]
}",,,,,
1641263,"01KHGKS3NMTZK1TF8YNZ715HNQ","bad0fd3f-7a34-4461-8713-473859555671","280 Knee High Open Toe 22-27 mmHg – Black – 3","ML-0951-3",-245,1,0,0,0,0,0,0,,1,"08680702017524","86807020COR2C","aab35617-1d17-48eb-a89d-1952268fd71f","01KHE1CYFRD23CTVMKVG661HAD",0,0,0,,0,0,,0,,,0,,,,,,,,0,0,"Varicose Stocking",,-203,-197,"STANDARD",," M030405","TR-MF-000031770","BEYAZGRUP SAĞLIK ÜRÜNLERİ İMALAT SANAYİ VE TİCARET LİMİTED ŞİRKETİ",-11,"{
  ""texts"" : [ {
    ""language"" : null,
    ""text"" : ""BEYAZGRUP SAĞLIK ÜRÜNLERİ İMALAT SANAYİ VE TİCARET LİMİTED ŞİRKETİ"",
    ""allLanguagesApplicable"" : true
  } ]
}","{
  ""texts"" : [ {
    ""language"" : null,
    ""text"" : ""BEYAZGRUP SAĞLIK"",
    ""allLanguagesApplicable"" : true
  } ]
}",-1306,,,,,"08680702017524",,,
1660098,"01KJ7DY13MDY4KDP79F594B37Y","5d4d6045-5798-4962-bb29-d4f5a401ce3c"," black nitrile glove 100pcs/box,10boxes/carton","SNV/B/H/PE10043",-13,1,0,0,0,0,0,0,,1,"06932400711276","697306977NitrileFR","855572fe-12a6-4e32-8507-15fd1025b80d","01GJQ0ZR8XYNJJ9DS98EVGR1YK",0,0,0,,0,0,,0,,,0,,,,,,,,0,0,"Disposable Nitrile Examination Gloves, Powder Free",,-203,-197,"STANDARD",," T01020204","CN-MF-000002356","Anhui Intco Medical Products Co.,Ltd",-11,"{
  ""texts"" : [ {
    ""language"" : {
      ""isoCode"" : ""en"",
      ""name"" : ""English""
    },
    ""text"" : ""Anhui Intco Medical Products Co.,Ltd"",
    ""allLanguagesApplicable"" : null
  } ]
}",,-1306,"Lotus NL B.V.","NL-AR-000000121","{
  ""texts"" : [ {
    ""language"" : {
      ""isoCode"" : ""en"",
      ""name"" : ""English""
    },
    ""text"" : ""Lotus NL B.V."",
    ""allLanguagesApplicable"" : null
  } ]
}",,,,"06932400711276,16932400711273",
1598482,"01KH43MC8PH9EVK3WT24Z6VA7W","8dee550d-9fe7-4a8d-b50d-fedd9187894b","MDT Diamond Coated Dental Burs","116617-45-54",-74,1,0,0,0,0,0,1,,1,"57291046190840","7291046DiamondnonStrlRE","b48b709a-d54a-4d45-a72f-9f71bc69d355","01H1GSTNGPMEAZD2WMR01BFMGM",0,0,0,,0,0,,0,,,1,,,,,,,,0,0,"Non-Sterile Diamond Coated Dental Burs",,-204,-197,"STANDARD",," Z12110102","IL-MF-000008464","MDT Micro Diamond Technologies Ltd.",-11,"{
  ""texts"" : [ {
    ""language"" : {
      ""isoCode"" : ""en"",
      ""name"" : ""English""
    },
    ""text"" : ""MDT Micro Diamond Technologies Ltd."",
    ""allLanguagesApplicable"" : null
  } ]
}","{
  ""texts"" : [ {
    ""language"" : {
      ""isoCode"" : ""en"",
      ""name"" : ""English""
    },
    ""text"" : ""MDT"",
    ""allLanguagesApplicable"" : null
  } ]
}",-1306,"Obelis s.a.","BE-AR-000000106","{
  ""texts"" : [ {
    ""language"" : {
      ""isoCode"" : ""en"",
      ""name"" : ""English""
    },
    ""text"" : ""Obelis s.a."",
    ""allLanguagesApplicable"" : null
  } ],
  ""textByDefaultLanguage"" : ""Obelis s.a.""
}",,,,,
3435422,"01KWV6XW2K0K4FPTP45JT67RNP","520df644-8591-44a5-90a5-91ebf671119d","Low pressure hose","GM2206-2127100",-56,1,0,0,0,0,0,0,,1,"07630828901697","B-07630828901697","47e31cb6-97a9-4c2c-9668-891a7f2e3822","01KWV6XW2537JHHGV3JT24D857",0,0,0,,0,0,,0,,,0,,,,,,,,0,0,,"Low pressure hose",-204,-53,"LEGACY",," Z120309","CH-MF-000014214","GLOOR AG",-11,"{
  ""texts"" : [ {
    ""language"" : {
      ""isoCode"" : ""de"",
      ""name"" : ""German""
    },
    ""text"" : ""GLOOR AG"",
    ""allLanguagesApplicable"" : null
  } ]
}","{
  ""texts"" : [ {
    ""language"" : {
      ""isoCode"" : ""de"",
      ""name"" : ""German""
    },
    ""text"" : ""GLOOR"",
    ""allLanguagesApplicable"" : null
  }, {
    ""language"" : {
      ""isoCode"" : ""en"",
      ""name"" : ""English""
    },
    ""text"" : ""GLOOR LTD"",
    ""allLanguagesApplicable"" : null
  }, {
    ""language"" : {
      ""isoCode"" : ""fr"",
      ""name"" : ""French""
    },
    ""text"" : ""GLOOR SA"",
    ""allLanguagesApplicable"" : null
  } ]
}",-1306,"Gloor Medical GmbH","DE-AR-000012493","{
  ""texts"" : [ {
    ""language"" : {
      ""isoCode"" : ""de"",
      ""name"" : ""German""
    },
    ""text"" : ""Gloor Medical GmbH"",
    ""allLanguagesApplicable"" : null
  } ]
}",,,,,
3368240,"01KWAE544YC03NBTSMTY24RA5M","0f605412-8d68-4ad7-b1e2-757d35098eeb","Silicone Toe: Toe34C, Male, Left, Size: 20","TOE34C-M-L-20",-56,1,0,0,0,0,0,0,,1,"04895200365921","48952003007RX7Z","0b6fad5f-6633-4a99-87af-6bd041f4b109","01KW9SDZNVJZFCR6SXRJDC0E8Z",0,0,0,,0,0,,0,,,0,,,,,,,,0,0,"Silicone Cosmetic Prostheses",,-203,-197,"STANDARD",," Y062403","HK-MF-000028642","Regal Prosthesis Limited",-11,"{
  ""texts"" : [ {
    ""language"" : {
      ""isoCode"" : ""en"",
      ""name"" : ""English""
    },
    ""text"" : ""Regal Prosthesis Limited"",
    ""allLanguagesApplicable"" : false
  } ],
  ""textByDefaultLanguage"" : ""Regal Prosthesis Limited""
}",,-1306,"MDSS GmbH","DE-AR-000005430","{
  ""texts"" : [ {
    ""language"" : {
      ""isoCode"" : ""en"",
      ""name"" : ""English""
    },
    ""text"" : ""MDSS GmbH"",
    ""allLanguagesApplicable"" : null
  } ]
}",,,,,
3580114,"01KXGHDWZSVCYFW5NE5GW7G5TP","d3392c02-9e45-4c2f-b943-8bc6624daeb1",,"QT.0314.15",-56,1,0,0,0,0,0,1,,1,"04049047374848","4049047LFF03ANA27DROJ6","8ce96d36-75e4-43cf-9220-a56c045d768c","01KXGH34Y20VJY3NQ84DB3ES11",0,0,0,,0,0,,0,,,1,,,,,,,,0,0,"Surgical Instrument",,-203,-197,"STANDARD",," L14010205","DE-MF-000005445","Gimmi GmbH",-11,"{
  ""texts"" : [ {
    ""language"" : {
      ""isoCode"" : ""de"",
      ""name"" : ""German""
    },
    ""text"" : ""Gimmi GmbH"",
    ""allLanguagesApplicable"" : null
  } ],
  ""textByDefaultLanguage"" : null
}",,-1306,,,,,"04049047374848",,,
960522,"01JWQPN8X86KT8GDVTTYNECHMY","8e08431f-481f-4ba3-8f9a-40fd9e4fe98e","Zeeland","PS14-050120-150",-162,1,0,0,0,0,1,0,,1,"08720621345343","872062130003AF","2ab3f0a9-94a3-4753-a61d-fe93499f8364","01JSZZN44DM6K7WYM6ETTSD6MX",0,0,0,,0,0,,0,,,0,,,,,,,,0,0,"Zeeland PTA Balloon Dilatation Catheter",,-204,-197,"STANDARD",," C010402020101","NL-MF-000006042","Cnovate Medical B.V.",-11,"{
  ""texts"" : [ {
    ""language"" : {
      ""isoCode"" : ""en"",
      ""name"" : ""English""
    },
    ""text"" : ""Cnovate Medical B.V."",
    ""allLanguagesApplicable"" : null
  } ]
}",,-1306,,,,,,,,
2000356,"01KP7ZSQJ19HMVT7HX9M8GC6A8","f7b0cd37-be5b-4c10-8681-1f9077cebcfe",,"F6320-12",-108,1,0,0,0,0,0,0,,1,"08033707095750","B-08033707095750","579047f9-7f83-4289-ac22-a5c3018d5db5","01KP7ZSQHBV65TJJ9XQH2MBPEB",0,0,0,,0,0,,0,,,0,,,,,,,,0,0,"Orthodontic Brackets",,-204,-53,"LEGACY",," Q010403","IT-MF-000005986","LEONE S.P.A.",-11,"{
  ""texts"" : [ {
    ""language"" : {
      ""isoCode"" : ""it"",
      ""name"" : ""Italian""
    },
    ""text"" : ""LEONE S.P.A."",
    ""allLanguagesApplicable"" : null
  } ]
}","{
  ""texts"" : [ {
    ""language"" : {
      ""isoCode"" : ""it"",
      ""name"" : ""Italian""
    },
    ""text"" : ""LEONE"",
    ""allLanguagesApplicable"" : null
  } ]
}",-1306,,,,,,,,
1020992,"01JZJ4YBD319EKH63YY21TM3DY","5aff160c-efa7-4a98-90e8-473d9577bd7d","HA AMPLI-MINI R 312 56C GNT","21026747",-56,1,0,0,0,0,0,0,,1,"05714880201222","5714880-WSA-20-15-ZU","3a0fed69-29a6-4de7-a887-0eb6ce174ce1","01JZJ4Y4H479YS5MAPW0K8DP8Q",1,0,0,,0,0,,0,,,0,,,,,,,,0,0,,"RIC",-204,-197,"STANDARD",," Y2145060102","DK-MF-000015974","WSAUD A/S",-11,"{
  ""texts"" : [ {
    ""language"" : {
      ""isoCode"" : ""en"",
      ""name"" : ""English""
    },
    ""text"" : ""WSAUD A/S"",
    ""allLanguagesApplicable"" : null
  } ]
}",,-1306,,,,,,,,
2512757,"01KS07SEAMD0WFZK7W635WT14N","6620fa62-7dce-461a-9115-9734557a4987",,"KKA110134",-108,1,0,0,0,0,0,0,,1,"08057147003175","8057147TTL003XP","51dcffc0-48d2-4242-a6e0-22e3c433991b","01KS03WCT1ER18VK7JTKFJV1D7",0,0,0,,0,0,,0,,,0,,,,,,,,0,0,,"ITA BLACK EDITION",-203,-197,"STANDARD",," L0399","IT-MF-000027104","UNIVET LOUPES SPA",-11,"{
  ""texts"" : [ {
    ""language"" : {
      ""isoCode"" : ""it"",
      ""name"" : ""Italian""
    },
    ""text"" : ""UNIVET LOUPES SPA"",
    ""allLanguagesApplicable"" : false
  } ]
}",,-1306,,,,,,,,
319345,"01H5W6K2DKT0NFV24135SD3Y3Z","9765fdc3-5e24-4340-b3bd-d6d1afbaa496","Trial head with thread","00199766",-56,1,0,0,0,0,0,1,,1,"04251704207554","42517042003JT","f8f4194d-6fcb-4164-b8f7-39fe263527ac","01H5VPXC5A5WWG5C47XT0D55X1",0,0,0,,0,0,,0,,,1,,,,,,,,0,0,"Trial Implants",,-204,-197,"STANDARD",," L091199","DE-MF-000005306","AQ Solutions GmbH",-11,"{
  ""texts"" : [ {
    ""language"" : {
      ""isoCode"" : ""en"",
      ""name"" : ""English""
    },
    ""text"" : ""AQ Solutions GmbH"",
    ""allLanguagesApplicable"" : null
  } ]
}",,-1306,,,,,"04251704207554",,,
4595385,"01M322AE9KDNAFYHNW394W2EAM","fcffcf23-d7bd-48c5-97b5-470bb75411e0","Silicone Glove Number# Colour#","SG80/E10",-162,1,0,0,0,0,0,0,,1,"05056349556710","50553482SILWA","e7159333-ec37-4a2f-8378-e56bb5378f09","01KZZH1C992BCX7T6ZK2MYYC0F",0,0,0,,0,0,,0,,,0,,,,,,,,0,0,"Silicone Glove",,-203,-197,"STANDARD",," Y090312","GB-MF-000010196","Hugh Steeper Limited",-11,"{
  ""texts"" : [ {
    ""language"" : {
      ""isoCode"" : ""en"",
      ""name"" : ""English""
    },
    ""text"" : ""Hugh Steeper Limited"",
    ""allLanguagesApplicable"" : null
  } ]
}","{
  ""texts"" : [ {
    ""language"" : {
      ""isoCode"" : ""en"",
      ""name"" : ""English""
    },
    ""text"" : ""Steeper"",
    ""allLanguagesApplicable"" : null
  } ]
}",-1306,"Emergo Europe B.V.","NL-AR-000000116","{
  ""texts"" : [ {
    ""language"" : {
      ""isoCode"" : ""en"",
      ""name"" : ""English""
    },
    ""text"" : ""Emergo Europe B.V."",
    ""allLanguagesApplicable"" : null
  } ]
}",,,,,
3729862,"01KY9XXQ50JKQYA4TDMRGFHKG5","865e375c-5f41-4727-9996-12339ac569b4","TST Femoral Intramedullary Nails","87016380080",-245,1,0,0,0,0,0,1,,1,"08680858480432","B-08680858480432","cea75785-a00c-4673-9ff6-d1f8fe6b32b5","01KY9XXQ4F18Y6X73X530QJBQ0",0,0,0,,0,1,,0,,,0,,,,,,,,0,0,"FEMUR NAIL CHILD LEFT STAINLESS STEEL 8MM x 380MM","FEMUR NAIL",-205,-53,"LEGACY",," P09120201","TR-MF-000017767","TST RAKOR VE TIBBİ ALETLER SAN.VE TİC.LTD.ŞTİ.",-11,"{
  ""texts"" : [ {
    ""language"" : {
      ""isoCode"" : ""en"",
      ""name"" : ""English""
    },
    ""text"" : ""TST RAKOR VE TIBBİ ALETLER SAN.VE TİC.LTD.ŞTİ."",
    ""allLanguagesApplicable"" : false
  } ]
}",,-1306,,,,,,,,
4654548,"01M371V7607EGZE7E507PTK91C","0d9fe85e-4cf1-4157-a31f-70cfa042370d","BIONIKA FR, Multifunkciós fej","542394045000",-98,1,0,0,0,0,0,1,,1,"05993223095357","599322000ST","5e253ff7-6cb6-406e-acb5-5c84844d67cb","01KS2FV1TFY30AS4Q04WTREMWY",0,0,0,,0,0,,0,,,1,,,,,,,,0,0,"Impression devices, Class I.",,-203,-197,"STANDARD",," Q010207","HU-MF-000004631","BIONIKA Medline Kft.",-11,"{
  ""texts"" : [ {
    ""language"" : {
      ""isoCode"" : ""hu"",
      ""name"" : ""Hungarian""
    },
    ""text"" : ""BIONIKA Medline Kft."",
    ""allLanguagesApplicable"" : null
  } ]
}","{
  ""texts"" : [ {
    ""language"" : {
      ""isoCode"" : ""hu"",
      ""name"" : ""Hungarian""
    },
    ""text"" : ""BIONIKA Kft."",
    ""allLanguagesApplicable"" : null
  } ]
}",-1306,,,,,,,,
202986,"01GMAJ4515DSRW7FPY3BCS1NZM","dfef4221-4dc7-477a-81b9-5893083f5804","MOLEKUR","N/A",-13,1,0,0,0,0,0,0,,1,"06975527185018","697552718DENTALFOIL01J2","d9f1d69e-5a28-4171-b652-1633a30d07db","01GMAJ00V5QAXHWB68VBK7ZMW1",0,0,0,,0,0,,0,,,0,,,,,,,,0,0,"Dental Foil","MOLEKUR ONE MOLEKUR EXPRESS",-203,-197,"STANDARD",," Q0199","CN-MF-000031732","Shanghai Coherz Technologies Co., Ltd.",-11,"{
  ""texts"" : [ {
    ""language"" : {
      ""isoCode"" : ""en"",
      ""name"" : ""English""
    },
    ""text"" : ""Shanghai Coherz Technologies Co., Ltd."",
    ""allLanguagesApplicable"" : false
  } ]
}",,-1306,"SUNGO Europe B.V.","NL-AR-000000247","{
  ""texts"" : [ {
    ""language"" : {
      ""isoCode"" : ""nl"",
      ""name"" : ""Dutch""
    },
    ""text"" : ""SUNGO Europe B.V."",
    ""allLanguagesApplicable"" : null
  } ]
}",,,,,
323117,"01H6E4ZE7P556HZGJNHNAHR1KP","1a3af748-fe5d-45dc-a8e9-86d8d5acf69e","Protection cap EF module","70300229",-56,1,0,0,0,0,0,1,,1,"04251704208698","42517042003JT","f8f4194d-6fcb-4164-b8f7-39fe263527ac","01H5VPXC5A5WWG5C47XT0D55X1",0,0,0,,0,0,,0,,,1,,,,,,,,0,0,"Trial Implants",,-204,-197,"STANDARD",," L091199","DE-MF-000005306","AQ Solutions GmbH",-11,"{
  ""texts"" : [ {
    ""language"" : {
      ""isoCode"" : ""en"",
      ""name"" : ""English""
    },
    ""text"" : ""AQ Solutions GmbH"",
    ""allLanguagesApplicable"" : null
  } ]
}",,-1306,,,,,"04251704208698",,,
1036772,"01K03TSA127M47KMS4TV6Q83M9","d7db2c98-b977-4523-a40c-91133df95f8e","HA MOJO MRR2D M7 TCBLK","21007507",-56,1,0,0,0,0,0,0,,1,"05714879003066","5714880-WSA-65-15-5A","04e895bc-ec45-4bfb-a1c8-b40588954b3d","01K03TS7DFNPPJEE4DH53GS83D",1,0,0,,0,0,,0,,,0,,,,,,,,0,0,,"RIC",-204,-197,"STANDARD",," Y2145060102","DK-MF-000015974","WSAUD A/S",-11,"{
  ""texts"" : [ {
    ""language"" : {
      ""isoCode"" : ""en"",
      ""name"" : ""English""
    },
    ""text"" : ""WSAUD A/S"",
    ""allLanguagesApplicable"" : null
  } ]
}",,-1306,,,,,,,,
854677,"01JN143QQQTMYSH8MCEVWZ0Q3K","d5eae378-630c-4d14-a444-fea56f959efb",,"25019_EM",-67,1,0,0,0,0,0,1,,1,"08445594000784","8445594_LOCALIZ_9S","3bb88c9e-6a3d-47fd-bc0f-8763aa15b26c","01JN12PW0209DD6C8TY6KMBZ73",0,0,0,,0,0,,0,,,1,,,,,,,,0,0,,"LOC",-203,-197,"STANDARD",," Q010207","ES-MF-000010830","EM EXACT, S.A.",-11,"{
  ""texts"" : [ {
    ""language"" : {
      ""isoCode"" : ""es"",
      ""name"" : ""Spanish""
    },
    ""text"" : ""EM EXACT, S.A."",
    ""allLanguagesApplicable"" : null
  } ]
}",,-1306,,,,,,,,
4058878,"01M0AA0HRDJR2G01HEGAMH6819","969f3771-f5af-494a-be06-3d46fd3f6cef","ArtOral KM Massa Spalla A4 ","020.KM.MSA4",-108,1,0,0,0,0,0,0,,1,"07630503130305","7630503100007H","91d05943-93c4-409b-ae11-6305065de1db","01KN4HYMEM04G8GRV793VZJ2J9",0,0,0,,0,1,,0,,,0,,,,,,,,0,0,"Dentalkeramik",,-204,-197,"STANDARD",," Q010199","LI-MF-000001476","Estetic Ceram AG",-11,"{
  ""texts"" : [ {
    ""language"" : {
      ""isoCode"" : ""de"",
      ""name"" : ""German""
    },
    ""text"" : ""Estetic Ceram AG"",
    ""allLanguagesApplicable"" : null
  } ]
}",,-1306,,,,,"07630503130305",,,
371022,"01HCKY15AB2EHK0SQ7JABB53ZT","57cc4d82-2aa7-4747-95ce-3ae29116de1f","MUSCULAR AND SKIN SUTURE NEEDLES KEITH FIG.6","DP-786-11-214	",-180,1,,,0,0,0,1,,1,"B961DP786112140","B-B961DP786112140","56c1fa76-96d2-4348-9fc0-6fc6ebebf037","01HCKY158Q9BYYWNXPCQ1MMVJF",0,0,0,,0,0,,0,,,1,,,,,,,,0,0,"MUSCULAR AND SKIN SUTURE NEEDLES KEITH FIG.6","DP-786-11-214	",-203,-53,"LEGACY",," L0205","PK-MF-000035172","Daddy D Pro",-11,"{
  ""texts"" : [ {
    ""language"" : {
      ""isoCode"" : ""en"",
      ""name"" : ""English""
    },
    ""text"" : ""Daddy D Pro"",
    ""allLanguagesApplicable"" : false
  } ]
}",,-1306,"ANTEX MEDI SOLUTION","DE-AR-000008078","{
  ""texts"" : [ {
    ""language"" : {
      ""isoCode"" : ""en"",
      ""name"" : ""English""
    },
    ""text"" : ""ANTEX MEDI SOLUTION"",
    ""allLanguagesApplicable"" : null
  } ]
}",,,,,
157843,"01GD6FD8A95DG8T9RDECRV7D1R","315ca54e-14ee-4b38-adaa-7d3548c40be1","Surestep","SSSNGR03.0WY",-162,1,0,0,0,0,0,0,,1,"00810080701861","0081008070SSSNGRWE","6ea2e3ce-5015-47d9-a1f2-e423417f5e9b","01GD6CBWZAZ8T5CYPEZGB85QY7",0,0,0,,0,0,,0,,,0,,,,,,,,0,0,"Surestep Sneakers - Green","SSSNGR",-203,-197,"STANDARD",," Y063303,Y090342","US-MF-000003047","Surestep, LLC",-11,"{
  ""texts"" : [ {
    ""language"" : {
      ""isoCode"" : ""en"",
      ""name"" : ""English""
    },
    ""text"" : ""Surestep, LLC"",
    ""allLanguagesApplicable"" : null
  } ],
  ""textByDefaultLanguage"" : ""Surestep, LLC""
}",,-1306,"MedEnvoy Global BV","NL-AR-000024028","{
  ""texts"" : [ {
    ""language"" : {
      ""isoCode"" : ""en"",
      ""name"" : ""English""
    },
    ""text"" : ""MedEnvoy Global BV"",
    ""allLanguagesApplicable"" : false
  } ],
  ""textByDefaultLanguage"" : ""MedEnvoy Global BV""
}",,"00810080701861",,,
4521446,"01M2VXBGNKFG650GQ17WT0Z4M3","588784d7-f459-4c87-b69b-895be04d3717","Juzo Soft","2001",-56,1,0,0,0,0,0,0,,1,"04071191653722","4018678M030405PHLY-010-AS","b1b47278-0227-4275-aff4-196e309ae175","01M27XRQX05TB01GQ5CWFCZH8H",0,0,0,,0,0,,0,,,0,,,,,,,,0,0,"Medical compression garments PH/LY- stockings / pantyhose / sleeves",,-203,-197,"STANDARD",," M030405","DE-MF-000009443","Julius Zorn GmbH",-11,"{
  ""texts"" : [ {
    ""language"" : {
      ""isoCode"" : ""de"",
      ""name"" : ""German""
    },
    ""text"" : ""Julius Zorn GmbH"",
    ""allLanguagesApplicable"" : null
  } ]
}","{
  ""texts"" : [ {
    ""language"" : {
      ""isoCode"" : ""de"",
      ""name"" : ""German""
    },
    ""text"" : ""Juzo"",
    ""allLanguagesApplicable"" : null
  } ]
}",-1306,,,,,"04071191653722",,,
3719144,"01KY9BK1TJZ90B47GA1BGTQWK8","f33ccc2f-b7a0-4cf9-8024-19aabb20380f","Müller Acetabular Cup, Lowered","021-0103-6436",-56,1,0,0,0,0,1,0,,1,"04049852203845","B-04049852203845","9c41a008-1e81-4dc9-b3a5-50272dd2d67f","01KY9BK1T22E472ND59C65PPGJ",0,0,0,,0,1,,0,,,0,,,,-116,,,,0,0,,"Biotech Acetabular Cup System",-10,-53,"LEGACY",," P090803010102","DE-MF-000023586","Biotech GmbH",-11,"{
  ""texts"" : [ {
    ""language"" : {
      ""isoCode"" : ""de"",
      ""name"" : ""German""
    },
    ""text"" : ""Biotech GmbH"",
    ""allLanguagesApplicable"" : null
  } ]
}","{
  ""texts"" : [ {
    ""language"" : {
      ""isoCode"" : ""de"",
      ""name"" : ""German""
    },
    ""text"" : ""Biotech GmbH"",
    ""allLanguagesApplicable"" : null
  } ]
}",-1306,,,,,,,,
2432357,"01KRNT8Z6PC486SJ3P12YZJNKN","48c398c4-60c0-4eb2-ba05-047c15f54bc4",,"3.3813.204S",-175,1,0,0,0,0,1,0,,1,"05908447533974","59084474NSP6.1SH","27c648c7-162f-473c-98c7-6a76878d1c30","01KRNS43XRYKVFPT875V5GC5JQ",0,0,0,,0,1,,0,,,0,,,,,,,1,0,0,"PŁYTKI DO TWARZOCZASZKI","CRANIOFACIAL PLATES",-205,-197,"STANDARD",," P09120599","PL-MF-000002121","ChM spółka z ograniczoną odpowiedzialnością",-11,"{
  ""texts"" : [ {
    ""language"" : {
      ""isoCode"" : ""pl"",
      ""name"" : ""Polish""
    },
    ""text"" : ""ChM spółka z ograniczoną odpowiedzialnością"",
    ""allLanguagesApplicable"" : null
  } ]
}","{
  ""texts"" : [ {
    ""language"" : {
      ""isoCode"" : ""pl"",
      ""name"" : ""Polish""
    },
    ""text"" : ""ChM sp. z o.o."",
    ""allLanguagesApplicable"" : null
  } ]
}",-1306,,,,,,,,
4084618,"01K1KCV4RMFFXQT2KA890631DZ","93fbe87e-8301-4028-bde4-78a675d43e04","Master Series Tube","996-310C",-162,1,0,0,0,0,0,0,,2,"00190746081910","01907460000135DS","b3fc3a39-541d-41ef-b7ee-9af7f1d86089","01K1K4PT94KFXCSXZFPFBYBTSC",0,0,0,,0,0,,0,,,0,,,,,,,,0,0,"Master Series Tube",,-204,-197,"STANDARD",," Q010403","US-MF-000007702","American Orthodontics",-12,"{
  ""texts"" : [ {
    ""language"" : {
      ""isoCode"" : ""en"",
      ""name"" : ""English""
    },
    ""text"" : ""American Orthodontics"",
    ""allLanguagesApplicable"" : null
  } ]
}",,-1306,"Medical Technology Promedt Consulting GmbH","DE-AR-000000085","{
  ""texts"" : [ {
    ""language"" : {
      ""isoCode"" : ""de"",
      ""name"" : ""German""
    },
    ""text"" : ""Medical Technology Promedt Consulting GmbH"",
    ""allLanguagesApplicable"" : null
  } ]
}",,,,,
1281489,"01FTCHWSFK8EJQQQASV8MADF4S","417c640a-0c60-429d-916a-5df9c03038b6","SoftFil® Precision","CP2090/XL",-74,1,,,0,0,1,0,,2,"03760246601160","B-03760246601160","97e03297-3def-43f1-aa17-f90f42a5ac8b","01FTCHWSF3XZRG01SFKA223DQT",0,1,0,,0,0,,0,,,0,,,,,,,,0,0,,"CP2090/XL",-204,-53,"LEGACY",," A01010199","FR-MF-000009361","SOFT MEDICAL AESTHETICS",-11,"{
  ""texts"" : [ {
    ""language"" : {
      ""isoCode"" : ""fr"",
      ""name"" : ""French""
    },
    ""text"" : ""SOFT MEDICAL AESTHETICS"",
    ""allLanguagesApplicable"" : null
  } ],
  ""textByDefaultLanguage"" : null
}","{
  ""texts"" : [ {
    ""language"" : {
      ""isoCode"" : ""fr"",
      ""name"" : ""French""
    },
    ""text"" : ""SMA"",
    ""allLanguagesApplicable"" : null
  } ],
  ""textByDefaultLanguage"" : null
}",-1306,,,,,,,,
3605800,"01KXK4TT6MB5T5AK9PDHRWJS2E","1de66f3f-87c0-40ff-a74b-d06082abb2e9","Sphere CR Insert Instrument Set I2L-T2+/No box","11.10162",-108,1,0,0,0,0,1,0,,1,"07630345730749","764014274KSD0532R004L","c8f1ab2a-4e55-4402-ba68-e5194d0b9ab8","01KXK4ARKN68QG6P49P894G0VT",0,0,0,,0,0,,0,,,0,,,,,,,,0,0,,"Knee Single use tibial kit",-204,-197,"STANDARD",," P091399","CH-MF-000033473","Medacta International SA",-11,"{
  ""texts"" : [ {
    ""language"" : {
      ""isoCode"" : ""en"",
      ""name"" : ""English""
    },
    ""text"" : ""Medacta International SA"",
    ""allLanguagesApplicable"" : false
  } ]
}","{
  ""texts"" : [ {
    ""language"" : {
      ""isoCode"" : ""en"",
      ""name"" : ""English""
    },
    ""text"" : ""Medacta"",
    ""allLanguagesApplicable"" : false
  } ]
}",-1306,"Medacta Italia srl","IT-AR-000022505","{
  ""texts"" : [ {
    ""language"" : {
      ""isoCode"" : ""it"",
      ""name"" : ""Italian""
    },
    ""text"" : ""Medacta Italia srl"",
    ""allLanguagesApplicable"" : null
  } ]
}",,,,,
839830,"01JM1EQWCR4EDGPV13VGJJZ7W6","4a0432f8-9fc4-438d-894d-ab53e5d5c34b","Body surface heating blankets","STM145100M",-56,1,0,0,0,0,0,0,,1,"16976549950476","697654995STM050TXMB8","3c00d494-276b-4d2d-9eed-de216226de1a","01JKZD4K4M74W2SQVW725ZDCD1",0,0,0,,0,0,,0,,,0,,,,,,,,0,0,"Body surface heating blankets",,-203,-197,"STANDARD",," T030301","CN-MF-000045853","GUANGDONG ZNZI MEDICAL TECHNOLOGY CO.,LTD.",-11,"{
  ""texts"" : [ {
    ""language"" : {
      ""isoCode"" : ""en"",
      ""name"" : ""English""
    },
    ""text"" : ""GUANGDONG ZNZI MEDICAL TECHNOLOGY CO.,LTD."",
    ""allLanguagesApplicable"" : false
  } ]
}",,-1306,"MedPath GmbH","DE-AR-000000087","{
  ""texts"" : [ {
    ""language"" : {
      ""isoCode"" : ""de"",
      ""name"" : ""German""
    },
    ""text"" : ""MedPath GmbH"",
    ""allLanguagesApplicable"" : null
  } ]
}",,"16976549950476",,,
1450281,"01KDC1ACC0FSDNTSN7X33WKZN8","d10159a1-bf96-43dd-9b8a-e640d27e238e","MILLION","20PCS,29,LL6,B1",-56,1,0,0,0,0,0,0,,1,"PLMILXX29L6XB1","B-PLMILXX29L6XB1","29594cd1-d221-4aff-a5c3-818db9ebf3ff","01KDC1ACBNY91FWDMHJYGX3BCZ",0,0,0,,0,0,,0,,,0,,,,,,,,0,0,,"20PCS,29,LL6,B1",-204,-53,"LEGACY",," Q01020601","JP-MF-000024849","YAMAHACHI DENTAL MFG., CO.",-11,"{
  ""texts"" : [ {
    ""language"" : {
      ""isoCode"" : ""en"",
      ""name"" : ""English""
    },
    ""text"" : ""YAMAHACHI DENTAL MFG., CO."",
    ""allLanguagesApplicable"" : false
  } ]
}",,-1306,"Obelis s.a.","BE-AR-000000106","{
  ""texts"" : [ {
    ""language"" : {
      ""isoCode"" : ""en"",
      ""name"" : ""English""
    },
    ""text"" : ""Obelis s.a."",
    ""allLanguagesApplicable"" : null
  } ],
  ""textByDefaultLanguage"" : ""Obelis s.a.""
}",,,,,
304045,"01H3ZNY9E2V5X8JD5RB67HV5QS","52536dab-b447-4ee6-9219-c007819c1214",,"NSD5015L",-74,1,,,0,0,1,0,,1,"D-NSD5015LGJ","B-NSD5015LGJ","d7d64961-f202-4859-be98-53f66d589049","01H3ZNY9BRHP37RVY7N40KJAC0",1,1,0,,0,0,,1,,,0,,,,,,,,0,0,"Accufuser Plus","NSD5015L",-205,-53,"LEGACY",," A05010102","KR-MF-000022134","Woo Young Medical Co., Ltd.",-11,"{
  ""texts"" : [ {
    ""language"" : {
      ""isoCode"" : ""en"",
      ""name"" : ""English""
    },
    ""text"" : ""Woo Young Medical Co., Ltd."",
    ""allLanguagesApplicable"" : false
  } ]
}",,-1306,"Obelis s.a.","BE-AR-000000106","{
  ""texts"" : [ {
    ""language"" : {
      ""isoCode"" : ""en"",
      ""name"" : ""English""
    },
    ""text"" : ""Obelis s.a."",
    ""allLanguagesApplicable"" : null
  } ],
  ""textByDefaultLanguage"" : ""Obelis s.a.""
}",,,,,
3416319,"01KWKA84ZCE3MQBY4D6VA8FFJS","adddddb1-c7bf-469a-901d-7f2d1d8e84a0","MEDICO ANTIDECUBITUS ","053",-195,1,0,0,0,0,0,0,,1,"03831131422891","3830084460539H","3abd8b98-027a-43a8-8027-e85b80847d9e","01KQYPXWC20PEWBWN4K6F2ND4H",0,0,0,,0,0,,0,,,0,,,,,,,,0,0,"MEDICINSKI POSTELJNI VLOŽEK MEDICO ANTIDECUBITUS",,-203,-197,"STANDARD",," V08030102","SI-MF-000031412","PURO TEHNIKA  PODJETJE ZA PREDELAVO IN TRŽENJE POLIURETANSKE PENE D.O.O.",-11,"{
  ""texts"" : [ {
    ""language"" : {
      ""isoCode"" : ""sl"",
      ""name"" : ""Slovenian""
    },
    ""text"" : ""PURO TEHNIKA  PODJETJE ZA PREDELAVO IN TRŽENJE POLIURETANSKE PENE D.O.O."",
    ""allLanguagesApplicable"" : false
  } ]
}","{
  ""texts"" : [ {
    ""language"" : {
      ""isoCode"" : ""sl"",
      ""name"" : ""Slovenian""
    },
    ""text"" : ""PURO TEHNIKA D.O.O."",
    ""allLanguagesApplicable"" : false
  } ]
}",-1306,,,,,"03831131422891",,,
3771018,"01KYKD0SF9KA8KG86JZ1JGEGRT","b1c8f0a7-6999-4b33-8a12-915b54c97f6c",,"TTPIO130C",-67,1,0,0,0,0,1,0,,1,"00197923422160","B-00197923422160","bc50e96f-959d-4b56-ab79-b86297d607d4","01KYKD0SESFQ4YJN576HV8FTK7",0,0,0,,0,1,,0,,,0,,,,,,,,0,0,"Asqelio™ Trifcoal Toric Preloaded IOL Delivery System","TTPIO130C",-205,-53,"LEGACY",," P030102100301","US-MF-000021852","AST VisionCare Inc.",-11,"{
  ""texts"" : [ {
    ""language"" : {
      ""isoCode"" : ""en"",
      ""name"" : ""English""
    },
    ""text"" : ""AST VisionCare Inc."",
    ""allLanguagesApplicable"" : null
  } ]
}","{
  ""texts"" : [ {
    ""language"" : {
      ""isoCode"" : ""en"",
      ""name"" : ""English""
    },
    ""text"" : ""ASTVC"",
    ""allLanguagesApplicable"" : null
  } ]
}",-1306,"MDSS GmbH","DE-AR-000005430","{
  ""texts"" : [ {
    ""language"" : {
      ""isoCode"" : ""en"",
      ""name"" : ""English""
    },
    ""text"" : ""MDSS GmbH"",
    ""allLanguagesApplicable"" : null
  } ]
}",,,,,
1503905,"01KEKAFTNXRXKZHYQG2W3DA38T","a9a3c4df-0d9b-4b97-a71a-b04a568a125f","DERIVO Embolisation Device","01-000332",-56,1,0,0,0,0,1,0,,1,"04260650330698","426065033DERIVO4Q","ff5fe3fe-3020-4f4f-844c-e9d9f3eeaa99","01KEK78C35HPGADXFF9FKNYG34",0,0,0,,0,1,,0,,,0,,,,,,,,0,0,"DERIVO Embolisation Device","DERIVO Embolisation Device",-10,-197,"STANDARD",," P0799","DE-MF-000006259","Acandis GmbH",-11,"{
  ""texts"" : [ {
    ""language"" : {
      ""isoCode"" : ""de"",
      ""name"" : ""German""
    },
    ""text"" : ""Acandis GmbH"",
    ""allLanguagesApplicable"" : null
  } ]
}","{
  ""texts"" : [ {
    ""language"" : {
      ""isoCode"" : ""de"",
      ""name"" : ""German""
    },
    ""text"" : ""Acandis"",
    ""allLanguagesApplicable"" : null
  } ]
}",-1306,,,,,"04260650330698",,,
4200751,"01M19ERV326051Y8G6C0QJTASV","0786add2-2b10-4ae2-95d1-4259803c7885","CASCADIA™ Interbody System","6101-90195",-162,1,0,0,0,0,0,1,,1,"10888857290969","08858251004172SW","e9cef068-2c50-4767-af87-4a6321ceb315","01M19DAGT9P1C339RGDQYDM0MG",0,0,0,,0,0,,0,,,0,,,,,,,,0,0,"AN Lordotic Oblique Trials-Cascadia Interbody System","08858251004172SW",-204,-197,"STANDARD",," L091199","US-MF-000004440","K2M, Inc.",-11,"{
  ""texts"" : [ {
    ""language"" : {
      ""isoCode"" : ""en"",
      ""name"" : ""English""
    },
    ""text"" : ""K2M, Inc."",
    ""allLanguagesApplicable"" : null
  } ],
  ""textByDefaultLanguage"" : ""K2M, Inc.""
}",,-1306,"Emergo Europe B.V.","NL-AR-000000116","{
  ""texts"" : [ {
    ""language"" : {
      ""isoCode"" : ""en"",
      ""name"" : ""English""
    },
    ""text"" : ""Emergo Europe B.V."",
    ""allLanguagesApplicable"" : null
  } ]
}",,"10888857290969",,,
2221517,"01KQW3N10N4YRFQ1GCJ9YJ45EP","bcbfc455-29ab-4696-8fff-b2dddaf7af20","Bimanual I/A System reusable (T)","BI 128/T",-56,1,0,0,0,0,0,1,,1,"07640137453169","764013745P02P04X4","1e9a42c8-fba0-4418-9b86-4f798389c6fd","01KPZSDW4WE6KNKS2Q54FP0MB9",0,0,0,,0,0,,0,,,1,,,,,,,,0,0,"I/A System reusable",,-203,-197,"STANDARD",," Q0299","CH-MF-000017443","Bürki inno med AG",-11,"{
  ""texts"" : [ {
    ""language"" : {
      ""isoCode"" : ""de"",
      ""name"" : ""German""
    },
    ""text"" : ""Bürki inno med AG"",
    ""allLanguagesApplicable"" : null
  } ]
}",,-1306,"Bürki inno med GmbH","DE-AR-000008073","{
  ""texts"" : [ {
    ""language"" : {
      ""isoCode"" : ""de"",
      ""name"" : ""German""
    },
    ""text"" : ""Bürki inno med GmbH"",
    ""allLanguagesApplicable"" : null
  } ]
}",,"07640137453169",,,
85275,"01G2PJ803Q457JNZ48VPRZRN46","3ae70fa7-0f36-471c-8017-6d670277508c","Band Bag","EBB3648N",-162,1,0,0,0,0,0,1,,1,"06975085707240","697508570EC02J3","d7acf5d9-2677-4345-9a59-1eba87be2266","01FR6ZPFGFX6R8HFZ2WJ1VV78D",0,0,0,,0,0,,0,,,0,,,,,,,,0,0,"Band Bag",,-203,-197,"STANDARD",," T030199","CN-MF-000001406","Exact Medical Manufacturing, Inc",-11,"{
  ""texts"" : [ {
    ""language"" : {
      ""isoCode"" : ""en"",
      ""name"" : ""English""
    },
    ""text"" : ""Exact Medical Manufacturing, Inc"",
    ""allLanguagesApplicable"" : null
  } ]
}","{
  ""texts"" : [ {
    ""language"" : {
      ""isoCode"" : ""en"",
      ""name"" : ""English""
    },
    ""text"" : ""EMM Inc"",
    ""allLanguagesApplicable"" : null
  } ]
}",-1306,"Exact Medical Manufacturing B.V.","NL-AR-000000452","{
  ""texts"" : [ {
    ""language"" : {
      ""isoCode"" : ""en"",
      ""name"" : ""English""
    },
    ""text"" : ""Exact Medical Manufacturing B.V."",
    ""allLanguagesApplicable"" : false
  } ]
}",,,,,
1380352,"01KCRH7ZTCX1SZHRF9GXRQN2K8","ab724176-2ef8-40f7-8bd9-9f7017181891",,"-862N0016-010",-56,1,1,0,0,0,0,0,,1,"EFOR862N00160101","++EFOR080101FC","37209087-540f-48cd-89d3-a7b0f02e8bcd","01KCRFWHV28NFYW2ZKHHPPJSR5",0,0,0,,0,0,,0,,,0,,,,,,,,0,0,"Orthodontic bands",,-204,-197,"STANDARD",," Q010402","DE-MF-000006256","Bernhard Förster GmbH",-11,"{
  ""texts"" : [ {
    ""language"" : {
      ""isoCode"" : ""de"",
      ""name"" : ""German""
    },
    ""text"" : ""Bernhard Förster GmbH"",
    ""allLanguagesApplicable"" : null
  } ]
}","{
  ""texts"" : [ {
    ""language"" : {
      ""isoCode"" : ""de"",
      ""name"" : ""German""
    },
    ""text"" : ""Bernhard Förster"",
    ""allLanguagesApplicable"" : null
  } ]
}",-1306,,,,"EFOR862N0016010001",,,,
3546970,"01KXDCNJWPS6N05RYXJP6BY4Q0","87627876-0e2c-4d84-8468-183ac0787855","MARTIN Klemme 20 cm Atrauma","13-2007-20",-56,1,0,0,0,0,0,1,,1,"04250485330338","4250485300000161ZE","8b37d0f0-de30-4341-be21-f07a46a8c696","01KVDK3BM8M7HV0BWQ36YRR3NW",0,0,0,,0,0,,0,,,1,,,,,,,,0,0,,"Klemme, sonstige",-203,-197,"STANDARD",," L031307","DE-MF-000005528","Zepf Medical Instruments GmbH",-11,"{
  ""texts"" : [ {
    ""language"" : {
      ""isoCode"" : ""de"",
      ""name"" : ""German""
    },
    ""text"" : ""Zepf Medical Instruments GmbH"",
    ""allLanguagesApplicable"" : null
  } ]
}","{
  ""texts"" : [ {
    ""language"" : {
      ""isoCode"" : ""de"",
      ""name"" : ""German""
    },
    ""text"" : ""Zepf Medical Instruments "",
    ""allLanguagesApplicable"" : null
  } ]
}",-1306,,,,,"04250485330338",,,
3838488,"01KYWFRHXZYC0ARPRSYE2WGX1M","163d4746-6b3d-40c9-933b-fc907fe2f705","Odyssey iQ","OD iQ EN 24 G3",-162,1,0,0,0,0,0,0,,1,"00195411459063","08417471MYFOOT1988AN","e5ce064d-69dc-4927-8a12-406c0d6560a8","01KYT5XB9HQNHD2Y0DWQW3A54X",0,0,0,,0,0,,0,,,0,,,,,,,,0,0,,"MYFOOT1988",-203,-197,"STANDARD",," Y062499","US-MF-000002352","College Park Industries, Inc.",-11,"{
  ""texts"" : [ {
    ""language"" : {
      ""isoCode"" : ""en"",
      ""name"" : ""English""
    },
    ""text"" : ""College Park Industries, Inc."",
    ""allLanguagesApplicable"" : null
  } ]
}",,-1306,"Emergo Europe B.V.","NL-AR-000000116","{
  ""texts"" : [ {
    ""language"" : {
      ""isoCode"" : ""en"",
      ""name"" : ""English""
    },
    ""text"" : ""Emergo Europe B.V."",
    ""allLanguagesApplicable"" : null
  } ]
}",,,,,
568521,"01HWWHNN4NPXTDST5RKPCSAV2X","76277210-c4a5-468b-882d-ceaaf53d2b16","S.C.A","13.708.03P",-245,1,0,0,0,0,0,1,,1,"08680862161228","868086255S.C.A3549TY","2156f3e0-e172-4be2-b520-11bc763a3f89","01HWSRJDQFX0HA3DR7AN2CCWDP",0,0,0,,0,0,,0,,,1,,,,,,,,0,0,"SCRAPER","S.C.A",-203,-197,"STANDARD",," L090403","TR-MF-000018747","SAMSUN CERRAHİ ALETLER SANAYİ VE TİCARET LİMİTED ŞİRKETİ",-11,"{
  ""texts"" : [ {
    ""language"" : {
      ""isoCode"" : ""en"",
      ""name"" : ""English""
    },
    ""text"" : ""SAMSUN CERRAHİ ALETLER SANAYİ VE TİCARET LİMİTED ŞİRKETİ"",
    ""allLanguagesApplicable"" : false
  } ]
}",,-1306,,,,,,,,
3532138,"01KX8MH45PDV0TZ72038WX4FBF","f2e57f6f-ec3f-45ca-8f3b-28421bc8f62d","PMMA blocks for dental use","98×14-Color",-56,1,0,0,0,0,0,0,,1,"06934906685785","B-06934906685785","f0a8e7f4-3e16-47ee-a051-5e5927981506","01KX8MH456FSZ0NB970NCJSHFH",0,0,0,,0,0,,0,,,0,,,,,,,,0,0,"PMMA blocks for dental use",,-204,-53,"LEGACY",," Q01010199","CN-MF-000015573","Aidite（Qinhuangdao）Technology Co.,Ltd.",-11,"{
  ""texts"" : [ {
    ""language"" : {
      ""isoCode"" : ""en"",
      ""name"" : ""English""
    },
    ""text"" : ""Aidite（Qinhuangdao）Technology Co.,Ltd."",
    ""allLanguagesApplicable"" : null
  } ]
}","{
  ""texts"" : [ {
    ""language"" : {
      ""isoCode"" : ""en"",
      ""name"" : ""English""
    },
    ""text"" : ""Aidite"",
    ""allLanguagesApplicable"" : null
  } ]
}",-1306,"MedNet EC-REP GmbH","DE-AR-000000002","{
  ""texts"" : [ {
    ""language"" : {
      ""isoCode"" : ""en"",
      ""name"" : ""English""
    },
    ""text"" : ""MedNet EC-REP GmbH"",
    ""allLanguagesApplicable"" : null
  } ]
}",,,,,
3831503,"01KYVS3MBSFT70KQYEKB2XG71B","47afd341-4fde-41d0-900d-2ef109f351fc","SenSura Click","14896",-162,1,0,0,0,0,0,0,,1,"05708932333269","57089322975448Z","dc5d4548-b474-4a54-bc2a-a4a0b98cb5df","01KYVQCJ9N0QY1YCN7XMDM7NTA",0,0,0,,0,0,,0,,,0,,,,,,,,0,0,"SenSura Click ostomy bag 2-piece open",,-203,-197,"STANDARD",," A10020202,A10020302","DK-MF-000025526","Coloplast A/S",-11,"{
  ""texts"" : [ {
    ""language"" : {
      ""isoCode"" : ""da"",
      ""name"" : ""Danish""
    },
    ""text"" : ""Coloplast A/S"",
    ""allLanguagesApplicable"" : false
  } ]
}",,-1306,,,,"05701780124249",,,"05708932333269,05708932333276",
1808470,"01KMDRJZ5VS2T2A6M0YBRZMAMZ","dadb0ba9-5a47-4cbc-9f4f-199836d6e6c3","HD Diamond Coated Dental Burs","154517-25-2R",-74,1,0,0,0,0,0,1,,1,"07291081069328","7291081DiamondnonStrlQP","8727035b-0f8c-4520-914c-adf8e5969dd6","01KHGE57B97E6WK3N1ED2HFEQP",0,0,0,,0,0,,0,,,1,,,,,,,,0,0,"Non-Sterile Diamond Coated Dental Burs",,-204,-197,"STANDARD",," Z12110102","IL-MF-000011308","Hasharon Dental Center Ltd.",-11,"{
  ""texts"" : [ {
    ""language"" : {
      ""isoCode"" : ""en"",
      ""name"" : ""English""
    },
    ""text"" : ""Hasharon Dental Center Ltd."",
    ""allLanguagesApplicable"" : null
  } ]
}","{
  ""texts"" : [ {
    ""language"" : {
      ""isoCode"" : ""en"",
      ""name"" : ""English""
    },
    ""text"" : ""Hasharon Dental"",
    ""allLanguagesApplicable"" : null
  } ]
}",-1306,"Obelis s.a.","BE-AR-000000106","{
  ""texts"" : [ {
    ""language"" : {
      ""isoCode"" : ""en"",
      ""name"" : ""English""
    },
    ""text"" : ""Obelis s.a."",
    ""allLanguagesApplicable"" : null
  } ],
  ""textByDefaultLanguage"" : ""Obelis s.a.""
}",,,,,
448125,"01HMD83HDWJFQAS0JHFHYSGSWD","c6fd86bf-2841-4f6d-b095-4730d56e50aa","Dental root-canal Instruments","TFC21C2",-56,1,0,0,0,0,0,0,,1,"06973163117974","697316311DRCI00001VF","fc7340de-5930-4c40-b710-745e9890a58c","01HM80Z94KVBPVJFWS3TQ0EAF9",0,0,0,,0,0,,0,,,0,,,,,,,,0,0,"Dental root-canal Instruments",,-204,-197,"STANDARD",," Q010507","CN-MF-000021642","Suzhou Pac-Dent Technology Co., Ltd.",-11,"{
  ""texts"" : [ {
    ""language"" : {
      ""isoCode"" : ""en"",
      ""name"" : ""English""
    },
    ""text"" : ""Suzhou Pac-Dent Technology Co., Ltd."",
    ""allLanguagesApplicable"" : null
  } ],
  ""textByDefaultLanguage"" : ""Suzhou Pac-Dent Technology Co., Ltd.""
}",,-1306,"Llins Service & Consulting GmbH","DE-AR-000009077","{
  ""texts"" : [ {
    ""language"" : {
      ""isoCode"" : ""de"",
      ""name"" : ""German""
    },
    ""text"" : ""Llins Service & Consulting GmbH"",
    ""allLanguagesApplicable"" : null
  } ]
}",,,,,
2454403,"01KRS5WK9DMB05EXYVCXS25D6Z","39fab0e6-0745-4207-9369-3ac2d81feeff","Sterile Procedure Trays","DGFBS672",,1,,,,,1,0,,1,"00382609778901","3666520DCSPTORTHOSTIIb35","9ecac5c0-8b9b-427e-a433-8128f293c9ef","01KNAF601A2WJQ4B8FA43FEDCA",,,,,,,,,,,,,,,-541,,,,,,"Sterile Orthopedic procedure packs",,-205,-197,"SPP","For Orthopedic procedure"," T0202","FR-PR-000003713","Medline International France",-11,"{
  ""texts"" : [ {
    ""language"" : {
      ""isoCode"" : ""fr"",
      ""name"" : ""French""
    },
    ""text"" : ""Medline International France"",
    ""allLanguagesApplicable"" : null
  } ]
}","{
  ""texts"" : [ {
    ""language"" : {
      ""isoCode"" : ""fr"",
      ""name"" : ""French""
    },
    ""text"" : ""MIF"",
    ""allLanguagesApplicable"" : null
  } ]
}",-1306,,,,,,,"00382609778901,50382609778906",
3080898,"01KSQTB58GGG6J141XSG2C5WJ8","59400322-0fca-4a6e-a4fe-4517a1faa7ab","Henry Schein","5701813",-56,1,0,0,0,1,0,1,,2,"10304040126841","B-10304040126841","86776a52-fe27-43e2-b5ac-5892723179ae","01KSQTB581C8QC4XRJ80FSXSJY",0,0,0,,0,0,,0,,,0,,,,,,,,0,0,"Rotary NiTi file U Coro CX orange 19mm","TF-123",-204,-53,"LEGACY",," Q010507","US-MF-000021683","Henry Schein Inc.",-11,"{
  ""texts"" : [ {
    ""language"" : {
      ""isoCode"" : ""en"",
      ""name"" : ""English""
    },
    ""text"" : ""Henry Schein Inc."",
    ""allLanguagesApplicable"" : null
  } ]
}","{
  ""texts"" : [ {
    ""language"" : {
      ""isoCode"" : ""en"",
      ""name"" : ""English""
    },
    ""text"" : ""HSI"",
    ""allLanguagesApplicable"" : null
  } ]
}",-1306,"Henry Schein Services GmbH","DE-AR-000008001","{
  ""texts"" : [ {
    ""language"" : {
      ""isoCode"" : ""de"",
      ""name"" : ""German""
    },
    ""text"" : ""Henry Schein Services GmbH"",
    ""allLanguagesApplicable"" : null
  } ],
  ""textByDefaultLanguage"" : null
}",,,,,
3615538,"01KXMG4KYYA45DTAH0DBDTN9KZ","b876acc1-4eac-4f40-bfac-1ecb18eac7d1",,"553448",-56,1,0,0,0,0,0,0,,1,"04250869613033","42508696000010009E","af041224-dace-49d5-af28-a4118d8e7853","01KXK4SQ5GJG6JJS88XT703CB8",0,0,0,,0,1,,0,,,0,,,,,,,0,0,0,,"MOSS Family",-205,-197,"STANDARD",," P09070302","DE-MF-000005455","Biedermann Motech GmbH & Co. KG",-11,"{
  ""texts"" : [ {
    ""language"" : {
      ""isoCode"" : ""de"",
      ""name"" : ""German""
    },
    ""text"" : ""Biedermann Motech GmbH & Co. KG"",
    ""allLanguagesApplicable"" : null
  } ],
  ""textByDefaultLanguage"" : null
}","{
  ""texts"" : [ {
    ""language"" : {
      ""isoCode"" : ""de"",
      ""name"" : ""German""
    },
    ""text"" : ""BM"",
    ""allLanguagesApplicable"" : null
  } ],
  ""textByDefaultLanguage"" : null
}",-1306,,,,,,,,
3385654,"01KWD4N473JJHRH2KB82GJAV0R","4ad399f2-7137-4aaf-be03-c4332d0142d4","Sterile Procedure Trays","DGFOR192B",,1,,,,,1,0,,1,"03666520370909","3666520DCSPTORTHOST4L","ec3d69aa-2ca0-458f-ab4e-40c7d9d869f4","01KRM2C69H6HPZ4YA46CM7XHAM",,,,,,,,,,,,,,,-541,,,,,,"Sterile Orthopedic procedure packs",,-204,-197,"SPP","For Orthopedic procedure"," T0202","FR-PR-000003713","Medline International France",-11,"{
  ""texts"" : [ {
    ""language"" : {
      ""isoCode"" : ""fr"",
      ""name"" : ""French""
    },
    ""text"" : ""Medline International France"",
    ""allLanguagesApplicable"" : null
  } ]
}","{
  ""texts"" : [ {
    ""language"" : {
      ""isoCode"" : ""fr"",
      ""name"" : ""French""
    },
    ""text"" : ""MIF"",
    ""allLanguagesApplicable"" : null
  } ]
}",-1306,,,,,,,"03666520370909,53666520370904",
960960,"01JWR3E4H87DR3HK9QQ4FDNRX1","9327242d-c503-40bc-bf5e-ec5e409056a1",,"109-386-33L",-13,1,,,0,0,0,1,,1,"08961101445881","B-08961101445881","e165ec11-013a-49ec-a486-349124b4da10","01JWR3E4ER1KGX2SMRQ2N02EQ7",0,0,0,,0,0,,0,,,1,,,,,,,,0,0,"Root Canal  Excavator Fig No. 33L",,-203,-53,"LEGACY",," L031199","PK-MF-000041737","Towne Brothers (Private) Limited",-11,"{
  ""texts"" : [ {
    ""language"" : {
      ""isoCode"" : ""en"",
      ""name"" : ""English""
    },
    ""text"" : ""Towne Brothers (Private) Limited"",
    ""allLanguagesApplicable"" : false
  } ]
}",,-1306,"Obelis s.a.","BE-AR-000000106","{
  ""texts"" : [ {
    ""language"" : {
      ""isoCode"" : ""en"",
      ""name"" : ""English""
    },
    ""text"" : ""Obelis s.a."",
    ""allLanguagesApplicable"" : null
  } ],
  ""textByDefaultLanguage"" : ""Obelis s.a.""
}",,,,,
3791803,"01KYPJ48EBAGV66SBC0J8GTF7K","b9d7dfc2-334b-47cd-9c17-f7a88794bed2","AT TORBI 709MP","N/A",-56,1,0,0,0,0,1,0,,1,"04049336780237","B-04049336780237","98015879-36b9-42c0-8c2a-96a73e5d667e","01KYPJ48DX82D2D4E0EB8ATDEA",0,0,0,,0,1,,0,,,0,,,,,,,,0,0,"AT TORBI 709MP",,-205,-53,"LEGACY",," P030102090302","DE-MF-000007732","Carl Zeiss Meditec AG",-11,"{
  ""texts"" : [ {
    ""language"" : {
      ""isoCode"" : ""de"",
      ""name"" : ""German""
    },
    ""text"" : ""Carl Zeiss Meditec AG"",
    ""allLanguagesApplicable"" : null
  } ],
  ""textByDefaultLanguage"" : null
}",,-1306,,,,,,,,
3523175,"01KX66EBGC14JS9PGEGV5GK5NH","20e60c39-df03-4f88-996b-7161a9ba79dc","JOBST® Opaque","77627-00430-00",-56,1,0,0,0,0,0,0,,1,"04059993113897","4019702400438807X","9c296d50-7355-4970-ab8a-de7c3ac347c6","01KTE9TQXXB3KH482TTHHDFYGS",0,0,0,,0,0,,0,,,0,,,,,,,,0,0,"JOBST Opaque CCL2 Lower RTW",,-203,-197,"STANDARD",," M030405","DE-MF-000004936","BSN-Jobst GmbH",-11,"{
  ""texts"" : [ {
    ""language"" : {
      ""isoCode"" : ""en"",
      ""name"" : ""English""
    },
    ""text"" : ""BSN-Jobst GmbH"",
    ""allLanguagesApplicable"" : null
  } ]
}",,-1306,,,,,,,,
486371,"01HQ35A6S8KKDKTRK5BDQTYTXG","e95da6bb-d989-4925-98aa-943b9bd409eb","Juvora Ltd","DD-98-20-02 Oyster White",-56,1,0,0,0,0,0,0,,1,"05055948229636","50559482AAA0006C","91e58fe9-f53a-446b-8abd-76afea14c2c4","01HJ6CA36H7FTBBHKM5XXK9GW7",0,0,0,,0,1,,0,,,0,,,,,,,,0,0,"Juvora Dental discs",,-204,-197,"STANDARD",," Q0102050199","GB-MF-000007895","Juvora Limited",-11,"{
  ""texts"" : [ {
    ""language"" : {
      ""isoCode"" : ""en"",
      ""name"" : ""English""
    },
    ""text"" : ""Juvora Limited"",
    ""allLanguagesApplicable"" : null
  } ]
}",,-1307,"Psephos Limited","IE-AR-000003676","{
  ""texts"" : [ {
    ""language"" : {
      ""isoCode"" : ""en"",
      ""name"" : ""English""
    },
    ""text"" : ""Psephos Limited"",
    ""allLanguagesApplicable"" : false
  } ]
}",,,,,
3346642,"01KW5YSJKDRWEFETGGAWJS1G4V","ad73623b-294b-4659-b381-7041accbd155","Absorbent Paper Points","-",-56,1,,,0,0,1,0,,1,"08806387828587","B-08806387828587","911762e3-e8aa-42aa-b644-2edcbdf92900","01KW5YSJHA4NFH26EZMV27M32K",0,0,0,,0,0,,0,,,0,,,,,,,,0,0,"Sterile Absorbent Paper Points","100",-204,-53,"LEGACY",," Q01010401","KR-MF-000009681","META BIOMED CO., LTD.",-11,"{
  ""texts"" : [ {
    ""language"" : {
      ""isoCode"" : ""en"",
      ""name"" : ""English""
    },
    ""text"" : ""META BIOMED CO., LTD."",
    ""allLanguagesApplicable"" : null
  } ]
}",,-1306,"Meta Biomed Europe GmbH","DE-AR-000004953","{
  ""texts"" : [ {
    ""language"" : {
      ""isoCode"" : ""en"",
      ""name"" : ""English""
    },
    ""text"" : ""Meta Biomed Europe GmbH"",
    ""allLanguagesApplicable"" : null
  } ]
}",,,,,
4327963,"01M1XZBENHXGVK5V8E289KMA43","958085ed-2351-4c92-ab3d-41e6c907a4b8","Hip Screw 6.4 X 95","PNM3064-095",-245,1,0,0,0,0,1,0,,1,"08685309302318","8680487TRZV","955e631d-d47e-465b-b9b6-bb5749b6b2c6","01M1GY2FAAFTJ4JP1W2Y1FXJ8R",0,0,0,,0,1,,0,,,0,,,,,,,1,0,0,,"Trauma Nails and Screws",-205,-197,"STANDARD",," P09120202","TR-MF-000015713","NORMMED MEDİKAL SAN. VE TİC. A.Ş.",-11,"{
  ""texts"" : [ {
    ""language"" : {
      ""isoCode"" : ""en"",
      ""name"" : ""English""
    },
    ""text"" : ""NORMMED MEDİKAL SAN. VE TİC. A.Ş."",
    ""allLanguagesApplicable"" : null
  } ]
}","{
  ""texts"" : [ {
    ""language"" : {
      ""isoCode"" : ""en"",
      ""name"" : ""English""
    },
    ""text"" : ""NORMMED"",
    ""allLanguagesApplicable"" : null
  } ]
}",-1306,,,,,,,,
3146652,"01KTR140MKW21EKB4XWPP9XGVF","975d635a-2add-46f3-8dc8-986a4940258a",,"BN-MAR-3/2505",-56,1,0,0,0,0,1,0,,1,"06937278613233","697046733PTCTP","86697bc6-ccad-4f62-b3b5-fc45248d5978","01KA0CSNCVE2H92DCJ5VJJX59S",0,0,0,,0,0,,0,,,0,,,,,,,,0,0,"Disposable Biopsy Needle",,-204,-197,"STANDARD",," A01020102","CN-MF-000025983","Zhejiang CuraWay Medical Technology Co., Ltd.",-11,"{
  ""texts"" : [ {
    ""language"" : {
      ""isoCode"" : ""en"",
      ""name"" : ""English""
    },
    ""text"" : ""Zhejiang CuraWay Medical Technology Co., Ltd."",
    ""allLanguagesApplicable"" : false
  } ]
}",,-1306,"Prolinx GmbH","DE-AR-000005129","{
  ""texts"" : [ {
    ""language"" : {
      ""isoCode"" : ""de"",
      ""name"" : ""German""
    },
    ""text"" : ""Prolinx GmbH"",
    ""allLanguagesApplicable"" : null
  } ]
}",,,,"06937278613233,16937278613230,26937278613237",
3903947,"01KZB7Q7T76N793X6N9RM9ZDTM","109dcfc5-1ee7-4145-beec-18087b0d4dca","PARODONTAX Protection Fluor","A1K0000000X1002",-74,1,0,0,0,0,0,0,,1,"03094904500909","50596230DP000000000M359A","9537cb0f-8112-4558-a8fc-fdda6e2745c1","01KRXKB75ZK9JFDX6GCVWMQWXP",0,0,0,,0,0,,0,,,0,,,,,,,,0,0,"Sodium Bicarbonate Dentifrice",,-204,-197,"STANDARD",," Q0199","IE-MF-000002458","Haleon Medical Devices",-11,"{
  ""texts"" : [ {
    ""language"" : {
      ""isoCode"" : ""en"",
      ""name"" : ""English""
    },
    ""text"" : ""Haleon Medical Devices"",
    ""allLanguagesApplicable"" : null
  } ]
}","{
  ""texts"" : [ {
    ""language"" : {
      ""isoCode"" : ""en"",
      ""name"" : ""English""
    },
    ""text"" : ""Haleon Medical Devices "",
    ""allLanguagesApplicable"" : null
  } ]
}",-1306,,,,,,,,
3094076,"01KTBPWAE2GXNM9NQVAVDZP8YC","0e7dbe22-8a86-449b-88c1-a2e35ccda062","Drill Cortical Ø3.5 mm - Guide Ø5.5 mm","W2-FGC35L",-108,1,0,0,0,0,0,1,,1,"08053841053072","805701485ISSFRESA8V","33217d03-40a3-4494-bb2d-ccbfb4e41359","01KTBN567VNM8E969J5CGP5ZMV",0,0,0,,0,0,,0,,,1,,,,,,,,0,0,"Fresa",,-204,-197,"STANDARD",," L159099","IT-MF-000035570","Ing. Carlo Alberto Issoglio & C. srl",-11,"{
  ""texts"" : [ {
    ""language"" : {
      ""isoCode"" : ""it"",
      ""name"" : ""Italian""
    },
    ""text"" : ""Ing. Carlo Alberto Issoglio & C. srl"",
    ""allLanguagesApplicable"" : false
  } ]
}",,-1306,,,,,,,,
4156735,"01JYQY5B6FJ1HW6GYFYWDQ00QV","3718c860-8cbe-40d1-92a2-3d57c2e62119","WS-091-010N: Non-Sterile, Single Use, Heiss Dissecting And Ligature Forceps, 28cm/11"", ","WS-091-010N",-67,1,,,0,0,0,1,,2,"05056863305511","B-05056863305511","3deb6c2a-6d3e-4179-9b81-ea3c633fa721","01JYQY5B4YNQRNTAS0THHDJQ6T",0,0,0,,0,0,,0,,,0,,,,,,,,0,0,"WS-091-010N: Non-Sterile, Single Use, Heiss Dissecting And Ligature Forceps, 28cm/11"", ","WS-091-010N",-204,-53,"LEGACY",," V901699","PK-MF-000010180","Weldon Instruments",-11,"{
  ""texts"" : [ {
    ""language"" : {
      ""isoCode"" : ""en"",
      ""name"" : ""English""
    },
    ""text"" : ""Weldon Instruments"",
    ""allLanguagesApplicable"" : null
  } ]
}",,-1306,"CMC Medical Devices & Drugs SL","ES-AR-000000293","{
  ""texts"" : [ {
    ""language"" : {
      ""isoCode"" : ""es"",
      ""name"" : ""Spanish""
    },
    ""text"" : ""CMC Medical Devices & Drugs SL"",
    ""allLanguagesApplicable"" : null
  } ]
}",,,,,
469795,"01HNSN5H8EQDFFCY9SSB8CVQ4Y","77825238-f5b3-4aab-80cd-b6f9ab5e8371","MİKRO","SMC 01.128.23",-245,1,0,0,0,0,0,1,,1,"08682389028756","868238955MIKRO002039","d4dce3e5-f786-48f5-9ae0-4741fe7ebaa3","01HNQ0C9SX3N2K0FVA16D2FPFY",0,0,0,,0,0,,0,,,1,,,,,,,,0,0,"SEPARATOR","MİKRO",-203,-197,"STANDARD",," L03140199","TR-MF-000029629","SAMSUN MİKRO CERRAHİ ALETLER İMALAT SANAYİ VE TİCARET LİMİTED ŞİRKETİ",-11,"{
  ""texts"" : [ {
    ""language"" : null,
    ""text"" : ""SAMSUN MİKRO CERRAHİ ALETLER İMALAT SANAYİ VE TİCARET LİMİTED ŞİRKETİ"",
    ""allLanguagesApplicable"" : true
  } ],
  ""textByDefaultLanguage"" : null
}","{
  ""texts"" : [ {
    ""language"" : null,
    ""text"" : ""Mikro surgical instruments"",
    ""allLanguagesApplicable"" : true
  } ],
  ""textByDefaultLanguage"" : null
}",-1306,,,,,,,,
2436228,"01KRNWVXYEGK6CZJBV1T7H1339","2b549351-592c-4bfc-b259-d52aed7f56d1",,"3.3473.015S",-175,1,0,0,0,0,1,0,,1,"05908447416888","59084474NSP6.1SH","27c648c7-162f-473c-98c7-6a76878d1c30","01KRNS43XRYKVFPT875V5GC5JQ",0,0,0,,0,1,,0,,,0,,,,,,,1,0,0,"PŁYTKI DO TWARZOCZASZKI","CRANIOFACIAL PLATES",-205,-197,"STANDARD",," P09120599","PL-MF-000002121","ChM spółka z ograniczoną odpowiedzialnością",-11,"{
  ""texts"" : [ {
    ""language"" : {
      ""isoCode"" : ""pl"",
      ""name"" : ""Polish""
    },
    ""text"" : ""ChM spółka z ograniczoną odpowiedzialnością"",
    ""allLanguagesApplicable"" : null
  } ]
}","{
  ""texts"" : [ {
    ""language"" : {
      ""isoCode"" : ""pl"",
      ""name"" : ""Polish""
    },
    ""text"" : ""ChM sp. z o.o."",
    ""allLanguagesApplicable"" : null
  } ]
}",-1306,,,,,,,,
2726072,"01KSHZJVXXKF9B7J6PHJAWCC76","c2128b13-99b2-4e4a-b447-3cbd62f06652","FinnComfort","02620-791241",-56,1,0,0,1,0,0,0,,1,"04030457060773","4030457-FinnCo-001-MN","3f3b99d2-4122-41dd-aeb4-f7c39ddbf3fc","01KR3AHVVTKD99Q52VK8V9XTW7",0,0,0,,0,0,,0,,,0,,,,,,,,0,0,"FinnComfort",,-203,-197,"STANDARD",," Y063303","DE-MF-000016907","Waldi Schuhfabrik GmbH",-11,"{
  ""texts"" : [ {
    ""language"" : {
      ""isoCode"" : ""de"",
      ""name"" : ""German""
    },
    ""text"" : ""Waldi Schuhfabrik GmbH"",
    ""allLanguagesApplicable"" : null
  } ]
}","{
  ""texts"" : [ {
    ""language"" : {
      ""isoCode"" : ""de"",
      ""name"" : ""German""
    },
    ""text"" : ""FinnComfort"",
    ""allLanguagesApplicable"" : null
  } ]
}",-1306,,,,,"04030457060773",,,
2830977,"01KSN2X5Q7P56MFX7MVGRQW09K","4ba8dd6c-7da3-4705-922f-a725a9981572","Pro-Flex® Modular","PMD0327R",-162,1,0,0,0,0,0,0,,1,"05690977244467","5690967BU00046NH","b683f7cd-b0db-4117-b531-e0a3eb6496c2","01KSN08ZQR8NVZ1VH4E1E8MWMV",0,0,0,,0,0,,0,,,0,,,,,,,,0,0,,"BU00046",-203,-197,"STANDARD",," Y062403","IS-MF-000000173","Össur Iceland ehf.",-11,"{
  ""texts"" : [ {
    ""language"" : {
      ""isoCode"" : ""en"",
      ""name"" : ""English""
    },
    ""text"" : ""Össur Iceland ehf."",
    ""allLanguagesApplicable"" : null
  } ]
}","{
  ""texts"" : [ {
    ""language"" : {
      ""isoCode"" : ""en"",
      ""name"" : ""English""
    },
    ""text"" : ""Ossur"",
    ""allLanguagesApplicable"" : false
  } ]
}",-1306,,,,,,,,
1258704,"01K97WRSGT1JDSMKY33CKNK1HR","1adfc0b7-2f42-48f1-ba2a-62adc3699683",,"34607976636",-74,1,0,0,0,0,0,0,,1,"04043752443516","40437522464A","1e8c293a-e31f-4a7e-a098-221d4866cfb1","01FKG2NDT12TKV78F2DVP9PJDT",1,0,0,,0,0,,0,,,0,,,,,,,,0,0,"Zinc/Air Hearing Aid Batteries",,-203,-197,"STANDARD",," Y214580","DE-MF-000005968","VARTA Microbattery GmbH",-11,"{
  ""texts"" : [ {
    ""language"" : {
      ""isoCode"" : ""de"",
      ""name"" : ""German""
    },
    ""text"" : ""VARTA Microbattery GmbH"",
    ""allLanguagesApplicable"" : null
  } ]
}",,-1306,,,,,,,"04043752443516,14043752443513",
923232,"01JTSWN3QM11CDC4CQQ1Q28EVY","851e37d0-7827-4325-ba04-af3c22409bb9",,"CF-NR134S135BH",-13,1,0,0,0,0,0,0,,1,"06976571933532","697657193SB01QJ","e6875918-3faa-447f-94bd-2f0c6b81a4ea","01JSEF91SPW8X58C31C05NFYV3",0,0,0,,0,0,,0,,,0,,,,,,,,0,0,"Sterilization box /containers / Sterilization basket/ trays","CF-NR111（S/B/Y/R/G/P）110(135/155/205/250) CF-NR134（S/B/Y/R/G/P）110(135/155/205/250) CF-NR112（S/B/Y/R/G/P）110(135/155/205/250) etc",-203,-197,"STANDARD",," S010499","CN-MF-000047208","HUBEI Cfull Medical Technology Co., Ltd",-11,"{
  ""texts"" : [ {
    ""language"" : {
      ""isoCode"" : ""en"",
      ""name"" : ""English""
    },
    ""text"" : ""HUBEI Cfull Medical Technology Co., Ltd"",
    ""allLanguagesApplicable"" : false
  } ]
}",,-1306,"SUNGO Europe B.V.","NL-AR-000000247","{
  ""texts"" : [ {
    ""language"" : {
      ""isoCode"" : ""nl"",
      ""name"" : ""Dutch""
    },
    ""text"" : ""SUNGO Europe B.V."",
    ""allLanguagesApplicable"" : null
  } ]
}",,,,,
1344949,"01GYF7M30N631G7D2DK3G2WWBZ","785c5b26-a139-4feb-8699-2ff61ecea728",,"26635541",-74,1,0,0,0,0,0,0,,2,"03760337562035","3666663PDOS8V","1702a453-82a5-457b-b1b2-ee352b64133b","01GYEV3BXRK6WHDEV99X0SHF1Z",0,0,0,,0,0,,1,,,0,,,,,,,,0,0,"Oral dosing syringe CLASSIC/EVOLUTION/ADVANCED"," EVO1PF, EVO2ORP, EVO3PF, EVOTH5PF, EVOC10PF, ADV1 BF30, ADV1 BF90, ADV1PF, ADV3PF, ADVTH5LS, ADVTH5PF, ADVC10, ADVC10PF, CLA0.3, CLA0.6, CLA1.5, CLAS1.5, CLA1.5CR, CLA2, CLAC2, CLA4, CLA5, CLAC5, CLATH5, CLA6, CLA8, CLA10",-203,-197,"STANDARD",," V0399","FR-MF-000000673","Rovipharm",-11,"{
  ""texts"" : [ {
    ""language"" : {
      ""isoCode"" : ""fr"",
      ""name"" : ""French""
    },
    ""text"" : ""Rovipharm"",
    ""allLanguagesApplicable"" : null
  } ]
}","{
  ""texts"" : [ {
    ""language"" : {
      ""isoCode"" : ""fr"",
      ""name"" : ""French""
    },
    ""text"" : ""ROVI"",
    ""allLanguagesApplicable"" : null
  } ]
}",-1306,,,,"03760337562028",,,,
3920168,"01KZCZ0WM10KTPGFJ0PF0M09VN","fdca5382-98d5-4a33-baa2-c044ce1148f0","ZEROS Dental Implant System","AM2SAR451040",-108,1,0,0,0,0,0,1,,1,"08800077025744","88000770AbutmentG3","1515af92-cd74-4b60-a3ed-b67f2068f01a","01KYRKTKJSTTFMVGT667M195CR",0,0,0,,0,1,,0,,,0,,,,,,,1,0,0,"ZEROS Dental Implant System","Abutment",-205,-197,"STANDARD",," P01020101","KR-MF-000020402","ZEROS Co., Ltd.",-11,"{
  ""texts"" : [ {
    ""language"" : {
      ""isoCode"" : ""en"",
      ""name"" : ""English""
    },
    ""text"" : ""ZEROS Co., Ltd."",
    ""allLanguagesApplicable"" : false
  } ]
}",,-1306,"KTR Europe GmbH","DE-AR-000005685","{
  ""texts"" : [ {
    ""language"" : {
      ""isoCode"" : ""en"",
      ""name"" : ""English""
    },
    ""text"" : ""KTR Europe GmbH"",
    ""allLanguagesApplicable"" : null
  } ]
}",,,,,
4192509,"01M14H1JNMV09HRQ9JV87TDR64","ff6a9435-ff98-48ec-a244-c1c13eafcace",,"133625",-56,1,0,0,0,0,0,0,,1,"+D81813362505","++D818DENTALALLOYS01GDP","0f12aba5-d12d-4286-9343-b562238a264a","01M14GWHYSY6T5T869MZG3Z40T",0,0,0,,0,1,,0,,,0,,,,,,,,0,0,"ARGEDENT 1 (20g)",,-204,-197,"STANDARD",," Q010601","US-MF-000022069","The Argen Corporation",-11,"{
  ""texts"" : [ {
    ""language"" : {
      ""isoCode"" : ""en"",
      ""name"" : ""English""
    },
    ""text"" : ""The Argen Corporation"",
    ""allLanguagesApplicable"" : null
  } ],
  ""textByDefaultLanguage"" : ""The Argen Corporation""
}",,-1306,"MDSS GmbH","DE-AR-000005430","{
  ""texts"" : [ {
    ""language"" : {
      ""isoCode"" : ""en"",
      ""name"" : ""English""
    },
    ""text"" : ""MDSS GmbH"",
    ""allLanguagesApplicable"" : null
  } ]
}",,,,,
2390424,"01KRJERC2N3JQ8EH0FT6P4AD12","f61ab796-286b-4b34-aa38-9dc07c6985c9",,"/",-74,1,0,0,0,0,0,0,,1,"06941382294288","694138229986JD","c331553a-85b7-4822-a2be-bc622625e7cd","01GG3X6RDWJGPD9BXKZZEVQJKH",0,0,0,,0,0,,0,,,0,,,,,,,,0,0,"Dental Zirconia Ceramics","Dental Zirconia Blank for Aesthetic Restoration",-204,-197,"STANDARD",," Q01010199","CN-MF-000013088","Liaoning Upcera Co Ltd",-11,"{
  ""texts"" : [ {
    ""language"" : {
      ""isoCode"" : ""en"",
      ""name"" : ""English""
    },
    ""text"" : ""Liaoning Upcera Co Ltd"",
    ""allLanguagesApplicable"" : null
  } ]
}","{
  ""texts"" : [ {
    ""language"" : {
      ""isoCode"" : ""en"",
      ""name"" : ""English""
    },
    ""text"" : ""Upcera"",
    ""allLanguagesApplicable"" : null
  } ]
}",-1306,"MedNet EC-REP GmbH","DE-AR-000000002","{
  ""texts"" : [ {
    ""language"" : {
      ""isoCode"" : ""en"",
      ""name"" : ""English""
    },
    ""text"" : ""MedNet EC-REP GmbH"",
    ""allLanguagesApplicable"" : null
  } ]
}",,"06941382294288",,,
2562968,"01KRKJRWFWYJWX683FZJ8C2R93","166c8cac-b179-44b4-ad79-d74762baa5e9",,"501300450",-132,1,0,0,0,0,1,0,,2,"04049089005304","404908904NT","84683f44-f0ea-452a-811b-2ced05196992","01KRKH107VXSJMR9XK2HA6PK4A",0,0,0,,0,0,,0,,,0,,,,,,,,0,0,"Twister",,-204,-197,"STANDARD",," Z12011085","LV-MF-000021846","Ceram Optec SIA",-11,"{
  ""texts"" : [ {
    ""language"" : {
      ""isoCode"" : ""lv"",
      ""name"" : ""Latvian""
    },
    ""text"" : ""Ceram Optec SIA"",
    ""allLanguagesApplicable"" : false
  } ]
}",,-1306,,,,,,,,
3887714,"01KZ8RXCEC3181NBJN1ACEM1RA","a380596f-2908-4cbc-b80d-f338ade7b631","Stół do pakietowania PAK","PAK-01",-175,1,0,0,0,0,0,0,,1,"05904126020643","5904126-PAK/JF","4f6d70e2-63a8-44c6-b3f9-926d7c43526b","01KS1YD1D54VWBKYW4E8XHE3PJ",0,0,0,,0,0,,0,,,0,,,,,,,,0,0,"Stoły do pakietowania PAK","PAK",-203,-197,"STANDARD",," V0899","PL-MF-000009262","Zakład Techniki Medycznej ""Tech-Med"" Sp. z o.o.",-11,"{
  ""texts"" : [ {
    ""language"" : {
      ""isoCode"" : ""pl"",
      ""name"" : ""Polish""
    },
    ""text"" : ""Zakład Techniki Medycznej \""Tech-Med\"" Sp. z o.o."",
    ""allLanguagesApplicable"" : null
  } ]
}",,-1306,,,,,"05904126020643",,,
897941,"01JRZ03JX090GWYCARZ185A135","f8d9eb2e-5f87-465c-85f2-954bfc0197e6","Tonic London","JPC3635UM",-13,1,0,0,0,0,0,0,,1,"05061073670045","506107367JPC36JSLING75","7d8fc803-a6de-4409-937a-e925f941a262","01JRFKWWGXWWFHHX6P5QD5XX3H",0,0,0,,0,0,,0,,,0,,,,,,,,0,0,"Jersey Sling, Recycled Plastic Hardware","JPC3643US",-203,-197,"STANDARD",," V9099","UK-MF-000047136","Tonic London Ltd.",-11,"{
  ""texts"" : [ {
    ""language"" : {
      ""isoCode"" : ""en"",
      ""name"" : ""English""
    },
    ""text"" : ""Tonic London Ltd."",
    ""allLanguagesApplicable"" : false
  } ]
}",,-1306,"European Healthcare & Device Solutions Ltd.","IE-AR-000003999","{
  ""texts"" : [ {
    ""language"" : {
      ""isoCode"" : ""en"",
      ""name"" : ""English""
    },
    ""text"" : ""European Healthcare & Device Solutions Ltd."",
    ""allLanguagesApplicable"" : null
  } ]
}",,,,,
1054460,"01K0QSQXTRSMKFZ5EPRCRX4J51","2df63dc2-2a0f-4267-b86b-2df22cd59c45","Dental Lithium Disilicate Glass Ceramic Block (CAD/CAM)","/",-108,1,0,0,0,0,0,0,,1,"06941382256088","694138229981J3","9a33bc3e-536a-44e3-92f1-b3d19d07e001","01G9XFGZDAAF40QD74SXPDQP09",0,0,0,,0,0,,0,,,0,,,,,,,,0,0,"Dental Lithium Disilicate Glass Ceramics","Dental Lithium Disilicate Glass Ceramic Block(CAD/CAM)",-204,-197,"STANDARD",," Q01010199","CN-MF-000013088","Liaoning Upcera Co Ltd",-11,"{
  ""texts"" : [ {
    ""language"" : {
      ""isoCode"" : ""en"",
      ""name"" : ""English""
    },
    ""text"" : ""Liaoning Upcera Co Ltd"",
    ""allLanguagesApplicable"" : null
  } ]
}","{
  ""texts"" : [ {
    ""language"" : {
      ""isoCode"" : ""en"",
      ""name"" : ""English""
    },
    ""text"" : ""Upcera"",
    ""allLanguagesApplicable"" : null
  } ]
}",-1306,"MedNet EC-REP GmbH","DE-AR-000000002","{
  ""texts"" : [ {
    ""language"" : {
      ""isoCode"" : ""en"",
      ""name"" : ""English""
    },
    ""text"" : ""MedNet EC-REP GmbH"",
    ""allLanguagesApplicable"" : null
  } ]
}",,"06941382256088",,,
4099887,"01M0G89ZCA479ADGDWF3DNVKRR","af822b8f-b2c1-4a34-b687-ad47e2543698","TI FORM NARROW CM11.5° UNITITE 2MM","TCMUS 02",-180,1,0,0,0,0,1,0,,1,"07899995244420","999520000005JQ","51133bc2-80dd-4139-8e0f-bb5379a30bcd","01M0B6ABJSK6BAEB2CAQW5ZA7A",0,0,0,,0,1,,0,,,0,,,,,,,1,0,0,"MINI-ABUTMENT | MICRO MINI-ABUTMENT | ANGLED MINI-ABUTMENTS | CONICAL ABUTMENT | MULTIFUNCTIONAL ABUTMENT | CEMENTED ABUTMENT | ANGLED CEMENTED ABUTMENT | ABUTMENT INTERFACE | ABUTMENT INTERFACE (Prosthetic Intermediate)","STERILE COMPONENTS ABUTMENT",-205,-197,"STANDARD",," P01020101","BR-MF-000019848","S.I.N. Implant System Ltda.",-11,"{
  ""texts"" : [ {
    ""language"" : {
      ""isoCode"" : ""pt"",
      ""name"" : ""Portuguese""
    },
    ""text"" : ""S.I.N. Implant System Ltda."",
    ""allLanguagesApplicable"" : false
  } ]
}","{
  ""texts"" : [ {
    ""language"" : {
      ""isoCode"" : ""pt"",
      ""name"" : ""Portuguese""
    },
    ""text"" : ""S.I.N. Implant System Ltda."",
    ""allLanguagesApplicable"" : false
  } ]
}",-1306,"Biohorizons Camlog Portugal, Unipessoal, Lda.","PT-AR-000052515","{
  ""texts"" : [ {
    ""language"" : {
      ""isoCode"" : ""pt"",
      ""name"" : ""Portuguese""
    },
    ""text"" : ""Biohorizons Camlog Portugal, Unipessoal, Lda."",
    ""allLanguagesApplicable"" : false
  } ],
  ""textByDefaultLanguage"" : null
}",,,,,
4681506,"01M39KMF57VY2RFPVHT5K4D6B5","6914ee15-7c4a-4e74-aa70-228cb83fd4dc","ALSEE","ALSEE FOURIER PRELOADED",-56,1,0,0,0,0,1,0,,1,"04052622163386","B-04052622163386","b8ace1c8-52f4-43d1-99c4-bb1a6edbba17","01M39KMF4NNG9PMQ2BFJXGYMNV",0,0,0,,0,1,,0,,,0,,,,,,,,0,0,"ALSEE FOURIER PRELOADED",,-205,-53,"LEGACY",," P030102100201","DE-MF-000037169","Alsanza Medizintechnik und Pharma GmbH",-11,"{
  ""texts"" : [ {
    ""language"" : {
      ""isoCode"" : ""en"",
      ""name"" : ""English""
    },
    ""text"" : ""Alsanza Medizintechnik und Pharma GmbH"",
    ""allLanguagesApplicable"" : false
  } ],
  ""textByDefaultLanguage"" : ""Alsanza Medizintechnik und Pharma GmbH""
}",,-1306,,,,,,,,
1141057,"01K3JH306V0B39DFC1VBH17W7T","80ac2fc2-1925-42cf-b503-84be3dfc6eaa","DJ Ureteral Stent, One End Close, Hydrophilic","GDJ722-HOEC",-245,1,0,0,0,0,1,0,,1,"08683255233854","869915834DJ69","35aba450-a89e-4715-bee7-f509d8b26d82","01K3G4KV86QX584BXPCCF5DG14",0,0,0,,0,0,,0,,,0,,,,,,,,0,0,"Ureteral Stent","Ureteral Stent",-204,-197,"STANDARD",," U020302","TR-MF-000026388","GEOTEK MEDIKAL VE SAGLIK HIZMETLERI TIC.SAN.LTD.STI",-11,"{
  ""texts"" : [ {
    ""language"" : {
      ""isoCode"" : ""en"",
      ""name"" : ""English""
    },
    ""text"" : ""GEOTEK MEDIKAL VE SAGLIK HIZMETLERI TIC.SAN.LTD.STI"",
    ""allLanguagesApplicable"" : false
  } ],
  ""textByDefaultLanguage"" : ""GEOTEK MEDIKAL VE SAGLIK HIZMETLERI TIC.SAN.LTD.STI""
}","{
  ""texts"" : [ {
    ""language"" : {
      ""isoCode"" : ""en"",
      ""name"" : ""English""
    },
    ""text"" : ""GEOTEK MEDIKAL LTD STI"",
    ""allLanguagesApplicable"" : false
  } ],
  ""textByDefaultLanguage"" : ""GEOTEK MEDIKAL LTD STI""
}",-1306,,,,,,,,
1064751,"01K1AB0QA98T12XAH0DEJY0XKH","9168f38b-043d-4524-bf5c-a2b9cca8ab93","Neofuser Plus","M4030W",-56,1,,,0,0,1,1,,1,"08800027706358","B-08800027706358","9774ae0e-93de-4415-bd44-d63eb2997615","01K1AB0Q85TD5WHBS41QCVNWXX",1,1,0,,0,0,,0,,,0,,,,,,,,0,0,"Single Use Infusion Pump","M4030W",-205,-53,"LEGACY",," A05010102","KR-MF-000017308","S&S Med Co.,Ltd.",-11,"{
  ""texts"" : [ {
    ""language"" : {
      ""isoCode"" : ""en"",
      ""name"" : ""English""
    },
    ""text"" : ""S&S Med Co.,Ltd."",
    ""allLanguagesApplicable"" : null
  } ]
}","{
  ""texts"" : [ {
    ""language"" : {
      ""isoCode"" : ""en"",
      ""name"" : ""English""
    },
    ""text"" : ""S&S Med"",
    ""allLanguagesApplicable"" : null
  } ]
}",-1306,"Easy Medical Device CommV","BE-AR-000011902","{
  ""texts"" : [ {
    ""language"" : null,
    ""text"" : ""Easy Medical Device CommV"",
    ""allLanguagesApplicable"" : true
  } ],
  ""textByDefaultLanguage"" : null
}",,,,,
3463361,"01KWYAJ9CCX1WFMBPXMWNA2R0B","1b5a6b7b-37f9-4b2d-ba25-c603c8bdacfc",,"112-050-1120S",-56,1,0,0,0,0,1,1,,1,"04250869648950","B-04250869648950","3837932b-8139-4989-ac0d-157c3c1f8e45","01KWYAJ9C14ZVSD4XP2D5H43NJ",0,0,0,,0,1,,0,,,0,,,,,,,,0,0,"112-050-1120S","MOSS Family",-205,-53,"LEGACY",," P09070302","DE-MF-000005455","Biedermann Motech GmbH & Co. KG",-11,"{
  ""texts"" : [ {
    ""language"" : {
      ""isoCode"" : ""de"",
      ""name"" : ""German""
    },
    ""text"" : ""Biedermann Motech GmbH & Co. KG"",
    ""allLanguagesApplicable"" : null
  } ],
  ""textByDefaultLanguage"" : null
}","{
  ""texts"" : [ {
    ""language"" : {
      ""isoCode"" : ""de"",
      ""name"" : ""German""
    },
    ""text"" : ""BM"",
    ""allLanguagesApplicable"" : null
  } ],
  ""textByDefaultLanguage"" : null
}",-1306,,,,,,,,
2135651,"01KQ9G3JAYP9WS5FV677R1S1V0","f8cc8db6-4b2b-4402-9527-bbbe0ee13fcc","ECG Cable and Leadwires","EA417C5I",-56,1,0,0,0,0,0,0,,1,"06944414066563","69444140001SE","fed8df81-ef3f-4349-beb5-71e36f073684","01HWPZHXX1PSNY3QF8MCB5BAQF",1,0,0,,0,0,,0,,,0,,,,,,,,0,0,"ECG Cable and Leadwires","ECD040F3I",-203,-197,"STANDARD",," V9099","CN-MF-000011145","Shenzhen Med-link Electronics Tech Co., Ltd. ",-11,"{
  ""texts"" : [ {
    ""language"" : {
      ""isoCode"" : ""en"",
      ""name"" : ""English""
    },
    ""text"" : ""Shenzhen Med-link Electronics Tech Co., Ltd. "",
    ""allLanguagesApplicable"" : null
  } ]
}",,-1306,"Shanghai International Holding Corp. GmbH(Europe)","DE-AR-000000001","{
  ""texts"" : [ {
    ""language"" : {
      ""isoCode"" : ""de"",
      ""name"" : ""German""
    },
    ""text"" : ""Shanghai International Holding Corp. GmbH(Europe)"",
    ""allLanguagesApplicable"" : null
  } ]
}",,,,,
152005,"01GC6TXNTJSJ7MM52Z82HSZFWR","9a2f76eb-3076-4fd9-9829-f83e35b63a21","3006-2  85","3006-2   85",-67,1,0,0,0,0,0,0,,1,"08436048413120","843604841LIPOSUCTIONPN","411e0c89-2a7d-429d-a69f-df1cd42ade47","01G8TCSCWX0GA8YT456R15J3SJ",0,0,0,,0,0,,0,,,0,,,,,,,,0,0,"LIPOSUCTION GARMENTS","LIPOSUCTION GARMENTS",-203,-197,"STANDARD",," V9099","ES-MF-000013290","VOE , S.A",-11,"{
  ""texts"" : [ {
    ""language"" : {
      ""isoCode"" : ""es"",
      ""name"" : ""Spanish""
    },
    ""text"" : ""VOE , S.A"",
    ""allLanguagesApplicable"" : null
  } ]
}","{
  ""texts"" : [ {
    ""language"" : {
      ""isoCode"" : ""es"",
      ""name"" : ""Spanish""
    },
    ""text"" : ""VOE , S.A"",
    ""allLanguagesApplicable"" : null
  } ]
}",-1306,,,,,,,,
3539806,"01KXD1S363Y128WRVYXVYPT9VD","89fd1401-7e8d-4891-8ece-43bd36545a04","Height adjustable arm","A-431G-0.bl2_110",-56,1,0,0,0,0,0,0,,1,"04061162094739","40611628965651224A7","dd35b786-c506-4dcb-9bb3-6d54625724e7","01KR35PSV60S0WKJ6HJR9M0NDY",0,0,0,,0,0,,0,,,0,,,,,,,,0,0,"CIM Cable Integrated Mounting System",,-203,-197,"STANDARD",," V0880","DE-MF-000008317","CIM med GmbH",-11,"{
  ""texts"" : [ {
    ""language"" : {
      ""isoCode"" : ""en"",
      ""name"" : ""English""
    },
    ""text"" : ""CIM med GmbH"",
    ""allLanguagesApplicable"" : null
  } ]
}","{
  ""texts"" : [ {
    ""language"" : {
      ""isoCode"" : ""en"",
      ""name"" : ""English""
    },
    ""text"" : ""CIM med GmbH"",
    ""allLanguagesApplicable"" : null
  } ]
}",-1306,,,,,,,,
391824,"01HFFFG1EE7ZMHVYW2Y5FSGEXP","c2bf5ef0-9a86-4276-befd-393e251df8c0","Encore","ENC-PRI-S-2mm-R-BLK",-74,1,0,0,0,0,0,0,,1,"00840259505723","08402595E21PZ","9234c6fe-8ec2-4a85-aaca-bc6ec1146bd2","01HETTH1KEDXV69VS70NWSA6KS",0,0,0,,0,0,,0,,,0,,,,,,,,0,0,,"Encore Liners and Sleeves",-203,-197,"STANDARD",," Y062499","US-MF-000038601","Thermo-Ply, Inc.",-11,"{
  ""texts"" : [ {
    ""language"" : {
      ""isoCode"" : ""en"",
      ""name"" : ""English""
    },
    ""text"" : ""Thermo-Ply, Inc."",
    ""allLanguagesApplicable"" : false
  } ]
}",,-1306,"CEpartner4U","NL-AR-000000111","{
  ""texts"" : [ {
    ""language"" : {
      ""isoCode"" : ""nl"",
      ""name"" : ""Dutch""
    },
    ""text"" : ""CEpartner4U"",
    ""allLanguagesApplicable"" : null
  } ]
}",,,,,
1666864,"01KJAT5SWK6HJ4MPXAMXPZMHD0","101b1bcb-2565-4614-b20d-5e1179250d3c","VIPER","442948",-21,1,,,,,0,0,0,1,"00382904429485","038290HGAGGXEJZL","10f28964-f91e-4ca4-96c8-ad94a69faa97","01KJAT5SW51SA2QFEWRBGPFH0Z",,,0,0,0,,0,,0,0,,0,-47,0,,0,1,,,,"BD Viper LT system software",,-199,-198,"STANDARD",," W02050182","US-MF-000018910","Becton, Dickinson and Company",-11,"{
  ""texts"" : [ {
    ""language"" : {
      ""isoCode"" : ""en"",
      ""name"" : ""English""
    },
    ""text"" : ""Becton, Dickinson and Company"",
    ""allLanguagesApplicable"" : false
  } ],
  ""textByDefaultLanguage"" : ""Becton, Dickinson and Company""
}","{
  ""texts"" : [ {
    ""language"" : {
      ""isoCode"" : ""en"",
      ""name"" : ""English""
    },
    ""text"" : ""BD Sparks"",
    ""allLanguagesApplicable"" : false
  } ],
  ""textByDefaultLanguage"" : ""BD Sparks""
}",-1306,"Becton Dickinson Ireland Limited","IE-AR-000007610","{
  ""texts"" : [ {
    ""language"" : {
      ""isoCode"" : ""en"",
      ""name"" : ""English""
    },
    ""text"" : ""Becton Dickinson Ireland Limited"",
    ""allLanguagesApplicable"" : null
  } ]
}",,,,,
4369539,"01M23XTHJ129JMWXXW2RHPHFTA","29c5178d-8044-4746-9811-74d77e7a42fc","RETRACT-O-TAPE 18GX30.5CM THIN WALL","1001",-98,1,,,0,0,1,0,,1,"20634624010011","B-20634624010011","b3892db1-df4f-42fd-9346-e404d4c54c06","01M23XTHEBRH8JM9DEFA558ZT2",0,0,1,,0,0,,0,,,0,,,,,,,,0,0,"RETRACT-O-TAPE 18GX30.5CM THIN WALL","1001",-204,-53,"LEGACY",," C019009","US-MF-000008538","Quest Medical, Inc.",-11,"{
  ""texts"" : [ {
    ""language"" : {
      ""isoCode"" : ""en"",
      ""name"" : ""English""
    },
    ""text"" : ""Quest Medical, Inc."",
    ""allLanguagesApplicable"" : null
  } ]
}","{
  ""texts"" : [ {
    ""language"" : {
      ""isoCode"" : ""en"",
      ""name"" : ""English""
    },
    ""text"" : ""Quest Medical"",
    ""allLanguagesApplicable"" : null
  } ]
}",-1306,"Emergo Europe B.V.","NL-AR-000000116","{
  ""texts"" : [ {
    ""language"" : {
      ""isoCode"" : ""en"",
      ""name"" : ""English""
    },
    ""text"" : ""Emergo Europe B.V."",
    ""allLanguagesApplicable"" : null
  } ]
}",,,,,
34301,"01FSA8X4TYFHKVD4B99S277QA0","c2bcdca9-4917-4892-87c3-00c38f81172f","Torsion Cable, 1/4in, Left Ext, Right Int, 20.5in","400-1BLE-20.5",-100,1,0,0,0,0,0,0,,1,"00194545084387","194545400Q3","d0a7de8d-0acb-4f84-88a0-478198be962a","01FPZ9X9R8FSSVRQDG0ZS2B1J5",0,0,0,,0,0,,0,,,0,,,,,,,,0,0,"Torsions","400",-203,-197,"STANDARD",," Y0699","US-MF-000004002","Becker Orthopedic Appliance Company",-11,"{
  ""texts"" : [ {
    ""language"" : {
      ""isoCode"" : ""en"",
      ""name"" : ""English""
    },
    ""text"" : ""Becker Orthopedic Appliance Company"",
    ""allLanguagesApplicable"" : null
  } ],
  ""textByDefaultLanguage"" : ""Becker Orthopedic Appliance Company""
}",,-1306,"Medical Technology Promedt Consulting GmbH","DE-AR-000000085","{
  ""texts"" : [ {
    ""language"" : {
      ""isoCode"" : ""de"",
      ""name"" : ""German""
    },
    ""text"" : ""Medical Technology Promedt Consulting GmbH"",
    ""allLanguagesApplicable"" : null
  } ]
}",,,,,
1409505,"01KD3Z9G1QEVXH6N59G3BK58P0","4f4f3246-04a6-4ec2-a451-f04882694322","sound ST 7-R312","050-6422-U4",-56,1,0,0,0,0,0,0,,1,"07613389440898","07613389RICWJ","83c7eca0-47b9-4da7-818a-e4c0f9b9410e","01GM37YTGDRG1Y2F40N7Y8WYV3",1,0,0,,0,0,,0,,,0,,,,,,,,0,0,"Sonova RIC hearing aids","Sonova RIC hearing aids",-204,-197,"STANDARD",," Y2145060102","CH-MF-000015958","Sonova AG",-11,"{
  ""texts"" : [ {
    ""language"" : {
      ""isoCode"" : ""en"",
      ""name"" : ""English""
    },
    ""text"" : ""Sonova AG"",
    ""allLanguagesApplicable"" : false
  } ]
}",,-1306,"Sonova Deutschland GmbH","DE-AR-000006322","{
  ""texts"" : [ {
    ""language"" : {
      ""isoCode"" : ""de"",
      ""name"" : ""German""
    },
    ""text"" : ""Sonova Deutschland GmbH"",
    ""allLanguagesApplicable"" : false
  } ]
}",,,,,
2792143,"01KSKYQZDHE0H7A3B7TJE872W1","a85bfaa7-56ff-416c-94ec-fad77648cc4c",,"4910-NWRTK01",-162,1,0,0,0,0,0,0,,1,"16931918102474","69319181F042KZ","9524fc61-404a-4d48-9201-aaca75447f84","01FZHYX0PRTX6PD0G7PEMGSAAD",0,0,0,,0,0,,0,,,0,,,,,,,,0,0,"Room Turnover Kit",,-203,-197,"STANDARD",," V080399","CN-MF-000004203","GRI Medical & Electronic Technology Co., Ltd.",-11,"{
  ""texts"" : [ {
    ""language"" : {
      ""isoCode"" : ""en"",
      ""name"" : ""English""
    },
    ""text"" : ""GRI Medical & Electronic Technology Co., Ltd."",
    ""allLanguagesApplicable"" : null
  } ]
}","{
  ""texts"" : [ {
    ""language"" : {
      ""isoCode"" : ""en"",
      ""name"" : ""English""
    },
    ""text"" : ""GRI-METC"",
    ""allLanguagesApplicable"" : null
  } ]
}",-1306,"Emergo Europe B.V.","NL-AR-000000116","{
  ""texts"" : [ {
    ""language"" : {
      ""isoCode"" : ""en"",
      ""name"" : ""English""
    },
    ""text"" : ""Emergo Europe B.V."",
    ""allLanguagesApplicable"" : null
  } ]
}",,,,,
2646954,"01HRYD52X80VC81HGMWTHH33DH","2a2ae8d0-cc84-47d8-820a-a1ae78cb2de1","Jimmy","3060.302",-74,1,0,0,0,0,0,0,,4,"07630318406107","76303184POSYZ","68316cf8-7cbe-40f6-bf73-4620e7feed0b","01HNJH5MGW0FEB6ZN5E3AHJPSB",0,0,0,,0,0,,0,,,0,,,,,,,,0,0,"Positionierungshilfen",,-203,-197,"STANDARD",," V080302","CH-MF-000037383","OBA AG",-11,"{
  ""texts"" : [ {
    ""language"" : {
      ""isoCode"" : ""de"",
      ""name"" : ""German""
    },
    ""text"" : ""OBA AG"",
    ""allLanguagesApplicable"" : false
  } ]
}",,-1306,"ANNIE BAUER CONFORT","FR-AR-000037165","{
  ""texts"" : [ {
    ""language"" : {
      ""isoCode"" : ""fr"",
      ""name"" : ""French""
    },
    ""text"" : ""ANNIE BAUER CONFORT"",
    ""allLanguagesApplicable"" : false
  } ]
}",,"07630318406107",,,
1788619,"01KM33B4M1T6SA73G2MQQYS6WR","ec4a364c-caae-45af-8158-9379b2f52d82","Axiom","PXP1311PURIC",-192,1,0,0,0,0,0,0,,1,"00840363373591","08403633SEATINGK7","4a636c05-6039-4616-812d-422376e16627","01K36BYG9X76Y827J6EFJ2ZZMK",0,0,0,,0,0,,0,,,0,,,,,,,,0,0,,"Seating",-203,-197,"STANDARD",," V080399","US-MF-000012633","Ki Mobility LLC",-11,"{
  ""texts"" : [ {
    ""language"" : {
      ""isoCode"" : ""en"",
      ""name"" : ""English""
    },
    ""text"" : ""Ki Mobility LLC"",
    ""allLanguagesApplicable"" : null
  } ]
}","{
  ""texts"" : [ {
    ""language"" : {
      ""isoCode"" : ""en"",
      ""name"" : ""English""
    },
    ""text"" : ""Ki Mobility"",
    ""allLanguagesApplicable"" : null
  } ]
}",-1306,"Etac Supply Center AB","SE-AR-000001601","{
  ""texts"" : [ {
    ""language"" : {
      ""isoCode"" : ""sv"",
      ""name"" : ""Swedish""
    },
    ""text"" : ""Etac Supply Center AB"",
    ""allLanguagesApplicable"" : null
  } ]
}",,,,,
2217056,"01KQVMQAEZ6HGNW3VF5BTMM26T","f836846c-e62c-420e-8326-44ad59937e56","Dental Root-Canal Instruments","MG3 GOLD(Ⅰ),20/.10、20/.04、25/.06、35/.04、16/.02、19/.02",-56,1,0,0,0,0,0,1,,1,"06959074222938","69590742NiTiRotaryVR","ed0f86e7-d9fb-4faf-8a25-a507e1f81b82","01KPAR0P1VYVHJBG8MC60H834G",0,0,0,,0,0,,0,,,0,,,,,,,,0,0,"Dental Root-Canal Instruments","EX-GOLD，TG6，EX-BLUE，EX，ET，RC，机用MTF，NXT(MTF PLUS)，TF4 GOLD，PX-ONE，GPH，etc.",-204,-197,"STANDARD",," Q010507","CN-MF-000025529","Shenzhen Perfect Medical Instruments Co., Ltd.",-11,"{
  ""texts"" : [ {
    ""language"" : {
      ""isoCode"" : ""en"",
      ""name"" : ""English""
    },
    ""text"" : ""Shenzhen Perfect Medical Instruments Co., Ltd."",
    ""allLanguagesApplicable"" : false
  } ],
  ""textByDefaultLanguage"" : ""Shenzhen Perfect Medical Instruments Co., Ltd.""
}",,-1306,"SUNGO Europe B.V.","NL-AR-000000247","{
  ""texts"" : [ {
    ""language"" : {
      ""isoCode"" : ""nl"",
      ""name"" : ""Dutch""
    },
    ""text"" : ""SUNGO Europe B.V."",
    ""allLanguagesApplicable"" : null
  } ]
}",,,,,
3656053,"01KXZP4MSSXH0E40V0HBNVAD0P","f0bbbf42-60e3-46dc-a9cf-1d38f96c9e76",,"02-2815-42",-56,1,0,0,0,0,0,1,,1,"04061644053674","4061644PG01040223","0b3f4dad-55ee-4e53-9ad4-50923803f6be","01KX0P4KM82XN3S9EVZMR9J3BE",0,0,0,,0,0,,0,,,1,,,,,,,,0,0,"Osteotomes",,-203,-197,"STANDARD",," L150101","DE-MF-000005568","devemed GmbH",-11,"{
  ""texts"" : [ {
    ""language"" : {
      ""isoCode"" : ""de"",
      ""name"" : ""German""
    },
    ""text"" : ""devemed GmbH"",
    ""allLanguagesApplicable"" : null
  } ]
}","{
  ""texts"" : [ {
    ""language"" : {
      ""isoCode"" : ""de"",
      ""name"" : ""German""
    },
    ""text"" : ""devemed"",
    ""allLanguagesApplicable"" : null
  } ]
}",-1306,,,,,"04061644053674",,,
3020645,"01KT3JQFG362TK0WX4G5CFSN4B","a5a8da4e-ceb6-404e-b785-458e4fc4b375","DOUBLE MEDI FORM SD RIV. BIOCERAMICA MIMOSA TRAPUNTATO 165X190","FDMb060Sr06816519023",-108,1,0,0,0,0,0,0,,2,"08058756046331","805894649SCHIUMUY","a47ab5f8-ae60-4ca1-ae35-31f35278f869","01KT12VWCVCD1ZMYRQ9S7KNC5P",0,0,0,,0,0,,0,,,0,,,,,,,,0,0,"Materassi Schiumato",,-203,-197,"STANDARD",," V0899","IT-MF-000042416","Frassiflex Srl",-11,"{
  ""texts"" : [ {
    ""language"" : {
      ""isoCode"" : ""it"",
      ""name"" : ""Italian""
    },
    ""text"" : ""Frassiflex Srl"",
    ""allLanguagesApplicable"" : false
  } ]
}","{
  ""texts"" : [ {
    ""language"" : {
      ""isoCode"" : ""it"",
      ""name"" : ""Italian""
    },
    ""text"" : ""Frassiflex"",
    ""allLanguagesApplicable"" : false
  } ]
}",-1306,,,,,,,,
4434123,"01M2J5ZMSFEYR9SBX76BADQM4V","c86931f9-de07-42c8-a169-f3db31bc5dde","Universal Fixation","11-04005",-56,1,0,0,0,0,1,0,,1,"07613327284645","08858251006550TN","4a8fc1b4-23a0-4056-a88c-c56b8e15e66d","01M2J3KBSHZV9FN6RARCRJ8T0Z",0,0,0,,0,1,,0,,,0,,,,,,,1,0,0,"Universal Orbital Floor Plates","08858251006550TN",-205,-197,"STANDARD",," P900403","DE-MF-000005522","Stryker Leibinger GmbH & Co.KG",-11,"{
  ""texts"" : [ {
    ""language"" : {
      ""isoCode"" : ""de"",
      ""name"" : ""German""
    },
    ""text"" : ""Stryker Leibinger GmbH & Co.KG"",
    ""allLanguagesApplicable"" : null
  } ],
  ""textByDefaultLanguage"" : null
}","{
  ""texts"" : [ {
    ""language"" : {
      ""isoCode"" : ""de"",
      ""name"" : ""German""
    },
    ""text"" : ""Stryker Leibinger"",
    ""allLanguagesApplicable"" : null
  } ],
  ""textByDefaultLanguage"" : null
}",-1306,,,,,,,,
1126809,"01K30Y7NT44YSRJAB60S3CNQ4Q","5c889d21-9390-4e38-9c4b-7a2264a0aeed","AGAR LITTMAN (LITTMAN OXGALL AGAR BASE)","400115",-185,1,,,,,0,0,0,1,"05940540372630","594054037AGARLITTMAN123ZJ","daa35684-20f5-48ff-a011-4ae677a2b246","01K30Y4YY67S2W24D5QA5YHA6A",,,0,0,0,,0,,0,0,,0,,1,,0,1,,,,"AGAR LITTMAN (LITTMAN OXGALL AGAR BASE)",,-199,-198,"STANDARD",," W0104010101","RO-MF-000035897","Sanimed International Impex S.A.",-11,"{
  ""texts"" : [ {
    ""language"" : {
      ""isoCode"" : ""ro"",
      ""name"" : ""Romanian""
    },
    ""text"" : ""Sanimed International Impex S.A."",
    ""allLanguagesApplicable"" : false
  } ]
}","{
  ""texts"" : [ {
    ""language"" : {
      ""isoCode"" : ""ro"",
      ""name"" : ""Romanian""
    },
    ""text"" : ""SANIMED"",
    ""allLanguagesApplicable"" : false
  } ]
}",-1306,,,,,,,,
1393539,"01KCTKW38TXFYFRVV0H63W39E2","59f30650-d07b-44b8-a09f-0bad907d121f","needle cartridge","OB-NT1-001-N",-67,1,0,0,0,0,0,1,,1,"06976567870018","697656787OBN25","7f991477-0a6b-4564-aa4e-480818c4f549","01KCTKJG16QMC2AYG214SBPETQ",0,0,0,,0,0,,0,,,0,,,,-117,,,,0,0,"needle cartridge","OB-NT1,OB-NT2,OB-NT6,OB-NT10",-203,-197,"STANDARD",," Z12069099","CN-MF-000050259","Ostar Beauty Sci-Tech Co Ltd",-11,"{
  ""texts"" : [ {
    ""language"" : {
      ""isoCode"" : ""en"",
      ""name"" : ""English""
    },
    ""text"" : ""Ostar Beauty Sci-Tech Co Ltd"",
    ""allLanguagesApplicable"" : false
  } ]
}",,-1306,"RIOMAVIX SOCIEDAD LIMITADA","ES-AR-000001202","{
  ""texts"" : [ {
    ""language"" : {
      ""isoCode"" : ""es"",
      ""name"" : ""Spanish""
    },
    ""text"" : ""RIOMAVIX SOCIEDAD LIMITADA"",
    ""allLanguagesApplicable"" : false
  } ],
  ""textByDefaultLanguage"" : null
}",,,,"06976567870018,16976567870015",
2539960,"01KS279VAB1BXFR4RA5PA8T6RR","f01e236b-ee6f-4b33-897a-907b3781e076","Cleaning Brush for Endoscope","GM-CB-D1-13-30-600",-56,1,0,0,0,0,0,0,,1,"06936937789050","697189056ca7R","703d797a-14ec-450d-9bca-2cb1a354c4d5","01KS1JTCY23E13TJECY134MPQZ",0,0,0,,0,0,,0,,,0,,,,,,,,0,0,"Cleaning Brush for Endoscope","GM-CB-A1-0202-10-2300",-203,-197,"STANDARD",," V070101","CN-MF-000036496","Jiangsu Grit Medical Technology Co., Ltd.",-11,"{
  ""texts"" : [ {
    ""language"" : {
      ""isoCode"" : ""en"",
      ""name"" : ""English""
    },
    ""text"" : ""Jiangsu Grit Medical Technology Co., Ltd."",
    ""allLanguagesApplicable"" : false
  } ]
}",,-1306,"Shanghai International Holding Corp. GmbH(Europe)","DE-AR-000000001","{
  ""texts"" : [ {
    ""language"" : {
      ""isoCode"" : ""de"",
      ""name"" : ""German""
    },
    ""text"" : ""Shanghai International Holding Corp. GmbH(Europe)"",
    ""allLanguagesApplicable"" : null
  } ]
}",,,,,
3995611,"01KZX79PEPJYB0GGWGCEYR66KT","88270cd6-9607-4c6d-9abd-aa029ca7ed72",,"BUUC1609070",-195,1,0,0,0,0,1,1,,1,"08905516013570","890551613T2","da5198af-5936-4dec-bc47-e06a0fb95a26","01KYSNHMARW62NSWNVYKC42CHS",0,0,0,,0,0,,0,,,0,,,,,,,,0,0,"Ureteral Catheter",,-204,-197,"STANDARD",," U020199","IN-MF-000013050","Biorad Medisys Pvt Ltd",-11,"{
  ""texts"" : [ {
    ""language"" : {
      ""isoCode"" : ""en"",
      ""name"" : ""English""
    },
    ""text"" : ""Biorad Medisys Pvt Ltd"",
    ""allLanguagesApplicable"" : null
  } ]
}","{
  ""texts"" : [ {
    ""language"" : {
      ""isoCode"" : ""en"",
      ""name"" : ""English""
    },
    ""text"" : ""BRP"",
    ""allLanguagesApplicable"" : null
  } ]
}",-1306,"CMC Medical Devices & Drugs SL","ES-AR-000000293","{
  ""texts"" : [ {
    ""language"" : {
      ""isoCode"" : ""es"",
      ""name"" : ""Spanish""
    },
    ""text"" : ""CMC Medical Devices & Drugs SL"",
    ""allLanguagesApplicable"" : null
  } ]
}",,,,,
817449,"01JJBRKRNREPQP2JQ6DPW774FF","f925fb34-f1de-47cd-bf95-2fd17eb5d478","Bia sandyblonde rooted","59982",-56,1,0,0,0,0,0,0,,1,"04048924599824","404892406196e1l2l3e4n5HA","b0baaa77-8a27-4bec-bbb7-ef1ef5dda432","01GBW9FVWBQV69WF6EXAYB9WQR",0,0,0,,0,0,,0,,,0,,,,,,,,0,0,"medical wigs (synthetic hair)",,-203,-197,"STANDARD",," Y063099","DE-MF-000013029","ellen wille THE HAIR-COMPANY GmbH",-11,"{
  ""texts"" : [ {
    ""language"" : {
      ""isoCode"" : ""de"",
      ""name"" : ""German""
    },
    ""text"" : ""ellen wille THE HAIR-COMPANY GmbH"",
    ""allLanguagesApplicable"" : null
  } ],
  ""textByDefaultLanguage"" : null
}",,-1306,,,,,,,,
1277018,"01K9SBRT9F79NQVBXZX1EBJWD2","c5825879-1ac5-4334-9dd2-97ea096c4e7a","Nova","VRX/CAT/01/Rev00",-13,1,0,0,0,0,0,0,,1,"08904443070502","89044430VRX.OPTHA.LENSP4","bfa8b13c-77d6-4a86-bb2e-21e0072bc7a6","01K7V8E35J8PRY20GQBT6W771G",0,0,0,,0,0,,0,,,0,,,,-117,,,,0,0,"Nova Organic / Mineral (Single Vision / Bifocal / PAL)","Nova Ophthalmic Lenses",-203,-197,"STANDARD",," Q0210010103","IN-MF-000026573","Vision Rx Lab Private Limited",-11,"{
  ""texts"" : [ {
    ""language"" : {
      ""isoCode"" : ""en"",
      ""name"" : ""English""
    },
    ""text"" : ""Vision Rx Lab Private Limited"",
    ""allLanguagesApplicable"" : false
  } ]
}","{
  ""texts"" : [ {
    ""language"" : {
      ""isoCode"" : ""en"",
      ""name"" : ""English""
    },
    ""text"" : ""VRX "",
    ""allLanguagesApplicable"" : false
  } ]
}",-1306,"Obelis s.a.","BE-AR-000000106","{
  ""texts"" : [ {
    ""language"" : {
      ""isoCode"" : ""en"",
      ""name"" : ""English""
    },
    ""text"" : ""Obelis s.a."",
    ""allLanguagesApplicable"" : null
  } ],
  ""textByDefaultLanguage"" : ""Obelis s.a.""
}",,,,,
3749808,"01KYJ9K4AHWEC3QPD4KTBHH8ZG","6fe5597c-4686-46ac-b8e3-295e765743f3",,"ETPIO130C",-67,1,0,0,0,0,1,0,,1,"00197923377347","B-00197923377347","5537d5bc-e1d0-47ce-a4bb-c90a88f56e4d","01KYJ9K4A8J5Y2418EMCNZH406",0,0,0,,0,1,,0,,,0,,,,,,,,0,0,"Asqelio™ EDOF Toric Preloaded IOL Delivery System","ETPIO130C",-205,-53,"LEGACY",," P030102100301","US-MF-000021852","AST VisionCare Inc.",-11,"{
  ""texts"" : [ {
    ""language"" : {
      ""isoCode"" : ""en"",
      ""name"" : ""English""
    },
    ""text"" : ""AST VisionCare Inc."",
    ""allLanguagesApplicable"" : null
  } ]
}","{
  ""texts"" : [ {
    ""language"" : {
      ""isoCode"" : ""en"",
      ""name"" : ""English""
    },
    ""text"" : ""ASTVC"",
    ""allLanguagesApplicable"" : null
  } ]
}",-1306,"MDSS GmbH","DE-AR-000005430","{
  ""texts"" : [ {
    ""language"" : {
      ""isoCode"" : ""en"",
      ""name"" : ""English""
    },
    ""text"" : ""MDSS GmbH"",
    ""allLanguagesApplicable"" : null
  } ]
}",,,,,
1283414,"01K9Y5N6GXN18AFAD8MF07Y6C7","5534ac06-5bf9-4717-8052-dfc47963bad6","MANI REAMERS - 28mm #70","-",-56,1,0,0,0,0,0,1,,1,"04546951500641","B-04546951500641","cf7f9f4a-56e4-4fb3-933e-0df0fd857464","01K9Y5N6FR2EFKWJ9GMPQ4J4RA",0,0,0,,0,0,,0,,,1,,,,,,,,0,0,"MANI REAMERS",,-203,-53,"LEGACY",," L159004","JP-MF-000017860","MANI, INC.",-11,"{
  ""texts"" : [ {
    ""language"" : {
      ""isoCode"" : ""en"",
      ""name"" : ""English""
    },
    ""text"" : ""MANI, INC."",
    ""allLanguagesApplicable"" : null
  } ],
  ""textByDefaultLanguage"" : ""MANI, INC.""
}","{
  ""texts"" : [ {
    ""language"" : {
      ""isoCode"" : ""en"",
      ""name"" : ""English""
    },
    ""text"" : ""MANI"",
    ""allLanguagesApplicable"" : null
  } ],
  ""textByDefaultLanguage"" : ""MANI""
}",-1306,"Obelis s.a.","BE-AR-000000106","{
  ""texts"" : [ {
    ""language"" : {
      ""isoCode"" : ""en"",
      ""name"" : ""English""
    },
    ""text"" : ""Obelis s.a."",
    ""allLanguagesApplicable"" : null
  } ],
  ""textByDefaultLanguage"" : ""Obelis s.a.""
}",,,,,
536628,"01HTM3K2V60M6Y0ZYG47PE350B","c05b402e-a97f-4fb3-955f-0fd72e941c0e","star RF Electrode","18-15s15F",-74,1,0,0,0,0,1,0,,1,"08809306760739","880930676star_EVG","8f054c86-f5b8-49c5-9427-a390b34cac09","01HTBD2Q9QQN2JEG2JG4STC71G",1,0,0,,0,0,,0,,,0,,,,,,,,0,0,"star RF Electrode",,-205,-197,"STANDARD",," K0201010301","KR-MF-000008605","STARMED Co., Ltd.",-11,"{
  ""texts"" : [ {
    ""language"" : {
      ""isoCode"" : ""en"",
      ""name"" : ""English""
    },
    ""text"" : ""STARMED Co., Ltd."",
    ""allLanguagesApplicable"" : null
  } ],
  ""textByDefaultLanguage"" : ""STARMED Co., Ltd.""
}","{
  ""texts"" : [ {
    ""language"" : {
      ""isoCode"" : ""en"",
      ""name"" : ""English""
    },
    ""text"" : ""STARMED Co., Ltd."",
    ""allLanguagesApplicable"" : null
  } ],
  ""textByDefaultLanguage"" : ""STARMED Co., Ltd.""
}",-1306,"Emergo Europe B.V.","NL-AR-000000116","{
  ""texts"" : [ {
    ""language"" : {
      ""isoCode"" : ""en"",
      ""name"" : ""English""
    },
    ""text"" : ""Emergo Europe B.V."",
    ""allLanguagesApplicable"" : null
  } ]
}",,,,,
136939,"01G9S1BW1WSY53AC83SJMFWG0Y","165c74fd-4ebf-4417-9bc5-37ba7ed1448d","Wilma NC","FGNW300014",-96,1,,,0,0,1,0,,1,"08904118363342","B-08904118363342","ed1064f3-c1ee-4c5f-a933-c0690d9d4c93","01G9S1BW1BANQ5KEQQGHWN8EMF",0,0,0,,0,0,,0,,,0,,,,,,,,0,0,"Wilma NC","FGNW300014",-10,-53,"LEGACY",," C010401020101","IN-MF-000016582","Sahajanand Medical Technologies Limited",-11,"{
  ""texts"" : [ {
    ""language"" : {
      ""isoCode"" : ""en"",
      ""name"" : ""English""
    },
    ""text"" : ""Sahajanand Medical Technologies Limited"",
    ""allLanguagesApplicable"" : null
  } ]
}","{
  ""texts"" : [ {
    ""language"" : {
      ""isoCode"" : ""en"",
      ""name"" : ""English""
    },
    ""text"" : ""SMT"",
    ""allLanguagesApplicable"" : null
  } ]
}",-1306,"Obelis s.a.","BE-AR-000000106","{
  ""texts"" : [ {
    ""language"" : {
      ""isoCode"" : ""en"",
      ""name"" : ""English""
    },
    ""text"" : ""Obelis s.a."",
    ""allLanguagesApplicable"" : null
  } ],
  ""textByDefaultLanguage"" : ""Obelis s.a.""
}",,,,,
2541500,"01KS29A6DA6YJE9MMSBWGEYFD7","a72a8365-25c4-443d-9a5a-1273da8bfa78","Clip Appliers","EG-002-040",-56,1,0,0,0,0,0,1,,1,"04049203039116","40492030000002AZ","015be0b5-dd36-41a2-8863-a3b3cb0c8f33","01KS296E4EKBZ41Z5VTM9EPZ7A",0,0,0,,0,0,,0,,,1,,,,,,,,0,0,,"Clip Appliers",-203,-197,"STANDARD",," L1204","DE-MF-000005523","STEMA Medizintechnik GmbH",-11,"{
  ""texts"" : [ {
    ""language"" : {
      ""isoCode"" : ""de"",
      ""name"" : ""German""
    },
    ""text"" : ""STEMA Medizintechnik GmbH"",
    ""allLanguagesApplicable"" : null
  } ]
}","{
  ""texts"" : [ {
    ""language"" : {
      ""isoCode"" : ""de"",
      ""name"" : ""German""
    },
    ""text"" : ""STEMA"",
    ""allLanguagesApplicable"" : null
  } ]
}",-1306,,,,,"04049203039116",,,
2773308,"01KSK16P4QZEG870YV7CKSRK0Y","94bd1c64-509d-47fc-8b00-da24a323e7ce","SVR - Trial distal femoral aug., 3L/MED-10/4","308626",-55,1,0,0,0,0,0,1,,1,"08592602111670","859260200001EG","b54b1c70-e9b8-4576-ad1f-22083c797c98","01KSHT1MVNF83GQ14EP7C48MW9",0,0,0,,0,0,,0,,,1,,,,,,,,0,0,"Reusable surgical instruments",,-203,-197,"STANDARD",," L091199","CZ-MF-000000543","BEZNOSKA, s.r.o.",-11,"{
  ""texts"" : [ {
    ""language"" : {
      ""isoCode"" : ""cs"",
      ""name"" : ""Czech""
    },
    ""text"" : ""BEZNOSKA, s.r.o."",
    ""allLanguagesApplicable"" : null
  } ],
  ""textByDefaultLanguage"" : null
}",,-1306,,,,,,,,
2258280,"01KR157XMQCMP6JZBMCS0H6R2M","5047a327-a12a-4098-b7a2-2c58376a010f","Delphic","0776:G4:3MU",-100,1,0,0,0,0,0,0,,1,"05052674070716","5052674TEETH-CL1AZ","74ab0108-6f5d-44da-a4b5-d4235c582829","01KR14F8454PEWD1S9KG4JRN8P",0,0,0,,0,0,,0,,,0,,,,,,,,0,0,"Teeth","Acrylic Teeth",-203,-197,"STANDARD",," P01020180","GB-MF-000035008","Davis Schottlander & Davis Ltd",-11,"{
  ""texts"" : [ {
    ""language"" : {
      ""isoCode"" : ""en"",
      ""name"" : ""English""
    },
    ""text"" : ""Davis Schottlander & Davis Ltd"",
    ""allLanguagesApplicable"" : false
  } ]
}","{
  ""texts"" : [ {
    ""language"" : {
      ""isoCode"" : ""en"",
      ""name"" : ""English""
    },
    ""text"" : ""Schottlander"",
    ""allLanguagesApplicable"" : false
  } ]
}",-1306,"Schottlander (IRL) Ltd","IE-AR-000029625","{
  ""texts"" : [ {
    ""language"" : {
      ""isoCode"" : ""en"",
      ""name"" : ""English""
    },
    ""text"" : ""Schottlander (IRL) Ltd"",
    ""allLanguagesApplicable"" : false
  } ]
}",,,,,
2141270,"01KQ9SSQMWA89TVN1XGY5H0XD9","0870e5c4-26aa-4b91-bdea-8c8ce01391ca","Monoaxial Reduction Screw(Dual)","F15AB-PA00611",-56,1,,,0,0,0,1,,1,"06942512060773","B-06942512060773","d1533941-f5eb-443d-8c37-eb30a370f3a1","01KQ9SSQKNSMRFB09YC8Q62Z26",0,0,0,,0,1,,0,,,0,,,,,,,,0,0,"Non-sterile Spinal Internal Fixation Systems",,-205,-53,"LEGACY",," P09070302","CN-MF-000032692","WUHAN MINDRAY SCIENTIFIC CO., LTD.",-11,"{
  ""texts"" : [ {
    ""language"" : {
      ""isoCode"" : ""en"",
      ""name"" : ""English""
    },
    ""text"" : ""WUHAN MINDRAY SCIENTIFIC CO., LTD."",
    ""allLanguagesApplicable"" : false
  } ]
}","{
  ""texts"" : [ {
    ""language"" : {
      ""isoCode"" : ""en"",
      ""name"" : ""English""
    },
    ""text"" : ""WUHAN MINDRAY SCIENTIFIC CO., LTD."",
    ""allLanguagesApplicable"" : false
  } ]
}",-1306,"Shanghai International Holding Corp. GmbH(Europe)","DE-AR-000000001","{
  ""texts"" : [ {
    ""language"" : {
      ""isoCode"" : ""de"",
      ""name"" : ""German""
    },
    ""text"" : ""Shanghai International Holding Corp. GmbH(Europe)"",
    ""allLanguagesApplicable"" : null
  } ]
}",,,,,
4382927,"01M25RAC0K3QJH7J3BV6FHSYNH","a4e5f536-da4d-47e6-9db7-6f287e5cf754","MULTIFUNCTIONAL HANDPIECE","M208-200",-245,1,,,0,0,0,1,,1,"08698917615534","B-08698917615534","21838848-2b7a-43c3-bbe8-a7600ed9952a","01M25RABZY7EJ1JNERP0HA44ZK",1,0,0,,0,0,,0,,,1,,,,-116,,,,0,0,"MULTIFUNCTIONAL HANDPIECE","M208-200",-204,-53,"LEGACY",," Z12130501","TR-MF-000024444","Aygün Cerrahi Aletler Sanayi ve Ticaret Anonim Şirketi",-11,"{
  ""texts"" : [ {
    ""language"" : {
      ""isoCode"" : ""tr"",
      ""name"" : ""Turkish""
    },
    ""text"" : ""Aygün Cerrahi Aletler Sanayi ve Ticaret Anonim Şirketi"",
    ""allLanguagesApplicable"" : false
  } ]
}","{
  ""texts"" : [ {
    ""language"" : {
      ""isoCode"" : ""tr"",
      ""name"" : ""Turkish""
    },
    ""text"" : ""Aygün"",
    ""allLanguagesApplicable"" : false
  } ]
}",-1306,,,,,,,,
1386878,"01KCRPRCQBF7S416R2NDEZMWNR","29133625-53c0-405c-9f6a-c7491bd87a19",,"2882N0033",-56,1,1,0,0,0,0,0,,1,"EFOR2882N00331","++EFOR080101FC","37209087-540f-48cd-89d3-a7b0f02e8bcd","01KCRFWHV28NFYW2ZKHHPPJSR5",0,0,0,,0,0,,0,,,0,,,,,,,,0,0,"Orthodontic bands",,-204,-197,"STANDARD",," Q010402","DE-MF-000006256","Bernhard Förster GmbH",-11,"{
  ""texts"" : [ {
    ""language"" : {
      ""isoCode"" : ""de"",
      ""name"" : ""German""
    },
    ""text"" : ""Bernhard Förster GmbH"",
    ""allLanguagesApplicable"" : null
  } ]
}","{
  ""texts"" : [ {
    ""language"" : {
      ""isoCode"" : ""de"",
      ""name"" : ""German""
    },
    ""text"" : ""Bernhard Förster"",
    ""allLanguagesApplicable"" : null
  } ]
}",-1306,,,,,,,,
535760,"01HTH889WV410FNJHD9Z7HSW24","057e80e5-e37e-4036-9870-54eca1a1e9bc","EYEVAN7285","156I-B 45 332800",-74,1,0,0,0,0,0,0,,1,"04571445037679","457144503RXMTLHE","76d695c2-53f6-4e2d-bede-460e3360f145","01HTGWXMGVKFSXSY6SHNC6XT1W",0,0,0,,0,0,,0,,,0,,,,,,,,0,0,"Metal spectacle frames without lenses ","Metal",-203,-197,"STANDARD",," Q02100201","JP-MF-000028437","EYEVAN Inc.",-11,"{
  ""texts"" : [ {
    ""language"" : {
      ""isoCode"" : ""en"",
      ""name"" : ""English""
    },
    ""text"" : ""EYEVAN Inc."",
    ""allLanguagesApplicable"" : false
  } ]
}",,-1306,"EYEVAN Europe","FR-AR-000025678","{
  ""texts"" : [ {
    ""language"" : {
      ""isoCode"" : ""fr"",
      ""name"" : ""French""
    },
    ""text"" : ""EYEVAN Europe"",
    ""allLanguagesApplicable"" : false
  } ]
}",,,,,
516774,"01HS5M288EZWQ8TCNRN9A7PQKA","f355e6e9-6fe7-4ccb-a4e6-6f073bee44a5","AYSAM","A100 03 050 4025",-245,1,,,0,0,0,1,,1,"08698823343187","B-08698823343187","cc55e09a-4440-4f06-8fa3-53fb85731091","01HS5M285T8SDD4SNCPJ16NB3P",0,0,0,,0,1,,0,,,0,,,,-116,,,,0,0,"STEINMAN PİN DELİCİ UÇLU (STEINMAN PIN TROCAR POINTED) 4,0 X 250 MM","A100 03 050 4025",-205,-53,"LEGACY",," P09120399","TR-MF-000017437","Aysam Ortopedi ve Tıbbi Aletler Sanayi ve Ticaret Limited Şirketi",-11,"{
  ""texts"" : [ {
    ""language"" : null,
    ""text"" : ""Aysam Ortopedi ve Tıbbi Aletler Sanayi ve Ticaret Limited Şirketi"",
    ""allLanguagesApplicable"" : true
  } ]
}","{
  ""texts"" : [ {
    ""language"" : null,
    ""text"" : ""Aysam Ortopedi"",
    ""allLanguagesApplicable"" : true
  } ]
}",-1306,,,,,,,,
4711183,"01M3C7GMDTN912TV6VRW962THP","bf4df623-d6c7-4ba6-a909-166a63c1ac2d","Lastofa","01534104241400",-56,1,0,0,0,0,0,0,,1,"04052727305520","4018839K019G","9a3a9ab3-d2ac-444c-92d4-76f226b5a6fa","01KTP84J98X84HQ0AE8RCSYQRD",0,0,0,,0,0,,0,,,0,,,,,,,,0,0,"Rundstrick","Rundstrick",-203,-197,"STANDARD",," M030405","DE-MF-000008470","Ofa Bamberg GmbH",-11,"{
  ""texts"" : [ {
    ""language"" : {
      ""isoCode"" : ""de"",
      ""name"" : ""German""
    },
    ""text"" : ""Ofa Bamberg GmbH"",
    ""allLanguagesApplicable"" : null
  } ]
}","{
  ""texts"" : [ {
    ""language"" : {
      ""isoCode"" : ""de"",
      ""name"" : ""German""
    },
    ""text"" : ""Ofa"",
    ""allLanguagesApplicable"" : null
  } ]
}",-1306,,,,,"04052727305520",,,
3491203,"01KX31201WXHMYY5V2VMHHMPNM","6fa29f09-daf0-4094-84cc-21fd563cd201",,"1544",-74,1,0,0,0,0,1,0,,1,"03665728015445","69415580adhesivedress2C3","354c36a1-c08a-4802-8d9e-6258f64b42ef","01JXYC5GKS0GTSNRM7BQZXRX5G",0,0,0,,0,0,,0,,,0,,,,,,,,0,0,"Sterile Adhesive Dressing","Fabric base material",-203,-197,"STANDARD",," M04010101","CN-MF-000007970","Allmed Medical Products Co.,Ltd",-11,"{
  ""texts"" : [ {
    ""language"" : {
      ""isoCode"" : ""en"",
      ""name"" : ""English""
    },
    ""text"" : ""Allmed Medical Products Co.,Ltd"",
    ""allLanguagesApplicable"" : null
  }, {
    ""language"" : null,
    ""text"" : ""奥美医疗用品股份有限公司"",
    ""allLanguagesApplicable"" : true
  } ]
}","{
  ""texts"" : [ {
    ""language"" : {
      ""isoCode"" : ""en"",
      ""name"" : ""English""
    },
    ""text"" : ""Allmed medical"",
    ""allLanguagesApplicable"" : null
  } ]
}",-1306,"Shanghai International Holding Corp. GmbH(Europe)","DE-AR-000000001","{
  ""texts"" : [ {
    ""language"" : {
      ""isoCode"" : ""de"",
      ""name"" : ""German""
    },
    ""text"" : ""Shanghai International Holding Corp. GmbH(Europe)"",
    ""allLanguagesApplicable"" : null
  } ]
}",,,,,
2841742,"01KNPE32RDCJF5EPD1B2DE23WX","6899659a-9ac9-4516-8160-56e3fdf77ee6","AirSeal","iAS8-dV",-21,1,0,0,0,0,1,0,,3,"10845854051399","B-10845854051399","105936e2-9934-452a-a92e-a507d5c0410a","01KNPE32QN01EJNKQ6BFZ9XX3F",0,0,0,,0,0,,0,,,0,,,,,,,,0,0,"Non-orthopedic, Non-active, Instrument, Guide/Access, AirSeal",,-204,-53,"LEGACY",," Z12029085","US-MF-000012663","Conmed Corporation",-11,"{
  ""texts"" : [ {
    ""language"" : {
      ""isoCode"" : ""en"",
      ""name"" : ""English""
    },
    ""text"" : ""Conmed Corporation"",
    ""allLanguagesApplicable"" : null
  } ]
}",,-1306,"MDSS GmbH","DE-AR-000005430","{
  ""texts"" : [ {
    ""language"" : {
      ""isoCode"" : ""en"",
      ""name"" : ""English""
    },
    ""text"" : ""MDSS GmbH"",
    ""allLanguagesApplicable"" : null
  } ]
}",,,,,
4279086,"01M1KMSP9B1XE0B3ZXM2H0397E","6f757d52-214a-414f-bba5-a2d6d312d856",,"SP4305_C3",-74,1,0,0,0,0,0,0,,1,"03701538174771","37015381CLASSIC-CERPLAZD","67f221e8-81ad-4836-ae65-bc5277045aba","01KJF4JBS955D7770SKVNZD55Z",0,0,0,,0,0,,0,,,0,,,,,,,,0,0,"Montures Cerclées en Plastique",,-203,-197,"STANDARD",," Q02100202","FR-MF-000050179","OCTIKA",-11,"{
  ""texts"" : [ {
    ""language"" : {
      ""isoCode"" : ""fr"",
      ""name"" : ""French""
    },
    ""text"" : ""OCTIKA"",
    ""allLanguagesApplicable"" : false
  } ]
}",,-1306,,,,,,,,
595458,"01HYGN6VJSH3G66R8ZDBYCW4JA","46d297d3-5b5a-4064-acbb-e2c51c06d9e3","Detector","ME-2257D",-98,1,,,,,0,0,0,1,"00811403015931","081140301ME2257DEF","a73a7101-da3c-4334-931a-88e10d6b31f5","01HYGN4W5SPQGWBRQ01136N7DB",,,0,0,0,,0,,0,0,,0,,0,,0,1,,,,"Sample Detector","ME-2257D",-199,-198,"STANDARD",," W05020180","US-MF-000035435","Diamond Diagnostics Inc",-11,"{
  ""texts"" : [ {
    ""language"" : {
      ""isoCode"" : ""en"",
      ""name"" : ""English""
    },
    ""text"" : ""Diamond Diagnostics Inc"",
    ""allLanguagesApplicable"" : false
  } ]
}",,-1306,"Diamond Diagnostics Inc. Magyarországi Fióktelepe","HU-AR-000034351","{
  ""texts"" : [ {
    ""language"" : {
      ""isoCode"" : ""hu"",
      ""name"" : ""Hungarian""
    },
    ""text"" : ""Diamond Diagnostics Inc. Magyarországi Fióktelepe"",
    ""allLanguagesApplicable"" : false
  }, {
    ""language"" : {
      ""isoCode"" : ""en"",
      ""name"" : ""English""
    },
    ""text"" : ""Diamond Diagnostics Inc. Hungary Branch Office"",
    ""allLanguagesApplicable"" : false
  } ]
}",,,,,
846472,"01JMC6FBGKXXTQ3A41ZCTAWKP6","bfc8cc35-abb7-41bc-aed4-bcb6fca54d70","Ostomy Bag","N/A",-13,1,0,0,0,0,0,0,,1,"06975380920030","6975380921120147","72436a1e-7a51-4bb7-b8fd-1d6ef94cdd26","01JMC4C3G5F33XZNK0MBMH564Z",0,0,0,,0,0,,0,,,0,,,,-116,,,,0,0,,"-",-203,-197,"STANDARD",," A060301","CN-MF-000041539","Ningbo Risenmed Technology Co.,Ltd.",-11,"{
  ""texts"" : [ {
    ""language"" : {
      ""isoCode"" : ""en"",
      ""name"" : ""English""
    },
    ""text"" : ""Ningbo Risenmed Technology Co.,Ltd."",
    ""allLanguagesApplicable"" : false
  } ]
}",,-1306,"RIOMAVIX SOCIEDAD LIMITADA","ES-AR-000001202","{
  ""texts"" : [ {
    ""language"" : {
      ""isoCode"" : ""es"",
      ""name"" : ""Spanish""
    },
    ""text"" : ""RIOMAVIX SOCIEDAD LIMITADA"",
    ""allLanguagesApplicable"" : false
  } ],
  ""textByDefaultLanguage"" : null
}",,,,,
3695221,"01KY58ZKS60E0VPTXF546VPDG8","7cf20466-05ff-4c1c-9b80-fb6ad0c96edd",,"V4HGSM33RH07",-108,1,0,0,0,0,0,1,,1,"08053876061653","8053876-01-003N5","fcd234f8-ea19-44ac-b288-70493cdbf165","01KY577BH7VSRJB9770SSA00GP",0,0,0,,0,1,,0,,,0,,,,,,,1,0,0,"V4 System - V4 Base","V4 System - V4 Base",-205,-197,"STANDARD",," Q010299","IT-MF-000008879","NEW ANCORVIS SRL",-11,"{
  ""texts"" : [ {
    ""language"" : {
      ""isoCode"" : ""it"",
      ""name"" : ""Italian""
    },
    ""text"" : ""NEW ANCORVIS SRL"",
    ""allLanguagesApplicable"" : null
  } ]
}","{
  ""texts"" : [ {
    ""language"" : {
      ""isoCode"" : ""it"",
      ""name"" : ""Italian""
    },
    ""text"" : ""NEW ANCORVIS SRL"",
    ""allLanguagesApplicable"" : null
  } ]
}",-1306,,,,,,,,
2515650,"01KS091YY3HWXN0GCQ41SGRRVE","f5139bf3-9701-42bd-a019-5d3838995cf0",,"30142HB",-56,1,0,0,0,0,0,1,,1,"04048551120453","4048551000421T8","a7102fc8-8b00-4aaa-a92a-89dec4013a0f","01KS035CSZ5YHMANVVAT43CTBK",0,0,0,,0,0,,0,,,0,,,,,,,,0,0,"Reducers, metal, plastics",,-203,-197,"STANDARD",," Z12020480","DE-MF-000005723","KARL STORZ SE & Co. KG",-11,"{
  ""texts"" : [ {
    ""language"" : null,
    ""text"" : ""KARL STORZ SE & Co. KG"",
    ""allLanguagesApplicable"" : true
  } ]
}",,-1306,,,,,,,,
4565821,"01M31BD8TAKNBMW1NGW24JKFYH","594b0452-a200-486a-8bab-c94c621f7e83","MINERVA","CNO30-02",-175,1,0,0,0,0,1,0,,1,"08800056520802","B-08800056520802","f0ab0bda-7ff8-47f4-af7f-c3141a058244","01M31BD8SRAA3J42MWBDGTVZZ5",0,0,0,,0,1,,0,,,0,,,,,,,,0,0,"Sterile Absorbable Polydioxanone Suture with Needle","CNO30-02",-10,-53,"LEGACY",," H010101010101","KR-MF-000042722","CNG CO., LTD.",-11,"{
  ""texts"" : [ {
    ""language"" : {
      ""isoCode"" : ""en"",
      ""name"" : ""English""
    },
    ""text"" : ""CNG CO., LTD."",
    ""allLanguagesApplicable"" : false
  } ]
}","{
  ""texts"" : [ {
    ""language"" : {
      ""isoCode"" : ""en"",
      ""name"" : ""English""
    },
    ""text"" : ""CNG"",
    ""allLanguagesApplicable"" : false
  } ]
}",-1306,"CMC Medical Devices & Drugs SL","ES-AR-000000293","{
  ""texts"" : [ {
    ""language"" : {
      ""isoCode"" : ""es"",
      ""name"" : ""Spanish""
    },
    ""text"" : ""CMC Medical Devices & Drugs SL"",
    ""allLanguagesApplicable"" : null
  } ]
}",,,,,
3207059,"01KV5XPP36N57T6PY66QY5VRM2","0ec8fb49-c4d7-48ae-8d28-2b853783109d",,"HP 100 S",-56,1,0,0,0,0,1,0,,1,"06221166000176","6221166PESSTHDXV","507429db-0147-4f3e-b6d5-9402a0faf162","01KV5XKD9FH94HBTCX5PPXSYBW",0,0,0,,0,0,,0,,,0,,,,,,,,0,0,"Polyethersulfone Hollow Fiber Hemodialyzers","HP 100 S HP 130 S HP 140 S HP 160 S HP 180 S HP 200 S HP 220 S HPM 100 S HPM 130 S  HPM 160 S HPM 180 S HPM 200 S HPM 220 S ",-205,-197,"STANDARD",," F01060103","EG-MF-000025747","Allmed Middle East",-11,"{
  ""texts"" : [ {
    ""language"" : {
      ""isoCode"" : ""en"",
      ""name"" : ""English""
    },
    ""text"" : ""Allmed Middle East"",
    ""allLanguagesApplicable"" : null
  } ]
}","{
  ""texts"" : [ {
    ""language"" : {
      ""isoCode"" : ""en"",
      ""name"" : ""English""
    },
    ""text"" : ""AME"",
    ""allLanguagesApplicable"" : null
  } ]
}",-1306,"Allmed Medical GmbH","DE-AR-000007830","{
  ""texts"" : [ {
    ""language"" : null,
    ""text"" : ""Allmed Medical GmbH"",
    ""allLanguagesApplicable"" : true
  } ],
  ""textByDefaultLanguage"" : null
}",,"06221166000176",,,
2403620,"01KRKTCVRBWKNPFHGNGQG15EG2","d687cd17-6589-4f11-b8c0-94740cd21ff5","Delta-Lite®Conformable","72266-00",-162,1,0,0,0,0,0,0,,1,"04042809158281","404280940035996AE","5c4de58c-c045-4b72-89e7-15cc929860a3","01KRKTAMGYQC2TNP2BV382J35R",0,0,0,,0,0,,0,,,0,,,,,,,,0,0,"DELTA LITE CONFORMABLE",,-203,-197,"STANDARD",," M03050202","US-MF-000019174","BSN Medical Inc.",-11,"{
  ""texts"" : [ {
    ""language"" : null,
    ""text"" : ""BSN Medical Inc."",
    ""allLanguagesApplicable"" : true
  } ]
}","{
  ""texts"" : [ {
    ""language"" : null,
    ""text"" : ""BSN Medical Inc. "",
    ""allLanguagesApplicable"" : true
  } ]
}",-1306,"BSN medical GmbH","DE-AR-000005791","{
  ""texts"" : [ {
    ""language"" : {
      ""isoCode"" : ""en"",
      ""name"" : ""English""
    },
    ""text"" : ""BSN medical GmbH"",
    ""allLanguagesApplicable"" : null
  } ]
}","04042809610079",,,,
3121320,"01KTMYRV025ST14AAF40RJ2Z4M","0d6f50e6-c1e1-413a-95e7-b9715daeb5f4","PANTHER Reloading Unit for Endo Linear Cutter Stapler","CADJ-30D",-67,1,0,0,0,0,1,0,,1,"06939282403886","69392824RUEndoLCS1020N4","96980fb2-c710-4c87-90d7-d8fb60f28620","01KTM63YP0YE57T28YDJEM0633",0,0,0,,0,0,,0,,,0,,,,,,,,0,0,"Reloading Unit for Endo Linear Cutter Stapler",,-205,-197,"STANDARD",," H020201010101,H02030106","CN-MF-000018084","B.J.ZH.F.Panther Medical Equipment Co., Ltd.",-11,"{
  ""texts"" : [ {
    ""language"" : {
      ""isoCode"" : ""en"",
      ""name"" : ""English""
    },
    ""text"" : ""B.J.ZH.F.Panther Medical Equipment Co., Ltd."",
    ""allLanguagesApplicable"" : false
  } ]
}","{
  ""texts"" : [ {
    ""language"" : {
      ""isoCode"" : ""en"",
      ""name"" : ""English""
    },
    ""text"" : ""Panther Healthcare"",
    ""allLanguagesApplicable"" : false
  } ]
}",-1306,"Obelis s.a.","BE-AR-000000106","{
  ""texts"" : [ {
    ""language"" : {
      ""isoCode"" : ""en"",
      ""name"" : ""English""
    },
    ""text"" : ""Obelis s.a."",
    ""allLanguagesApplicable"" : null
  } ],
  ""textByDefaultLanguage"" : ""Obelis s.a.""
}",,,,,
2614081,"01KS5GDXR4K4RT55H45WWV6WMH","d6fbc3cb-3bb0-431f-adc4-d61f6e473ae9",,"05993023072930",-98,1,0,0,0,0,1,0,,1,"05993023072930","599302677TA2C","9d83f0cf-6735-4a7b-a912-0a40d8c82af3","01KS5G8NZA92GDT412NNN22P3S",0,0,0,,0,1,,0,,,0,,,,,,,0,0,0,,"677TA",-205,-197,"STANDARD",," P030102090302","HU-MF-000024195","Medicontur Medical Engineering Ltd.",-11,"{
  ""texts"" : [ {
    ""language"" : {
      ""isoCode"" : ""en"",
      ""name"" : ""English""
    },
    ""text"" : ""Medicontur Medical Engineering Ltd."",
    ""allLanguagesApplicable"" : false
  }, {
    ""language"" : {
      ""isoCode"" : ""hu"",
      ""name"" : ""Hungarian""
    },
    ""text"" : ""Medicontur Zrt."",
    ""allLanguagesApplicable"" : false
  } ],
  ""textByDefaultLanguage"" : ""Medicontur Medical Engineering Ltd.""
}",,-1306,,,,,,,,
508225,"01HRPCMJT32MCCCPRAEB6H9YV9","8684c90d-9a73-4167-87f0-91f4ec2383fb","nCPAP Prong, #1 w/ Pressure Port Elbow","AN0011",-162,1,0,0,0,0,0,0,,1,"04710810119712","471081008NNGN95","2a5ebb0e-7ab6-4c5d-aec9-56361ed521cc","01HRP8SNG6PVBQVBRYNF1KMXSC",0,0,0,,0,0,,0,,,0,,,,,,,,0,0,"nCannula Kit","(G) Bubble CPAP System",-204,-197,"STANDARD",," R02010401","TW-MF-000022411","GaleMed Corporation",-11,"{
  ""texts"" : [ {
    ""language"" : {
      ""isoCode"" : ""en"",
      ""name"" : ""English""
    },
    ""text"" : ""GaleMed Corporation"",
    ""allLanguagesApplicable"" : false
  } ]
}","{
  ""texts"" : [ {
    ""language"" : {
      ""isoCode"" : ""en"",
      ""name"" : ""English""
    },
    ""text"" : ""GaleMed Corp."",
    ""allLanguagesApplicable"" : false
  } ]
}",-1306,"Emergo Europe B.V.","NL-AR-000000116","{
  ""texts"" : [ {
    ""language"" : {
      ""isoCode"" : ""en"",
      ""name"" : ""English""
    },
    ""text"" : ""Emergo Europe B.V."",
    ""allLanguagesApplicable"" : null
  } ]
}",,,,"04710810119712,64710810119714",
3629113,"01KXNNCS8Q20ZH3BPYTQEN9JT9","9f9a082e-9a76-452c-849a-eeeb5f6157db",,"CT4.5L90D-ST",-74,1,0,0,0,0,1,0,,1,"03700569659141","3700569600258Y","c6702bd6-9df1-4b20-a6fe-6196520c3d00","01KXK48M1XAN0D13H5C0BB1G25",0,0,0,,0,1,,0,,,0,,,,,,,1,0,0,"Screws associated to the plates Alians Proximal Humerus, Activmotion S and Xpert PFP",,-205,-197,"STANDARD",," P09120601","FR-MF-000011809","Newclip Technics SAS",-11,"{
  ""texts"" : [ {
    ""language"" : {
      ""isoCode"" : ""fr"",
      ""name"" : ""French""
    },
    ""text"" : ""Newclip Technics SAS"",
    ""allLanguagesApplicable"" : null
  } ]
}","{
  ""texts"" : [ {
    ""language"" : {
      ""isoCode"" : ""fr"",
      ""name"" : ""French""
    },
    ""text"" : ""Newclip Technics"",
    ""allLanguagesApplicable"" : null
  } ]
}",-1306,,,,,,,,
3437461,"01KWVCAQRF5A63RH9GZW75DKXZ","8150a619-f8c7-4c96-a093-88f851eefac3",,"E-061",-56,1,,,,,0,0,,1,"04099466106131","B-04099466106131","cbcf4a11-e933-4ab2-817c-25fdd38b112d","01KWVCAQQ4GSGYWXZG6A6DHH6Z",,,1,0,0,,1,,1,0,,0,,0,,0,1,,,,"Serazym® Norovirus",,-157,-55,"LEGACY",," W0105040616","DE-MF-000026029","Seramun Diagnostica GmbH",-11,"{
  ""texts"" : [ {
    ""language"" : {
      ""isoCode"" : ""de"",
      ""name"" : ""German""
    },
    ""text"" : ""Seramun Diagnostica GmbH"",
    ""allLanguagesApplicable"" : false
  } ]
}",,-1306,,,,,,,,
2846723,"01KSP2X2D53SXH85JEEDK15GTN","601c01c7-2598-44a2-a7bd-8a46e2e9a98e","e-Clean Fixture Short Mount Screw","DESWS",-67,1,0,0,0,0,0,1,,1,"08806169139672","88061691DENTIS-I7L","61f0c454-413d-420b-9192-f61b9bc0db95","01KSKZJT71QDQMMEA9QT6NHHYY",0,0,0,,0,0,,0,,,0,,,,,,,,0,0,"DENTIS Implant Surgical Instrument System","DENTIS Implant Surgical Instrument System",-203,-197,"STANDARD",," P01020180","KR-MF-000012523","DENTIS CO., LTD",-11,"{
  ""texts"" : [ {
    ""language"" : {
      ""isoCode"" : ""en"",
      ""name"" : ""English""
    },
    ""text"" : ""DENTIS CO., LTD"",
    ""allLanguagesApplicable"" : null
  } ]
}","{
  ""texts"" : [ {
    ""language"" : {
      ""isoCode"" : ""en"",
      ""name"" : ""English""
    },
    ""text"" : ""DENTIS"",
    ""allLanguagesApplicable"" : null
  } ]
}",-1306,"BEST FIT IMPLANTS S.A.","ES-AR-000048728","{
  ""texts"" : [ {
    ""language"" : {
      ""isoCode"" : ""es"",
      ""name"" : ""Spanish""
    },
    ""text"" : ""BEST FIT IMPLANTS S.A."",
    ""allLanguagesApplicable"" : false
  } ]
}",,,,,
2135616,"01KKBEZ2J538SEK55P995F3CFF","20946920-bf02-4231-82c5-a0f56a8597a4","SET PERFUSION (POLYVALENT)","9623_B",,1,,,,,1,0,,2,"03661379270196","3661379ASS15PER2ANY","177fc2fc-cd8c-4920-b6dc-2c1dfb9b2676","01JVS1S25P8065WMAGQD87660F",,,,,,,,,,,,,,,-541,,,,,,"Assemblage PERFUSION STE",,-204,-197,"SPP","Les assemblages de la gamme ‘Perfusion sont destinés à :
Être utilisés pour des injections lentes et progressives de solutés. Cela englobe la préparation des solutés, l'entretien et les soins des dispositifs en place :
• Préparer un système en vue d’une injection lente et prolongée d’un liquide nutritif ou d’une
solution médicamenteuse par voie intraveineuse.
• La préparation et l’administration de solutés par voie sous cutanée ou intra musculaires
• Débrancher le matériel en place, entretenir les voies d’accès.
• Le soin intercure des dispositifs en place
• La mise en place des éléments nécessaires au patient dans le cadre du soin de perfusion à domicile"," A030499","FR-PR-000007189","HEMODIA SAS",-11,"{
  ""texts"" : [ {
    ""language"" : {
      ""isoCode"" : ""fr"",
      ""name"" : ""French""
    },
    ""text"" : ""HEMODIA SAS"",
    ""allLanguagesApplicable"" : null
  } ]
}",,-1306,,,,,,,,
2434173,"01KRNVGXR9CQZXNXS4Z6S3QW9Q","9c9a5936-7995-4a19-bd1b-4b7e11ed57ff",,"3.3810.010S",-175,1,0,0,0,0,1,0,,1,"05908447512702","59084474NSP6.1SH","27c648c7-162f-473c-98c7-6a76878d1c30","01KRNS43XRYKVFPT875V5GC5JQ",0,0,0,,0,1,,0,,,0,,,,,,,1,0,0,"PŁYTKI DO TWARZOCZASZKI","CRANIOFACIAL PLATES",-205,-197,"STANDARD",," P09120599","PL-MF-000002121","ChM spółka z ograniczoną odpowiedzialnością",-11,"{
  ""texts"" : [ {
    ""language"" : {
      ""isoCode"" : ""pl"",
      ""name"" : ""Polish""
    },
    ""text"" : ""ChM spółka z ograniczoną odpowiedzialnością"",
    ""allLanguagesApplicable"" : null
  } ]
}","{
  ""texts"" : [ {
    ""language"" : {
      ""isoCode"" : ""pl"",
      ""name"" : ""Polish""
    },
    ""text"" : ""ChM sp. z o.o."",
    ""allLanguagesApplicable"" : null
  } ]
}",-1306,,,,,,,,
688597,"01J6VYDXEZ9T6EARXJGJ34PT33","4c01d300-782e-4dd0-82f6-fcfb50bf7ca5","Kaio-Dia","UA-ABA12L-314-M",-162,1,0,0,0,0,0,0,,1,"08994228035512","8994228UA-ABA12L8E","8b9e80c2-d83d-4200-91d0-a1b9a51d9569","01J6VA21KSCZXTH0FKMAMQ42A6",0,0,0,,0,0,,0,,,0,,,,,,,,0,0,"Dia-Band support armband","Lace blood glucose sensor and insulin patch pump support armband.",-203,-197,"STANDARD",," Z12040180","ID-MF-000037819","CV ANGRREK LIAR",-11,"{
  ""texts"" : [ {
    ""language"" : {
      ""isoCode"" : ""en"",
      ""name"" : ""English""
    },
    ""text"" : ""CV ANGRREK LIAR"",
    ""allLanguagesApplicable"" : false
  } ],
  ""textByDefaultLanguage"" : ""CV ANGRREK LIAR""
}",,-1306,"Kaio-Dia","FR-AR-000037267","{
  ""texts"" : [ {
    ""language"" : {
      ""isoCode"" : ""fr"",
      ""name"" : ""French""
    },
    ""text"" : ""Kaio-Dia"",
    ""allLanguagesApplicable"" : false
  } ]
}",,,,,
2072640,"01KPT8NNRM3W0GXQBRJD6TVX44","a8904f8c-86c4-45fd-85bc-bd866607e3ca","Rapid Surgery Cortical Drill 5.0mm GHH 3mm","RS_KB5.0/3",-56,1,0,0,0,0,0,1,,1,"EAGNRSKB5030","B-EAGNRSKB5030","15901465-9faa-489c-bd16-ea6c1e0b1e11","01KPT8NNR7GP1797AJC0KGXP89",0,0,0,,0,0,,0,,,1,,,,,,,,0,0,,"Rapid Surgery Cortical Drill 5.0mm GHH 3mm",-204,-53,"LEGACY",," Q010399","DE-MF-000012472","Argon Medical Productions & Vertriebs Gesellschaft mbH & Co. KG",-11,"{
  ""texts"" : [ {
    ""language"" : {
      ""isoCode"" : ""de"",
      ""name"" : ""German""
    },
    ""text"" : ""Argon Medical Productions & Vertriebs Gesellschaft mbH & Co. KG"",
    ""allLanguagesApplicable"" : null
  } ]
}","{
  ""texts"" : [ {
    ""language"" : {
      ""isoCode"" : ""de"",
      ""name"" : ""German""
    },
    ""text"" : ""Argon Medical"",
    ""allLanguagesApplicable"" : null
  } ]
}",-1306,,,,,,,,
2302199,"01KRAY7S3YFHMFDE54AYDAN1KN","78eccdb9-27e2-40c8-9df7-b75983e70227",,"GL-D-1824-1",-74,1,0,0,0,0,0,0,,1,"03701571302087","376027448LAVKQ","7a9ed7bf-06a5-46c4-8a23-d4adaca2bb47","01JXW340GT48MK9MXGD6HWP4EF",0,0,0,,0,0,,0,,,0,,,,,,,,0,0,"Cleaning brush",,-203,-197,"STANDARD",," V0702","FR-MF-000001375","LTA MEDICAL",-11,"{
  ""texts"" : [ {
    ""language"" : {
      ""isoCode"" : ""fr"",
      ""name"" : ""French""
    },
    ""text"" : ""LTA MEDICAL"",
    ""allLanguagesApplicable"" : null
  } ],
  ""textByDefaultLanguage"" : null
}","{
  ""texts"" : [ {
    ""language"" : {
      ""isoCode"" : ""fr"",
      ""name"" : ""French""
    },
    ""text"" : ""LTA MEDICAL"",
    ""allLanguagesApplicable"" : null
  } ],
  ""textByDefaultLanguage"" : null
}",-1306,,,,,,,,
2986711,"01KT3K47XPE9MW3BK545A870VW","e3897785-eb1d-44e0-a8f7-21286009722e","Intraoral Scanbody","OSTO041",-56,1,0,0,0,0,0,1,,1,"08809950318621","88000557ISBXH","c88e42f5-6883-443c-9620-da6889e79ac3","01KT3EVVGH0PBQR7PGVEBTRXBV",0,0,0,,0,0,,0,,,0,,,,,,,,0,0,"Intraoral Scanbody",,-203,-197,"STANDARD",," Q010207","KR-MF-000009313","ARUM DENTISTRY Co., Ltd.",-11,"{
  ""texts"" : [ {
    ""language"" : {
      ""isoCode"" : ""en"",
      ""name"" : ""English""
    },
    ""text"" : ""ARUM DENTISTRY Co., Ltd."",
    ""allLanguagesApplicable"" : null
  } ]
}",,-1306,"MedNet EC-REP IIb GmbH","DE-AR-000011192","{
  ""texts"" : [ {
    ""language"" : {
      ""isoCode"" : ""en"",
      ""name"" : ""English""
    },
    ""text"" : ""MedNet EC-REP IIb GmbH"",
    ""allLanguagesApplicable"" : null
  } ]
}",,,,,
2780025,"01KSK85CCACCQJQ67SYBM27NV6","6ddeb47e-ac8e-4cf1-86b2-b11003194a2b","Three-Lumen CVC","EU-12703-EN",,1,,,,,1,0,,1,"10801902176377","08019020000000000000042K8","7af02d78-f73e-4cb9-a390-5bc657227f7e","01KSJR5DZH2Y1Y0Y9N55FHK4BB",,,,,,,,,,,,,,,-541,,,,,,"Central Venous Catheter (CVC) Product",,-10,-197,"SPP","The Arrow catheter is indicated to permit short-term (< 30 day) central venous access for the treatment of diseases or conditions requiring central venous access, including, but not limited to the following: 
 Lack of usable peripheral IV sites
 Central venous pressure monitoring
 Total parenteral nutrition (TPN)
 Infusions of fluids, medications, or chemotherapy
Frequent blood sampling or receiving blood transfusions/blood products
Injection of contrast media
When used for pressure injection of contrast media, do not exceed the maximum indicated flow rate for each catheter lumen. The maximum pressure of power injector equipment used with the pressure injectable CVC may not exceed 400 psi."," C01020203","US-PR-000023158","Arrow International LLC (Subsidiary of Teleflex Incorporated)",-11,"{
  ""texts"" : [ {
    ""language"" : {
      ""isoCode"" : ""en"",
      ""name"" : ""English""
    },
    ""text"" : ""Arrow International LLC (Subsidiary of Teleflex Incorporated)"",
    ""allLanguagesApplicable"" : false
  } ]
}",,-1306,,,,,,,"10801902176377,20801902176374",
3630567,"01KXNWM4RMVA7Z2DP6APK0S43S","c283f405-2195-4e1f-be52-8b232f51f0ba","PT V PLUS  Roth 0.018 LR1","51027RP-1841",-74,1,0,0,0,0,0,0,,1,"06936467093382","B-06936467093382","fc9479a0-9e7e-4329-a955-aafc2ec67b58","01KXNWM4R4QCMSJ9JE31D0EST1",0,0,0,,0,0,,0,,,0,,,,,,,,0,0,"Orthodontic Metal Brackets",,-204,-53,"LEGACY",," Q010403","CN-MF-000023282","Zhejiang Protect Medical Equipment Co.,Ltd.",-11,"{
  ""texts"" : [ {
    ""language"" : {
      ""isoCode"" : ""en"",
      ""name"" : ""English""
    },
    ""text"" : ""Zhejiang Protect Medical Equipment Co.,Ltd."",
    ""allLanguagesApplicable"" : false
  } ]
}",,-1306,"MedPath GmbH","DE-AR-000000087","{
  ""texts"" : [ {
    ""language"" : {
      ""isoCode"" : ""de"",
      ""name"" : ""German""
    },
    ""text"" : ""MedPath GmbH"",
    ""allLanguagesApplicable"" : null
  } ]
}",,,,,
851663,"01JMPH22F1TYGMYGHCJ4SET279","a56f00cf-44c9-495e-b753-71dc5afba33c","coverpack","2LC020013",-67,1,0,0,0,0,1,0,,1,"08429659014503","842965905795LY","b4790ec7-d9a5-4d9e-944b-12d595fcf28d","01JMMABNQE0M0VP5R8ZZQD7R78",0,0,0,,0,0,,0,,,0,,,,,,,,0,0,"HP Lines",,-204,-197,"STANDARD",," A03020102","ES-MF-000017980","CARDIVAIS S.A.",-11,"{
  ""texts"" : [ {
    ""language"" : {
      ""isoCode"" : ""es"",
      ""name"" : ""Spanish""
    },
    ""text"" : ""CARDIVAIS S.A."",
    ""allLanguagesApplicable"" : null
  } ]
}",,-1306,,,,,,,,
2578724,"01KS4P4PNRJKA2NCSSCDDB79AH","61c4873f-e59a-47eb-b1b2-686cc5f48004","DCA-70","18009118",-108,1,0,0,0,0,0,0,,1,"08056736490211","805673649DCWB","c4727ae0-87a2-4453-8e3e-7c2b992043ca","01KS4NY68C6XF7JC95JGGHZ34Z",1,0,0,,0,0,,0,,,0,,,,,,,,0,0,,"DC",-203,-197,"STANDARD",," Z12019099","IT-MF-000028623","AT-OS SRL",-11,"{
  ""texts"" : [ {
    ""language"" : {
      ""isoCode"" : ""it"",
      ""name"" : ""Italian""
    },
    ""text"" : ""AT-OS SRL"",
    ""allLanguagesApplicable"" : null
  } ]
}","{
  ""texts"" : [ {
    ""language"" : null,
    ""text"" : ""AT-OS"",
    ""allLanguagesApplicable"" : true
  } ]
}",-1306,,,,,,,,
1642850,"01KHK4XX3EW6T7T40X7EE83YPE","a0dafdb9-fdbb-4cc6-9823-58330386f8e0","Reusable Double NIBP Hose","DBP48/BP44",-245,1,0,0,0,0,0,0,,1,"08698870384072","86988703NIBPCUFFHOSEST","be6b4685-2aed-498c-8d2e-58a479bf850e","01KHAZS0C0WFET24MSTH4NDM53",0,0,0,,0,0,,0,,,0,,,,,,,,0,0,"NIBP Cuffs & Hoses",,-203,-197,"STANDARD",," Z1203020302","TR-MF-000022486","METKO MEDİKAL VE TIBBİ CİHAZLAR DIŞ TİCARET SANAYİ ANONİM ŞİRKETİ",-11,"{
  ""texts"" : [ {
    ""language"" : null,
    ""text"" : ""METKO MEDİKAL VE TIBBİ CİHAZLAR DIŞ TİCARET SANAYİ ANONİM ŞİRKETİ"",
    ""allLanguagesApplicable"" : true
  } ]
}","{
  ""texts"" : [ {
    ""language"" : null,
    ""text"" : ""METKO MEDİKAL "",
    ""allLanguagesApplicable"" : true
  } ]
}",-1306,,,,,,,,
743420,"01JBJSVB1THGAD7GDFF82H5525","ef6d8fc5-7b05-4800-84f5-b143c99b8279","Rato","1511-55-345H-L",-180,1,0,0,0,0,0,0,,1,"06941673545815","69416735OCB735LJ","3b70ebc6-f434-49b3-9dea-0c292b639f10","01HXXQ8EVNAQP795DG7GAZR430",0,0,0,,0,0,,0,,,0,,,,,,,,0,0,"Orthodontic Ceramic Brackets",,-204,-197,"STANDARD",," Q010403","CN-MF-000028647","ASTAR ORTHODONTICS INC.",-11,"{
  ""texts"" : [ {
    ""language"" : {
      ""isoCode"" : ""en"",
      ""name"" : ""English""
    },
    ""text"" : ""ASTAR ORTHODONTICS INC."",
    ""allLanguagesApplicable"" : null
  } ]
}",,-1306,"BIO CONCEPT, UNIPESSOAL, LDA","PT-AR-000021480","{
  ""texts"" : [ {
    ""language"" : {
      ""isoCode"" : ""pt"",
      ""name"" : ""Portuguese""
    },
    ""text"" : ""BIO CONCEPT, UNIPESSOAL, LDA"",
    ""allLanguagesApplicable"" : false
  } ]
}",,"06941673545815",,,
1933279,"01KNKRVH2F42BK0DNBWDS9F4WW","5521760a-c5bd-4884-a9ba-f1c11a33e3f3","Luxor","851-1",-245,1,,,0,0,0,0,,1,"D-8698758943834PY","B-8698758943834PY","9576fb28-88ea-4f8c-bbb7-8b3a82b24ebb","01KNKRVH1YJ20N01EYTG1MSKEA",0,0,0,,0,0,,0,,,0,,,,,,,,0,0,"Dizaltı Burnu Açık Clas 1 No.1",,-203,-53,"LEGACY",," M030405","TR-MF-000021172","LUXOR SAĞLIK ÜRÜNLERİ SAN. VE TİC. A.Ş.",-11,"{
  ""texts"" : [ {
    ""language"" : {
      ""isoCode"" : ""en"",
      ""name"" : ""English""
    },
    ""text"" : ""LUXOR SAĞLIK ÜRÜNLERİ SAN. VE TİC. A.Ş."",
    ""allLanguagesApplicable"" : false
  } ]
}","{
  ""texts"" : [ {
    ""language"" : {
      ""isoCode"" : ""en"",
      ""name"" : ""English""
    },
    ""text"" : ""LUXOR SAĞLIK"",
    ""allLanguagesApplicable"" : false
  } ]
}",-1306,,,,,,,,
550726,"01HVK4HWQVFYE4X3WHTCQDWGS0","7a25f5b5-180d-46f5-a12a-3fbc10f3d302","ARDS Prone Headrest Pad (x3)","ELP141",-100,1,0,0,0,0,0,0,,1,"00643293028513","00643293PressurecareDT","0273d966-f114-4ada-bbc8-e83b3867e704","01HRPVN4H0XH9H7WSRZZ44YZGH",0,0,0,,0,0,,0,,,0,,,,,,,,0,0,"PressureCare","PressureCare",-203,-197,"STANDARD",," V0899","IE-MF-000003108","Trulife",-11,"{
  ""texts"" : [ {
    ""language"" : {
      ""isoCode"" : ""en"",
      ""name"" : ""English""
    },
    ""text"" : ""Trulife"",
    ""allLanguagesApplicable"" : null
  } ]
}",,-1306,,,,,"00643293028513",,,
1949731,"01KNRDYEPY3EJRWS93NVYYQCM0","04aedc94-8cdc-4109-8398-3aa521e56447","Disposable sterile dressing","001",-74,1,0,0,0,0,1,1,,1,"06970670817601","697067081100JR","5f1b62d5-6e5a-4028-83ae-87d017431fc2","01J0AKQRCTM7XQPE6ACYDHNX6S",0,0,0,,0,0,,0,,,0,,,,,,,,0,0,"Disposable sterile dressing",,-203,-197,"STANDARD",," M04010101","CN-MF-000026217","Shandong Fengao Medical Technology Co., Ltd.",-11,"{
  ""texts"" : [ {
    ""language"" : {
      ""isoCode"" : ""en"",
      ""name"" : ""English""
    },
    ""text"" : ""Shandong Fengao Medical Technology Co., Ltd."",
    ""allLanguagesApplicable"" : false
  } ]
}",,-1306,"Kingsmead Service B.V.","NL-AR-000002066","{
  ""texts"" : [ {
    ""language"" : {
      ""isoCode"" : ""en"",
      ""name"" : ""English""
    },
    ""text"" : ""Kingsmead Service B.V."",
    ""allLanguagesApplicable"" : null
  } ]
}",,,,,
3415785,"01KWK4NKQQSP06DZ4EPC55K859","89fc1514-37f1-4069-bca2-97902a95a125","Disposable Urinary Drainage  Bag","CU-PA-TH-2000ml",-67,1,0,0,0,0,1,0,,1,"06972992512295","697299251DUDBRN","758dcda7-4ec6-454c-b7ad-bb1505845892","01J9FYV4C6D0Y302XXN2TAMRK3",0,0,0,,0,0,,1,,,0,,,,-117,,,,0,0,"Disposable urinary drainage bag","CU-JB-2500ml",-203,-197,"STANDARD",," A060301","CN-MF-000027623","Changzhou CareU Medical Instruments Co., Ltd.",-11,"{
  ""texts"" : [ {
    ""language"" : {
      ""isoCode"" : ""en"",
      ""name"" : ""English""
    },
    ""text"" : ""Changzhou CareU Medical Instruments Co., Ltd."",
    ""allLanguagesApplicable"" : false
  } ]
}",,-1306,"CMC Medical Devices & Drugs SL","ES-AR-000000293","{
  ""texts"" : [ {
    ""language"" : {
      ""isoCode"" : ""es"",
      ""name"" : ""Spanish""
    },
    ""text"" : ""CMC Medical Devices & Drugs SL"",
    ""allLanguagesApplicable"" : null
  } ]
}",,,,,
498209,"01HQWBX66ST2DHVGQYVCD1CEXQ","1c3d6449-6ccd-477b-b3b0-594a6b58c45b","COPIOUMED Warm-up JACKET, Blue, Raglan sleeves with slant pocket","JAN0B204-1",,1,0,0,0,0,0,0,,2,"04719882252495","471988225SS3002HD","ab9269bd-455a-4572-845a-6d893f7757cb","01HQSSE4QEKQ837B9D19FXE8ZA",0,0,0,,0,0,,0,,,0,,,,,,,,0,0,"SCRUB SUITS and Warm-up JACKET",,-203,-197,"STANDARD",," T0299","TW-MF-000011340","Copioumed International Inc.",-790,"{
  ""texts"" : [ {
    ""language"" : {
      ""isoCode"" : ""en"",
      ""name"" : ""English""
    },
    ""text"" : ""Copioumed International Inc."",
    ""allLanguagesApplicable"" : null
  } ]
}","{
  ""texts"" : [ {
    ""language"" : {
      ""isoCode"" : ""en"",
      ""name"" : ""English""
    },
    ""text"" : ""Copioumed"",
    ""allLanguagesApplicable"" : null
  } ]
}",-1306,"MedNet EC-REP GmbH","DE-AR-000000002","{
  ""texts"" : [ {
    ""language"" : {
      ""isoCode"" : ""en"",
      ""name"" : ""English""
    },
    ""text"" : ""MedNet EC-REP GmbH"",
    ""allLanguagesApplicable"" : null
  } ]
}","04719882252501",,,"04719882252495,14719882252508",
3907438,"01KZBP8P2QD4B0739JCSQ7X850","8457e714-4499-4c4c-9864-5ad7fe110238","IR, 5-Lead, AHA, Basic Monitoring Kit","01076153",-162,1,0,0,0,0,0,0,,1,"08720938410413","8719689142QMAPPCONSKJ","de0de80c-b9da-4bba-be90-f51d1cf9eea7","01H0HXMPWTG425BNZ6T88QE9H2",0,0,0,,0,0,,0,,,0,,,,,,,,0,0,"QMAPP Consumables",,-203,-197,"STANDARD",," Z12050785","NL-MF-000002694","Fysicon B.V.",-11,"{
  ""texts"" : [ {
    ""language"" : {
      ""isoCode"" : ""nl"",
      ""name"" : ""Dutch""
    },
    ""text"" : ""Fysicon B.V."",
    ""allLanguagesApplicable"" : null
  }, {
    ""language"" : {
      ""isoCode"" : ""en"",
      ""name"" : ""English""
    },
    ""text"" : ""Fysicon B.V."",
    ""allLanguagesApplicable"" : null
  } ],
  ""textByDefaultLanguage"" : ""Fysicon B.V.""
}",,-1306,,,,,,,,
2123479,"01KQ7DP5WZY6XQW7V65VMJ6AT5","197c324f-8c48-426a-82a7-af7959ebafa9","GUIA BROCA PILOTO TIBIAL DE 10 MM","IV703-80-01",-67,1,0,0,0,0,0,1,,1,"08435760804780","84357608INSGUIA5K","f2f87ba1-ae89-4dd1-857c-01e04bdabca9","01HV466TDXR66C68DA16MB7WM8",0,0,0,,0,0,,0,,,1,,,,,,,,0,0,"INSTRUMENTOS DE GUIA",,-203,-197,"STANDARD",," L0399","ES-MF-000000634","Ivalmed S.L.",-11,"{
  ""texts"" : [ {
    ""language"" : {
      ""isoCode"" : ""es"",
      ""name"" : ""Spanish""
    },
    ""text"" : ""Ivalmed S.L."",
    ""allLanguagesApplicable"" : null
  } ]
}","{
  ""texts"" : [ {
    ""language"" : {
      ""isoCode"" : ""es"",
      ""name"" : ""Spanish""
    },
    ""text"" : ""Ivalmed"",
    ""allLanguagesApplicable"" : null
  } ]
}",-1306,,,,,"08435760804780",,,
2144422,"01KQ9YF8STSA578Z1SY11W443P","b1ed3389-45a2-4b27-ab55-3681cc1473ec","Beckenbodentrainer SGL","9681.1.00",-56,1,0,0,0,0,0,0,,1,"04004128031393","4004128BeckenbodentrainB7","f2e09f6c-f569-45f4-9339-e4e77315a950","01GFJZKCVAZYC5D2SQPEJW84QD",0,0,0,,0,0,,0,,,0,,,,,,,,0,0,"Beckenbodentrainer","3031.1.00",-203,-197,"STANDARD",," T0499","DE-MF-000016598","Hydas GmbH & Co. KG",-11,"{
  ""texts"" : [ {
    ""language"" : {
      ""isoCode"" : ""de"",
      ""name"" : ""German""
    },
    ""text"" : ""Hydas GmbH & Co. KG"",
    ""allLanguagesApplicable"" : null
  } ]
}","{
  ""texts"" : [ {
    ""language"" : {
      ""isoCode"" : ""de"",
      ""name"" : ""German""
    },
    ""text"" : ""Hydas"",
    ""allLanguagesApplicable"" : null
  } ]
}",-1306,,,,,"04004128031393",,"04004128031393,04004128031409",
4175007,"01M11C89EE7F2NAFVVAC0NJENP","40c2ebef-4c03-4eb1-90b9-69f3fdc296bc","INTERIM & LIGHT Sleeve adults","STIN20304F1",-69,1,0,0,0,0,0,0,,1,"06438472316611","6438472STINAA","9b170c3b-7db4-4d0f-8136-4accbd03f1b6","01M117F7DHZ2F4Z7W53ARQRRNY",0,0,0,,0,0,,0,,,0,,,,,,,,0,0,"Lymed Interim & Light",,-203,-197,"STANDARD",," M030499","FI-MF-000015063","Lymed Oy",-11,"{
  ""texts"" : [ {
    ""language"" : {
      ""isoCode"" : ""fi"",
      ""name"" : ""Finnish""
    },
    ""text"" : ""Lymed Oy"",
    ""allLanguagesApplicable"" : false
  } ],
  ""textByDefaultLanguage"" : null
}",,-1306,,,,,,,,
3584260,"01KXGXPNQ93XT7Q0H83PRQB8FG","97cfa5b8-be45-4254-9cf6-6c22de0f2af6",,"1111003",-162,1,0,0,0,0,0,1,,1,"08720167721267","8718868776C-3POR2D2NG","961eed19-3599-49d3-bf07-9e4b841bc86f","01KXGQVF0ZSZZD8BCHBB2GEJNK",0,0,0,,0,0,,0,,,0,,,,,,,,0,0,"NTOC cassette",,-203,-197,"STANDARD",," V9099","NL-MF-000003313","NTOC medische techniek B.V.",-11,"{
  ""texts"" : [ {
    ""language"" : {
      ""isoCode"" : ""nl"",
      ""name"" : ""Dutch""
    },
    ""text"" : ""NTOC medische techniek B.V."",
    ""allLanguagesApplicable"" : null
  } ],
  ""textByDefaultLanguage"" : null
}",,-1306,,,,,"08720167721267",,,
1269456,"01K9DF62E5ZW1WN3XTTAR4MSKC","7415b0b3-80c6-4957-b5a2-1bfb33b8c774",,"397.810",-21,1,1,0,0,0,0,1,,1,"07611819026902","7611819a00072J9","80500da7-feaf-43f6-bbcb-75bd177b4da5","01K9D9157S80Y50GVADSXKBRAE",0,0,0,,0,0,,0,,,1,,,,,,,,0,0,"Orthopaedic Gouges","Orthopaedic Gouges",-203,-197,"STANDARD",," L091001","CH-MF-000013345","Synthes GmbH",-11,"{
  ""texts"" : [ {
    ""language"" : {
      ""isoCode"" : ""en"",
      ""name"" : ""English""
    },
    ""text"" : ""Synthes GmbH"",
    ""allLanguagesApplicable"" : null
  } ]
}",,-1306,"DePuy Ireland UC","IE-AR-000009328","{
  ""texts"" : [ {
    ""language"" : {
      ""isoCode"" : ""en"",
      ""name"" : ""English""
    },
    ""text"" : ""DePuy Ireland UC"",
    ""allLanguagesApplicable"" : null
  } ]
}",,"07611819026902",,,
829283,"01JKS3FVX6QH6G9H9HQ13D29XV","0544d5c0-885d-4675-9f68-b45907712207","NATEEN ADULT DIAPER","COUXL",-21,1,0,0,0,0,0,0,,1,"15420072710911","54200727AD02BC","620b200c-0f87-40b9-a710-7fc30890ae17","01JJCYG41M1XGTHX58NKQCJYTE",0,0,0,,0,0,,0,,,0,,,,,,,,0,0,"ADULT DIAPER (TABS STYLE)",,-203,-197,"STANDARD",," T04010103","CN-MF-000042320","FUJIAN DASHAN PAPER CO.,LTD",-11,"{
  ""texts"" : [ {
    ""language"" : {
      ""isoCode"" : ""en"",
      ""name"" : ""English""
    },
    ""text"" : ""FUJIAN DASHAN PAPER CO.,LTD"",
    ""allLanguagesApplicable"" : false
  } ]
}","{
  ""texts"" : [ {
    ""language"" : {
      ""isoCode"" : ""en"",
      ""name"" : ""English""
    },
    ""text"" : ""DASHAN"",
    ""allLanguagesApplicable"" : false
  } ]
}",-1306,"ARTEMIS MEDICAL SA","BE-AR-000037954","{
  ""texts"" : [ {
    ""language"" : {
      ""isoCode"" : ""fr"",
      ""name"" : ""French""
    },
    ""text"" : ""ARTEMIS MEDICAL SA"",
    ""allLanguagesApplicable"" : false
  } ],
  ""textByDefaultLanguage"" : null
}",,,,,
1326611,"01KBHRYCZCRVAPCD2YYBMFPX73","0ae726e7-7aa5-4874-a973-58b33af1d768","Shaver 12 x 24 mm 0°","I334",-56,1,0,0,0,0,0,1,,1,"04251631416036","42516314TD012I49","948ed6e5-2873-4b26-9395-4f90a489c17c","01K88E90SABSECR50H3GZB46CN",0,0,0,,0,0,,0,,,1,,,,,,,,0,0,"Lumbar Instruments",,-203,-197,"STANDARD",," L091099","DE-MF-000000204","NGMedical GmbH",-11,"{
  ""texts"" : [ {
    ""language"" : {
      ""isoCode"" : ""de"",
      ""name"" : ""German""
    },
    ""text"" : ""NGMedical GmbH"",
    ""allLanguagesApplicable"" : null
  } ]
}",,-1306,,,,,"04251631416036",,,
2644945,"01KS7TAK50M22BC1BPYAYMWY1P","32ae2430-bef8-4d67-b634-7437dba31b07","Lubri-soft Double J Ureteral Stent Two Ends Open, Blue 4.8 FR 18 CM","1604818",-245,1,0,0,0,0,1,0,,1,"08681299261444","B-08681299261444","504f98c3-6a3b-47ac-889d-2573307ae792","01KS7TAK4M6JJBG0Y5K3QZTD8F",0,0,0,,0,0,,0,,,0,,,,,,,,0,0,"Lubri-soft Double J Ureteral Stent Two Ends Open, Blue 4.8 FR 18 CM","Lubri-soft Double J Ureteral Stent Two Ends Open, Blue",-205,-53,"LEGACY",," U020302","TR-MF-000024447","DLR Medikal",-11,"{
  ""texts"" : [ {
    ""language"" : {
      ""isoCode"" : ""en"",
      ""name"" : ""English""
    },
    ""text"" : ""DLR Medikal"",
    ""allLanguagesApplicable"" : false
  } ]
}",,-1306,,,,,,,,
2365300,"01KRGJA0HQ5YR7X3YV5HKX51W3","2075d5c4-d39f-4570-9d08-1a62fa1e9c60","Implant Case CCS 2.2, 3.0, 120x240mm","A-6603.013",-56,1,0,0,0,0,0,1,,1,"07630894804366","76300378000NY","c502a1cc-fffc-45db-b391-572efed6791a","01KPT7Q9JHP5SF1QT2V8Q5RFSN",0,0,0,,0,0,,0,,,0,,,,,,,,0,0,"Container",,-203,-197,"STANDARD",," V9099","CH-MF-000022291","Medartis AG",-11,"{
  ""texts"" : [ {
    ""language"" : {
      ""isoCode"" : ""de"",
      ""name"" : ""German""
    },
    ""text"" : ""Medartis AG"",
    ""allLanguagesApplicable"" : false
  } ],
  ""textByDefaultLanguage"" : null
}",,-1306,"Medartis GmbH","DE-AR-000005810","{
  ""texts"" : [ {
    ""language"" : {
      ""isoCode"" : ""de"",
      ""name"" : ""German""
    },
    ""text"" : ""Medartis GmbH"",
    ""allLanguagesApplicable"" : null
  } ]
}",,,,,
650174,"01J2GBXHW0DT42W1XWHMKPGXXX","4eaf5ab5-ff3c-4623-81dc-0c160be28daa","ZEYNİ","106-003",-245,1,0,0,0,0,1,0,,1,"08682340123131","868234012106003J8","054ca94c-713b-4b1c-99d5-141025e9d473","01J2GBV4CHMW7BY1KD1M47R1PM",0,0,0,,0,0,,0,,,0,,,,,,,,0,0,"80X145  TABLE COVER",,-203,-197,"STANDARD",," T030102","TR-MF-000017474","ZEYNI MEDIKAL TEKSTIL INSAAT SAN. VE TIC. LTD. STI",-11,"{
  ""texts"" : [ {
    ""language"" : {
      ""isoCode"" : ""en"",
      ""name"" : ""English""
    },
    ""text"" : ""ZEYNI MEDIKAL TEKSTIL INSAAT SAN. VE TIC. LTD. STI"",
    ""allLanguagesApplicable"" : false
  } ]
}",,-1306,,,,,,,,
259891,"01GWPX9G72M2SQWQM2MDVEDKMF","07786175-3e14-4350-9272-983eba3747b0","UNISCRUB","4670014508166",,1,0,0,0,0,0,0,,1,"04670014508166","4670014500260001Z9","fb330045-6954-4a07-9b2d-fee4b3388a6a","01GWM963AS16C3AWQTDA2FHMG9",0,0,0,,0,0,,0,,,0,,,,,,,,0,0,"UNISCRUB - conductive abrasive gel for skin preparation",,-203,-197,"STANDARD",," V9015","RU-MF-000034418","""Geltek-Medica"" LTD",-790,"{
  ""texts"" : [ {
    ""language"" : {
      ""isoCode"" : ""en"",
      ""name"" : ""English""
    },
    ""text"" : ""\""Geltek-Medica\"" LTD"",
    ""allLanguagesApplicable"" : false
  } ]
}",,-1306,"Polmed.de Beata Rozwadowska","DE-AR-000006947","{
  ""texts"" : [ {
    ""language"" : null,
    ""text"" : ""Polmed.de Beata Rozwadowska"",
    ""allLanguagesApplicable"" : true
  } ]
}",,,,"04670014508166,14670014501713",
1543932,"01KG31PF3ZAS64AF85WACGFABQ","0b9411cc-b495-486e-b41d-30675872fc16","Body dla seniora","B30.XS.8",-175,1,0,0,0,0,0,0,,1,"05904933153022","59049331bodydlasenioraKL","a7740edf-1e3e-4e41-b849-5081497072c0","01JER2B015TMATJ5MT9KX2PJT9",0,0,0,,0,0,,0,,,0,,,,,,,,0,0,"Body dla seniora Alica24","Body dla seniora Alica24",-203,-197,"STANDARD",," V9099","PL-MF-000036129","Polstar Mateusz Ordyszewski",-11,"{
  ""texts"" : [ {
    ""language"" : {
      ""isoCode"" : ""pl"",
      ""name"" : ""Polish""
    },
    ""text"" : ""Polstar Mateusz Ordyszewski"",
    ""allLanguagesApplicable"" : false
  } ]
}",,-1306,,,,,,,,
1905340,"01KN6GGFA4GFFVX4J8N3X0JF1M","eafdfde3-0e4f-47ed-ba4e-28cf872d6456","VenoTrain impuls, AD, border dot 3cm, Ccl 3,
closed toe, I plus long, caramel","20780431200331",-56,1,0,0,0,0,0,0,,1,"04046445619908","4046445IMP00000000UN","3ab185d5-7162-4cd0-b6f5-83d888775c66","01KN4ACRZJAEBQGPJVRPTR9RDF",0,0,0,,0,0,,0,,,0,,,,,,,,0,0,"VenoTrain impuls",,-203,-197,"STANDARD",," M030405","DE-MF-000007543","Bauerfeind AG",-11,"{
  ""texts"" : [ {
    ""language"" : {
      ""isoCode"" : ""de"",
      ""name"" : ""German""
    },
    ""text"" : ""Bauerfeind AG"",
    ""allLanguagesApplicable"" : null
  } ]
}",,-1306,,,,,,,,
2224483,"01KQWRFBC4593QEHZJWTPZ4BM6","920cdaac-c92e-41e9-8954-7144a7b4e90d","CASO RICKETTS PLUS  7x7 (3).018 U67/L67 SP COL IND","491I1-11135",-13,1,0,0,0,0,0,0,,1,"07908610046346","B-07908610046346","89468cc3-28c5-44e8-8bf8-45f298448568","01KQWRFBB3CN1HN97S382AG1NN",0,0,0,,0,0,,0,,,0,,,,,,,,0,0,"Orthodontic Bracket Steel","Ricketts Plus",-204,-53,"LEGACY",," Q010403","BR-MF-000034402","ID-LOGICAL INDUSTRIA E COMERCIO LTDA",-11,"{
  ""texts"" : [ {
    ""language"" : {
      ""isoCode"" : ""pt"",
      ""name"" : ""Portuguese""
    },
    ""text"" : ""ID-LOGICAL INDUSTRIA E COMERCIO LTDA"",
    ""allLanguagesApplicable"" : false
  } ]
}","{
  ""texts"" : [ {
    ""language"" : {
      ""isoCode"" : ""pt"",
      ""name"" : ""Portuguese""
    },
    ""text"" : ""ID-LOGICAL"",
    ""allLanguagesApplicable"" : false
  } ]
}",-1306,"EC Certification Service GmbH","AT-AR-000006658","{
  ""texts"" : [ {
    ""language"" : {
      ""isoCode"" : ""de"",
      ""name"" : ""German""
    },
    ""text"" : ""EC Certification Service GmbH"",
    ""allLanguagesApplicable"" : null
  } ]
}",,,,,
310280,"01H4ZY60DPCGE731K5ARTGSG4R","2c61f0c6-d6a0-4796-b386-a495a05e1f92",,"OCV6/TP/4340",-162,1,0,0,0,0,0,0,,1,"08717261039206","8717261VIC001VK","b57e384d-9510-4a3f-b38b-44819a99f453","01H4ZKWNZBPXSXAV8E861GTTWT",0,0,0,,0,0,,0,,,0,,,,,,,,0,0,,"Vicair cushions",-203,-197,"STANDARD",," V08030102","NL-MF-000002604","Vicair B.V.",-11,"{
  ""texts"" : [ {
    ""language"" : {
      ""isoCode"" : ""nl"",
      ""name"" : ""Dutch""
    },
    ""text"" : ""Vicair B.V."",
    ""allLanguagesApplicable"" : null
  } ]
}","{
  ""texts"" : [ {
    ""language"" : {
      ""isoCode"" : ""nl"",
      ""name"" : ""Dutch""
    },
    ""text"" : ""Vicair"",
    ""allLanguagesApplicable"" : null
  } ]
}",-1306,,,,,,,,
1569804,"01KGSMH8PZVMY5TFDX1CPTC38S","01f817e6-ab01-4b4d-82dd-17efbe872833","OPTYFILL","OPF1110C-01EM",-108,1,0,0,0,0,1,0,,1,"08033860030902","8033860SUBFT01C6H","f991b469-a4fa-468e-9d80-60c929057b44","01KFDAJ3JS85BZNCTMTP9HFQA2",0,0,0,,0,0,,0,,,0,,,,,,,,0,0,"SUBCHONDRAL BONE MARROW LESIONS (BML) SYSTEMS",,-204,-197,"STANDARD",," P099002","IT-MF-000011601","BIOPSYBELL SRL",-11,"{
  ""texts"" : [ {
    ""language"" : {
      ""isoCode"" : ""it"",
      ""name"" : ""Italian""
    },
    ""text"" : ""BIOPSYBELL SRL"",
    ""allLanguagesApplicable"" : null
  } ],
  ""textByDefaultLanguage"" : null
}",,-1306,,,,,,,,
3048174,"01KT6NR54XRNJ02AE9BJF4SSJP","d5725614-0ec1-4d1e-b75f-2c4e072db1cb","JOBST® UltraSheer","73590-00087-00",-56,1,0,0,0,0,0,0,,1,"04019702079661","40197024004388385","ddd4a4a3-4622-4c02-8c0f-6c36e308cd9b","01KT6H77HTTPR7GV9D2NRY5D5X",0,0,0,,0,0,,0,,,0,,,,,,,,0,0,"JOBST UltraSheer CCL2 Lower RTW",,-203,-197,"STANDARD",," M030405","DE-MF-000004936","BSN-Jobst GmbH",-11,"{
  ""texts"" : [ {
    ""language"" : {
      ""isoCode"" : ""en"",
      ""name"" : ""English""
    },
    ""text"" : ""BSN-Jobst GmbH"",
    ""allLanguagesApplicable"" : null
  } ]
}",,-1306,,,,,,,,
4689135,"01M3A50Z8BW7HS4KXE7548046D","4b98fa7a-e6e3-4e9c-890b-931931229df9","Lastofa","01510410144510",-56,1,0,0,0,0,0,0,,1,"04052727213146","4018839K019G","9a3a9ab3-d2ac-444c-92d4-76f226b5a6fa","01KTP84J98X84HQ0AE8RCSYQRD",0,0,0,,0,0,,0,,,0,,,,,,,,0,0,"Rundstrick","Rundstrick",-203,-197,"STANDARD",," M030405","DE-MF-000008470","Ofa Bamberg GmbH",-11,"{
  ""texts"" : [ {
    ""language"" : {
      ""isoCode"" : ""de"",
      ""name"" : ""German""
    },
    ""text"" : ""Ofa Bamberg GmbH"",
    ""allLanguagesApplicable"" : null
  } ]
}","{
  ""texts"" : [ {
    ""language"" : {
      ""isoCode"" : ""de"",
      ""name"" : ""German""
    },
    ""text"" : ""Ofa"",
    ""allLanguagesApplicable"" : null
  } ]
}",-1306,,,,,"04052727213146",,,
668682,"01J4HACWXWHF0Q4FC81Y1SD6BQ","dd4fe587-fe3a-4f38-9826-08b4587422ec",,"B510A",-67,1,0,0,0,0,0,1,,1,"08435783607689","8437027932INSTRUM3K","1acd4557-f4e2-42f9-af92-064192a5d0c2","01J29DKAQNJBNPAJ8JVW5NFABM",0,0,0,,0,0,,0,,,0,,,,,,,,0,0,"DENTAL INSTRUMENTS",,-203,-197,"STANDARD",," Q010599","ES-MF-000041884","BADER EUROPE GROUP S.L.",-11,"{
  ""texts"" : [ {
    ""language"" : {
      ""isoCode"" : ""en"",
      ""name"" : ""English""
    },
    ""text"" : ""BADER EUROPE GROUP S.L."",
    ""allLanguagesApplicable"" : false
  } ]
}",,-1306,,,,,,,,
1713386,"01KKC0WMR30WRWGMDSZJ3CTKYG","38d4dd6a-b7da-48f4-a4dd-b33357154aa7","Sterile Procedure Trays","WGHAN134",,1,,,,,1,0,,1,"03666520087777","3666520DCSPTANGIOSTP7","f9948a38-874b-44a0-a4f0-cb8997c5dff4","01KJR5W5MY17XHKYPWXN9G4M8Q",,,,,,,,,,,,,,,-541,,,,,,"Sterile Angiography procedure pack",,-204,-197,"SPP","For Angiography Surgery"," T0202","FR-PR-000003713","Medline International France",-11,"{
  ""texts"" : [ {
    ""language"" : {
      ""isoCode"" : ""fr"",
      ""name"" : ""French""
    },
    ""text"" : ""Medline International France"",
    ""allLanguagesApplicable"" : null
  } ]
}","{
  ""texts"" : [ {
    ""language"" : {
      ""isoCode"" : ""fr"",
      ""name"" : ""French""
    },
    ""text"" : ""MIF"",
    ""allLanguagesApplicable"" : null
  } ]
}",-1306,,,,,,,"03666520087777,53666520087772",
778366,"01J6XG8GX815BNT5PHTNVX0S0Y","9577f9d5-9eee-4554-ac33-78d444490f90","Dressing Pack, sterile, DIN 13151M","M08951CM",-56,1,0,0,0,0,1,0,,2,"06974523990299","697452399Dres.pkZW","b561cf45-6d41-4b3f-a906-7e8bc9c5f055","01HWHSRVKN11T52HS5GZV94X7V",0,0,0,,0,0,,0,,,0,,,,,,,,0,0,"Sterile Dressing Packs","DIN 13151",-203,-197,"STANDARD",," M03030199","CN-MF-000014064","CareMax Co.,Ltd.",-11,"{
  ""texts"" : [ {
    ""language"" : {
      ""isoCode"" : ""en"",
      ""name"" : ""English""
    },
    ""text"" : ""CareMax Co.,Ltd."",
    ""allLanguagesApplicable"" : null
  } ]
}",,-1306,"Shanghai International Holding Corp. GmbH(Europe)","DE-AR-000000001","{
  ""texts"" : [ {
    ""language"" : {
      ""isoCode"" : ""de"",
      ""name"" : ""German""
    },
    ""text"" : ""Shanghai International Holding Corp. GmbH(Europe)"",
    ""allLanguagesApplicable"" : null
  } ]
}",,,,,
2025277,"01KPDM0YZ3DENQS1QDVAPK8742","b37d835c-d88c-4fa6-8cde-9ba66b24e595","Nasofed Anti Viral Nasal Spray","n/a",-175,1,,,0,0,0,0,,1,"05905718013074","B-05905718013074","508911ed-ee2f-455d-ae08-aa07565fe8e4","01KPDM0YYKSHVAG2WD4P8NHXSN",0,0,0,,0,0,,0,,,0,,,,,,,,0,0,"Nozitix",,-203,-53,"LEGACY",," M9002","PL-MF-000007178","Emergopharm Spółka z ograniczoną odpowiedzialnością",-11,"{
  ""texts"" : [ {
    ""language"" : {
      ""isoCode"" : ""pl"",
      ""name"" : ""Polish""
    },
    ""text"" : ""Emergopharm Spółka z ograniczoną odpowiedzialnością"",
    ""allLanguagesApplicable"" : null
  } ],
  ""textByDefaultLanguage"" : null
}","{
  ""texts"" : [ {
    ""language"" : {
      ""isoCode"" : ""pl"",
      ""name"" : ""Polish""
    },
    ""text"" : ""Emergopharm Sp. z o.o."",
    ""allLanguagesApplicable"" : null
  } ],
  ""textByDefaultLanguage"" : null
}",-1306,,,,,,,,
4538790,"01KRN5EMDQEQT70J6BGKDQ2AQT","c0148d84-fb44-4c74-9221-bf27b7e694e1","Krebs von den Lungen 6 (KL-6) Test Kit (Homogeneous Chemiluminescence Immunoassay)","HCLIA15132",-56,1,,,,,0,0,,2,"06974524061561","B-06974524061561","9732104c-5d4c-45c3-8aeb-490b7dc984fb","01KRN5EMCY28XF64BA5B012CHT",,,0,0,0,,1,,0,0,,0,,1,,0,1,,,,"Krebs von den Lungen 6 (KL-6) Test Kit (Homogeneous Chemiluminescence Immunoassay)",,-157,-55,"LEGACY",," W01030602","CN-MF-000039609","Nanjing Poclight Biotechnology Co., Ltd.",-11,"{
  ""texts"" : [ {
    ""language"" : {
      ""isoCode"" : ""en"",
      ""name"" : ""English""
    },
    ""text"" : ""Nanjing Poclight Biotechnology Co., Ltd."",
    ""allLanguagesApplicable"" : false
  } ]
}","{
  ""texts"" : [ {
    ""language"" : {
      ""isoCode"" : ""en"",
      ""name"" : ""English""
    },
    ""text"" : ""Poclight"",
    ""allLanguagesApplicable"" : false
  } ]
}",-1306,"HUMISS TRADING S. L.","ES-AR-000040177","{
  ""texts"" : [ {
    ""language"" : {
      ""isoCode"" : ""en"",
      ""name"" : ""English""
    },
    ""text"" : ""HUMISS TRADING S. L."",
    ""allLanguagesApplicable"" : false
  } ]
}",,,,,
3980808,"01KZV1JMV2F157ZNB3EA50NEM1","091ca4e2-8550-4720-b757-9e66456f490c",,"1.04.844",-56,1,0,0,0,0,0,1,,1,"07640182642488","7640182643402031223266WH","af42189c-b2bf-446f-89ed-53b0d7bd5083","01KM5QJBHRDEB0QQSWQQ85T705",0,0,0,,0,1,,0,,,0,,,,,,,1,0,0,"Prosthetic",,-205,-197,"STANDARD",," P01020101","CH-MF-000016262","Thommen Medical AG",-11,"{
  ""texts"" : [ {
    ""language"" : {
      ""isoCode"" : ""de"",
      ""name"" : ""German""
    },
    ""text"" : ""Thommen Medical AG"",
    ""allLanguagesApplicable"" : null
  } ],
  ""textByDefaultLanguage"" : null
}","{
  ""texts"" : [ {
    ""language"" : null,
    ""text"" : ""TM AG"",
    ""allLanguagesApplicable"" : true
  } ],
  ""textByDefaultLanguage"" : null
}",-1306,"Thommen Medical Deutschland GmbH","DE-AR-000008963","{
  ""texts"" : [ {
    ""language"" : {
      ""isoCode"" : ""de"",
      ""name"" : ""German""
    },
    ""text"" : ""Thommen Medical Deutschland GmbH"",
    ""allLanguagesApplicable"" : null
  } ],
  ""textByDefaultLanguage"" : null
}",,,,,
4135599,"01M0VTQ1MZ8G8E3V4A061BVAV1","8c5fde61-1fb9-456b-bca9-5b2fd58687a6","NS Genua, R 32","NS34332",-56,1,0,0,0,0,0,0,,1,"04062627102099","4062627Y06333103037045BV","e60d2526-517c-4f31-ba7e-76ae2d60c3ec","01M0VTD5M87HK87QNNDVXD9SX3",0,0,0,,0,0,,0,,,0,,,,,,,,0,0,"Ancona",,-203,-197,"STANDARD",," Y063303","DE-MF-000006250","Perpedes GmbH",-11,"{
  ""texts"" : [ {
    ""language"" : {
      ""isoCode"" : ""de"",
      ""name"" : ""German""
    },
    ""text"" : ""Perpedes GmbH"",
    ""allLanguagesApplicable"" : null
  } ]
}",,-1306,,,,,,,,
4582777,"01M31V4X2TGKG6Z8ZDTQF9H4Q1","fa6520b5-74e8-4755-a0bd-d3812b250787","Rokoko Hair Company Hair2Be Gloria 14/88/8R","HAI001229",-175,1,0,0,0,0,0,0,,1,"05908128408744","590448419RHCMDMWVB","56392b72-5695-4747-8fa2-1cfb7c0bf865","01M31NRH7Q1WNRNSTK8FGAJW94",0,0,0,,0,0,,0,,,0,,,,,,,,0,0,"medical wigs",,-203,-197,"STANDARD",," Y063099","PL-MF-000052381","ROKOKO spółka cywilna Tomasz Kijanowski, Dorota Kijanowska",-11,"{
  ""texts"" : [ {
    ""language"" : {
      ""isoCode"" : ""pl"",
      ""name"" : ""Polish""
    },
    ""text"" : ""ROKOKO spółka cywilna Tomasz Kijanowski, Dorota Kijanowska"",
    ""allLanguagesApplicable"" : null
  } ],
  ""textByDefaultLanguage"" : null
}","{
  ""texts"" : [ {
    ""language"" : {
      ""isoCode"" : ""pl"",
      ""name"" : ""Polish""
    },
    ""text"" : ""ROKOKO"",
    ""allLanguagesApplicable"" : null
  } ],
  ""textByDefaultLanguage"" : null
}",-1306,,,,,,,,
129916,"01G8TQVE4CYRR4B4CG5BKJR21Y","5c1c372e-11ac-4813-9202-b36002e8cea7","Orthodontic Archwires","BM07172502",-74,1,0,0,0,1,0,0,,1,"06957067017479","695706700003-0373FD","b7e8fbe7-3fa2-4163-8030-95567fa6a854","01G35MRQ2VZ6MRV558A11TGVMZ",0,0,0,,0,0,,0,,,0,,,,,,,,0,0,"Orthodontic Archwires","Niti Wires",-204,-197,"STANDARD",," Q010405","CN-MF-000002280","Innovative Material and Devices, Inc",-11,"{
  ""texts"" : [ {
    ""language"" : {
      ""isoCode"" : ""en"",
      ""name"" : ""English""
    },
    ""text"" : ""Innovative Material and Devices, Inc"",
    ""allLanguagesApplicable"" : null
  } ]
}","{
  ""texts"" : [ {
    ""language"" : {
      ""isoCode"" : ""en"",
      ""name"" : ""English""
    },
    ""text"" : ""IMD"",
    ""allLanguagesApplicable"" : null
  } ]
}",-1306,"Lotus NL B.V.","NL-AR-000000121","{
  ""texts"" : [ {
    ""language"" : {
      ""isoCode"" : ""en"",
      ""name"" : ""English""
    },
    ""text"" : ""Lotus NL B.V."",
    ""allLanguagesApplicable"" : null
  } ]
}",,,,,
1629251,"01KH6JA4TT7WT0274BDJRVBXQY","5a6e86c0-b2a5-46e0-8545-039400afc148",,"F9053PR/10",-108,1,0,0,0,0,0,0,,1,"08054242442267","803300326608000002SD","5eb202f0-5262-40f7-a16e-bd930b5df61f","01KH6BPX98HSFN136KMBV69PAC",0,0,0,,0,0,,0,,,0,,,,,,,,0,0,,"Disposable ECG electrodes with connection cable",-203,-197,"STANDARD",," C020501","IT-MF-000005988","FIAB S.p.A.",-11,"{
  ""texts"" : [ {
    ""language"" : {
      ""isoCode"" : ""it"",
      ""name"" : ""Italian""
    },
    ""text"" : ""FIAB S.p.A."",
    ""allLanguagesApplicable"" : null
  } ]
}",,-1306,,,,,,,,
2126226,"01KQ7EJZCWN1VE06K1WMA1936B","1996ca1a-3186-497e-a369-4c5f6cb5a8f9","TENA Washable Cotton Black Cl M 4x1p W1","84679",-192,1,0,0,0,0,0,0,,1,"07322541970875","73225410010069","2e541c78-d569-4b92-b59c-9bc26a5b7009","01KM0NM5GY8JH3H83T4BZEM4E7",0,0,0,,0,0,,0,,,0,,,,,,,,0,0,"Inco Washable Absorbent Underwear (WAU)",,-203,-197,"STANDARD",," T0499","SE-MF-000000004","Essity Hygiene and Health AB",-11,"{
  ""texts"" : [ {
    ""language"" : {
      ""isoCode"" : ""en"",
      ""name"" : ""English""
    },
    ""text"" : ""Essity Hygiene and Health AB"",
    ""allLanguagesApplicable"" : null
  } ],
  ""textByDefaultLanguage"" : ""Essity Hygiene and Health AB""
}",,-1306,,,,,,,,
3076464,"01KT9Y1GNJGV0A9S9RK7P2V6BK","baca2d9a-cce8-41a3-84b5-8d78a891fc04",,"SYX15-12-12",-67,1,0,0,0,0,1,0,,1,"08435544702639","84355447LTBPTV2","e60fdbe9-68e1-48c5-8605-3ba0c4e15cc5","01KN4YZWRBHBWJDP4JPMZ7Q8X3",0,0,0,,0,1,,0,,,0,,,,,,,0,0,0,,"Laringo-Tracheo-Bronchial Prosthesis and Tubes",-205,-197,"STANDARD",," P0401","ES-MF-000030308","ANIMUS BEYFORD TRADING SL",-11,"{
  ""texts"" : [ {
    ""language"" : {
      ""isoCode"" : ""es"",
      ""name"" : ""Spanish""
    },
    ""text"" : ""ANIMUS BEYFORD TRADING SL"",
    ""allLanguagesApplicable"" : false
  } ]
}","{
  ""texts"" : [ {
    ""language"" : {
      ""isoCode"" : ""es"",
      ""name"" : ""Spanish""
    },
    ""text"" : ""Animus"",
    ""allLanguagesApplicable"" : false
  } ]
}",-1306,,,,,,,,
664731,"01J43NY8BEZ74YJGSW1JVR696T","57d27d66-b2a0-4b78-884d-53d9e479b375","SZcaremed","C410C-158",-74,1,,,0,0,0,0,,1,"06931973433110","B-06931973433110","dccab516-bbd9-431f-badf-f5cf53453405","01J43NY89NAJBF4GPB75N69AGZ",1,0,0,,0,0,,1,,,0,,,,-116,,,,0,0,"SpO2 Sensor","C410C-158",-205,-53,"LEGACY",," C900301","CN-MF-000010579","Shenzhen Caremed Medical Technology Co.,Ltd.",-11,"{
  ""texts"" : [ {
    ""language"" : {
      ""isoCode"" : ""en"",
      ""name"" : ""English""
    },
    ""text"" : ""Shenzhen Caremed Medical Technology Co.,Ltd."",
    ""allLanguagesApplicable"" : null
  } ]
}",,-1306,"SUNGO Europe B.V.","NL-AR-000000247","{
  ""texts"" : [ {
    ""language"" : {
      ""isoCode"" : ""nl"",
      ""name"" : ""Dutch""
    },
    ""text"" : ""SUNGO Europe B.V."",
    ""allLanguagesApplicable"" : null
  } ]
}",,,,,
1292050,"01KA91YTYCTJ5B8X9K36WQF1MS","dc50a12c-eda4-4cf0-8df2-7af61dac09da","ALX Cosmetic Hand, Men, Right, Large, 4","KCH382",-21,1,0,0,0,0,0,0,,1,"05061081784703","506108178ALXBE4X","47938eee-f669-48db-951d-89d4f421170f","01JDVRA2J4BVBNCDAA9W63F5JD",0,0,0,,0,0,,0,,,0,,,,,,,,0,0,"ALX BELOW ELBOW PROSTHESIS","ALX",-203,-197,"STANDARD",," Y061809","UK-MF-000045260","Koalaa Ltd",-11,"{
  ""texts"" : [ {
    ""language"" : {
      ""isoCode"" : ""en"",
      ""name"" : ""English""
    },
    ""text"" : ""Koalaa Ltd"",
    ""allLanguagesApplicable"" : false
  } ]
}",,-1306,"European Healthcare & Device Solutions Ltd.","IE-AR-000003999","{
  ""texts"" : [ {
    ""language"" : {
      ""isoCode"" : ""en"",
      ""name"" : ""English""
    },
    ""text"" : ""European Healthcare & Device Solutions Ltd."",
    ""allLanguagesApplicable"" : null
  } ]
}",,"05061081784703",,,
2487188,"01KRXNTS3B2EEBGAVAYQ5ZA63P","3d7129b7-1f30-48ec-bbca-5a7c1ef612d0","priti®multidisc ZrO₂ Opaque","13107-D985-14A4",-56,1,0,0,0,0,0,0,,1,"04251366901647","42513669ZRO2RQ","2080df23-0585-4f5f-b101-386c9dec325a","01KRGCJC19KYDA8PRHSA8FHHM0",0,0,0,,0,1,,0,,,0,,,,,,,1,0,0,"Dental restorative devices",,-205,-197,"STANDARD",," Q01010199","DE-MF-000006241","pritidenta GmbH",-11,"{
  ""texts"" : [ {
    ""language"" : {
      ""isoCode"" : ""de"",
      ""name"" : ""German""
    },
    ""text"" : ""pritidenta GmbH"",
    ""allLanguagesApplicable"" : null
  } ]
}",,-1306,,,,,,,,
1491387,"01KEB3R5KXC7MM6QV18AYBKH7Q","0d4aa796-cdfd-425c-bf38-f62e8656810e","FX ANTERIOR","6*1SET,SS7,U,C3",-56,1,0,0,0,0,0,0,,1,"SSFXAXSS7XUXC3","B-SSFXAXSS7XUXC3","8883e0ad-ffdb-446f-9784-2baf87721f80","01KEB3R5KCS7K5CVCN6QX7WFJ3",0,0,0,,0,0,,0,,,0,,,,,,,,0,0,,"6*1SET,SS7,U,C3",-204,-53,"LEGACY",," Q01020601","JP-MF-000024849","YAMAHACHI DENTAL MFG., CO.",-11,"{
  ""texts"" : [ {
    ""language"" : {
      ""isoCode"" : ""en"",
      ""name"" : ""English""
    },
    ""text"" : ""YAMAHACHI DENTAL MFG., CO."",
    ""allLanguagesApplicable"" : false
  } ]
}",,-1306,"Obelis s.a.","BE-AR-000000106","{
  ""texts"" : [ {
    ""language"" : {
      ""isoCode"" : ""en"",
      ""name"" : ""English""
    },
    ""text"" : ""Obelis s.a."",
    ""allLanguagesApplicable"" : null
  } ],
  ""textByDefaultLanguage"" : ""Obelis s.a.""
}",,,,,
3612003,"01KXKYV3N4HA8HEDKR3DWC6AX2","4c2f927b-b3c1-4f74-b0e5-4f24a0df47f1",,"107-019-7065",-56,1,0,0,0,0,0,0,,1,"04250869603799","42508696000010009E","af041224-dace-49d5-af28-a4118d8e7853","01KXK4SQ5GJG6JJS88XT703CB8",0,0,0,,0,1,,0,,,0,,,,,,,0,0,0,,"MOSS Family",-205,-197,"STANDARD",," P09070302","DE-MF-000005455","Biedermann Motech GmbH & Co. KG",-11,"{
  ""texts"" : [ {
    ""language"" : {
      ""isoCode"" : ""de"",
      ""name"" : ""German""
    },
    ""text"" : ""Biedermann Motech GmbH & Co. KG"",
    ""allLanguagesApplicable"" : null
  } ],
  ""textByDefaultLanguage"" : null
}","{
  ""texts"" : [ {
    ""language"" : {
      ""isoCode"" : ""de"",
      ""name"" : ""German""
    },
    ""text"" : ""BM"",
    ""allLanguagesApplicable"" : null
  } ],
  ""textByDefaultLanguage"" : null
}",-1306,,,,,,,,
1460562,"01KDCVSK91172VK8ZVK9XHTC08","1dbe6186-9d80-4bf6-91ce-7dbbf4e0ea8a","EFUCERA-P","20PCS,30,UR7,C4",-56,1,0,0,0,0,0,0,,1,"PUEFPXX30R7XC4","B-PUEFPXX30R7XC4","7c465bc2-9674-4b89-b6f8-46b0f1931b10","01KDCVSK8Q7R7H4JMVH0RAZ3G8",0,0,0,,0,0,,0,,,0,,,,,,,,0,0,,"20PCS,30,UR7,C4",-204,-53,"LEGACY",," Q01020601","JP-MF-000024849","YAMAHACHI DENTAL MFG., CO.",-11,"{
  ""texts"" : [ {
    ""language"" : {
      ""isoCode"" : ""en"",
      ""name"" : ""English""
    },
    ""text"" : ""YAMAHACHI DENTAL MFG., CO."",
    ""allLanguagesApplicable"" : false
  } ]
}",,-1306,"Obelis s.a.","BE-AR-000000106","{
  ""texts"" : [ {
    ""language"" : {
      ""isoCode"" : ""en"",
      ""name"" : ""English""
    },
    ""text"" : ""Obelis s.a."",
    ""allLanguagesApplicable"" : null
  } ],
  ""textByDefaultLanguage"" : ""Obelis s.a.""
}",,,,,
1669582,"01KJD4NCG4VK593SVMAD0RR3EK","0b2fd93c-6e61-44d3-b18d-4c138afb71d8","NICHROMINOX","PN182703-5",-74,1,0,0,0,0,0,1,,1,"03701475312564","37014753Boites&SupInoxWP","befd66d9-ec39-4001-94ab-850e04e8545b","01JYH550AAM3PGG6JFT4K1R9NN",0,0,0,,0,0,,0,,,0,,,,-116,,,,0,0,,"STAINLESS STEEL INSTRUMENT HOLDERS",-203,-197,"STANDARD",," L15900699","FR-MF-000000181","NICHROMINOX",-11,"{
  ""texts"" : [ {
    ""language"" : {
      ""isoCode"" : ""fr"",
      ""name"" : ""French""
    },
    ""text"" : ""NICHROMINOX"",
    ""allLanguagesApplicable"" : null
  } ]
}","{
  ""texts"" : [ {
    ""language"" : {
      ""isoCode"" : ""fr"",
      ""name"" : ""French""
    },
    ""text"" : ""NICHROMINOX"",
    ""allLanguagesApplicable"" : null
  } ]
}",-1306,,,,,,,,
118835,"01G7F9F2P11A5ZRVQG97WFQM3H","b6346a79-3f0e-41f9-9032-fad18cf8dcf6","Fluorescent Ortho-Jet","2820FRFB",-74,1,0,0,0,0,0,0,,1,"D6502820FRFB0","++D650136X","feea558e-8085-4126-8a31-d9c75b7b26b3","01FXTY67T0AT2FW8X5HP5KAN2T",0,0,0,,0,0,,0,,,0,,,,,,,,0,0,"Orthodontic Acrylic",,-203,-197,"STANDARD",," Q010699","US-MF-000003646","Lang Dental Manufacturing Company, Inc.",-11,"{
  ""texts"" : [ {
    ""language"" : {
      ""isoCode"" : ""en"",
      ""name"" : ""English""
    },
    ""text"" : ""Lang Dental Manufacturing Company, Inc."",
    ""allLanguagesApplicable"" : null
  } ]
}","{
  ""texts"" : [ {
    ""language"" : {
      ""isoCode"" : ""en"",
      ""name"" : ""English""
    },
    ""text"" : ""Lang Dental Mfg. Co., Inc."",
    ""allLanguagesApplicable"" : null
  } ]
}",-1306,"MediMark Europe Sarl.","FR-AR-000000182","{
  ""texts"" : [ {
    ""language"" : {
      ""isoCode"" : ""en"",
      ""name"" : ""English""
    },
    ""text"" : ""MediMark Europe Sarl."",
    ""allLanguagesApplicable"" : false
  } ]
}",,,,,
2252382,"01KR0P3RBW5CAKY9K9GZ200SVQ","d51cf055-1eea-4c4f-8f6e-4332750377c5","X-GPS WALKER MEN ALL BLACK 2E STL.41","XR707W",-192,1,0,0,0,0,0,0,,1,"00840274231591","08402742InstrideKD","e222cba8-b45d-495f-b542-19ec76065fe4","01KQ9DHP1YFJZAW9SVX7H1QDBN",0,0,0,,0,0,,0,,,0,,,,,,,,0,0,"XELERO",,-203,-197,"STANDARD",," Y063303","US-MF-000026276","Instride Shoes LLC",-11,"{
  ""texts"" : [ {
    ""language"" : {
      ""isoCode"" : ""en"",
      ""name"" : ""English""
    },
    ""text"" : ""Instride Shoes LLC"",
    ""allLanguagesApplicable"" : false
  } ]
}","{
  ""texts"" : [ {
    ""language"" : {
      ""isoCode"" : ""en"",
      ""name"" : ""English""
    },
    ""text"" : ""Instride Shoes"",
    ""allLanguagesApplicable"" : false
  } ]
}",-1306,"Code of Practice AB","SE-AR-000003002","{
  ""texts"" : [ {
    ""language"" : {
      ""isoCode"" : ""sv"",
      ""name"" : ""Swedish""
    },
    ""text"" : ""Code of Practice AB"",
    ""allLanguagesApplicable"" : false
  } ]
}",,,,,
1896324,"01KN5ZSHTY538QJG9KEM9Z4Z7H","bf95b284-5d68-4840-8e78-e6c7776794fa","Prosert®","AM1T2UXL24,+29.5D",-56,1,0,0,0,0,1,0,,1,"06923033633134","B-06923033633134","3a59d2f2-2c9b-4a26-8a11-a99b5e80c3f4","01KN5ZSHTH0GPT6W35P4AQW5SB",0,0,0,,0,1,,0,,,0,,,,,,,,0,0,"Preloaded Intraocular Lens System","AM1T2UXL24,+29.5D",-205,-53,"LEGACY",," P030102100301","CN-MF-000003041","Eyebright Medical Technology (Beijing) Co., Ltd.",-11,"{
  ""texts"" : [ {
    ""language"" : {
      ""isoCode"" : ""en"",
      ""name"" : ""English""
    },
    ""text"" : ""Eyebright Medical Technology (Beijing) Co., Ltd."",
    ""allLanguagesApplicable"" : null
  } ],
  ""textByDefaultLanguage"" : ""Eyebright Medical Technology (Beijing) Co., Ltd.""
}",,-1306,"Lotus NL B.V.","NL-AR-000000121","{
  ""texts"" : [ {
    ""language"" : {
      ""isoCode"" : ""en"",
      ""name"" : ""English""
    },
    ""text"" : ""Lotus NL B.V."",
    ""allLanguagesApplicable"" : null
  } ]
}",,,,,
1014250,"01JZ3EZZR8XGGHTWFY5DPYJVZ9","fc3554e4-2abc-442d-b9ab-592329c8e813","Hu-Friedy","CRO3",-56,1,0,0,0,0,0,1,,1,"10889950007096","0889950Hold1H4","047b3d26-0a9c-49ff-9fde-22095458632c","01JYPNYVAYTQF3F5H8M36PSK3P",0,0,0,,0,0,,0,,,0,,,,,,,,0,0,,"Dental Devices",-203,-197,"STANDARD",," L150202","US-MF-000017104","Hu-Friedy Manufacturing Co., LLC",-11,"{
  ""texts"" : [ {
    ""language"" : {
      ""isoCode"" : ""en"",
      ""name"" : ""English""
    },
    ""text"" : ""Hu-Friedy Manufacturing Co., LLC"",
    ""allLanguagesApplicable"" : null
  } ],
  ""textByDefaultLanguage"" : ""Hu-Friedy Manufacturing Co., LLC""
}","{
  ""texts"" : [ {
    ""language"" : {
      ""isoCode"" : ""en"",
      ""name"" : ""English""
    },
    ""text"" : ""Hu-Friedy Mfg. Co., LLC"",
    ""allLanguagesApplicable"" : null
  } ],
  ""textByDefaultLanguage"" : ""Hu-Friedy Mfg. Co., LLC""
}",-1306,"Hu-Friedy Europe LLC & Co. KG","DE-AR-000005530","{
  ""texts"" : [ {
    ""language"" : {
      ""isoCode"" : ""de"",
      ""name"" : ""German""
    },
    ""text"" : ""Hu-Friedy Europe LLC & Co. KG"",
    ""allLanguagesApplicable"" : null
  } ],
  ""textByDefaultLanguage"" : null
}",,,,,
2524390,"01KS0R9MCY76ZGVSSNV5H44X6H","975b442d-5b0b-4a98-8a9b-f9f180fdadc3","Style SEMITRANSPARENT","323784",-56,1,0,0,0,0,0,0,,1,"07613378221583","7611711SSEFK","35b5b2d2-ca51-4d18-a364-c66f1b1d2a69","01KS0Q34B0W2PH0QZC0C8Z9XVJ",0,0,0,,0,0,,0,,,0,,,,,,,,0,0,,"Style SEMITRANSPARENT",-203,-197,"STANDARD",," M030405","CH-MF-000015565","SIGVARIS AG",-11,"{
  ""texts"" : [ {
    ""language"" : {
      ""isoCode"" : ""de"",
      ""name"" : ""German""
    },
    ""text"" : ""SIGVARIS AG"",
    ""allLanguagesApplicable"" : null
  } ],
  ""textByDefaultLanguage"" : null
}","{
  ""texts"" : [ {
    ""language"" : {
      ""isoCode"" : ""de"",
      ""name"" : ""German""
    },
    ""text"" : ""SSG"",
    ""allLanguagesApplicable"" : null
  } ],
  ""textByDefaultLanguage"" : null
}",-1306,"Sigvaris GmbH","DE-AR-000010016","{
  ""texts"" : [ {
    ""language"" : {
      ""isoCode"" : ""de"",
      ""name"" : ""German""
    },
    ""text"" : ""Sigvaris GmbH"",
    ""allLanguagesApplicable"" : null
  } ]
}",,,,,
548640,"01HV9B4CYZR8SKYKH5CYJQXKMQ","5d6d1d5f-b492-4e72-8fea-fc937f9f5da4","AYSAM","A33705085",-245,1,,,0,0,0,1,,1,"08684543835941","B-08684543835941","21b99554-e320-45c2-9b37-b09e40470e32","01HV9B4CX25CZXB3S6TCHAW7J6",0,0,0,,0,1,,0,,,0,,,,-116,,,,0,0,"DUSUK PROFIL SPONGIOZ VIDA TAMAMI YIVLI TITANYUM (LOW PROFILE LOCKING CANCELLOUS SCREW FULL THREADED TITANIUM) 5,0 X 85 MM","A33705085",-205,-53,"LEGACY",," P09120602","TR-MF-000017437","Aysam Ortopedi ve Tıbbi Aletler Sanayi ve Ticaret Limited Şirketi",-11,"{
  ""texts"" : [ {
    ""language"" : null,
    ""text"" : ""Aysam Ortopedi ve Tıbbi Aletler Sanayi ve Ticaret Limited Şirketi"",
    ""allLanguagesApplicable"" : true
  } ]
}","{
  ""texts"" : [ {
    ""language"" : null,
    ""text"" : ""Aysam Ortopedi"",
    ""allLanguagesApplicable"" : true
  } ]
}",-1306,,,,,,,,
4688312,"01M3A2MCHJ587D1ASQ6WMWGAPC","04fbf022-5c0a-4c4f-9fba-dbfdaa481832","Lastofa","015104082442S0",-56,1,0,0,0,0,0,0,,1,"04052727372485","4018839K019G","9a3a9ab3-d2ac-444c-92d4-76f226b5a6fa","01KTP84J98X84HQ0AE8RCSYQRD",0,0,0,,0,0,,0,,,0,,,,,,,,0,0,"Rundstrick","Rundstrick",-203,-197,"STANDARD",," M030405","DE-MF-000008470","Ofa Bamberg GmbH",-11,"{
  ""texts"" : [ {
    ""language"" : {
      ""isoCode"" : ""de"",
      ""name"" : ""German""
    },
    ""text"" : ""Ofa Bamberg GmbH"",
    ""allLanguagesApplicable"" : null
  } ]
}","{
  ""texts"" : [ {
    ""language"" : {
      ""isoCode"" : ""de"",
      ""name"" : ""German""
    },
    ""text"" : ""Ofa"",
    ""allLanguagesApplicable"" : null
  } ]
}",-1306,,,,,"04052727372485",,,
675040,"01J55JEX5Q5PP680PXQZG5RMJC","2c50b31e-54bf-45fe-ad19-79df874e911a","Neoversal®","AWC4L40",-56,1,0,0,0,0,0,0,,1,"J017AWC4L400","++J017AA2PG","a4203def-d1c8-481b-92b3-5a2ef5605c44","01J1WN4EB0NGAGE94NRQAS9N62",0,0,0,,0,0,,0,,,0,,,,,,,,0,0,"Artificial teeth",,-204,-197,"STANDARD",," Q010699","DE-MF-000005906","VITA Zahnfabrik H. Rauter GmbH & Co. KG",-11,"{
  ""texts"" : [ {
    ""language"" : {
      ""isoCode"" : ""de"",
      ""name"" : ""German""
    },
    ""text"" : ""VITA Zahnfabrik H. Rauter GmbH & Co. KG"",
    ""allLanguagesApplicable"" : null
  } ],
  ""textByDefaultLanguage"" : null
}","{
  ""texts"" : [ {
    ""language"" : {
      ""isoCode"" : ""de"",
      ""name"" : ""German""
    },
    ""text"" : ""VITA"",
    ""allLanguagesApplicable"" : null
  } ],
  ""textByDefaultLanguage"" : null
}",-1306,,,,,,,,
1200951,"01K6FE3WVQ7A58SH1N70GB4S86","acd0fa35-3df3-434d-8c2a-91956f75945f","Gauze Compress (Sponge) 10cm x 10cm 4 folds 20 wires With X-ray Non-sterile","ESY51620",-87,1,0,0,0,0,0,1,,1,"08684072251250","86840722ESY50000C69","d226f2a8-2e06-407c-9d06-64f71b2ab7a7","01JC0H3Q4BKJ2VJGDRV3RBJENT",0,0,0,,0,0,,0,,,0,,,,,,,,0,0,"Sponge and Abdominal Compress With X-ray Non-Sterile",,-204,-197,"STANDARD",," M0201020202","TR-MF-000028279","ERMED TIP MEDİKAL TİCARET A.Ş.",-11,"{
  ""texts"" : [ {
    ""language"" : {
      ""isoCode"" : ""en"",
      ""name"" : ""English""
    },
    ""text"" : ""ERMED TIP MEDİKAL TİCARET A.Ş."",
    ""allLanguagesApplicable"" : false
  } ]
}","{
  ""texts"" : [ {
    ""language"" : {
      ""isoCode"" : ""en"",
      ""name"" : ""English""
    },
    ""text"" : ""ERMED TIP MEDİKAL A.Ş."",
    ""allLanguagesApplicable"" : false
  } ]
}",-1306,,,,,"08684072251250",,,
658429,"01J3DEQ27611PZW2V01W4YTSH3","59df4a6b-f5e9-4d99-bee4-0450bce666d1","STA® - Fibrinogen 5","00674",-74,1,,,,,0,0,0,1,"13607450006749","36074509FIB00014Y","3f899e8d-ef43-47fb-9826-afe481ecb17b","01J3DEGWSHZ5WW3FNZEAPRHQHZ",,,1,0,1,,1,,0,0,,0,,1,,0,1,,,,"STA® - Fibrinogen 5",,-200,-198,"STANDARD",," W0103020201","FR-MF-000017089","Diagnostica Stago",-11,"{
  ""texts"" : [ {
    ""language"" : {
      ""isoCode"" : ""fr"",
      ""name"" : ""French""
    },
    ""text"" : ""Diagnostica Stago"",
    ""allLanguagesApplicable"" : null
  } ]
}","{
  ""texts"" : [ {
    ""language"" : {
      ""isoCode"" : ""fr"",
      ""name"" : ""French""
    },
    ""text"" : ""Diagnostica Stago"",
    ""allLanguagesApplicable"" : null
  } ]
}",-1306,,,,"03607450006742",,,,
1731824,"01KKK828YGX4Y2T9HQFABTAC19","8e5286d3-2971-467b-8a2d-b05decd7c0d5","GUANTE LÁTEX SIN POLVO NEW MARK – T.M","118411",-67,1,0,0,1,0,0,0,,1,"08431026118417","8431026Gloves/L/SP/EXHR","0c0bf81b-474c-415b-8e0e-a725c7607990","01KKK4QNBJJJEMAYCS9KDA0JZP",0,0,0,,0,0,,0,,,0,,,,,,,,0,0,"GUANTES DE LÁTEX SIN POLVO PARA EXAMEN",,-203,-197,"STANDARD",," T010201","ES-MF-000000738","Sanicen S.A.",-11,"{
  ""texts"" : [ {
    ""language"" : {
      ""isoCode"" : ""es"",
      ""name"" : ""Spanish""
    },
    ""text"" : ""Sanicen S.A."",
    ""allLanguagesApplicable"" : null
  } ]
}","{
  ""texts"" : [ {
    ""language"" : {
      ""isoCode"" : ""es"",
      ""name"" : ""Spanish""
    },
    ""text"" : ""Sanicen S.A."",
    ""allLanguagesApplicable"" : null
  } ]
}",-1306,,,,,,,,
174434,"01GG9YATY76FDNT7FRS8KGH2X8","b35573a1-cae4-4d17-b5f9-4fe3e3c2374b","BENFIX TRIPLE ACCION 50 g","ES0003670",-67,1,0,0,0,0,0,0,,1,"08413647036707","8413647ULTRASINSABORVZ","ba7e34d4-693e-4a1e-ab1d-2164b2724bc0","01GG9Y6XFG14ZS5FWHBEMXPR08",0,0,0,,0,0,,0,,,0,,,,-117,,,,0,0,,"FORMULA ULTRAFUERTE SIN SABOR",-203,-197,"STANDARD",," P01020180","ES-MF-000000629","Laboratorios URGO S.L.",-11,"{
  ""texts"" : [ {
    ""language"" : {
      ""isoCode"" : ""es"",
      ""name"" : ""Spanish""
    },
    ""text"" : ""Laboratorios URGO S.L."",
    ""allLanguagesApplicable"" : null
  } ],
  ""textByDefaultLanguage"" : null
}",,-1306,,,,,"08413647036707",,,
2706501,"01KSHRDAHZQKREA6VV720MFA9K","73d850c0-4a9e-43cb-a7df-67c376baa2ed","FinnComfort","01508-828046",-56,1,0,0,1,0,0,0,,1,"04030457520727","4030457-FinnCo-001-MN","3f3b99d2-4122-41dd-aeb4-f7c39ddbf3fc","01KR3AHVVTKD99Q52VK8V9XTW7",0,0,0,,0,0,,0,,,0,,,,,,,,0,0,"FinnComfort",,-203,-197,"STANDARD",," Y063303","DE-MF-000016907","Waldi Schuhfabrik GmbH",-11,"{
  ""texts"" : [ {
    ""language"" : {
      ""isoCode"" : ""de"",
      ""name"" : ""German""
    },
    ""text"" : ""Waldi Schuhfabrik GmbH"",
    ""allLanguagesApplicable"" : null
  } ]
}","{
  ""texts"" : [ {
    ""language"" : {
      ""isoCode"" : ""de"",
      ""name"" : ""German""
    },
    ""text"" : ""FinnComfort"",
    ""allLanguagesApplicable"" : null
  } ]
}",-1306,,,,,"04030457520727",,,
487057,"01HQ5GQQQQD15XKK0B5JBH7SZP","7c8ddaf7-51a2-4dae-abb0-020dd615e946","SIORA","Ti.131.106",-58,1,,,0,0,0,1,,1,"08907536029807","B-08907536029807","61717c1f-a7be-4941-97e6-6e4b1d52faf2","01HQ5GQQMFPBYXW4PSMT24YSDS",0,0,0,,0,1,,0,,,0,,,,,,,,0,0,"Quarter Tubular Plate-2.7mm, 6 Holes","Ti.131.106",-205,-53,"LEGACY",," P09120503","IN-MF-000036226","SIORA SURGICALS PVT. LTD.",-11,"{
  ""texts"" : [ {
    ""language"" : {
      ""isoCode"" : ""en"",
      ""name"" : ""English""
    },
    ""text"" : ""SIORA SURGICALS PVT. LTD."",
    ""allLanguagesApplicable"" : false
  } ]
}",,-1306,"Europecert UG (haftungsbeschränkt)","DE-AR-000004974","{
  ""texts"" : [ {
    ""language"" : {
      ""isoCode"" : ""de"",
      ""name"" : ""German""
    },
    ""text"" : ""Europecert UG (haftungsbeschränkt)"",
    ""allLanguagesApplicable"" : null
  } ]
}",,,,,
1723707,"01KKH45BP1R86KNZG479ZTG8EX","e00b2217-f4b4-49ba-bf61-7b4951a073fc","CONTROLLO P","FCC50-2-2",-108,1,,,,,0,0,,1,"D-CONTROLLO-PD4","B-CONTROLLO-PD4","2078b7a3-07ce-442c-8358-ed07762db1c9","01KKH45BNMYC1PAWFZ5QB0REV4",,,0,0,0,,1,,0,0,,0,,1,,0,1,,,,"CONTROLLO P","FCC50-2-2",-157,-55,"LEGACY",," W0101050101","IT-MF-000046539","FUTURLAB S.R.L.",-11,"{
  ""texts"" : [ {
    ""language"" : {
      ""isoCode"" : ""it"",
      ""name"" : ""Italian""
    },
    ""text"" : ""FUTURLAB S.R.L."",
    ""allLanguagesApplicable"" : false
  } ]
}","{
  ""texts"" : [ {
    ""language"" : {
      ""isoCode"" : ""it"",
      ""name"" : ""Italian""
    },
    ""text"" : ""FUTURLAB"",
    ""allLanguagesApplicable"" : false
  } ]
}",-1306,,,,,,,,
520553,"01HR7M78296GSM1ZT0SBC6GE9D","88fd7f85-0797-4013-a991-7ac67b56a6ef","Ortimplant","O5319207",-245,1,,,0,0,0,1,,2,"08680941119966","B-08680941119966","6e77b287-08be-4f75-be92-83372bac82fe","01HR7M77ZS04X5CYDWJHTPT50E",0,0,0,,0,1,,0,,,0,,,,-116,,,,0,0,"3,5 MM Y-DISTAL HUMERUS LOCKING PLAK 1 ÇELİK 7 DELİK SAĞ (3,5 MM Y-DISTAL HUMERUS LOCKING PLATE 1 SS 7 HOLES RIGHT)","O5319207",-205,-53,"LEGACY",," P09120501","TR-MF-000017438","Ortimplant Ortopedi ve Tıbbi Aletleri Sanayi Ticaret Limited Şirketi",-11,"{
  ""texts"" : [ {
    ""language"" : null,
    ""text"" : ""Ortimplant Ortopedi ve Tıbbi Aletleri Sanayi Ticaret Limited Şirketi"",
    ""allLanguagesApplicable"" : true
  } ]
}","{
  ""texts"" : [ {
    ""language"" : null,
    ""text"" : ""Ortimplant Ortopedi"",
    ""allLanguagesApplicable"" : true
  } ]
}",-1306,,,,,,,,
2430112,"01KRNQXKMFHMKGZ1KJVH56YJBA","7cd6f3fd-f9ab-46a5-8988-4efdce6c9bd1","EYE DRAPE WITHOUT LCP SMS","OSD2204",-56,1,,,0,0,1,0,,1,"08699243101265","B-08699243101265","78d26e1e-c954-4575-b602-44987b250e4b","01KRNQXKKVTE65AFGS2232VDX8",0,0,0,,0,0,,0,,,0,,,,,,,,0,0,"EYE DRAPE WITHOUT LCP SMS","OSD2204",-203,-53,"LEGACY",," T020199","TR-MF-000021855","OPTİMAL SAĞLIK ÜRÜN. SAN. VE DIŞ TİC. LTD. ŞTİ.",-11,"{
  ""texts"" : [ {
    ""language"" : {
      ""isoCode"" : ""en"",
      ""name"" : ""English""
    },
    ""text"" : ""OPTİMAL SAĞLIK ÜRÜN. SAN. VE DIŞ TİC. LTD. ŞTİ."",
    ""allLanguagesApplicable"" : false
  } ]
}","{
  ""texts"" : [ {
    ""language"" : {
      ""isoCode"" : ""en"",
      ""name"" : ""English""
    },
    ""text"" : ""Optimal Saglik"",
    ""allLanguagesApplicable"" : false
  } ]
}",-1306,,,,,,,,
4013342,"01KZZPZJTF8P6RJ43VP4CCNMJ8","2dbbb995-ac9a-403c-9dc3-a52cc69ff09a","lattice Flow Diversion Stent","AF5606FB",-175,1,0,0,0,0,1,0,,1,"06973971267038","697397126LATTICE8A","f7845e1d-82b5-4c27-9e5c-d9e15906da6d","01KZT1S962RPKHY8M8G4501RJR",0,0,0,,0,1,,0,,,0,,,,,,,,0,0,"lattice Flow Diversion Stent",,-10,-197,"STANDARD",," P07040199","CN-MF-000048745","AccuMedical Inc.",-11,"{
  ""texts"" : [ {
    ""language"" : {
      ""isoCode"" : ""en"",
      ""name"" : ""English""
    },
    ""text"" : ""AccuMedical Inc."",
    ""allLanguagesApplicable"" : false
  } ]
}",,-1306,"Debao International GmbH","DE-AR-000046097","{
  ""texts"" : [ {
    ""language"" : {
      ""isoCode"" : ""de"",
      ""name"" : ""German""
    },
    ""text"" : ""Debao International GmbH"",
    ""allLanguagesApplicable"" : false
  } ],
  ""textByDefaultLanguage"" : null
}",,,,,
495307,"01HQMSD1S7CSWRB4RM8P2MPM0K","766ea361-980e-4f1d-9a28-2c872552ecbf","ATLAS","AA856.02",-245,1,0,0,0,0,0,1,,1,"08683779095297","8683255ATLAS55KNTYNRNE","6396e0fb-8346-400f-b61c-e384a4c81f63","01HQK2MR2M6A5M1XPEM71S44GB",0,0,0,,0,0,,0,,,1,,,,,,,,0,0,"STERILIZATION CONTAINER SYSTEMS","ATLAS",-203,-197,"STANDARD",," S010401","TR-MF-000020246","ATLAS CERRAHİ ALETLER LTD. ŞTİ.",-11,"{
  ""texts"" : [ {
    ""language"" : null,
    ""text"" : ""ATLAS CERRAHİ ALETLER LTD. ŞTİ."",
    ""allLanguagesApplicable"" : true
  } ]
}","{
  ""texts"" : [ {
    ""language"" : null,
    ""text"" : ""ATLAS"",
    ""allLanguagesApplicable"" : true
  } ]
}",-1306,,,,,,,,
808821,"01JHSH2G1VHYA5GVYNBH49FX6C","ff31d733-cc78-4883-8d4f-e4976e870b0d","Spo2 sensor","SSD-013-S09PI",-58,1,,,0,0,0,0,,1,"06941691928324","B-06941691928324","f3db8979-8a2a-4b14-a544-de95030f4fc1","01JHSH2FZ8HHK2EW4H143VZ9T1",1,0,0,,0,0,,0,,,0,,,,,,,,0,0,"Spo2 sensor","SSD-013-S09PI",-205,-53,"LEGACY",," C900301","CN-MF-000013859","Orantech Inc.",-11,"{
  ""texts"" : [ {
    ""language"" : {
      ""isoCode"" : ""en"",
      ""name"" : ""English""
    },
    ""text"" : ""Orantech Inc."",
    ""allLanguagesApplicable"" : null
  } ],
  ""textByDefaultLanguage"" : ""Orantech Inc.""
}","{
  ""texts"" : [ {
    ""language"" : {
      ""isoCode"" : ""en"",
      ""name"" : ""English""
    },
    ""text"" : ""Orantech Inc."",
    ""allLanguagesApplicable"" : null
  } ],
  ""textByDefaultLanguage"" : ""Orantech Inc.""
}",-1306,"Medten EU ApS","DK-AR-000034434","{
  ""texts"" : [ {
    ""language"" : {
      ""isoCode"" : ""en"",
      ""name"" : ""English""
    },
    ""text"" : ""Medten EU ApS"",
    ""allLanguagesApplicable"" : false
  } ]
}",,,,,
1655199,"01KJ2S2SEP77RBXC4CPBTV2G5C","bc038316-2e46-4e9f-9bd4-2d45c8180837","Férula pasiva corta de muñeca y pulgar (Quervain) XLL","949C XLL",-67,1,0,0,0,0,0,0,,1,"08434048212064","843404825ORTESISMANOSXD","a84c5f2b-9cb5-40f1-b94f-28c90b116225","01JTNPQP7E75VP92D5P7QCRWMT",0,0,0,,0,0,,0,,,0,,,,,,,,0,0,"Ortesis de Mano, Muñeca y/o Dedos",,-203,-197,"STANDARD",," Y060613","ES-MF-000004651","PRIM, S.A.",-11,"{
  ""texts"" : [ {
    ""language"" : {
      ""isoCode"" : ""es"",
      ""name"" : ""Spanish""
    },
    ""text"" : ""PRIM, S.A."",
    ""allLanguagesApplicable"" : null
  } ]
}","{
  ""texts"" : [ {
    ""language"" : {
      ""isoCode"" : ""es"",
      ""name"" : ""Spanish""
    },
    ""text"" : ""PRIM, S.A."",
    ""allLanguagesApplicable"" : null
  } ]
}",-1306,,,,,,,,
4104563,"01M0HJ6C8XNMPJSNYW4T4G1EPK","593598e0-7c0c-42d2-9b3e-716f8f49fa91","Mozec™ PTA 0.035""","MO35030080B",-96,1,0,0,0,0,1,0,,1,"18906029358971","89042249OPTABDC0357M","678f66c5-353c-4234-81a4-a22b3480a020","01M0EZ38D12490WMN5TAG920FH",0,0,0,,0,0,,0,,,0,,,,,,,,0,0,"Mozec™ PTA Balloon Dilatation Catheter (OTW 0.035"")",,-204,-197,"STANDARD",," C010402020101","IN-MF-000008308","Meril Life Sciences Pvt. Ltd.",-11,"{
  ""texts"" : [ {
    ""language"" : {
      ""isoCode"" : ""en"",
      ""name"" : ""English""
    },
    ""text"" : ""Meril Life Sciences Pvt. Ltd."",
    ""allLanguagesApplicable"" : null
  } ]
}",,-1306,"Obelis s.a.","BE-AR-000000106","{
  ""texts"" : [ {
    ""language"" : {
      ""isoCode"" : ""en"",
      ""name"" : ""English""
    },
    ""text"" : ""Obelis s.a."",
    ""allLanguagesApplicable"" : null
  } ],
  ""textByDefaultLanguage"" : ""Obelis s.a.""
}",,"18906029358971",,,
4309236,"01M1P333PCTJXVH7QMQ5B7SNRN","428bbd9b-b879-4fc8-b1f6-ded2538a48e6","SUPPORT SPARE Dreama Positioning Pad X Large","DM11",-163,1,0,0,0,1,0,0,,1,"05056235204381","50562352POSTURESYSACC4F","a9ba82e5-427b-4d05-aa94-de2e7b32cc36","01KT6F9EP0C733K7J5ASRXDHWF",1,0,0,,0,0,,0,,,1,,,,,,,,0,0,"Accessories",,-203,-197,"STANDARD",," Y180980","GB-MF-000016540","Jenx Limited",-11,"{
  ""texts"" : [ {
    ""language"" : {
      ""isoCode"" : ""en"",
      ""name"" : ""English""
    },
    ""text"" : ""Jenx Limited"",
    ""allLanguagesApplicable"" : null
  } ],
  ""textByDefaultLanguage"" : ""Jenx Limited""
}","{
  ""texts"" : [ {
    ""language"" : {
      ""isoCode"" : ""en"",
      ""name"" : ""English""
    },
    ""text"" : ""Jenx Ltd."",
    ""allLanguagesApplicable"" : null
  } ],
  ""textByDefaultLanguage"" : ""Jenx Ltd.""
}",-1306,"Advena Limited","MT-AR-000000234","{
  ""texts"" : [ {
    ""language"" : {
      ""isoCode"" : ""en"",
      ""name"" : ""English""
    },
    ""text"" : ""Advena Limited"",
    ""allLanguagesApplicable"" : null
  } ]
}",,,,,
2132924,"01KQ952A82CFFT68F0R2VHM8KG","67176ad5-3d39-4986-a833-908c62c7a2fc",,"80ml",-13,1,,,,,0,0,0,1,"06978268032092","697826803KWSCVF","fcb46fc8-bb74-4e69-a082-e02c78384ea9","01JJ6ZV7DAZ9T94DCGDCH0R0RY",,,0,0,0,,0,,0,0,,0,,0,,0,0,,,,"Stool Container ","5ml/10m/12ml/15ml/20ml/25ml/30ml/40ml/60ml/80ml/90ml/100ml/ 120ml/160ml/170ml/180ml/ 250ml/500ml/1L/2L",-199,-198,"STANDARD",," W05019001","CN-MF-000045900","Taizhou Kangwei Medical Instrument Co., Ltd.",-11,"{
  ""texts"" : [ {
    ""language"" : {
      ""isoCode"" : ""en"",
      ""name"" : ""English""
    },
    ""text"" : ""Taizhou Kangwei Medical Instrument Co., Ltd."",
    ""allLanguagesApplicable"" : false
  } ]
}",,-1306,"SUNGO Europe B.V.","NL-AR-000000247","{
  ""texts"" : [ {
    ""language"" : {
      ""isoCode"" : ""nl"",
      ""name"" : ""Dutch""
    },
    ""text"" : ""SUNGO Europe B.V."",
    ""allLanguagesApplicable"" : null
  } ]
}",,,,,
4459009,"01M2NE6V98VW4VEPRCSHZWSAJH","98f8b67e-a328-4a8a-8ed5-cd18613be781","Astrolabe","26.26.09.27010",-180,1,,,0,0,0,1,,1,"05600432801722","B-05600432801722","74a40340-d185-44bb-a57c-c84d0da5290c","01M2NE6V8QGVFN6TK4MKY6QG2M",0,0,0,,0,1,,0,,,0,,,,,,,,0,0,"Special Locking Plate, Ti, Clover, 10 Holes - 2,7mm Inferior Extremity","Special Locking Plate - Clover",-205,-53,"LEGACY",," P09120599","PT-MF-000016588","Astrolabe - Fabricação de Implantes Médicos, Lda",-11,"{
  ""texts"" : [ {
    ""language"" : {
      ""isoCode"" : ""pt"",
      ""name"" : ""Portuguese""
    },
    ""text"" : ""Astrolabe - Fabricação de Implantes Médicos, Lda"",
    ""allLanguagesApplicable"" : null
  } ]
}","{
  ""texts"" : [ {
    ""language"" : {
      ""isoCode"" : ""pt"",
      ""name"" : ""Portuguese""
    },
    ""text"" : ""Astrolabe, Lda"",
    ""allLanguagesApplicable"" : null
  } ]
}",-1306,,,,,,,,
3544099,"01KXDBBCWHDRJMV4KM1RXHEWAJ","e9cac077-37b7-4cac-b199-3a41396303ae","HATFIELD Löffel scharf fig.6 gerade 23 cm lang 10x17 mm","32-5006-06",-56,1,0,0,0,0,0,1,,1,"04250379846600","4250485300000028ZB","cf479e8a-4b61-4b68-a166-ba59e21e64f8","01KVEZP6VSPG8TVTMD24SB9X9F",0,0,0,,0,0,,0,,,1,,,,,,,,0,0,,"Kürette",-203,-197,"STANDARD",," L050901","DE-MF-000005528","Zepf Medical Instruments GmbH",-11,"{
  ""texts"" : [ {
    ""language"" : {
      ""isoCode"" : ""de"",
      ""name"" : ""German""
    },
    ""text"" : ""Zepf Medical Instruments GmbH"",
    ""allLanguagesApplicable"" : null
  } ]
}","{
  ""texts"" : [ {
    ""language"" : {
      ""isoCode"" : ""de"",
      ""name"" : ""German""
    },
    ""text"" : ""Zepf Medical Instruments "",
    ""allLanguagesApplicable"" : null
  } ]
}",-1306,,,,,"04250379846600",,,
403057,"01HH4002B3Y80323B65NJFXNYN","d30cae80-1317-415a-a1a5-52e3d3b56602","Isolation Gown","Disposable Isolation Gown with full sleeves XL",-56,1,0,0,0,0,0,0,,1,"16924682950419","69246829HX008RG","3b061b28-466d-44be-9073-2e03501db7ea","01HH3P5ZWMPQJYZ8D2KJA2KWY9",0,0,0,,0,0,,0,,,0,,,,,,,,0,0,"Isolation Gown",,-203,-197,"STANDARD",," T0205","CN-MF-000032917","Suzhou Hengxiang Import & Export Co., Ltd.",-11,"{
  ""texts"" : [ {
    ""language"" : {
      ""isoCode"" : ""en"",
      ""name"" : ""English""
    },
    ""text"" : ""Suzhou Hengxiang Import & Export Co., Ltd."",
    ""allLanguagesApplicable"" : false
  } ]
}",,-1306,"MedPath GmbH","DE-AR-000000087","{
  ""texts"" : [ {
    ""language"" : {
      ""isoCode"" : ""de"",
      ""name"" : ""German""
    },
    ""text"" : ""MedPath GmbH"",
    ""allLanguagesApplicable"" : null
  } ]
}",,,,,
785291,"01JF9S36F7AERRQWHN6YQK0R4H","1caf0e41-a184-476e-b8f9-16d1b0088257",,"Solid Zirconia Ceramic Burs for Dental Trimming 63010211",-13,1,0,0,0,0,0,0,,1,"06977205523310","697720552TC001FE","aae6a14b-4183-4ba0-b9f3-0289504731e5","01JENKFQ4FY5HQ88HRK3KM06K1",0,0,0,,0,0,,0,,,0,,,,,,,,0,0,"Ceramic Burs For Dental Trimming","Solid Zirconia Ceramic Burs for Dental Trimming",-203,-197,"STANDARD",," Q0199","CN-MF-000010527","WILSON (Shanghai) Medical Device Co., Ltd. ",-11,"{
  ""texts"" : [ {
    ""language"" : {
      ""isoCode"" : ""en"",
      ""name"" : ""English""
    },
    ""text"" : ""WILSON (Shanghai) Medical Device Co., Ltd. "",
    ""allLanguagesApplicable"" : null
  } ]
}",,-1306,"SUNGO Europe B.V.","NL-AR-000000247","{
  ""texts"" : [ {
    ""language"" : {
      ""isoCode"" : ""nl"",
      ""name"" : ""Dutch""
    },
    ""text"" : ""SUNGO Europe B.V."",
    ""allLanguagesApplicable"" : null
  } ]
}",,,,,
1483555,"01KE6M507602YH5KGC9ASM5A7T","a59616e9-4240-4268-be0e-7e8a958f3120","SOLUUT PX","20PCS,S5,UR3,W0.5",-56,1,0,0,0,0,0,0,,1,"PUSOAXXS5R3W05","B-PUSOAXXS5R3W05","4e7ac1bd-6fa5-4914-a78a-de2e85e35fb8","01KE6M506TJAP87PBKRZHPD8RM",0,0,0,,0,0,,0,,,0,,,,,,,,0,0,,"20PCS,S5,UR3,W0.5",-204,-53,"LEGACY",," Q01020601","JP-MF-000024849","YAMAHACHI DENTAL MFG., CO.",-11,"{
  ""texts"" : [ {
    ""language"" : {
      ""isoCode"" : ""en"",
      ""name"" : ""English""
    },
    ""text"" : ""YAMAHACHI DENTAL MFG., CO."",
    ""allLanguagesApplicable"" : false
  } ]
}",,-1306,"Obelis s.a.","BE-AR-000000106","{
  ""texts"" : [ {
    ""language"" : {
      ""isoCode"" : ""en"",
      ""name"" : ""English""
    },
    ""text"" : ""Obelis s.a."",
    ""allLanguagesApplicable"" : null
  } ],
  ""textByDefaultLanguage"" : ""Obelis s.a.""
}",,,,,
2879448,"01KSRMCZ9138NXWCESQRNVMSMT","7985f5b7-5d08-46e7-a2db-c7b0d3b5abb7","MUST Polyaxial Cann Screw Ø6x30 - Ø5.5/6","03.68.379",-108,1,1,0,0,0,1,0,,1,"07630542704475","764014274VIS0084R061YS","520bad3c-016b-4551-a099-cdb5a73aa59d","01KSQ0J1GVBZ7Q8VDKSAZWV0N0",0,0,0,,0,1,,0,,,0,,,,,,,1,0,0,,"Spine MUST screw (tulip)",-205,-197,"STANDARD",," P09070302","CH-MF-000033473","Medacta International SA",-11,"{
  ""texts"" : [ {
    ""language"" : {
      ""isoCode"" : ""en"",
      ""name"" : ""English""
    },
    ""text"" : ""Medacta International SA"",
    ""allLanguagesApplicable"" : false
  } ]
}","{
  ""texts"" : [ {
    ""language"" : {
      ""isoCode"" : ""en"",
      ""name"" : ""English""
    },
    ""text"" : ""Medacta"",
    ""allLanguagesApplicable"" : false
  } ]
}",-1306,"Medacta Italia srl","IT-AR-000022505","{
  ""texts"" : [ {
    ""language"" : {
      ""isoCode"" : ""it"",
      ""name"" : ""Italian""
    },
    ""text"" : ""Medacta Italia srl"",
    ""allLanguagesApplicable"" : null
  } ]
}",,,,,
2491425,"01KRXT6KAQ1QNHJNNS462XNECY","8f3c8c05-bc37-49ed-b76d-4999ce37d85a",,"3003-630N",-162,1,0,0,0,0,0,1,,1,"00846159021813","B-00846159021813","dcdfc14b-f758-4aaa-a3f1-8819305497a1","01KRXT6KAA5W9MRXR8503WWH8D",0,0,0,,0,0,,0,,,0,,,,,,,,0,0,"SCANLAN® Micro Kitzmiller Clamp",,-203,-53,"LEGACY",," L031306","US-MF-000010251","Scanlan International Inc.",-11,"{
  ""texts"" : [ {
    ""language"" : {
      ""isoCode"" : ""en"",
      ""name"" : ""English""
    },
    ""text"" : ""Scanlan International Inc."",
    ""allLanguagesApplicable"" : null
  } ]
}","{
  ""texts"" : [ {
    ""language"" : {
      ""isoCode"" : ""en"",
      ""name"" : ""English""
    },
    ""text"" : ""Scanlan"",
    ""allLanguagesApplicable"" : null
  } ]
}",-1306,"MedEnvoy Global BV","NL-AR-000024028","{
  ""texts"" : [ {
    ""language"" : {
      ""isoCode"" : ""en"",
      ""name"" : ""English""
    },
    ""text"" : ""MedEnvoy Global BV"",
    ""allLanguagesApplicable"" : false
  } ],
  ""textByDefaultLanguage"" : ""MedEnvoy Global BV""
}",,,,,
2516369,"01KS0A5QGB2KNEKS54YDR0NTTN","48fe6ad0-2a1e-4b29-8f28-d0577ce12386",,"KKA220234",-108,1,0,0,0,0,0,0,,1,"08057147037897","8057147TTL006XV","a97ea538-6100-488d-9ec1-15a7f704de94","01KS042V3B9C8E4W8YSSM6R5XT",0,0,0,,0,0,,0,,,0,,,,,,,,0,0,,"TECHNE",-203,-197,"STANDARD",," L0399","IT-MF-000027104","UNIVET LOUPES SPA",-11,"{
  ""texts"" : [ {
    ""language"" : {
      ""isoCode"" : ""it"",
      ""name"" : ""Italian""
    },
    ""text"" : ""UNIVET LOUPES SPA"",
    ""allLanguagesApplicable"" : false
  } ]
}",,-1306,,,,,,,,
276158,"01H0AC2AZE6TV4SVJ85DCD89R8","260528dc-04a3-4dbd-bc9c-170533a6078c",,"DP-M-VACK-ASD-T",-245,1,,,0,0,1,0,,1,"D-08680454744464TZ","B-08680454744464TZ","28fe2c14-83de-4856-8409-72aa1c2757f8","01H0AC2AX46RRJRM2P91B3N3V2",0,0,0,,0,1,,0,,,0,,,,,,,,0,0,"DEPUS şant Antibiyotikli Ventirküloperitoneal kateter kiti ve Antisifon Aparatı ile ORTA BASINÇ Titanyum Konnektör İle/DEPUS shunt with Antibiotic Ventirculoperitoneal Catheter Kit and Antisiphon Apparatus with MEDIUM PRESSURE Titanium Connector",,-10,-53,"LEGACY",," N010301","TR-MF-000031476","DESU MEDİKAL ÜRÜNLER VE TIBBİ CİHAZLAR SANAYİ VE TİCARET ANONİM ŞİRKETİ",-11,"{
  ""texts"" : [ {
    ""language"" : {
      ""isoCode"" : ""en"",
      ""name"" : ""English""
    },
    ""text"" : ""DESU MEDİKAL ÜRÜNLER VE TIBBİ CİHAZLAR SANAYİ VE TİCARET ANONİM ŞİRKETİ"",
    ""allLanguagesApplicable"" : false
  } ],
  ""textByDefaultLanguage"" : ""DESU MEDİKAL ÜRÜNLER VE TIBBİ CİHAZLAR SANAYİ VE TİCARET ANONİM ŞİRKETİ""
}","{
  ""texts"" : [ {
    ""language"" : {
      ""isoCode"" : ""en"",
      ""name"" : ""English""
    },
    ""text"" : ""DESU MEDİKAL ÜRÜNER VE TIBBİ CİHAZLAR SANAYİ VE TİCARET ANONİM ŞİRKETİ"",
    ""allLanguagesApplicable"" : false
  } ],
  ""textByDefaultLanguage"" : ""DESU MEDİKAL ÜRÜNER VE TIBBİ CİHAZLAR SANAYİ VE TİCARET ANONİM ŞİRKETİ""
}",-1306,,,,,,,,
3526968,"01KX82WV8E41A5XV7C9R1BP7XA","65aa525f-5fd9-4f6c-b3b8-0bc217f6d86c","Dental Zirconia Ceramic","95×25-SHT-Plus",-56,1,0,0,0,0,0,0,,1,"06978447936661","B-06978447936661","a246a51d-6505-4565-ae46-ecf47d7234e8","01KX82WV7WFJFFYZNH5Y74A71M",0,0,0,,0,0,,0,,,0,,,,,,,,0,0,"Dental Zirconia Ceramic",,-204,-53,"LEGACY",," Q01010199","CN-MF-000015573","Aidite（Qinhuangdao）Technology Co.,Ltd.",-11,"{
  ""texts"" : [ {
    ""language"" : {
      ""isoCode"" : ""en"",
      ""name"" : ""English""
    },
    ""text"" : ""Aidite（Qinhuangdao）Technology Co.,Ltd."",
    ""allLanguagesApplicable"" : null
  } ]
}","{
  ""texts"" : [ {
    ""language"" : {
      ""isoCode"" : ""en"",
      ""name"" : ""English""
    },
    ""text"" : ""Aidite"",
    ""allLanguagesApplicable"" : null
  } ]
}",-1306,"MedNet EC-REP GmbH","DE-AR-000000002","{
  ""texts"" : [ {
    ""language"" : {
      ""isoCode"" : ""en"",
      ""name"" : ""English""
    },
    ""text"" : ""MedNet EC-REP GmbH"",
    ""allLanguagesApplicable"" : null
  } ]
}",,,,,
4387648,"01M276BBGWEPPAQR2KGEAVSZHZ","e798e4e0-b625-4acd-8884-9f54f2e0f6aa","CareVis PCA NaX","X2030W-N",-56,1,0,0,0,0,1,0,,1,"08800331564118","B-08800331564118","a1e81113-ac98-4876-889f-acbfca38678e","01M276BBG4ASGJ1RC234Z8J01Q",1,1,0,,0,0,,0,,,0,,,,,,,,0,0,,"X2030W-N",-205,-53,"LEGACY",," A05010102","KR-MF-000017308","S&S Med Co.,Ltd.",-11,"{
  ""texts"" : [ {
    ""language"" : {
      ""isoCode"" : ""en"",
      ""name"" : ""English""
    },
    ""text"" : ""S&S Med Co.,Ltd."",
    ""allLanguagesApplicable"" : null
  } ]
}","{
  ""texts"" : [ {
    ""language"" : {
      ""isoCode"" : ""en"",
      ""name"" : ""English""
    },
    ""text"" : ""S&S Med"",
    ""allLanguagesApplicable"" : null
  } ]
}",-1306,"Easy Medical Device CommV","BE-AR-000011902","{
  ""texts"" : [ {
    ""language"" : null,
    ""text"" : ""Easy Medical Device CommV"",
    ""allLanguagesApplicable"" : true
  } ],
  ""textByDefaultLanguage"" : null
}",,,,,
2612234,"01KS5ECAPDBQJ1RB6DHY2GCXS6","ac7b5be7-7562-4a26-a673-015695ae232b",,"05993023200708",-98,1,0,0,0,0,1,0,,1,"05993023200708","599302A45RT5T","c6616f0c-5680-493d-9cfc-cdd597b4e7d1","01KS5CSAPYN5S3GWPYSRYF6DVW",0,0,0,,0,1,,0,,,0,,,,,,,0,0,0,,"A45RT",-205,-197,"STANDARD",," P030102090302","HU-MF-000024195","Medicontur Medical Engineering Ltd.",-11,"{
  ""texts"" : [ {
    ""language"" : {
      ""isoCode"" : ""en"",
      ""name"" : ""English""
    },
    ""text"" : ""Medicontur Medical Engineering Ltd."",
    ""allLanguagesApplicable"" : false
  }, {
    ""language"" : {
      ""isoCode"" : ""hu"",
      ""name"" : ""Hungarian""
    },
    ""text"" : ""Medicontur Zrt."",
    ""allLanguagesApplicable"" : false
  } ],
  ""textByDefaultLanguage"" : ""Medicontur Medical Engineering Ltd.""
}",,-1306,,,,,,,,
881780,"01JQFXN9QMXRB503ZKXXN2SF8S","b198f54a-f30d-498d-a485-07c1ac1c5f8f","Dpex I","Z1211",-56,1,0,0,0,0,0,1,,1,"06944843603056","694484360080KE","6a9ac797-2cc0-47e1-905b-75b110f83a0b","01JPXSS6EAAYHEATB75WV5HW77",1,0,0,,0,0,,0,,,0,,,,,,,,0,0,"Apex Locator",,-204,-197,"STANDARD",," Z12110101","CN-MF-000009139","Guilin Woodpecker Medical Instrument Co., Ltd.",-11,"{
  ""texts"" : [ {
    ""language"" : {
      ""isoCode"" : ""en"",
      ""name"" : ""English""
    },
    ""text"" : ""Guilin Woodpecker Medical Instrument Co., Ltd."",
    ""allLanguagesApplicable"" : null
  } ]
}","{
  ""texts"" : [ {
    ""language"" : {
      ""isoCode"" : ""en"",
      ""name"" : ""English""
    },
    ""text"" : ""Guilin Woodpecker Medical Instrument Co., Ltd."",
    ""allLanguagesApplicable"" : null
  } ]
}",-1306,"MedNet EC-REP C IIb GmbH","DE-AR-000011194","{
  ""texts"" : [ {
    ""language"" : {
      ""isoCode"" : ""en"",
      ""name"" : ""English""
    },
    ""text"" : ""MedNet EC-REP C IIb GmbH"",
    ""allLanguagesApplicable"" : null
  } ]
}",,,,,
3158808,"01KTRS10FJB4338T2KMSFN1AYB","e3d87408-88a6-4e2e-8885-6e86fc050f7f","Ambulante Chirurgie","2335333",,1,,,,,1,0,,1,"04099467191976","40495003142KA","be0d91b3-4775-4e25-81d7-7bc6cc52ca97","01KSMAHYGF1K5WTRGVBCQC2VP4",,,,,,,,,,,,,,,-541,,,,,,"CombiSet General surgery","3142",-10,-197,"SPP","A CombiSet is characterized by the customized compilation of defined components used for medical treatments. These are single-use products for surgical procedures."," V0599","DE-PR-000019925","PAUL HARTMANN AG",-790,"{
  ""texts"" : [ {
    ""language"" : null,
    ""text"" : ""PAUL HARTMANN AG"",
    ""allLanguagesApplicable"" : true
  } ]
}","{
  ""texts"" : [ {
    ""language"" : null,
    ""text"" : ""PHAG"",
    ""allLanguagesApplicable"" : true
  } ]
}",-1306,,,,,,,"04099467191952,04099467191976",
2234049,"01KQY8WVXWF2A6V8G64A9D9EMN","979c67e6-eae0-482a-8dab-71356501a416","NELATON CATHETER","GS-1004F",-13,1,0,0,0,0,1,0,,1,"08907265000375","8907265A002Y5","995b7084-9731-4d2c-bdf6-c1f263f3686e","01JXPFR3YM1N2VPRBWF6SJZR29",0,0,0,,0,0,,0,,,0,,,,,,,,0,0,"NELATON CATHETER",,-204,-197,"STANDARD",," U01010502","IN-MF-000036506","Romsons Group Private Limited",-11,"{
  ""texts"" : [ {
    ""language"" : {
      ""isoCode"" : ""en"",
      ""name"" : ""English""
    },
    ""text"" : ""Romsons Group Private Limited"",
    ""allLanguagesApplicable"" : false
  } ]
}","{
  ""texts"" : [ {
    ""language"" : {
      ""isoCode"" : ""en"",
      ""name"" : ""English""
    },
    ""text"" : ""RGPL"",
    ""allLanguagesApplicable"" : false
  } ]
}",-1306,"Obelis s.a.","BE-AR-000000106","{
  ""texts"" : [ {
    ""language"" : {
      ""isoCode"" : ""en"",
      ""name"" : ""English""
    },
    ""text"" : ""Obelis s.a."",
    ""allLanguagesApplicable"" : null
  } ],
  ""textByDefaultLanguage"" : ""Obelis s.a.""
}",,,,,
4682802,"01M39QF6XRYPY8JPXWXS8D0P94","96d49837-f483-4393-b0af-8e1e2e95a701","Omni Stable AF ","144-35142",-56,1,,,0,0,0,1,,1,"00842078123836","B-00842078123836","bbcb0b20-0a0a-4579-a45b-55a7305b4391","01M39QF6WVR2HQ15DB6GRW1R70",0,0,0,,0,1,,0,,,0,,,,,,,,0,0,"Locking Screw - 3.5 x 42mm","144-35142",-205,-53,"LEGACY",," P09120602","US-MF-000018334","Extremity Medical, LLC",-11,"{
  ""texts"" : [ {
    ""language"" : {
      ""isoCode"" : ""en"",
      ""name"" : ""English""
    },
    ""text"" : ""Extremity Medical, LLC"",
    ""allLanguagesApplicable"" : null
  } ]
}",,-1306,"MDSS GmbH","DE-AR-000005430","{
  ""texts"" : [ {
    ""language"" : {
      ""isoCode"" : ""en"",
      ""name"" : ""English""
    },
    ""text"" : ""MDSS GmbH"",
    ""allLanguagesApplicable"" : null
  } ]
}",,,,,
1501272,"01KEGN8CWFV0Z2G587T54K47DF","956de702-0a56-426e-9172-179872089f38","Spo2 sensor","SS-020-AF30",-58,1,,,0,0,0,0,,1,"06941691907466","B-06941691907466","3f64fef8-05e4-4f9b-a0d4-a39a84af3345","01KEGN8CVV5H4S5Z93QJ4ZHXE7",1,0,0,,0,0,,0,,,0,,,,,,,,0,0,"Spo2 sensor","SS-020-AF30",-205,-53,"LEGACY",," C900301","CN-MF-000013859","Orantech Inc.",-11,"{
  ""texts"" : [ {
    ""language"" : {
      ""isoCode"" : ""en"",
      ""name"" : ""English""
    },
    ""text"" : ""Orantech Inc."",
    ""allLanguagesApplicable"" : null
  } ],
  ""textByDefaultLanguage"" : ""Orantech Inc.""
}","{
  ""texts"" : [ {
    ""language"" : {
      ""isoCode"" : ""en"",
      ""name"" : ""English""
    },
    ""text"" : ""Orantech Inc."",
    ""allLanguagesApplicable"" : null
  } ],
  ""textByDefaultLanguage"" : ""Orantech Inc.""
}",-1306,"Medten EU ApS","DK-AR-000034434","{
  ""texts"" : [ {
    ""language"" : {
      ""isoCode"" : ""en"",
      ""name"" : ""English""
    },
    ""text"" : ""Medten EU ApS"",
    ""allLanguagesApplicable"" : false
  } ]
}",,,,,
1957719,"01KNTEQQJ3AMRPSWHK057QVGPM","da01d942-5039-497e-b748-59e7233204d6",,"ES006",-13,1,0,0,0,0,0,0,,1,"06975816762159","697581676LB001KX","f73ac581-0019-4fec-add7-b7432e191e90","01H3208Z85DAM3DAQYHC0CGW4T",0,0,0,,0,0,,0,,,1,,,,,,,,0,0,"Limb brace","ES001 ES002 ES003 ES004 ES005 ES006 ES007 HA001 HA002 HA003 HA004 KN001 KN002 KN003 KN004 KN005 KN006 KN007 KN08 KN009 KN010 KN011, etc",-203,-197,"STANDARD",," Y060680","CN-MF-000002290","Xiamen Huakang Orthopedic Co.,Ltd",-11,"{
  ""texts"" : [ {
    ""language"" : {
      ""isoCode"" : ""en"",
      ""name"" : ""English""
    },
    ""text"" : ""Xiamen Huakang Orthopedic Co.,Ltd"",
    ""allLanguagesApplicable"" : null
  } ]
}",,-1306,"SUNGO Europe B.V.","NL-AR-000000247","{
  ""texts"" : [ {
    ""language"" : {
      ""isoCode"" : ""nl"",
      ""name"" : ""Dutch""
    },
    ""text"" : ""SUNGO Europe B.V."",
    ""allLanguagesApplicable"" : null
  } ]
}",,,,,
4390974,"01M27QA39RFNQPYANV4K8VS0T9","2c0f6696-12f3-49ac-b225-b0ad91e4f9ed",,"N/A",-13,1,0,0,0,0,0,0,,1,"16974608654426","697460865CTP-108B2L","fb4d7fae-0ab2-4ed2-9575-b8e9f7945d58","01KBP9V4GSEZ4K9RQSHJHEEVS4",1,0,0,,0,0,,0,,,0,,,,,,,,0,0,"Cotton Rolls","CTP-108B",-203,-197,"STANDARD",," Q019004","CN-MF-000003243","WELLMED DENTAL MEDICAL SUPPLY CO.,LTD",-11,"{
  ""texts"" : [ {
    ""language"" : {
      ""isoCode"" : ""en"",
      ""name"" : ""English""
    },
    ""text"" : ""WELLMED DENTAL MEDICAL SUPPLY CO.,LTD"",
    ""allLanguagesApplicable"" : null
  } ]
}",,-1306,"SUNGO Europe B.V.","NL-AR-000000247","{
  ""texts"" : [ {
    ""language"" : {
      ""isoCode"" : ""nl"",
      ""name"" : ""Dutch""
    },
    ""text"" : ""SUNGO Europe B.V."",
    ""allLanguagesApplicable"" : null
  } ]
}",,,,,
581650,"01HXCZQHT8CX2MFK2RPAYHQBTE","c0ee99f5-d565-4d82-97fc-44e9f359df1b","TEKNO-CER","TK 222-20W",-245,1,0,0,0,0,0,1,,1,"08699328753600","8699328TEKNO-CER20312V","b67ebe22-ad18-4720-bb63-0b3d3228adc4","01HXBRQ6ZR1KN04R3FPGGD15JN",0,0,0,,0,0,,0,,,1,,,,,,,,0,0,"STERILIZATION CONTAINER SYSTEMS","TEKNO-CER",-203,-197,"STANDARD",," S010401","TR-MF-000019961","TEKNO-CER CERRAHİ ALETLER İMALAT SANAYİ VE TİCARET LİMİTED ŞİRKETİ",-11,"{
  ""texts"" : [ {
    ""language"" : {
      ""isoCode"" : ""en"",
      ""name"" : ""English""
    },
    ""text"" : ""TEKNO-CER CERRAHİ ALETLER İMALAT SANAYİ VE TİCARET LİMİTED ŞİRKETİ"",
    ""allLanguagesApplicable"" : false
  } ]
}","{
  ""texts"" : [ {
    ""language"" : {
      ""isoCode"" : ""en"",
      ""name"" : ""English""
    },
    ""text"" : ""TEKNO-CER SURGICAL INSTRUMENTS"",
    ""allLanguagesApplicable"" : false
  } ]
}",-1306,,,,,,,,
2180103,"01KQERQY132B7ENXDJ6HY9Z89H","4cf70b77-eb8c-4cbd-8040-b0f773f5477b","Cool Foam Knee Brace","MKNPO10 (Universal/UNI/GY)",-56,1,0,0,0,0,0,0,,1,"04719961406993","471230298KNR4","9b1ee634-9ef9-42c7-a99a-df894eb71e21","01KQENBEN9J6R3B4GCXKV61ZJ0",0,0,0,,0,0,,0,,,0,,,,,,,,0,0,"Knee orthosis and tubular support bandage","Knee Brace Series",-203,-197,"STANDARD",," Y061209","TW-MF-000009901","e-life International Co., Ltd.",-11,"{
  ""texts"" : [ {
    ""language"" : {
      ""isoCode"" : ""en"",
      ""name"" : ""English""
    },
    ""text"" : ""e-life International Co., Ltd."",
    ""allLanguagesApplicable"" : null
  } ]
}",,-1306,"MDSS GmbH","DE-AR-000005430","{
  ""texts"" : [ {
    ""language"" : {
      ""isoCode"" : ""en"",
      ""name"" : ""English""
    },
    ""text"" : ""MDSS GmbH"",
    ""allLanguagesApplicable"" : null
  } ]
}",,,,,
3259086,"01KVFEQNW5NJV6CGNK8TR6A58P","cb85b5a9-6f08-4df6-8e64-aef9a15ac93f","iVascular oceanus 35","BPPC35170600200",-67,1,0,0,0,0,1,0,,1,"08435387316703","84353873oceanus356A","b2096c15-c327-4c05-a9f1-9658435d92ae","01KRGE7K63VR4WJGX2H1C9K3PE",0,0,0,,0,0,,0,,,0,,,,-116,,,,0,0,"iVascular oceanus 35","oceanus 35",-204,-197,"STANDARD",," C010402020101","ES-MF-000019783","Life Vascular Devices Biotech, S.L.",-11,"{
  ""texts"" : [ {
    ""language"" : {
      ""isoCode"" : ""es"",
      ""name"" : ""Spanish""
    },
    ""text"" : ""Life Vascular Devices Biotech, S.L."",
    ""allLanguagesApplicable"" : false
  } ],
  ""textByDefaultLanguage"" : null
}","{
  ""texts"" : [ {
    ""language"" : {
      ""isoCode"" : ""es"",
      ""name"" : ""Spanish""
    },
    ""text"" : ""LVD Biotech"",
    ""allLanguagesApplicable"" : false
  } ],
  ""textByDefaultLanguage"" : null
}",-1306,,,,,"08435387316703",,,
2165944,"01KQD0V2TPP16PJH3N8S8PAGEZ","bce97792-443e-47b7-9d9e-3aab74ac28b9","InstruSafe","IN-2020-2982",-56,1,0,0,0,0,0,0,,1,"00385640043700","03856490146_INSTRUSAJP","8906d9ad-fd0a-4fb6-87e9-ea3f8d81c11d","01JW9HR5Z2YZF0EQRT4XXZW4WZ",0,0,0,,0,0,,0,,,0,,,,-116,,,,0,0,"InstruSafe Instrument Protection System - Trays, Accessories, and Transport Containers",,-203,-197,"STANDARD",," V0402","US-MF-000026771","Summit Medical, LLC",-11,"{
  ""texts"" : [ {
    ""language"" : {
      ""isoCode"" : ""en"",
      ""name"" : ""English""
    },
    ""text"" : ""Summit Medical, LLC"",
    ""allLanguagesApplicable"" : false
  } ]
}","{
  ""texts"" : [ {
    ""language"" : {
      ""isoCode"" : ""en"",
      ""name"" : ""English""
    },
    ""text"" : ""Summit Medical"",
    ""allLanguagesApplicable"" : false
  } ]
}",-1306,"MDSS GmbH","DE-AR-000005430","{
  ""texts"" : [ {
    ""language"" : {
      ""isoCode"" : ""en"",
      ""name"" : ""English""
    },
    ""text"" : ""MDSS GmbH"",
    ""allLanguagesApplicable"" : null
  } ]
}",,"00385640043700",,,
3831550,"01KYVS5XT84H09JK111K422DME","c865a546-e074-4a5f-9619-58cc5ec9a27d","TG Medical","TGM-583990902",-56,1,0,0,1,0,1,0,,1,"09555839909020","955583990800Q3","279e9bcb-c636-46c3-893b-b5a919bf3ab6","01JN0Q5KNT8F4KYMQXQP0PJQBG",0,0,0,,0,0,,0,,,0,,,,,,,,0,0,"Sterile Latex Surgical Powder Free Glove",,-204,-197,"STANDARD",," T01010102","MY-MF-000009606","TG MEDICAL SDN. BHD.",-11,"{
  ""texts"" : [ {
    ""language"" : {
      ""isoCode"" : ""en"",
      ""name"" : ""English""
    },
    ""text"" : ""TG MEDICAL SDN. BHD."",
    ""allLanguagesApplicable"" : null
  } ],
  ""textByDefaultLanguage"" : ""TG MEDICAL SDN. BHD.""
}","{
  ""texts"" : [ {
    ""language"" : {
      ""isoCode"" : ""en"",
      ""name"" : ""English""
    },
    ""text"" : ""TGM"",
    ""allLanguagesApplicable"" : false
  } ],
  ""textByDefaultLanguage"" : ""TGM""
}",-1306,"Ulma International GmbH","DE-AR-000010015","{
  ""texts"" : [ {
    ""language"" : {
      ""isoCode"" : ""de"",
      ""name"" : ""German""
    },
    ""text"" : ""Ulma International GmbH"",
    ""allLanguagesApplicable"" : null
  } ]
}",,,,"09555839909020,09555839909129,19555839909126",
1676598,"01KJJPGDF3C09A4C1D45N7C9TD","64cdb751-d015-4122-a65d-06fdf45d91a5","EDGEFILE X3","X3300629HTS",-56,1,0,0,0,0,1,0,,1,"07640452463485","7640142410401019R","4ea0dafa-8443-4d66-b323-933facc129aa","01KF0C1Z12Y0HX97WSFHV11NA1",0,0,0,,0,0,,0,,,0,,,,,,,,0,0,"R-Motion","S1.7B0.00.0FI.FK",-204,-197,"STANDARD",," Q010507","CH-MF-000017925","FKG Dentaire Sàrl",-11,"{
  ""texts"" : [ {
    ""language"" : null,
    ""text"" : ""FKG Dentaire Sàrl"",
    ""allLanguagesApplicable"" : true
  } ]
}","{
  ""texts"" : [ {
    ""language"" : null,
    ""text"" : ""FKG Dentaire"",
    ""allLanguagesApplicable"" : true
  } ]
}",-1306,"Emergo Europe B.V.","NL-AR-000000116","{
  ""texts"" : [ {
    ""language"" : {
      ""isoCode"" : ""en"",
      ""name"" : ""English""
    },
    ""text"" : ""Emergo Europe B.V."",
    ""allLanguagesApplicable"" : null
  } ]
}",,,,,
3622219,"01KXN2THV9WPG2VQ6N1TCQCRRY","0921e1a9-2343-40f8-973d-54755403c378","Abnormal QC","D-750 002",-56,1,,,,,0,0,,1,"62230182722746","B-62230182722746","c6485ad2-74c8-4fbf-81ab-e3310e5aa069","01KXN2THTCAF7QGS1S03RZMKX3",,,0,0,1,,1,,0,0,,0,,0,,0,1,,,,"Abnormal QC",,-157,-55,"LEGACY",," W0101050101","EG-MF-000050142","Kalians Corporation",-11,"{
  ""texts"" : [ {
    ""language"" : {
      ""isoCode"" : ""en"",
      ""name"" : ""English""
    },
    ""text"" : ""Kalians Corporation"",
    ""allLanguagesApplicable"" : false
  } ]
}",,-1306,"MDSS GmbH","DE-AR-000005430","{
  ""texts"" : [ {
    ""language"" : {
      ""isoCode"" : ""en"",
      ""name"" : ""English""
    },
    ""text"" : ""MDSS GmbH"",
    ""allLanguagesApplicable"" : null
  } ]
}",,,,,
4138675,"01M0VYFP4G0C977TMP21VB8263","d7f3a957-2331-4e8e-82ca-229eac69603f","O8 New Jersey 2, L 35","O8AC235",-56,1,0,0,0,0,0,0,,1,"04062627155835","4062627Y06333103037037BW","85fbf817-6d21-41e9-8eb1-3bd718a75cc5","01M0VXYPNV1HZ9XQGNNTQ2Z2H9",0,0,0,,0,0,,0,,,0,,,,,,,,0,0,"Alabama Light",,-203,-197,"STANDARD",," Y063303","DE-MF-000006250","Perpedes GmbH",-11,"{
  ""texts"" : [ {
    ""language"" : {
      ""isoCode"" : ""de"",
      ""name"" : ""German""
    },
    ""text"" : ""Perpedes GmbH"",
    ""allLanguagesApplicable"" : null
  } ]
}",,-1306,,,,,,,,
4384599,"01M25YS5MS6XGSPMGM2ADQP5CZ","c5c1b85d-c5a3-4389-a9c6-2b1e8eea7162","JOBST® Opaque","70616-00378-00",-56,1,0,0,0,0,0,0,,1,"04059993223183","4019702400425136S","7e5a3053-a160-4b3d-b6f3-ee7a575b7d2c","01KTCR7ATRKGT4Q3KRWGV2JM4M",0,0,0,,0,0,,0,,,0,,,,,,,,0,0,"JOBST Opaque CCL1 Lower RTW",,-203,-197,"STANDARD",," M030405","DE-MF-000004936","BSN-Jobst GmbH",-11,"{
  ""texts"" : [ {
    ""language"" : {
      ""isoCode"" : ""en"",
      ""name"" : ""English""
    },
    ""text"" : ""BSN-Jobst GmbH"",
    ""allLanguagesApplicable"" : null
  } ]
}",,-1306,,,,,,,,
100288,"01G4GF35HZBQ2QG7QTPVZXP5GE","1d659a45-e60c-42f4-8e2f-5da531950d01","OG-EA50 Papa reagens, 1000 mL","OGEA50-OT-1L",-96,1,,,,,0,0,0,1,"03858892120590","385889212HPC30708STARVF","35cbfce7-393b-4e0f-887f-b01dd27562f0","01G4AXMGWK16C5SJ012QY1MBMW",,,0,0,0,,0,,0,0,,0,,1,,0,1,,,,"Reagensi za bojenje",,-199,-198,"STANDARD",," W01030708","HR-MF-000022153","BioGnost Ltd.",-11,"{
  ""texts"" : [ {
    ""language"" : {
      ""isoCode"" : ""en"",
      ""name"" : ""English""
    },
    ""text"" : ""BioGnost Ltd."",
    ""allLanguagesApplicable"" : false
  }, {
    ""language"" : {
      ""isoCode"" : ""hr"",
      ""name"" : ""Croatian""
    },
    ""text"" : ""BioGnost d.o.o."",
    ""allLanguagesApplicable"" : false
  } ]
}",,-1306,,,,,"03858892120590",,,
2274440,"01KR3Q8P7EM8ZGY47T25ANHHY4","86f021ba-8266-4069-9008-ffb33e3671f0","Dental Root-Canal Instruments","V-BLUE,25/.04",-56,1,0,0,0,0,0,1,,1,"06959074289092","69590742NiTiRotaryVR","ed0f86e7-d9fb-4faf-8a25-a507e1f81b82","01KPAR0P1VYVHJBG8MC60H834G",0,0,0,,0,0,,0,,,0,,,,,,,,0,0,"Dental Root-Canal Instruments","EX-GOLD，TG6，EX-BLUE，EX，ET，RC，机用MTF，NXT(MTF PLUS)，TF4 GOLD，PX-ONE，GPH，etc.",-204,-197,"STANDARD",," Q010507","CN-MF-000025529","Shenzhen Perfect Medical Instruments Co., Ltd.",-11,"{
  ""texts"" : [ {
    ""language"" : {
      ""isoCode"" : ""en"",
      ""name"" : ""English""
    },
    ""text"" : ""Shenzhen Perfect Medical Instruments Co., Ltd."",
    ""allLanguagesApplicable"" : false
  } ],
  ""textByDefaultLanguage"" : ""Shenzhen Perfect Medical Instruments Co., Ltd.""
}",,-1306,"SUNGO Europe B.V.","NL-AR-000000247","{
  ""texts"" : [ {
    ""language"" : {
      ""isoCode"" : ""nl"",
      ""name"" : ""Dutch""
    },
    ""text"" : ""SUNGO Europe B.V."",
    ""allLanguagesApplicable"" : null
  } ]
}",,,,,
1000901,"01JYDQY3JJAKZXBPQJ9E75MHPD","dff6fc7b-3371-4611-a4c0-fe9e7ccbd495","AccelFix Spinal Fixation System (Sterile)","1385-95110S",-67,1,,,0,0,1,0,,1,"08809986475657","B-08809986475657","693991be-7696-4f03-99f8-0ad9b63e4cf9","01JYDQY3GS70NYK0Q5XX79F49V",0,0,0,,0,1,,0,,,0,,,,,,,,0,0,"AccelFix Spinal Fixation System (Sterile)","1385-95110S",-205,-53,"LEGACY",," P09070302","KR-MF-000033200","L&K Biomed",-11,"{
  ""texts"" : [ {
    ""language"" : {
      ""isoCode"" : ""en"",
      ""name"" : ""English""
    },
    ""text"" : ""L&K Biomed"",
    ""allLanguagesApplicable"" : false
  } ],
  ""textByDefaultLanguage"" : ""L&K Biomed""
}",,-1306,"Obelis s.a.","BE-AR-000000106","{
  ""texts"" : [ {
    ""language"" : {
      ""isoCode"" : ""en"",
      ""name"" : ""English""
    },
    ""text"" : ""Obelis s.a."",
    ""allLanguagesApplicable"" : null
  } ],
  ""textByDefaultLanguage"" : ""Obelis s.a.""
}",,,,,
1153302,"01K46TWHM9DZV54T35YNQ2YP9C","92220be6-1756-4b95-8b12-5e78d28a9244",,"N/A",-13,1,0,0,0,0,0,1,,1,"06974608654061","697460865CP-012DN","da5b1a1b-31c5-42cb-aa01-42a5ca2ac7c0","01K46TTB8FTC8WGYYG88AH2T6F",1,0,0,,0,0,,0,,,0,,,,,,,,0,0,"Face Masks","CP-012",-203,-197,"STANDARD",," T020604","CN-MF-000003243","WELLMED DENTAL MEDICAL SUPPLY CO.,LTD",-11,"{
  ""texts"" : [ {
    ""language"" : {
      ""isoCode"" : ""en"",
      ""name"" : ""English""
    },
    ""text"" : ""WELLMED DENTAL MEDICAL SUPPLY CO.,LTD"",
    ""allLanguagesApplicable"" : null
  } ]
}",,-1306,"SUNGO Europe B.V.","NL-AR-000000247","{
  ""texts"" : [ {
    ""language"" : {
      ""isoCode"" : ""nl"",
      ""name"" : ""Dutch""
    },
    ""text"" : ""SUNGO Europe B.V."",
    ""allLanguagesApplicable"" : null
  } ]
}",,,,,
4284748,"01M1KPAXWR90C21E81ZEGY2210","2acfa96a-2641-4315-92c5-9b24f4c4056a",,"XH4CIC-LP",-58,1,0,0,0,0,0,0,,1,"05708296411566","57082960000613F","db06cc04-a60a-4041-91ee-7f644908c19c","01M0020P7D5A5W4799WH0DXHEX",1,0,0,,0,0,,0,,,0,,,,,,,,0,0,,"ITC",-204,-197,"STANDARD",," Y2145060203","DK-MF-000009536","GN Hearing A/S ",-11,"{
  ""texts"" : [ {
    ""language"" : {
      ""isoCode"" : ""en"",
      ""name"" : ""English""
    },
    ""text"" : ""GN Hearing A/S "",
    ""allLanguagesApplicable"" : null
  } ]
}","{
  ""texts"" : [ {
    ""language"" : {
      ""isoCode"" : ""en"",
      ""name"" : ""English""
    },
    ""text"" : ""GN Hearing "",
    ""allLanguagesApplicable"" : null
  } ]
}",-1306,,,,,,,,
3767173,"01K4YBTY51R3MWCRG033THVRFF","ffcce86e-317c-4d76-a37c-d403f7d03c0e",,"CA3555L",-74,1,0,0,0,0,0,0,,2,"06972223252402","697222325040001K5","ebf917a0-9ef7-4ca1-a2b2-1bd86cb70786","01H63ES026GC6R15RCVW695VDY",0,0,0,,0,0,,0,,,0,,,,,,,,0,0,"Shower Chair","CA311, CA314, CA330, CA333L, CA336L, CA3361L, CA3362L, CA3362U, CA337L, CA3372L, CA3373L, CA3374L,etc",-203,-197,"STANDARD",," Y093303","CN-MF-000008483","FOSHAN SHUNKANGDA MEDICAL TECH CO., LTD",-11,"{
  ""texts"" : [ {
    ""language"" : {
      ""isoCode"" : ""en"",
      ""name"" : ""English""
    },
    ""text"" : ""FOSHAN SHUNKANGDA MEDICAL TECH CO., LTD"",
    ""allLanguagesApplicable"" : null
  } ],
  ""textByDefaultLanguage"" : ""FOSHAN SHUNKANGDA MEDICAL TECH CO., LTD""
}",,-1306,"SUNGO Europe B.V.","NL-AR-000000247","{
  ""texts"" : [ {
    ""language"" : {
      ""isoCode"" : ""nl"",
      ""name"" : ""Dutch""
    },
    ""text"" : ""SUNGO Europe B.V."",
    ""allLanguagesApplicable"" : null
  } ]
}",,,,,
346242,"01H9Q89KQDH3W7BG3Q8RMCKFNM","d07a27d9-52ae-4176-9738-b7d438cb8090","EXTENDER","BTK40100L",-245,1,,,0,0,1,0,,1,"D-86814100655795K","B-86814100655795K","b443fb6c-ed0b-47ea-9564-1864ef0c17d0","01H9Q89KMJFXM7RXC00EQYNZ7M",0,0,0,,0,0,,0,,,0,,,,,,,,0,0,"Extender Drug-Released PTA 14 BTK Balloon Catheter, 4.0 mm Balloon diameter, 100 mm Balloon lenght,150 cm Catheter lenght",,-10,-53,"LEGACY",," C010402020101","TR-MF-000019963","İNVAMED SAĞLIK İLAÇ SANAYİ VE TİCARET A.Ş.",-11,"{
  ""texts"" : [ {
    ""language"" : {
      ""isoCode"" : ""en"",
      ""name"" : ""English""
    },
    ""text"" : ""İNVAMED SAĞLIK İLAÇ SANAYİ VE TİCARET A.Ş."",
    ""allLanguagesApplicable"" : false
  } ]
}","{
  ""texts"" : [ {
    ""language"" : {
      ""isoCode"" : ""en"",
      ""name"" : ""English""
    },
    ""text"" : ""İNVAMED"",
    ""allLanguagesApplicable"" : false
  } ]
}",-1306,,,,,,,,
1689245,"01KJX1B8VAZ4EVCW8YC4H9FPVY","9cd005a5-4423-4dae-bb03-c8dcb8c4d10e","Trial Frame: Drop Cell - 70mm PD","713900",-162,1,0,0,0,0,0,0,,1,"+G2117139001$","++G211GGETAMTT","62ca0fa4-bfc9-4d31-9c1e-45eb28708664","01K18MH06DHJZZYGEE5E86SHKX",0,0,0,,0,0,,0,,,0,,,,,,,,0,0,"Examination Tools and Accessories","Examination Tools and Accessories",-203,-197,"STANDARD",," Q0299","US-MF-000008439","Good-Lite Company",-11,"{
  ""texts"" : [ {
    ""language"" : {
      ""isoCode"" : ""en"",
      ""name"" : ""English""
    },
    ""text"" : ""Good-Lite Company"",
    ""allLanguagesApplicable"" : null
  } ],
  ""textByDefaultLanguage"" : ""Good-Lite Company""
}",,-1306,"Good-Lite B.V.","NL-AR-000028608","{
  ""texts"" : [ {
    ""language"" : {
      ""isoCode"" : ""en"",
      ""name"" : ""English""
    },
    ""text"" : ""Good-Lite B.V."",
    ""allLanguagesApplicable"" : false
  } ]
}",,,,,
573242,"01HWYR3ZDNKCKRX2TMN2MQJJ35","bdf9e9ed-8bb5-47c5-aba5-540f2cb2be87","S.C.A","06.332.00",-245,1,0,0,0,0,0,1,,1,"08698980426044","868086255S.C.A3548TW","1cd00628-e698-42e4-87a6-e7c1799f0cf9","01HWSSF77H9YHXSY1TEXY10GAR",0,0,0,,0,0,,0,,,1,,,,,,,,0,0,"CONSERVATIVE","S.C.A",-203,-197,"STANDARD",," L0205","TR-MF-000018747","SAMSUN CERRAHİ ALETLER SANAYİ VE TİCARET LİMİTED ŞİRKETİ",-11,"{
  ""texts"" : [ {
    ""language"" : {
      ""isoCode"" : ""en"",
      ""name"" : ""English""
    },
    ""text"" : ""SAMSUN CERRAHİ ALETLER SANAYİ VE TİCARET LİMİTED ŞİRKETİ"",
    ""allLanguagesApplicable"" : false
  } ]
}",,-1306,,,,,,,,
1322939,"01KBE1TFJF263XCNYH3KDW2AEZ","d554843b-d12c-46a1-86d6-65bdcc4e2dab","EVO Visian Toric ICL","VTICMO 13.7",-67,1,0,0,0,0,1,0,,1,"00840311333479","764013516ICLGV","e5705318-c87a-481a-baaf-4dff71f0bd74","01JXNPXQ5NV1FMYNPQ4P73REAB",0,0,1,,0,1,,0,,,0,,,,,,,,0,0,"Implantable Collamer Lens",,-10,-197,"STANDARD",," P030101030399","CH-MF-000039544","STAAR Surgical AG",-11,"{
  ""texts"" : [ {
    ""language"" : {
      ""isoCode"" : ""en"",
      ""name"" : ""English""
    },
    ""text"" : ""STAAR Surgical AG"",
    ""allLanguagesApplicable"" : false
  } ],
  ""textByDefaultLanguage"" : ""STAAR Surgical AG""
}","{
  ""texts"" : [ {
    ""language"" : {
      ""isoCode"" : ""en"",
      ""name"" : ""English""
    },
    ""text"" : ""STAAR AG"",
    ""allLanguagesApplicable"" : false
  } ],
  ""textByDefaultLanguage"" : ""STAAR AG""
}",-1306,"STAAR Surgical AG","ES-AR-000025479","{
  ""texts"" : [ {
    ""language"" : {
      ""isoCode"" : ""es"",
      ""name"" : ""Spanish""
    },
    ""text"" : ""STAAR Surgical AG"",
    ""allLanguagesApplicable"" : false
  } ],
  ""textByDefaultLanguage"" : null
}",,,,,
3756286,"01KYJJ6F5MC26BXFKR30Y33Y5H","28db5dba-1425-4319-91b8-ef32938d473d",,"TLIO130C",-67,1,0,0,0,0,1,0,,1,"00840149810968","B-00840149810968","8650552b-dc86-46db-a506-b9a45a5c8e9f","01KYJJ6F59YBDR0XQZ14XC3G6X",0,0,0,,0,1,,0,,,0,,,,,,,,0,0,"Asqelio™ Toric Soft Hydrophobic Intraocular Lens","TLIO130C",-205,-53,"LEGACY",," P030102090301","US-MF-000021852","AST VisionCare Inc.",-11,"{
  ""texts"" : [ {
    ""language"" : {
      ""isoCode"" : ""en"",
      ""name"" : ""English""
    },
    ""text"" : ""AST VisionCare Inc."",
    ""allLanguagesApplicable"" : null
  } ]
}","{
  ""texts"" : [ {
    ""language"" : {
      ""isoCode"" : ""en"",
      ""name"" : ""English""
    },
    ""text"" : ""ASTVC"",
    ""allLanguagesApplicable"" : null
  } ]
}",-1306,"MDSS GmbH","DE-AR-000005430","{
  ""texts"" : [ {
    ""language"" : {
      ""isoCode"" : ""en"",
      ""name"" : ""English""
    },
    ""text"" : ""MDSS GmbH"",
    ""allLanguagesApplicable"" : null
  } ]
}",,,,,
4159504,"01M0Z9HXEGN5SW8ET3N19QDAX2","58033f28-bfb0-430f-aa2b-ed108cfb6158","RealCycler BART-ABI32","BART-ABI32",-67,1,,,,,0,0,,1,"08435498506505","B-08435498506505","38e0f8c5-2913-412a-a7aa-475f194a5216","01M0Z9HXCJZE5QM2ADEDGPW9RR",,,0,1,0,,1,,0,0,,0,,1,,0,1,,,,"BART-ABI32","BART-ABI32",-157,-55,"LEGACY",," W0105011699","ES-MF-000009514","Progenie molecular S.L.U",-11,"{
  ""texts"" : [ {
    ""language"" : {
      ""isoCode"" : ""es"",
      ""name"" : ""Spanish""
    },
    ""text"" : ""Progenie molecular S.L.U"",
    ""allLanguagesApplicable"" : null
  } ]
}",,-1306,,,,,,,,
1518308,"01KF2THB380R9QNWK7158BE19J","5c6d7aca-90f8-4d78-89d9-e034279b88c2","De-Lee Obstetrical Forceps, 36cm","RAF-106-36R",-87,1,0,0,0,0,0,1,,1,"+G072RAF10636R0W","++G072RUFORCEPSSJ","f39d7b22-30ff-41bb-b1c8-092d1802e376","01KD249A9797K7PSW2WDZK9ESZ",0,0,0,,0,0,,0,,,1,,,,,,,,0,0,"Reusable, Stainless Steel, Non-Sterile Surgical Forceps",,-203,-197,"STANDARD",," L03130401","PK-MF-000036086","Rhein Enterprises (Pvt) Ltd",-11,"{
  ""texts"" : [ {
    ""language"" : {
      ""isoCode"" : ""en"",
      ""name"" : ""English""
    },
    ""text"" : ""Rhein Enterprises (Pvt) Ltd"",
    ""allLanguagesApplicable"" : false
  } ]
}","{
  ""texts"" : [ {
    ""language"" : {
      ""isoCode"" : ""en"",
      ""name"" : ""English""
    },
    ""text"" : ""Rhein Enterprises"",
    ""allLanguagesApplicable"" : false
  } ]
}",-1306,"CMC Medical Devices & Drugs SL","ES-AR-000000293","{
  ""texts"" : [ {
    ""language"" : {
      ""isoCode"" : ""es"",
      ""name"" : ""Spanish""
    },
    ""text"" : ""CMC Medical Devices & Drugs SL"",
    ""allLanguagesApplicable"" : null
  } ]
}",,"+G072RAF10636R0W",,,
1344077,"01KC14B8123DZ540C39SPS8QQD","4603e21d-472e-43bd-85e7-b04217174c9b","Verisafe","RHU-1919AHY",-175,1,0,0,0,0,1,0,,1,"06975965297908","697122740RHUR4","7329a101-ea5c-4420-9612-a321a8d5ac70","01JTMTF7VE6CEWBTVAX1R2H19Q",0,0,0,,0,0,,0,,,0,,,,,,,,0,0,"Regular Huber Needles",,-204,-197,"STANDARD",," A01010302","CN-MF-000008465","Promisemed Hangzhou Meditech Co., Ltd.",-11,"{
  ""texts"" : [ {
    ""language"" : {
      ""isoCode"" : ""en"",
      ""name"" : ""English""
    },
    ""text"" : ""Promisemed Hangzhou Meditech Co., Ltd."",
    ""allLanguagesApplicable"" : null
  } ]
}","{
  ""texts"" : [ {
    ""language"" : {
      ""isoCode"" : ""en"",
      ""name"" : ""English""
    },
    ""text"" : ""Promisemed"",
    ""allLanguagesApplicable"" : null
  } ]
}",-1306,"Obelis s.a.","BE-AR-000000106","{
  ""texts"" : [ {
    ""language"" : {
      ""isoCode"" : ""en"",
      ""name"" : ""English""
    },
    ""text"" : ""Obelis s.a."",
    ""allLanguagesApplicable"" : null
  } ],
  ""textByDefaultLanguage"" : ""Obelis s.a.""
}","86975965297904",,,,
3054424,"01KT7BK62905YQ7WRBE90MXFA0","d2c2a961-01f3-4a9f-bdd3-d98b471248b9","Full Body Garment","2023ALIXGGBEXP10",-67,1,0,0,0,0,0,0,,1,"07899347774674","78993477FB001UA","89369d6e-6888-491b-adc0-af09b3d632aa","01KS0V4D9PR527MEWDMZDASKGG",0,0,0,,0,0,,0,,,0,,,,,,,,0,0,"Full Body Garment","FB001",-203,-197,"STANDARD",," M030405","BR-MF-000048997","Macom Malhas de Compressao Ltda",-11,"{
  ""texts"" : [ {
    ""language"" : {
      ""isoCode"" : ""pt"",
      ""name"" : ""Portuguese""
    },
    ""text"" : ""Macom Malhas de Compressao Ltda"",
    ""allLanguagesApplicable"" : false
  } ]
}",,-1306,"Obelis s.a.","BE-AR-000000106","{
  ""texts"" : [ {
    ""language"" : {
      ""isoCode"" : ""en"",
      ""name"" : ""English""
    },
    ""text"" : ""Obelis s.a."",
    ""allLanguagesApplicable"" : null
  } ],
  ""textByDefaultLanguage"" : ""Obelis s.a.""
}",,,,,
137368,"01G9Y02YAXC0K0JGYWK6S4E2FW","339b3e6d-1306-4907-a054-81f452fac920","Wilma NC","FGNW350013",-96,1,,,0,0,1,0,,1,"08904118363977","B-08904118363977","62e2cad7-21f0-487e-8a54-7c354716b8ed","01G9Y02YABZ7N8JT5EVN2AVVCE",0,0,0,,0,0,,0,,,0,,,,,,,,0,0,"Wilma NC","FGNW350013",-10,-53,"LEGACY",," C010401020101","IN-MF-000016582","Sahajanand Medical Technologies Limited",-11,"{
  ""texts"" : [ {
    ""language"" : {
      ""isoCode"" : ""en"",
      ""name"" : ""English""
    },
    ""text"" : ""Sahajanand Medical Technologies Limited"",
    ""allLanguagesApplicable"" : null
  } ]
}","{
  ""texts"" : [ {
    ""language"" : {
      ""isoCode"" : ""en"",
      ""name"" : ""English""
    },
    ""text"" : ""SMT"",
    ""allLanguagesApplicable"" : null
  } ]
}",-1306,"Obelis s.a.","BE-AR-000000106","{
  ""texts"" : [ {
    ""language"" : {
      ""isoCode"" : ""en"",
      ""name"" : ""English""
    },
    ""text"" : ""Obelis s.a."",
    ""allLanguagesApplicable"" : null
  } ],
  ""textByDefaultLanguage"" : ""Obelis s.a.""
}",,,,,
325554,"01H6TV2ZQSYCS206R2PYFHMHZE","1b77abf8-6894-4074-9de4-f0587ce8c373","PERIODONTAL INSTRUMENTS PERIODONTAL CHIESELS  OCHSENBEIN  1 OCHSENBEIN","DDP-D3-790",-180,1,0,0,0,0,0,1,,1,"B961DDPD37900","++B961DDPD3790M6","654e506d-df68-49dd-8148-7d23fd15ef97","01H6TV15AZR7V27AXJ714Y6JVA",0,0,0,,0,0,,0,,,1,,,,,,,,0,0,"PERIODONTAL INSTRUMENTS PERIODONTAL CHIESELS  OCHSENBEIN  1 OCHSENBEIN",,-203,-197,"STANDARD",," L159003","PK-MF-000035172","Daddy D Pro",-11,"{
  ""texts"" : [ {
    ""language"" : {
      ""isoCode"" : ""en"",
      ""name"" : ""English""
    },
    ""text"" : ""Daddy D Pro"",
    ""allLanguagesApplicable"" : false
  } ]
}",,-1306,"ANTEX MEDI SOLUTION","DE-AR-000008078","{
  ""texts"" : [ {
    ""language"" : {
      ""isoCode"" : ""en"",
      ""name"" : ""English""
    },
    ""text"" : ""ANTEX MEDI SOLUTION"",
    ""allLanguagesApplicable"" : null
  } ]
}",,,,,
4141196,"01M0W0XWYZFRE46485ZSNCTX8J","7f87cc64-fbc0-4ca9-b4b1-7e17545f125c","O2 Leon, L 30","O2BK230",-56,1,0,0,0,0,0,0,,1,"04062627457649","4062627Y06333103037051BQ","e49ba87f-a9c5-4818-a58c-38e63da0dbc9","01M0VZDE5FDZ8420YYB576J818",0,0,0,,0,0,,0,,,0,,,,,,,,0,0,"Tomar",,-203,-197,"STANDARD",," Y063303","DE-MF-000006250","Perpedes GmbH",-11,"{
  ""texts"" : [ {
    ""language"" : {
      ""isoCode"" : ""de"",
      ""name"" : ""German""
    },
    ""text"" : ""Perpedes GmbH"",
    ""allLanguagesApplicable"" : null
  } ]
}",,-1306,,,,,,,,
1807650,"01KMDR9EWXS29E7BBMC90ECZ34","6c670a66-927d-45a0-9e90-4fe27ab08307","HD Diamond Coated Dental Burs","110914-45-2R",-74,1,0,0,0,0,0,1,,1,"07291081057486","7291081DiamondnonStrlQP","8727035b-0f8c-4520-914c-adf8e5969dd6","01KHGE57B97E6WK3N1ED2HFEQP",0,0,0,,0,0,,0,,,1,,,,,,,,0,0,"Non-Sterile Diamond Coated Dental Burs",,-204,-197,"STANDARD",," Z12110102","IL-MF-000011308","Hasharon Dental Center Ltd.",-11,"{
  ""texts"" : [ {
    ""language"" : {
      ""isoCode"" : ""en"",
      ""name"" : ""English""
    },
    ""text"" : ""Hasharon Dental Center Ltd."",
    ""allLanguagesApplicable"" : null
  } ]
}","{
  ""texts"" : [ {
    ""language"" : {
      ""isoCode"" : ""en"",
      ""name"" : ""English""
    },
    ""text"" : ""Hasharon Dental"",
    ""allLanguagesApplicable"" : null
  } ]
}",-1306,"Obelis s.a.","BE-AR-000000106","{
  ""texts"" : [ {
    ""language"" : {
      ""isoCode"" : ""en"",
      ""name"" : ""English""
    },
    ""text"" : ""Obelis s.a."",
    ""allLanguagesApplicable"" : null
  } ],
  ""textByDefaultLanguage"" : ""Obelis s.a.""
}",,,,,
3229535,"01KV8K2FQ5MEXCFYFPKNZV73CJ","399b126f-ea95-49de-ba89-7c7c60d44df7",,"266IR4G0",-108,1,0,0,0,0,0,1,,1,"+D748266IR4G00N","++D748ABUTMENTSLB","4da4e79d-b90c-41c6-9603-52fd4cafbc72","01GR41YW89DN2ENJ9C9TE1989S",0,0,0,,0,1,,0,,,0,,,,,,,0,0,0,"Abutment","ABUTMENT, LOCATOR ABUTMENT, CONNECTOR ABUTMENT, RING ABUTMENT, BT4 ABUTMENT, TEMPORARY ABUTMENT, AESTHETIC ABUTMENT, TRANSFER ABUTMENT",-205,-197,"STANDARD",," Q010299","IT-MF-000026774","BIOTEC S.R.L.",-11,"{
  ""texts"" : [ {
    ""language"" : {
      ""isoCode"" : ""it"",
      ""name"" : ""Italian""
    },
    ""text"" : ""BIOTEC S.R.L."",
    ""allLanguagesApplicable"" : null
  } ],
  ""textByDefaultLanguage"" : null
}",,-1306,,,,,,,,
1460492,"01KDCVREM8GS0792XJTQM4W12T","d9d34f29-c135-4f8b-9731-be25562c4bee","EFUCERA-P","20PCS,30,UL7,C1",-56,1,0,0,0,0,0,0,,1,"PUEFPXX30L7XC1","B-PUEFPXX30L7XC1","2569fbfb-f89f-4ef0-8e0a-6dc4b7dc1eb0","01KDCVREKYD20C2TQ03TMYB0VJ",0,0,0,,0,0,,0,,,0,,,,,,,,0,0,,"20PCS,30,UL7,C1",-204,-53,"LEGACY",," Q01020601","JP-MF-000024849","YAMAHACHI DENTAL MFG., CO.",-11,"{
  ""texts"" : [ {
    ""language"" : {
      ""isoCode"" : ""en"",
      ""name"" : ""English""
    },
    ""text"" : ""YAMAHACHI DENTAL MFG., CO."",
    ""allLanguagesApplicable"" : false
  } ]
}",,-1306,"Obelis s.a.","BE-AR-000000106","{
  ""texts"" : [ {
    ""language"" : {
      ""isoCode"" : ""en"",
      ""name"" : ""English""
    },
    ""text"" : ""Obelis s.a."",
    ""allLanguagesApplicable"" : null
  } ],
  ""textByDefaultLanguage"" : ""Obelis s.a.""
}",,,,,
3700616,"01KY6P41CJQ9B9Y8QSAVTCJK7N","5bc15938-98be-4cda-a51e-ce82b41819f6","Bone Impactor (S)","E06-R-0500-19",-56,1,,,0,0,0,1,,1,"06926555496171","B-06926555496171","af9098ea-3e13-451e-8910-f823259ca4d8","01KY6P41BNNDGBZAW0GVH4E9YW",0,0,0,,0,0,,0,,,1,,,,,,,,0,0,"Orthopedic Instrument","E06-R-0500-19",-203,-53,"LEGACY",," L0999","CN-MF-000010269","Shanghai REACH Medical Instrument Co., Ltd",-11,"{
  ""texts"" : [ {
    ""language"" : {
      ""isoCode"" : ""en"",
      ""name"" : ""English""
    },
    ""text"" : ""Shanghai REACH Medical Instrument Co., Ltd"",
    ""allLanguagesApplicable"" : null
  } ]
}","{
  ""texts"" : [ {
    ""language"" : {
      ""isoCode"" : ""en"",
      ""name"" : ""English""
    },
    ""text"" : ""Shanghai REACH"",
    ""allLanguagesApplicable"" : false
  } ]
}",-1306,"CMC Medical Devices & Drugs SL","ES-AR-000000293","{
  ""texts"" : [ {
    ""language"" : {
      ""isoCode"" : ""es"",
      ""name"" : ""Spanish""
    },
    ""text"" : ""CMC Medical Devices & Drugs SL"",
    ""allLanguagesApplicable"" : null
  } ]
}",,,,,
3860246,"01KZ5NNQAWFSEKKGPBGVK91N4B","ed92a48a-d3d0-4de9-8728-3aea1b558167",,"PR-P15093DI2.00",-108,1,0,0,0,0,0,0,,1,"06941609709793","69416097RXF6P","a408cf5e-964a-428b-b5ca-e0bb7aa72c16","01K9VA58A5X12G2GATA93WCM2C",0,0,0,,0,0,,0,,,0,,,,,,,,0,0,"reading glasses","mixed",-203,-197,"STANDARD",," Q0210030103","CN-MF-000001279","WENZHOU PILOT OPTICS CORP.,LTD.",-11,"{
  ""texts"" : [ {
    ""language"" : {
      ""isoCode"" : ""en"",
      ""name"" : ""English""
    },
    ""text"" : ""WENZHOU PILOT OPTICS CORP.,LTD."",
    ""allLanguagesApplicable"" : null
  } ]
}",,-1306,"Lotus NL B.V.","NL-AR-000000121","{
  ""texts"" : [ {
    ""language"" : {
      ""isoCode"" : ""en"",
      ""name"" : ""English""
    },
    ""text"" : ""Lotus NL B.V."",
    ""allLanguagesApplicable"" : null
  } ]
}",,,,,
2677874,"01KSFC1DHX1786KNWHCXGH1H8W","f52bc5a5-96bc-4279-b6ee-23da221f64bc",,"BP2N7-739-2S",-108,1,0,0,0,0,0,0,,1,"08053484216254","8053484ARMSLEEVE_BH","98a80733-f3aa-4a55-80b0-429c48ef19db","01KR0YEMFET587GHABTX0W6AEN",0,0,0,,0,0,,0,,,0,,,,,,,,0,0,"VARISAN ARMSLEEVE",,-203,-197,"STANDARD",," M030499","IT-MF-000028355","CIZETA MEDICALI S.P.A.",-11,"{
  ""texts"" : [ {
    ""language"" : {
      ""isoCode"" : ""it"",
      ""name"" : ""Italian""
    },
    ""text"" : ""CIZETA MEDICALI S.P.A."",
    ""allLanguagesApplicable"" : null
  } ]
}",,-1306,,,,,,,,
3335031,"01KW1NXSM5VPKVZBNEZERVZSDC","36653230-1990-490c-ab6c-c6ad217167e6","Salicol®","SALICOL140140",-100,1,0,0,0,0,1,0,,1,"06223004866913","62220238SalicolJ2","cca39d9a-8c61-44d0-80f5-1ef989e954a2","01KTK3EFGZ2GCP83EDEF3FDM5R",0,0,0,,0,0,,0,,,0,,,,,,,,0,0,"Saline dressing",,-204,-197,"STANDARD",," M04040101","EG-MF-000004501","Pharmaplast",-11,"{
  ""texts"" : [ {
    ""language"" : {
      ""isoCode"" : ""en"",
      ""name"" : ""English""
    },
    ""text"" : ""Pharmaplast"",
    ""allLanguagesApplicable"" : null
  } ]
}",,-1306,"E C REP LIMITED","IE-AR-000003995","{
  ""texts"" : [ {
    ""language"" : {
      ""isoCode"" : ""en"",
      ""name"" : ""English""
    },
    ""text"" : ""E C REP LIMITED"",
    ""allLanguagesApplicable"" : null
  } ]
}",,,,,
1889783,"01KN57JXN2N30Q316TVWPYZGFC","05cebfa9-77b2-4cd5-acbe-ac3383825141","U2L ATTRACT DB/AM 18 SUPTQ 9/10","363-7019",-108,1,0,0,0,0,0,0,,1,"00889989039283","B-00889989039283","17ce004a-6b2d-4ecc-bd25-b41ad6de1eed","01KN57JXM84PPDMKP6EBF7K76V",0,0,0,,0,0,,0,,,0,,,,,,,,0,0,"U2L ATTRACT DB/AM 18 SUPTQ 9/10","363-7019",-204,-53,"LEGACY",," Q010403","US-MF-000038085","Ormco Corporation",-11,"{
  ""texts"" : [ {
    ""language"" : {
      ""isoCode"" : ""en"",
      ""name"" : ""English""
    },
    ""text"" : ""Ormco Corporation"",
    ""allLanguagesApplicable"" : false
  } ]
}",,-1306,"KERR ITALIA SRL","IT-AR-000007600","{
  ""texts"" : [ {
    ""language"" : {
      ""isoCode"" : ""it"",
      ""name"" : ""Italian""
    },
    ""text"" : ""KERR ITALIA SRL"",
    ""allLanguagesApplicable"" : null
  } ]
}",,,,,
2102494,"01KPZ5B2BQBVYCFKAG8V0RXQN2","e6c6a639-5c9f-4716-a73c-14a96c050b06","ODILUX","M114BM56I",-67,1,0,0,0,0,0,0,,1,"08435288409665","084352884UD-TEETHVS","b5744ead-e3b2-46f2-a192-d35010f42ed0","01GGW322QWASEJTTGXKH2VK7A5",0,0,0,,0,0,,0,,,0,,,,,,,,0,0,,"Artificial Teeth",-204,-197,"STANDARD",," Q01020601,Q01020602,Q01020603,Q01020605","ES-MF-000003189","UNION DENTAL S.A.",-11,"{
  ""texts"" : [ {
    ""language"" : null,
    ""text"" : ""UNION DENTAL S.A."",
    ""allLanguagesApplicable"" : true
  } ]
}","{
  ""texts"" : [ {
    ""language"" : null,
    ""text"" : ""UNIDESA·ODI"",
    ""allLanguagesApplicable"" : true
  } ]
}",-1306,,,,,,,,
2721868,"01KSHY3FY12HNWBA5VWZ6WCHSS","1dca9790-e93c-4754-8c54-c8bc25c1016d","FinnComfort","02550-902598",-56,1,0,0,1,0,0,0,,1,"00691812868423","4030457-FinnCo-001-MN","3f3b99d2-4122-41dd-aeb4-f7c39ddbf3fc","01KR3AHVVTKD99Q52VK8V9XTW7",0,0,0,,0,0,,0,,,0,,,,,,,,0,0,"FinnComfort",,-203,-197,"STANDARD",," Y063303","DE-MF-000016907","Waldi Schuhfabrik GmbH",-11,"{
  ""texts"" : [ {
    ""language"" : {
      ""isoCode"" : ""de"",
      ""name"" : ""German""
    },
    ""text"" : ""Waldi Schuhfabrik GmbH"",
    ""allLanguagesApplicable"" : null
  } ]
}","{
  ""texts"" : [ {
    ""language"" : {
      ""isoCode"" : ""de"",
      ""name"" : ""German""
    },
    ""text"" : ""FinnComfort"",
    ""allLanguagesApplicable"" : null
  } ]
}",-1306,,,,,"00691812868423",,,
1072050,"01K1F0YMYF3NFXN4PCTJ84X2EG","6fe9f735-cca5-4c21-bde6-8d83c01376ae","VA LCP","04.111.651S",-21,1,0,0,0,0,1,0,,1,"07611819354425","7611819a00382JT","0896a245-0b88-44fb-bead-1ef711399e2e","01K1EEHYJMXPYN9GS5S5AB757W",0,0,0,,0,1,,0,,,0,,,,,,,1,0,0,"VA LCP Two-Column Volar Distal Radius Plate 2.4mm TiCP","VA LCP Two-Column Volar Distal Radius Plate 2.4mm TiCP",-205,-197,"STANDARD",," P09120501","CH-MF-000013345","Synthes GmbH",-11,"{
  ""texts"" : [ {
    ""language"" : {
      ""isoCode"" : ""en"",
      ""name"" : ""English""
    },
    ""text"" : ""Synthes GmbH"",
    ""allLanguagesApplicable"" : null
  } ]
}",,-1306,"DePuy Ireland UC","IE-AR-000009328","{
  ""texts"" : [ {
    ""language"" : {
      ""isoCode"" : ""en"",
      ""name"" : ""English""
    },
    ""text"" : ""DePuy Ireland UC"",
    ""allLanguagesApplicable"" : null
  } ]
}",,,,,
307161,"01H4FDN8GX8DRJ1SSFM2050Y5Y","bc309a3e-0b28-4b11-b69b-c84b6c787cbc","Dental Zirconia Block","16187",-245,1,,,0,0,0,0,,1,"06974242687296","B-06974242687296","a4389e3c-69cf-4c36-9523-fb8cfff66e07","01H4FDN8EFA2T8P1ZFCBZS7A2W",0,0,0,,0,1,,0,,,0,,,,,,,,0,0,"Zirconia Dental Ceramics","Color D4-HT 98×18",-204,-53,"LEGACY",," Q010699","CN-MF-000011505","Shenzhen Yurucheng Dental Materials Co., Ltd.",-11,"{
  ""texts"" : [ {
    ""language"" : {
      ""isoCode"" : ""en"",
      ""name"" : ""English""
    },
    ""text"" : ""Shenzhen Yurucheng Dental Materials Co., Ltd."",
    ""allLanguagesApplicable"" : null
  } ],
  ""textByDefaultLanguage"" : ""Shenzhen Yurucheng Dental Materials Co., Ltd.""
}","{
  ""texts"" : [ {
    ""language"" : {
      ""isoCode"" : ""en"",
      ""name"" : ""English""
    },
    ""text"" : "" Yurucheng Dental Materials"",
    ""allLanguagesApplicable"" : null
  } ],
  ""textByDefaultLanguage"" : "" Yurucheng Dental Materials""
}",-1306,"Share Info Consultant Service LLC Repräsentanzbüro","DE-AR-000005133","{
  ""texts"" : [ {
    ""language"" : {
      ""isoCode"" : ""de"",
      ""name"" : ""German""
    },
    ""text"" : ""Share Info Consultant Service LLC Repräsentanzbüro"",
    ""allLanguagesApplicable"" : null
  } ]
}",,,,,
2219104,"01KQVWJDZR83Q182MG3CX4266B","43990573-00ba-42bf-9c56-921958482baf","SWL-Transmooth","HGW826369",-245,1,,,0,0,1,0,,1,"04251790263694","B-04251790263694","ca6357c3-21d4-47bb-826e-ff9c180b0ae9","01KQVWJDYNKAG4P74HETWB9FN9",0,0,0,,0,0,,0,,,0,,,,,,,,0,0,"Hydrophilic Coated Guidewire",,-10,-53,"LEGACY",," C04030101","DE-MF-000008000","SWL Medizin GmbH",-11,"{
  ""texts"" : [ {
    ""language"" : {
      ""isoCode"" : ""de"",
      ""name"" : ""German""
    },
    ""text"" : ""SWL Medizin GmbH"",
    ""allLanguagesApplicable"" : null
  } ],
  ""textByDefaultLanguage"" : null
}","{
  ""texts"" : [ {
    ""language"" : {
      ""isoCode"" : ""en"",
      ""name"" : ""English""
    },
    ""text"" : ""SWL"",
    ""allLanguagesApplicable"" : null
  } ],
  ""textByDefaultLanguage"" : ""SWL""
}",-1306,,,,,,,,
1775156,"01KKY4EQ6G626CP859B4K6NXJS","acb4625a-3259-4d62-b37c-ffd6be8645c3","SR Orthotyp DCL 8er UN4 D3","565706",-126,1,0,0,0,0,0,0,,1,"07615208395686","76152082APROS004VZ","2a1db2f1-529e-4db2-8f50-b9a4268190e2","01KJPX0WQ6Q00J3ETXJD4JKDVS",0,0,0,,0,0,,0,,,0,,,,,,,,0,0,"Ivostar / Gnathostar, Ivocryl, Resin Teeth / DCL / PE, Resin Teeth S PE / S DCL, SR Phonares II",,-204,-197,"STANDARD",," Q010699","LI-MF-000000522","Ivoclar Vivadent AG",-11,"{
  ""texts"" : [ {
    ""language"" : {
      ""isoCode"" : ""de"",
      ""name"" : ""German""
    },
    ""text"" : ""Ivoclar Vivadent AG"",
    ""allLanguagesApplicable"" : null
  } ]
}",,-1306,,,,,,,,
3573446,"01KXG1W25XE88E1DCQR79YBN24","9842211c-a72c-4501-8308-7eeb9cd92ed6","KJ Implant System","PA551",-56,1,0,0,0,0,0,1,,1,"08800142893063","88001104IFS01BR","58d48dd9-ef16-4f25-89e6-a0e150033f67","01KX26V0MV5M872K1M7TMG0AF8",0,0,0,,0,1,,0,,,0,,,,,,,1,0,0,,"Attachment",-205,-197,"STANDARD",," P01020101","KR-MF-000039683","KJ MEDITECH Co., Ltd.",-11,"{
  ""texts"" : [ {
    ""language"" : {
      ""isoCode"" : ""en"",
      ""name"" : ""English""
    },
    ""text"" : ""KJ MEDITECH Co., Ltd."",
    ""allLanguagesApplicable"" : false
  } ],
  ""textByDefaultLanguage"" : ""KJ MEDITECH Co., Ltd.""
}",,-1306,"S.B. Pharma GmbH","DE-AR-000005392","{
  ""texts"" : [ {
    ""language"" : {
      ""isoCode"" : ""en"",
      ""name"" : ""English""
    },
    ""text"" : ""S.B. Pharma GmbH"",
    ""allLanguagesApplicable"" : null
  } ]
}",,,,,
1289180,"01KA1N4C5N4PAKBNE4C8HPGFFZ","802d29b1-2f65-4661-bbda-2bc424b940e9","STARDRIVE","402.896TS",-21,1,0,0,0,0,1,0,,1,"07612334175953","7611819a00417JM","d0fb5d4f-453a-4c26-8845-7051a598d578","01K9QH097ZTS5QCG86QG605G26",0,0,0,,0,1,,0,,,0,,,,,,,1,0,0,"Cortex Screw TAN","Cortex Screw TAN",-205,-197,"STANDARD",," P09120601","CH-MF-000013345","Synthes GmbH",-11,"{
  ""texts"" : [ {
    ""language"" : {
      ""isoCode"" : ""en"",
      ""name"" : ""English""
    },
    ""text"" : ""Synthes GmbH"",
    ""allLanguagesApplicable"" : null
  } ]
}",,-1306,"DePuy Ireland UC","IE-AR-000009328","{
  ""texts"" : [ {
    ""language"" : {
      ""isoCode"" : ""en"",
      ""name"" : ""English""
    },
    ""text"" : ""DePuy Ireland UC"",
    ""allLanguagesApplicable"" : null
  } ]
}",,,,,
2033006,"01KPMZ29GQ1H1DNAJ54M0D2E2V","8a63657d-2e4c-4df8-a6fe-48219414b48f",,"PYT2731",-98,1,0,0,0,0,0,0,,1,"06974737810413","697473781P01TP","01f01471-75ae-47b8-a942-8225551870c9","01KPMQN1YJJFAS2KXAR5VKXCHW",0,0,0,,0,0,,0,,,0,,,,,,,,0,0,"Spectacle Frames","PYT2726, PYT2729, PYT2731, PYT2732, PYT2205, PYT2733, PYT2735, PYT2736, PYT1240, PYT2737, PYT2738, PYT2740, PYT2536, PYT2742, PYT2743, PYT2744, PYT2745, PYT2746, PYT2747, PYT2748, PYT2749, PYT2540, etc.",-203,-197,"STANDARD",," Q02100201,Q02100202,Q02100203,Q02100299","CN-MF-000022737","WENZHOU HIGO OPTICAL CO.,LTD",-11,"{
  ""texts"" : [ {
    ""language"" : {
      ""isoCode"" : ""en"",
      ""name"" : ""English""
    },
    ""text"" : ""WENZHOU HIGO OPTICAL CO.,LTD"",
    ""allLanguagesApplicable"" : false
  } ],
  ""textByDefaultLanguage"" : ""WENZHOU HIGO OPTICAL CO.,LTD""
}",,-1306,"SUNGO Europe B.V.","NL-AR-000000247","{
  ""texts"" : [ {
    ""language"" : {
      ""isoCode"" : ""nl"",
      ""name"" : ""Dutch""
    },
    ""text"" : ""SUNGO Europe B.V."",
    ""allLanguagesApplicable"" : null
  } ]
}",,,,,
3880751,"01KZ8BHR6BHF7PVEWWSW6VY12M","ea2d9092-0573-44cc-ab3e-9a0bf809bea7",,"G/EX-D41",-192,1,0,0,0,0,0,1,,1,"06976281562794","697628156DB3E","7c5f375d-6401-4f08-b1c8-dfeb59837018","01KZ8AG9JFA02QVVDSP3XX0ZN0",0,0,0,,0,0,,0,,,1,,,,,,,,0,0,"Diamond burs",,-204,-197,"STANDARD",," L159007","CN-MF-000046959","FuQuan Toboom Technologies Co., Ltd",-11,"{
  ""texts"" : [ {
    ""language"" : {
      ""isoCode"" : ""en"",
      ""name"" : ""English""
    },
    ""text"" : ""FuQuan Toboom Technologies Co., Ltd"",
    ""allLanguagesApplicable"" : false
  } ]
}",,-1306,"Eunitor GmbH","DE-AR-000005081","{
  ""texts"" : [ {
    ""language"" : {
      ""isoCode"" : ""de"",
      ""name"" : ""German""
    },
    ""text"" : ""Eunitor GmbH"",
    ""allLanguagesApplicable"" : null
  } ]
}",,,,,
3402165,"01KWGX1H4KRT3V7PWE623YXXER","4b9df1d8-28a9-43af-b9e7-efb0aed934f8","MLD3939 3333-5","100692",-108,1,,,,,0,0,0,1,"08052478982069","805247898FROZENSE","40f66609-5c30-4535-b878-1458e4e77cf0","01KWEBMCD4AZDRFSEBYZAT6Y80",,,0,0,0,,0,,0,0,,0,,0,,1,1,,,,,"FLASHFREEZE",-199,-198,"STANDARD",," W02079080","IT-MF-000024414","MILESTONE S.P.A.",-11,"{
  ""texts"" : [ {
    ""language"" : {
      ""isoCode"" : ""it"",
      ""name"" : ""Italian""
    },
    ""text"" : ""MILESTONE S.P.A."",
    ""allLanguagesApplicable"" : null
  } ],
  ""textByDefaultLanguage"" : null
}",,-1306,,,,,,,,
897058,"01JRWXA4WDNAQ9KJ4QSTC1DTQC","ccc84a11-3458-4a38-8aaf-b2cb1d4fb439",,"0103",-56,1,0,0,0,0,0,1,,1,"08856422000034","885642200003GM","46fe7daa-26fe-495f-964e-4099b0725df1","01JRW10PZ1SCVQFTB7MT514Q8F",0,0,0,,0,0,,0,,,0,,,,,,,,0,0,,"Patient waste containers",-203,-197,"STANDARD",," V0812","TH-MF-000003828","Siam intermagnate CO.,LTD.",-11,"{
  ""texts"" : [ {
    ""language"" : {
      ""isoCode"" : ""en"",
      ""name"" : ""English""
    },
    ""text"" : ""Siam intermagnate CO.,LTD."",
    ""allLanguagesApplicable"" : null
  } ]
}",,-1306,"Advena Limited","MT-AR-000000234","{
  ""texts"" : [ {
    ""language"" : {
      ""isoCode"" : ""en"",
      ""name"" : ""English""
    },
    ""text"" : ""Advena Limited"",
    ""allLanguagesApplicable"" : null
  } ]
}",,,,,
2436174,"01KRNWTX3FQXY3Y80VQKMMXB06","1f64f3b3-b011-4010-b55c-fca0c46a432a",,"3.4634.006",-175,1,0,0,0,0,0,1,,1,"05908447322110","59084474NSP6.1SH","27c648c7-162f-473c-98c7-6a76878d1c30","01KRNS43XRYKVFPT875V5GC5JQ",0,0,0,,0,1,,0,,,0,,,,,,,1,0,0,"PŁYTKI DO TWARZOCZASZKI","CRANIOFACIAL PLATES",-205,-197,"STANDARD",," P09120599","PL-MF-000002121","ChM spółka z ograniczoną odpowiedzialnością",-11,"{
  ""texts"" : [ {
    ""language"" : {
      ""isoCode"" : ""pl"",
      ""name"" : ""Polish""
    },
    ""text"" : ""ChM spółka z ograniczoną odpowiedzialnością"",
    ""allLanguagesApplicable"" : null
  } ]
}","{
  ""texts"" : [ {
    ""language"" : {
      ""isoCode"" : ""pl"",
      ""name"" : ""Polish""
    },
    ""text"" : ""ChM sp. z o.o."",
    ""allLanguagesApplicable"" : null
  } ]
}",-1306,,,,,,,,
3036111,"01KT66GSZ6KNZJ4YRSWSFEDS18","99f73497-ce9e-446c-a6d4-c4f382b0fc51",,"3536020050032",-56,1,0,0,0,0,0,0,,1,"04059465374672","4055107MyGen69","2d0f642f-2516-4331-a365-cc66ce58a598","01KRDT6V93EG5M6DVETC7STS0D",0,0,0,,0,0,,0,,,0,,,,,,,,0,0,"MyGeneration",,-203,-197,"STANDARD",," Y063303","DE-MF-000004958","Schein Orthopädie Service KG",-11,"{
  ""texts"" : [ {
    ""language"" : {
      ""isoCode"" : ""de"",
      ""name"" : ""German""
    },
    ""text"" : ""Schein Orthopädie Service KG"",
    ""allLanguagesApplicable"" : null
  } ]
}",,-1306,,,,,,,,
976764,"01JX5AE0H2A9VCA711X9B5J8SF","4dedccb0-8b82-4202-b7f8-d5db63d74c1b","Medical cart","C11",-56,1,0,0,0,0,0,0,,1,"06978356271037","697835627MC62","9b8f1022-ac08-4d4f-a56c-77d8adf0d71e","01JX5307CWX6AEW82A61XZPSH8",0,0,0,,0,0,,0,,,0,,,,,,,,0,0,"Medical cart",,-203,-197,"STANDARD",," V0899","CN-MF-000046718","SHANDONG HORO MEDICAL EQUIPMENT Co., Ltd.",-11,"{
  ""texts"" : [ {
    ""language"" : {
      ""isoCode"" : ""en"",
      ""name"" : ""English""
    },
    ""text"" : ""SHANDONG HORO MEDICAL EQUIPMENT Co., Ltd."",
    ""allLanguagesApplicable"" : false
  } ]
}",,-1306,"MedPath GmbH","DE-AR-000000087","{
  ""texts"" : [ {
    ""language"" : {
      ""isoCode"" : ""de"",
      ""name"" : ""German""
    },
    ""text"" : ""MedPath GmbH"",
    ""allLanguagesApplicable"" : null
  } ]
}",,"06978356271037",,,
3909067,"01KZBVE2T1JQ8J5GBCZBT15WQV","51a1b125-44d5-44f8-a32e-fdb83faa14a1","ZEMENTIERSCHUTZ Femur Komponente RH + TH","42703-01-21",-56,1,0,0,0,0,1,0,,1,"04029839320772","4029839PB00000057B","8eb75dee-7cd5-4eb5-a894-719d1c770c76","01KZBTXDA74CSENR5VVHVEYPPD",0,0,0,,0,0,,0,,,0,,,,,,,,0,0,"BPK-S Single-Use Instruments",,-204,-197,"STANDARD",," P091399","DE-MF-000006458","Peter Brehm GmbH",-11,"{
  ""texts"" : [ {
    ""language"" : {
      ""isoCode"" : ""de"",
      ""name"" : ""German""
    },
    ""text"" : ""Peter Brehm GmbH"",
    ""allLanguagesApplicable"" : null
  } ],
  ""textByDefaultLanguage"" : null
}",,-1306,,,,,,,,
4159192,"01M0Z8DG9K5BXT9JGD1QJHZWD2","d977ae5b-9405-47c7-992a-aa33b3ca3bea","Sphera Duo Neonatal Plus Unishunt","UNPA12023D",-21,1,,,0,0,1,0,,1,"07898497045269","B-07898497045269","6f8a07d1-2a32-451f-b05a-7b4f61ea0439","01M0Z8DG8EKB79Q12G6M7MHDGJ",0,0,0,,0,1,,0,,,0,,,,-116,,,,0,0,"Hydrocephalus Shunt System Sphera Duo Unishunt: 01 Sphera Duo Valve Neonatal Plus size High pressure pre-assembled to Peritoneal Catheter 120cm; 01 Straight Ventricular Cerebral Catheter 23.5cm","UNPA12023D",-10,-53,"LEGACY",," N010301","BR-MF-000048434","HP BIOPROTESES LTDA",-11,"{
  ""texts"" : [ {
    ""language"" : {
      ""isoCode"" : ""pt"",
      ""name"" : ""Portuguese""
    },
    ""text"" : ""HP BIOPROTESES LTDA"",
    ""allLanguagesApplicable"" : false
  } ],
  ""textByDefaultLanguage"" : null
}","{
  ""texts"" : [ {
    ""language"" : {
      ""isoCode"" : ""pt"",
      ""name"" : ""Portuguese""
    },
    ""text"" : ""HPBIO"",
    ""allLanguagesApplicable"" : false
  } ],
  ""textByDefaultLanguage"" : null
}",-1306,"Obelis s.a.","BE-AR-000000106","{
  ""texts"" : [ {
    ""language"" : {
      ""isoCode"" : ""en"",
      ""name"" : ""English""
    },
    ""text"" : ""Obelis s.a."",
    ""allLanguagesApplicable"" : null
  } ],
  ""textByDefaultLanguage"" : ""Obelis s.a.""
}",,,,,
767632,"01JDRANS43J0S8Q4RA4SKYQXAC","455e8b4f-adfa-4267-8cb0-16759de97088","Tolida","2211-3161",-180,1,0,0,0,0,0,0,,1,"06941673540810","69416735BT735M9","0a3dc612-b039-49ab-bf03-0d61b56b1f56","01HXR9FRXYWJVXRE7Y2TPC4RWE",0,0,0,,0,0,,0,,,0,,,,,,,,0,0,"Orthodontic Buccal Tubes",,-204,-197,"STANDARD",," Q010499","CN-MF-000028647","ASTAR ORTHODONTICS INC.",-11,"{
  ""texts"" : [ {
    ""language"" : {
      ""isoCode"" : ""en"",
      ""name"" : ""English""
    },
    ""text"" : ""ASTAR ORTHODONTICS INC."",
    ""allLanguagesApplicable"" : null
  } ]
}",,-1306,"BIO CONCEPT, UNIPESSOAL, LDA","PT-AR-000021480","{
  ""texts"" : [ {
    ""language"" : {
      ""isoCode"" : ""pt"",
      ""name"" : ""Portuguese""
    },
    ""text"" : ""BIO CONCEPT, UNIPESSOAL, LDA"",
    ""allLanguagesApplicable"" : false
  } ]
}",,"06941673540810",,,
4033408,"01M04R7JKQ6D777CYNJWT7Z2QW","2acd2457-006f-4017-bf47-4e97f0c02e46","Bone Screws","42659042E",,1,0,0,0,1,0,1,,1,"06931720477404","B-06931720477404","ae31ecbf-a61a-4308-ae48-b8979514de7f","01M04R7JJV0PXG8X7YT4VXRJMR",0,0,0,,0,1,,0,,,0,,,,,,,,0,0,"Ø3.5 Locking Screw,HCZ06，φ3.5×42","Ø3.5 Locking Screw,HCZ06，φ3.5×42",-205,-53,"LEGACY",," P09120503","CN-MF-000005689","Stryker Trauson (Changzhou) Medical Technology Co., Ltd.",-12,"{
  ""texts"" : [ {
    ""language"" : {
      ""isoCode"" : ""en"",
      ""name"" : ""English""
    },
    ""text"" : ""Stryker Trauson (Changzhou) Medical Technology Co., Ltd."",
    ""allLanguagesApplicable"" : null
  } ],
  ""textByDefaultLanguage"" : ""Stryker Trauson (Changzhou) Medical Technology Co., Ltd.""
}","{
  ""texts"" : [ {
    ""language"" : {
      ""isoCode"" : ""en"",
      ""name"" : ""English""
    },
    ""text"" : ""Trauson"",
    ""allLanguagesApplicable"" : null
  } ],
  ""textByDefaultLanguage"" : ""Trauson""
}",-1306,"Shanghai International Holding Corp. GmbH(Europe)","DE-AR-000000001","{
  ""texts"" : [ {
    ""language"" : {
      ""isoCode"" : ""de"",
      ""name"" : ""German""
    },
    ""text"" : ""Shanghai International Holding Corp. GmbH(Europe)"",
    ""allLanguagesApplicable"" : null
  } ]
}",,,,,
892554,"01JRG605MZKDTMWSNKKE6J7G9F","95e91db2-aff6-4840-8752-579cd4ef3ada","Dentasonic IPR-EVO2","IPR-EVO2",,1,,,,,0,1,,1,"07640269142306","764026914K21200TK","ce99f24c-21c4-48eb-bcb4-73e238762bc3","01JRFJ136EV16180Q8DV6YQEE8",,,,,,,,,,,,,,,-540,,,,,,"DentaSonic Professional Kit 2","DSPK2-2Y",-204,-197,"SPP","The ultimative Professional Kit in a cardboard box with a complete
range of DiaStrip for the bilateral and monolateral controlled
non-invasive IPR of the tooth size and the proximal finishing & polishing
in orthodontics, aligners, and/or restorative.
Water cooled oscillating handpiece with a 4:1 ratio, in addition
also a 2nd. oscillating head, and one measuring gauge with 6 thicknesses."," Q01010403","CH-PR-000047343","DS Dentasonic SA",-11,"{
  ""texts"" : [ {
    ""language"" : {
      ""isoCode"" : ""en"",
      ""name"" : ""English""
    },
    ""text"" : ""DS Dentasonic SA"",
    ""allLanguagesApplicable"" : false
  } ]
}",,-1306,,,,,,,,
37045,"01FSW817C5WKKM8PJPHRTJ5SSS","ee8ba244-bc70-473e-b31c-1101d6428970","Strp Insert Only, SA, A/B Size, 3in C Stop","3010-A3C",-100,1,0,0,0,0,0,0,,1,"00194545034818","194545STDACTANKLEZ9","d963dd6d-a59b-4883-9ec9-83a4f30b3a50","01FSW5NQYM8NV5Q7K84XT5PEDH",0,0,0,,0,0,,0,,,0,,,,,,,,0,0,"Standard Action Ankle Components","Standard Action Ankle Components",-203,-197,"STANDARD",," Y06120601","US-MF-000004002","Becker Orthopedic Appliance Company",-11,"{
  ""texts"" : [ {
    ""language"" : {
      ""isoCode"" : ""en"",
      ""name"" : ""English""
    },
    ""text"" : ""Becker Orthopedic Appliance Company"",
    ""allLanguagesApplicable"" : null
  } ],
  ""textByDefaultLanguage"" : ""Becker Orthopedic Appliance Company""
}",,-1306,"Medical Technology Promedt Consulting GmbH","DE-AR-000000085","{
  ""texts"" : [ {
    ""language"" : {
      ""isoCode"" : ""de"",
      ""name"" : ""German""
    },
    ""text"" : ""Medical Technology Promedt Consulting GmbH"",
    ""allLanguagesApplicable"" : null
  } ]
}",,,,,
3657577,"01KXZS8CDEK8H0GG7YJC43ACQJ","ac88b6d7-5174-42f5-834f-0a79e93db998","BOTA GAANSTOK 6 ROND + FANTASIE Max 100KG","310001510",-21,1,0,0,0,0,0,0,,1,"05404020817467","54040208WALKINGAIDSFY","48359af5-34b2-43d5-995e-633b47fab996","01KXZRS5J1EFN5DCEVXCGCR3BF",0,0,0,,0,0,,0,,,0,,,,,,,,0,0,"BOTA WALKINGAIDS","BOTA WALKINGAIDS",-203,-197,"STANDARD",," Y120399","BE-MF-000000263","LABORATORIA BOTA NV",-11,"{
  ""texts"" : [ {
    ""language"" : {
      ""isoCode"" : ""nl"",
      ""name"" : ""Dutch""
    },
    ""text"" : ""LABORATORIA BOTA NV"",
    ""allLanguagesApplicable"" : null
  } ]
}","{
  ""texts"" : [ {
    ""language"" : {
      ""isoCode"" : ""nl"",
      ""name"" : ""Dutch""
    },
    ""text"" : ""BOTA"",
    ""allLanguagesApplicable"" : null
  } ]
}",-1306,,,,,,,,
2211105,"01KQSPBNA45AWZJ1P1F0YCVRGQ","a1bdea50-0f91-4f0b-838f-317bdf1d7120","Trachealkanüle PRIMEDISTOM®, Gr.11, überlang, L = 120 mm","201129 u",-56,1,0,0,0,0,0,0,,1,"04250203256438","42502032PRI06452","5f89c9b0-0a3b-4cbb-9260-4750ffaf0175","01KQERZ49XRG4WC5G33HNMMRYC",0,0,0,,0,0,,0,,,0,,,,,,,,0,0,"Primedistom","Trachealkanüle",-205,-197,"STANDARD",," R0105010101","DE-MF-000004967","Primed Halberstadt Medizintechnik GmbH",-11,"{
  ""texts"" : [ {
    ""language"" : {
      ""isoCode"" : ""de"",
      ""name"" : ""German""
    },
    ""text"" : ""Primed Halberstadt Medizintechnik GmbH"",
    ""allLanguagesApplicable"" : null
  } ]
}","{
  ""texts"" : [ {
    ""language"" : {
      ""isoCode"" : ""de"",
      ""name"" : ""German""
    },
    ""text"" : ""Primed"",
    ""allLanguagesApplicable"" : null
  } ]
}",-1306,,,,,,,"04250203256438,04250203256445",
2072626,"01KPT8NHP2JGABWP7H3W63C30E","362fb36e-8d88-494a-907d-9a6266e5dbfa","Drill sleeve 16mm for Drill 3.0mm","BH3016",-56,1,0,0,0,0,0,1,,1,"EAGNBH30160","B-EAGNBH30160","1a1faa42-ad1c-43f1-8441-f40a76385307","01KPT8NHNKZ4XCBXCA6AQ2V90W",0,0,0,,0,0,,0,,,1,,,,,,,,0,0,,"Drill sleeve 16mm for Drill 3.0mm",-204,-53,"LEGACY",," Q010399","DE-MF-000012472","Argon Medical Productions & Vertriebs Gesellschaft mbH & Co. KG",-11,"{
  ""texts"" : [ {
    ""language"" : {
      ""isoCode"" : ""de"",
      ""name"" : ""German""
    },
    ""text"" : ""Argon Medical Productions & Vertriebs Gesellschaft mbH & Co. KG"",
    ""allLanguagesApplicable"" : null
  } ]
}","{
  ""texts"" : [ {
    ""language"" : {
      ""isoCode"" : ""de"",
      ""name"" : ""German""
    },
    ""text"" : ""Argon Medical"",
    ""allLanguagesApplicable"" : null
  } ]
}",-1306,,,,,,,,
1740865,"01KKPK13XBYAKFK4694DJ0R49N","54e49c5a-8c7e-4642-a7e5-a6750d1f2d84","LING.ASSY.TWN.W/HK L/L MOLAR BOND 018","367-1836",-108,1,0,0,0,0,0,0,,1,"00889989041002","B-00889989041002","7fc13dba-9d9b-4356-b6ec-f17657244d68","01KKPK13X16H82V781FZJX3K4T",0,0,0,,0,0,,0,,,0,,,,,,,,0,0,"LING.ASSY.TWN.W/HK L/L MOLAR BOND 018","367-1836",-204,-53,"LEGACY",," Q010402","US-MF-000038085","Ormco Corporation",-11,"{
  ""texts"" : [ {
    ""language"" : {
      ""isoCode"" : ""en"",
      ""name"" : ""English""
    },
    ""text"" : ""Ormco Corporation"",
    ""allLanguagesApplicable"" : false
  } ]
}",,-1306,"KERR ITALIA SRL","IT-AR-000007600","{
  ""texts"" : [ {
    ""language"" : {
      ""isoCode"" : ""it"",
      ""name"" : ""Italian""
    },
    ""text"" : ""KERR ITALIA SRL"",
    ""allLanguagesApplicable"" : null
  } ]
}",,,,,
3845734,"01KZ39Z9FH2FW7RZAM5YW15NNY","001372b4-87f1-4f4e-a16f-f780c710b209","Modular Acetabular Inlay, 20 degrees","022-2131-2228",-56,1,0,0,0,0,1,0,,1,"04049852207249","B-04049852207249","bbac2422-d0e9-4228-b697-ed0386f28acb","01KZ39Z9E7BYE89PHQ9NBZMTSA",0,0,0,,0,1,,0,,,0,,,,-116,,,,0,0,,"Biotech Acetabular Cup System",-10,-53,"LEGACY",," P090803040101","DE-MF-000023586","Biotech GmbH",-11,"{
  ""texts"" : [ {
    ""language"" : {
      ""isoCode"" : ""de"",
      ""name"" : ""German""
    },
    ""text"" : ""Biotech GmbH"",
    ""allLanguagesApplicable"" : null
  } ]
}","{
  ""texts"" : [ {
    ""language"" : {
      ""isoCode"" : ""de"",
      ""name"" : ""German""
    },
    ""text"" : ""Biotech GmbH"",
    ""allLanguagesApplicable"" : null
  } ]
}",-1306,,,,,,,,
90882,"01G3GJXM4Z4NV341MVSGXMJ6WQ","c3754547-0567-4ee8-8625-5e47a6553f75","Life","788",,1,0,0,1,0,0,0,,1,"07290111144615","7290111144615UU","ee0a2ae6-95e8-46bc-9b74-95daf7f454f1","01G3GJVHZEBQHJS2KT332CQTGN",0,0,0,,0,0,,0,,,0,,,,,,,,0,0,"Back Support Belt NW, size S","788",-203,-197,"STANDARD",," M030499","BG-MF-000023453","Medtex Swiss Ltd",-790,"{
  ""texts"" : [ {
    ""language"" : {
      ""isoCode"" : ""bg"",
      ""name"" : ""Bulgarian""
    },
    ""text"" : ""Medtex Swiss Ltd"",
    ""allLanguagesApplicable"" : null
  } ]
}","{
  ""texts"" : [ {
    ""language"" : {
      ""isoCode"" : ""bg"",
      ""name"" : ""Bulgarian""
    },
    ""text"" : ""MTSB"",
    ""allLanguagesApplicable"" : null
  } ]
}",-1306,,,,,,,,
1097181,"01K1WHZ605ACFRKSNANVWY7JC3","79948ff6-e796-4e95-a43f-f21efe8cca10","Neofuser DFO","X20-DFO",-56,1,,,0,0,1,1,,1,"08800331621095","B-08800331621095","326138d8-f7df-4cdc-87f4-168b8f493e5b","01K1WHZ5YE32Y4CA928PJ0FH3W",1,1,0,,0,0,,0,,,0,,,,,,,,0,0,"Single Use Infusion Pump","X20-DFO",-205,-53,"LEGACY",," A05010101","KR-MF-000017308","S&S Med Co.,Ltd.",-11,"{
  ""texts"" : [ {
    ""language"" : {
      ""isoCode"" : ""en"",
      ""name"" : ""English""
    },
    ""text"" : ""S&S Med Co.,Ltd."",
    ""allLanguagesApplicable"" : null
  } ]
}","{
  ""texts"" : [ {
    ""language"" : {
      ""isoCode"" : ""en"",
      ""name"" : ""English""
    },
    ""text"" : ""S&S Med"",
    ""allLanguagesApplicable"" : null
  } ]
}",-1306,"Easy Medical Device CommV","BE-AR-000011902","{
  ""texts"" : [ {
    ""language"" : null,
    ""text"" : ""Easy Medical Device CommV"",
    ""allLanguagesApplicable"" : true
  } ],
  ""textByDefaultLanguage"" : null
}",,,,,
3199534,"01KV5CSQ6ZN9AVHAN047EX0Q7R","f53f1174-c9e6-4af3-8c87-158627e7d0c3","Bexen Medical","296.11",-67,1,0,0,0,0,1,0,,1,"08427860296114","8427860PAR2100000021AJH","086a9c13-a952-4ee4-9882-5fbfcfb88ebe","01KV560Q6EA2ADB7X00X806GVR",0,0,0,,0,0,,0,,,0,,,,,,,,0,0,"Bags and lines for parenteral nutrition",,-203,-197,"STANDARD",," A080102","ES-MF-000000866","OIARSO, S. COOP",-11,"{
  ""texts"" : [ {
    ""language"" : {
      ""isoCode"" : ""es"",
      ""name"" : ""Spanish""
    },
    ""text"" : ""OIARSO, S. COOP"",
    ""allLanguagesApplicable"" : null
  } ]
}",,-1306,,,,,,,"08427860296114,18427860296111",
3150222,"01KTR73P6BSRAFQXPMRYA121TR","1bae2b5e-c730-4778-8d9b-457f55d9c591","Zirconia Dental Ceramics","BSM-D98×30 TTML A2",-56,1,0,0,0,0,0,0,,1,"06932195356201","697558188CK0708K6","c4d6d037-329d-4f64-b3dd-b0923a835709","01K8APH12RVTMF0SBJFBW0HPG5",0,0,0,,0,1,,0,,,0,,,,,,,,0,0,"Zirconia Dental Ceramics",,-204,-197,"STANDARD",," Q010699","CN-MF-000025929","Chengdu Besmile Medical Technology Co., Ltd.",-11,"{
  ""texts"" : [ {
    ""language"" : {
      ""isoCode"" : ""en"",
      ""name"" : ""English""
    },
    ""text"" : ""Chengdu Besmile Medical Technology Co., Ltd."",
    ""allLanguagesApplicable"" : false
  } ]
}",,-1306,"MedPath GmbH","DE-AR-000000087","{
  ""texts"" : [ {
    ""language"" : {
      ""isoCode"" : ""de"",
      ""name"" : ""German""
    },
    ""text"" : ""MedPath GmbH"",
    ""allLanguagesApplicable"" : null
  } ]
}",,,,,
1075748,"01K0S9T1YNVVXR0Q31HV2TPBMB","5ce833e6-9f32-452c-8672-698a1ee5a53f","B-BLOCK PRO 2.0 G20 X 25 PUR R NL ","58044425200560",-108,1,0,0,0,0,1,0,,3,"08032248512207","80322485100089","78fd47e1-9a3a-43a2-baa6-6817253570a1","01JZT69WSN3ZD9D3G32G8031ZE",0,0,0,,0,0,,0,,,0,,,,,,,,0,0,,"Safety IV Catheters with closed system",-204,-197,"STANDARD",," C01010103","IT-MF-000027962","Delta Med SPA",-12,"{
  ""texts"" : [ {
    ""language"" : {
      ""isoCode"" : ""it"",
      ""name"" : ""Italian""
    },
    ""text"" : ""Delta Med SPA"",
    ""allLanguagesApplicable"" : false
  } ],
  ""textByDefaultLanguage"" : null
}",,-1306,,,,,"08032248512207",,"08032248512207,38032248512208,58032248512202",
4590048,"01M31ZC9VV3CPYS02F6GZTE841","4f86095a-47e5-4c11-ba80-c1d91f4cf6b2","Skinnies WEB","WB42wh",-67,1,0,0,0,0,0,0,,1,"05060201223498","B-05060201223498","5156d17c-b33f-48ad-8790-475787f6f3b4","01M31ZC9V9S3N3J5NCF6XN19XC",0,0,0,,0,0,,0,,,0,,,,,,,,0,0,"Skinnies WEB","legs S white",-203,-53,"LEGACY",," T0299","UK-MF-000058953","Skinwear Ltd.",-11,"{
  ""texts"" : [ {
    ""language"" : {
      ""isoCode"" : ""en"",
      ""name"" : ""English""
    },
    ""text"" : ""Skinwear Ltd."",
    ""allLanguagesApplicable"" : false
  } ],
  ""textByDefaultLanguage"" : ""Skinwear Ltd.""
}",,-1306,"CMC Medical Devices & Drugs SL","ES-AR-000000293","{
  ""texts"" : [ {
    ""language"" : {
      ""isoCode"" : ""es"",
      ""name"" : ""Spanish""
    },
    ""text"" : ""CMC Medical Devices & Drugs SL"",
    ""allLanguagesApplicable"" : null
  } ]
}",,,,,
903429,"01JSETY111K2C8P3FA30S0VWJQ","23dfd879-58dc-441f-97db-d210ce5d6660","LED Curing Light Classic","C01-C-LB",-175,1,0,0,0,0,0,0,,1,"+D125C01CLB2","++D125CURINGLIGHTSAR","7f9ad164-20ab-4305-8309-798d09897c73","01J32RX1EC5X12QACK38NWRMFC",1,0,0,,0,0,,0,,,0,,,,,,,,0,0,"Dental LED Curing Lights",,-203,-197,"STANDARD",," Q01010199","CN-MF-000038259","Premium Plus (Dongguan) Limited",-11,"{
  ""texts"" : [ {
    ""language"" : {
      ""isoCode"" : ""en"",
      ""name"" : ""English""
    },
    ""text"" : ""Premium Plus (Dongguan) Limited"",
    ""allLanguagesApplicable"" : false
  } ]
}",,-1306,"Premium Plus Poland sp. z o.o.","PL-AR-000030110","{
  ""texts"" : [ {
    ""language"" : {
      ""isoCode"" : ""en"",
      ""name"" : ""English""
    },
    ""text"" : ""Premium Plus Poland sp. z o.o."",
    ""allLanguagesApplicable"" : null
  } ]
}",,,,,
3737161,"01KYGQS9J0AP96VSC4JYWGZMPB","85a8f292-dc9e-43f5-94c0-d054e9bb95c2","NIBP cuff and accessories","Y000RAL2",-56,1,0,0,0,0,0,0,,1,"06944414059763","69444140007SS","e2796843-6c25-4a78-9300-ed20c48af924","01HXDHBRHP8BFYP54CFY0ZFTRV",1,0,0,,0,0,,0,,,0,,,,,,,,0,0,"NIBP cuff and accessories","Y000DA1",-203,-197,"STANDARD",," Z1203020302","CN-MF-000011145","Shenzhen Med-link Electronics Tech Co., Ltd. ",-11,"{
  ""texts"" : [ {
    ""language"" : {
      ""isoCode"" : ""en"",
      ""name"" : ""English""
    },
    ""text"" : ""Shenzhen Med-link Electronics Tech Co., Ltd. "",
    ""allLanguagesApplicable"" : null
  } ]
}",,-1306,"Shanghai International Holding Corp. GmbH(Europe)","DE-AR-000000001","{
  ""texts"" : [ {
    ""language"" : {
      ""isoCode"" : ""de"",
      ""name"" : ""German""
    },
    ""text"" : ""Shanghai International Holding Corp. GmbH(Europe)"",
    ""allLanguagesApplicable"" : null
  } ]
}",,,,,
2647612,"01KS7Z62GMVH11R1RE3GDQ8E7K","cdc5151c-4ccc-42c6-904a-b013f00bb903","DPGPRP","DPG2510",-108,1,,,0,0,1,0,,1,"08056585951802","B-08056585951802","f5115031-81f6-4f88-bdb0-49acc4080722","01KS7Z62G0CRHT6EQFXGWYFQB9",0,0,0,,0,0,,0,,,0,,,,,,,,0,0,"Medical device for preparation of autologous platelet-rich plasma (P.R.P.)","10ml tube (box by 25 tubes)",-204,-53,"LEGACY",," B0501","IT-MF-000034895","Dermoaroma Italy srl",-11,"{
  ""texts"" : [ {
    ""language"" : {
      ""isoCode"" : ""en"",
      ""name"" : ""English""
    },
    ""text"" : ""Dermoaroma Italy srl"",
    ""allLanguagesApplicable"" : false
  } ]
}","{
  ""texts"" : [ {
    ""language"" : {
      ""isoCode"" : ""it"",
      ""name"" : ""Italian""
    },
    ""text"" : ""Dermoaroma Italy srl"",
    ""allLanguagesApplicable"" : false
  } ]
}",-1306,,,,,,,,
130630,"01G8XCS4SB4CCWFDEPB1BF0V3C","ebda9b2d-a7b2-4d9e-8806-244e2a82fe4f","Orthodontic Archwires","TM041402",-74,1,0,0,0,1,0,0,,1,"06957067019473","695706700003-0373FD","b7e8fbe7-3fa2-4163-8030-95567fa6a854","01G35MRQ2VZ6MRV558A11TGVMZ",0,0,0,,0,0,,0,,,0,,,,,,,,0,0,"Orthodontic Archwires","Niti Wires",-204,-197,"STANDARD",," Q010405","CN-MF-000002280","Innovative Material and Devices, Inc",-11,"{
  ""texts"" : [ {
    ""language"" : {
      ""isoCode"" : ""en"",
      ""name"" : ""English""
    },
    ""text"" : ""Innovative Material and Devices, Inc"",
    ""allLanguagesApplicable"" : null
  } ]
}","{
  ""texts"" : [ {
    ""language"" : {
      ""isoCode"" : ""en"",
      ""name"" : ""English""
    },
    ""text"" : ""IMD"",
    ""allLanguagesApplicable"" : null
  } ]
}",-1306,"Lotus NL B.V.","NL-AR-000000121","{
  ""texts"" : [ {
    ""language"" : {
      ""isoCode"" : ""en"",
      ""name"" : ""English""
    },
    ""text"" : ""Lotus NL B.V."",
    ""allLanguagesApplicable"" : null
  } ]
}",,,,,
3703869,"01KY6THV5V722PC11VRXPVCXCQ","9e30bd42-ee0f-40e4-b65c-0dad4a8768aa","Zirconia Block","Anterior Translucency(AT)/95×22mm/A1/1*1",-56,1,0,0,0,0,0,0,,1,"06909412332522","6909412YHG2A01XN","a2581675-1336-4488-8981-e4479fc73ec6","01JW51VCQ6BEF9WQ11CEBFJ0QZ",0,0,0,,0,1,,0,,,0,,,,,,,,0,0,"Zirconia Block","High Translucency (HT), Anterior Translucency (AT), High Strength (HS), Multi-layered High Translucency (MHT), High Translucency Plus (HT PLUS), Gradient Multilayer (GM), MaxMultilayer-4D (MM-4D), Anterior Translucency Multilayer (ATML)",-204,-197,"STANDARD",," Q01010199","CN-MF-000013266","Shandong Huge Dental Material Corporation",-11,"{
  ""texts"" : [ {
    ""language"" : {
      ""isoCode"" : ""en"",
      ""name"" : ""English""
    },
    ""text"" : ""Shandong Huge Dental Material Corporation"",
    ""allLanguagesApplicable"" : null
  } ]
}","{
  ""texts"" : [ {
    ""language"" : {
      ""isoCode"" : ""en"",
      ""name"" : ""English""
    },
    ""text"" : ""HUGE"",
    ""allLanguagesApplicable"" : null
  } ]
}",-1306,"MedNet EC-REP GmbH","DE-AR-000000002","{
  ""texts"" : [ {
    ""language"" : {
      ""isoCode"" : ""en"",
      ""name"" : ""English""
    },
    ""text"" : ""MedNet EC-REP GmbH"",
    ""allLanguagesApplicable"" : null
  } ]
}",,,,,
3596799,"01KXK096CBTBQS7FG1R6RT1A7P","9271be6a-4e14-4560-9c3e-d2e5cfee55a0",,"33.0245.400",-56,1,0,0,0,0,0,1,,1,"04058365013841","4058365010130VD","0480dd68-1df2-492c-ae0b-573d87bde9df","01KXK03TD5TGPCJNAYZ4Q6JD67",0,0,0,,0,1,,0,,,0,,,,,,,1,0,0,,"Steinmann Nägel",-205,-197,"STANDARD",," P09120299","DE-MF-000005564","MEDE Technik GmbH",-11,"{
  ""texts"" : [ {
    ""language"" : {
      ""isoCode"" : ""de"",
      ""name"" : ""German""
    },
    ""text"" : ""MEDE Technik GmbH"",
    ""allLanguagesApplicable"" : null
  } ]
}","{
  ""texts"" : [ {
    ""language"" : {
      ""isoCode"" : ""de"",
      ""name"" : ""German""
    },
    ""text"" : ""MEDE"",
    ""allLanguagesApplicable"" : null
  } ]
}",-1306,,,,,,,,
461373,"01HNHYBF8VT40M6K2M57VQ1RCX","3273d3eb-25db-4140-92c4-e2b9087727ab","MİKRO","SMY360-10WP",-245,1,0,0,0,0,0,1,,1,"08682389446369","868238955MIKRO00263M","cd28803f-d73f-4ec6-be67-c6c2c7ab980c","01HNHNMDJ2JPZZNT5Y7WJV508T",0,0,0,,0,0,,0,,,1,,,,,,,,0,0,"STERILIZATION CONTAINER SYSTEMS","MİKRO",-203,-197,"STANDARD",," S010401","TR-MF-000029629","SAMSUN MİKRO CERRAHİ ALETLER İMALAT SANAYİ VE TİCARET LİMİTED ŞİRKETİ",-11,"{
  ""texts"" : [ {
    ""language"" : null,
    ""text"" : ""SAMSUN MİKRO CERRAHİ ALETLER İMALAT SANAYİ VE TİCARET LİMİTED ŞİRKETİ"",
    ""allLanguagesApplicable"" : true
  } ],
  ""textByDefaultLanguage"" : null
}","{
  ""texts"" : [ {
    ""language"" : null,
    ""text"" : ""Mikro surgical instruments"",
    ""allLanguagesApplicable"" : true
  } ],
  ""textByDefaultLanguage"" : null
}",-1306,,,,,,,,
735357,"01JAWCQD9G664Q0AG58AF41ZCB","551e1813-528a-4c96-ab37-43ff0d9e3a21","CapnoTrak CO2 Oral Nasal Cannula","1105099",-13,1,0,0,0,0,0,0,,1,"00884838044401","0884838BM631T3","c25919a2-c548-450c-bded-bed7ba298ec8","01JAE90AEPTYM0S0W09SW3AV3B",0,0,0,,0,0,,0,,,0,,,,,,,,0,0,"Capnotrak Accessories",,-204,-197,"STANDARD",," Z1203020485","US-MF-000007951","Respironics Novametrix, LLC",-11,"{
  ""texts"" : [ {
    ""language"" : {
      ""isoCode"" : ""en"",
      ""name"" : ""English""
    },
    ""text"" : ""Respironics Novametrix, LLC"",
    ""allLanguagesApplicable"" : null
  } ],
  ""textByDefaultLanguage"" : ""Respironics Novametrix, LLC""
}",,-1306,"Philips Medical Systems Nederland B.V.","NL-AR-000001422","{
  ""texts"" : [ {
    ""language"" : {
      ""isoCode"" : ""en"",
      ""name"" : ""English""
    },
    ""text"" : ""Philips Medical Systems Nederland B.V."",
    ""allLanguagesApplicable"" : null
  } ],
  ""textByDefaultLanguage"" : ""Philips Medical Systems Nederland B.V.""
}",,,,"00884838044401,30884838044402",
3764649,"01KYJYP9F8ZV8K2MQ8GJZGYNNT","7ca252be-a902-49e3-aa5e-4b0ab79a81bc",,"TTLIO130Y",-67,1,0,0,0,0,1,0,,1,"00197923383799","B-00197923383799","ad048833-0091-481a-99d8-749b4b32f31d","01KYJYP9EQJRP2FP5QD9TW98Y8",0,0,0,,0,1,,0,,,0,,,,,,,,0,0,"Asqelio™ Trifocal Toric Soft Hydrophobic Intraocular Lens","TTLIO130Y",-205,-53,"LEGACY",," P030102100301","US-MF-000021852","AST VisionCare Inc.",-11,"{
  ""texts"" : [ {
    ""language"" : {
      ""isoCode"" : ""en"",
      ""name"" : ""English""
    },
    ""text"" : ""AST VisionCare Inc."",
    ""allLanguagesApplicable"" : null
  } ]
}","{
  ""texts"" : [ {
    ""language"" : {
      ""isoCode"" : ""en"",
      ""name"" : ""English""
    },
    ""text"" : ""ASTVC"",
    ""allLanguagesApplicable"" : null
  } ]
}",-1306,"MDSS GmbH","DE-AR-000005430","{
  ""texts"" : [ {
    ""language"" : {
      ""isoCode"" : ""en"",
      ""name"" : ""English""
    },
    ""text"" : ""MDSS GmbH"",
    ""allLanguagesApplicable"" : null
  } ]
}",,,,,
3608322,"01KXKEESX4FH8QHQW12TKGDPGA","456582af-86ff-4bd2-b478-4318d5a11bee","aspen surgical®","1-535-5070",-162,1,0,0,0,0,1,0,,1,"00841912101580","084191215000STNE","c4308d0e-d9b0-4ca8-bfec-8dad881cd63b","01KXKE9CY7APHQ80VGD3B7NVQT",0,0,0,,0,0,,0,,,0,,,,,,,,0,0,"Needle Guides (sterile)",,-203,-197,"STANDARD",," A018002","US-MF-000008255","Aspen Surgical Products, Inc.",-11,"{
  ""texts"" : [ {
    ""language"" : {
      ""isoCode"" : ""en"",
      ""name"" : ""English""
    },
    ""text"" : ""Aspen Surgical Products, Inc."",
    ""allLanguagesApplicable"" : null
  } ]
}",,-1306,"Emergo Europe B.V.","NL-AR-000000116","{
  ""texts"" : [ {
    ""language"" : {
      ""isoCode"" : ""en"",
      ""name"" : ""English""
    },
    ""text"" : ""Emergo Europe B.V."",
    ""allLanguagesApplicable"" : null
  } ]
}",,,,,
1169411,"01K569Q57EG75WB691BNXADAKA","197222cc-bb1e-4418-9e9e-1b8dc91a1fcf","MONO CL.1 Cotton DX CORTO 4°","8053685729133",-108,1,0,0,0,0,0,0,,1,"08053685729133","805368572881508CK1X3","4b7a3ecb-5cb7-4607-a1c0-1de099b2239e","01K560HBVEM0GEP5ZW0W6H5E8P",0,0,0,,0,0,,0,,,0,,,,,,,,0,0,"CLASSE 1 COTTON",,-203,-197,"STANDARD",," M030405","IT-MF-000034543","NEW MEDICAL SERVICE SRL",-11,"{
  ""texts"" : [ {
    ""language"" : {
      ""isoCode"" : ""it"",
      ""name"" : ""Italian""
    },
    ""text"" : ""NEW MEDICAL SERVICE SRL"",
    ""allLanguagesApplicable"" : false
  } ]
}",,-1306,,,,,,,,
1652841,"01KHY4A1N2NXWB4WQ3EGKT5R58","8fb1fe6f-514b-48ff-a86a-33852df7f9a5","MENTOR Smooth Round High Profile
Saline Breast Implant","350-3630",,1,,,,,0,0,,1,"00081317001706","0081317a000043X","cf78fe20-a4fe-4b5e-a01d-37c2cf806e8d","01KHY2HSVVC0EMFC4C7H91Q67F",,,,,,,,,,,,,,,-541,,,,,,"MENTOR Saline-Filled Breast Implants","MENTOR Saline-Filled Breast Implants",-10,-197,"SPP","The intended purpose of the Mentor Saline-Filled Breast Implants is to replace missing breast tissue or to enhance a breast in females undergoing breast augmentation (non-medical) or breast reconstruction (medical purpose)"," P0601010101","US-PR-000013792","MENTOR",-11,"{
  ""texts"" : [ {
    ""language"" : {
      ""isoCode"" : ""en"",
      ""name"" : ""English""
    },
    ""text"" : ""MENTOR"",
    ""allLanguagesApplicable"" : null
  } ]
}",,-1306,,,,,,,,
2515717,"01KS092MZXSV3WAD2850G8W2JN","a8e8f919-53ad-4459-9e32-33d96c818226",,"KKA052433",-108,1,0,0,0,0,0,0,,1,"08057147009191","8057147TTL006XV","a97ea538-6100-488d-9ec1-15a7f704de94","01KS042V3B9C8E4W8YSSM6R5XT",0,0,0,,0,0,,0,,,0,,,,,,,,0,0,,"TECHNE",-203,-197,"STANDARD",," L0399","IT-MF-000027104","UNIVET LOUPES SPA",-11,"{
  ""texts"" : [ {
    ""language"" : {
      ""isoCode"" : ""it"",
      ""name"" : ""Italian""
    },
    ""text"" : ""UNIVET LOUPES SPA"",
    ""allLanguagesApplicable"" : false
  } ]
}",,-1306,,,,,,,,
4242068,"01M1F4MQWX0ZA4837V1MAJ25KJ","ed31f8fb-580c-4cda-ab49-30f7cbafad04","ACRIVA","ACRIVA BB UDM 611",-56,1,0,0,0,0,1,0,,1,"04064544251423","B-04064544251423","2a02131c-58d9-4565-9946-a4239028809e","01M1F4MQVVXVHYXKMWG9W8C5R6",0,0,0,,0,1,,0,,,0,,,,,,,,0,0,"ACRIVA BB UDM 611",,-205,-53,"LEGACY",," P030102090202","DE-MF-000025210","VSY Biotechnology GmbH",-11,"{
  ""texts"" : [ {
    ""language"" : {
      ""isoCode"" : ""en"",
      ""name"" : ""English""
    },
    ""text"" : ""VSY Biotechnology GmbH"",
    ""allLanguagesApplicable"" : false
  } ]
}",,-1306,,,,,,,,
3128293,"01KTNNJQHKY1BF2EAV810ADN9J","cf6d329a-8474-452d-a21b-1da9b3272b34","RAMPA 2 POSTI - O2 VALVOLE IN LINEA","HS103NOV",-108,1,1,0,1,0,0,0,,1,"08059777594535","805415412HS0FF","493b13c9-cf91-46df-9461-37a26cde33b4","01KTK989WHPDTHG64HWSR0GPHA",1,0,0,,0,0,,0,,,0,,,,,,,,0,0,,"High pressure manifold and flexible connections",-205,-197,"STANDARD",," Z120309","IT-MF-000023450","BEHRINGER S.R.L.",-11,"{
  ""texts"" : [ {
    ""language"" : {
      ""isoCode"" : ""it"",
      ""name"" : ""Italian""
    },
    ""text"" : ""BEHRINGER S.R.L."",
    ""allLanguagesApplicable"" : null
  } ]
}","{
  ""texts"" : [ {
    ""language"" : {
      ""isoCode"" : ""it"",
      ""name"" : ""Italian""
    },
    ""text"" : ""BEHRINGER"",
    ""allLanguagesApplicable"" : null
  } ]
}",-1306,,,,,"08059777594535",,,
1634126,"01KH8QHMC0XAF00JTCK48QQTSB","ddaf9a76-4521-460e-a1ac-62ad0cf80ea2",,"441885",-162,1,0,0,0,0,0,0,,1,"03700381527147","37014074MAIIR86B9","a9887316-5572-4deb-8e4b-1471e398a256","01KH8HZVJ4CHGZCDS6B050BF4X",0,0,0,,0,0,,0,,,0,,,,,,,,0,0,"Medical Face Mask TIIR",,-203,-197,"STANDARD",," T020604","FR-MF-000002873","Medicom SAS",-11,"{
  ""texts"" : [ {
    ""language"" : null,
    ""text"" : ""Medicom SAS"",
    ""allLanguagesApplicable"" : true
  } ],
  ""textByDefaultLanguage"" : null
}",,-1306,,,,,,,"03700381525402,03700381527147",
4500031,"01M2T0MKYDX1GCEAGG4P810FZV","0010d2b9-2de7-4e2f-967d-a86cc1922c22","RADIANTE® Styl'Coton Fine","73990-00064-00",-74,1,0,0,0,0,0,0,,1,"04042809818901","4042809400473359M","b8275685-566e-4dff-9b51-ea25d04bf0f8","01M2SZ98T1R7PAFG8CVXAKMTFG",0,0,0,,0,0,,0,,,0,,,,,,,,0,0,"RADIANTE® Styl'Coton Fine",,-203,-197,"STANDARD",," M030405","FR-MF-000000485","Radiante SAS",-11,"{
  ""texts"" : [ {
    ""language"" : {
      ""isoCode"" : ""fr"",
      ""name"" : ""French""
    },
    ""text"" : ""Radiante SAS"",
    ""allLanguagesApplicable"" : null
  } ]
}",,-1306,,,,,,,,
1938119,"01KNNEJX60X44EWCCZA9Y10G6G","0e58c107-af0f-41f0-8c84-35e98dce645e",,"None",-56,1,0,0,0,0,1,0,,1,"06976651241786","697307763NTCUQ","12111804-becb-4b1a-974f-91e92b3d353e","01KC5N2Y17EGQF54ABVSF5VA3E",0,0,0,,0,0,,0,,,0,,,,,,,,0,0,"Disposable sterile nasopharyngeal tube","C-0 C-1 C-2 E-1",-204,-197,"STANDARD",," R010101","CN-MF-000010408","Rmist(Tianjin) Medical Device Co., Ltd.",-11,"{
  ""texts"" : [ {
    ""language"" : {
      ""isoCode"" : ""en"",
      ""name"" : ""English""
    },
    ""text"" : ""Rmist(Tianjin) Medical Device Co., Ltd."",
    ""allLanguagesApplicable"" : null
  } ]
}",,-1306,"Caretechion GmbH","DE-AR-000005946","{
  ""texts"" : [ {
    ""language"" : {
      ""isoCode"" : ""de"",
      ""name"" : ""German""
    },
    ""text"" : ""Caretechion GmbH"",
    ""allLanguagesApplicable"" : null
  } ]
}",,,,,
1437727,"01KD9MRZ4Z61ZGWGYBCW4N011Z","44807170-91af-4ab2-99df-28931e58650b","Shoe Cover","C029004",-56,1,0,0,0,0,0,0,,1,"26936662607845","693666261351000TD","9ae7656e-f3e0-4305-81fa-65c40da292b7","01KD9KH0X16TMRQAKGV2HD60XB",0,0,0,,0,0,,0,,,0,,,,,,,,0,0,"Shoe Cover",,-203,-197,"STANDARD",," T0208","CN-MF-000006015","Kingstar Medical (Xianning) Co., LTD",-11,"{
  ""texts"" : [ {
    ""language"" : {
      ""isoCode"" : ""en"",
      ""name"" : ""English""
    },
    ""text"" : ""Kingstar Medical (Xianning) Co., LTD"",
    ""allLanguagesApplicable"" : null
  } ]
}",,-1306,"Shanghai International Holding Corp. GmbH(Europe)","DE-AR-000000001","{
  ""texts"" : [ {
    ""language"" : {
      ""isoCode"" : ""de"",
      ""name"" : ""German""
    },
    ""text"" : ""Shanghai International Holding Corp. GmbH(Europe)"",
    ""allLanguagesApplicable"" : null
  } ]
}",,,,"26936662607845,76936662607840",
1088637,"01K1SBV08E1500S61DV6SWQ3RD","b2de41a4-4a13-43da-855d-7a4f8ab06e53","INFINITI™ Diagnostic Catheter/SUPER TORQUE™ Diagnostic Catheter/SUPER TORQUE™ Plus Diagnostic Catheter/TEMPO™ AQUA Diagnostic Catheter","599500J2",-162,1,0,0,0,0,1,0,,1,"10705032079105","07050320000000000000052CL","e15ebb2f-9b4c-4956-8ca1-dfc022af62b5","01K1BPY2MSFCQYS0SQRV8PNJWV",0,0,0,,0,0,,0,,,0,,,,,,,,0,0,"INFINITI™ Diagnostic Catheter/SUPER TORQUE™ Diagnostic Catheter/SUPER TORQUE™ Plus Diagnostic Catheter/TEMPO™ AQUA Diagnostic Catheter",,-10,-197,"STANDARD",," C0104010101,C0104020101","US-MF-000020031","Cordis US Corp.",-11,"{
  ""texts"" : [ {
    ""language"" : {
      ""isoCode"" : ""en"",
      ""name"" : ""English""
    },
    ""text"" : ""Cordis US Corp."",
    ""allLanguagesApplicable"" : false
  } ],
  ""textByDefaultLanguage"" : ""Cordis US Corp.""
}","{
  ""texts"" : [ {
    ""language"" : {
      ""isoCode"" : ""en"",
      ""name"" : ""English""
    },
    ""text"" : ""Cordis US Corp."",
    ""allLanguagesApplicable"" : false
  } ],
  ""textByDefaultLanguage"" : ""Cordis US Corp.""
}",-1306,"Cordis Cashel","IE-AR-000017793","{
  ""texts"" : [ {
    ""language"" : {
      ""isoCode"" : ""en"",
      ""name"" : ""English""
    },
    ""text"" : ""Cordis Cashel"",
    ""allLanguagesApplicable"" : null
  } ],
  ""textByDefaultLanguage"" : ""Cordis Cashel""
}",,,,"10705032079105,20705032079102",
4610117,"01M32Z02BF7NV0NWHHBZXRHM6T","7d027f24-95aa-452e-9eab-a2556866d0f4","Juzo Soft","2002",-56,1,0,0,0,0,0,0,,1,"04071806003096","4018678M030405PHLY-010-AS","b1b47278-0227-4275-aff4-196e309ae175","01M27XRQX05TB01GQ5CWFCZH8H",0,0,0,,0,0,,0,,,0,,,,,,,,0,0,"Medical compression garments PH/LY- stockings / pantyhose / sleeves",,-203,-197,"STANDARD",," M030405","DE-MF-000009443","Julius Zorn GmbH",-11,"{
  ""texts"" : [ {
    ""language"" : {
      ""isoCode"" : ""de"",
      ""name"" : ""German""
    },
    ""text"" : ""Julius Zorn GmbH"",
    ""allLanguagesApplicable"" : null
  } ]
}","{
  ""texts"" : [ {
    ""language"" : {
      ""isoCode"" : ""de"",
      ""name"" : ""German""
    },
    ""text"" : ""Juzo"",
    ""allLanguagesApplicable"" : null
  } ]
}",-1306,,,,,"04071806003096",,,
4289524,"01M1M7PJBVC7S4YZ1BZ62RXVEY","1735eb58-9d6f-45ef-bff8-7f1315ce7bd6","MiniACE® Button - Low Profile Antegrade Continence Enema Button","ACE-1415-I",-100,1,0,0,0,0,1,0,,1,"00842071137571","08420711MINIACEEY","6a0611ee-6f47-40d6-98fa-139fde7b6c6c","01M1HHG03AMXWYR0X308YM56V6",0,0,0,,0,1,,0,,,0,,,,,,,,0,0,"MiniACE® Button",,-204,-197,"STANDARD",," G020102","US-MF-000041414","Applied Medical Technology, Inc.",-11,"{
  ""texts"" : [ {
    ""language"" : {
      ""isoCode"" : ""en"",
      ""name"" : ""English""
    },
    ""text"" : ""Applied Medical Technology, Inc."",
    ""allLanguagesApplicable"" : false
  } ]
}",,-1306,"MDSS GmbH","DE-AR-000005430","{
  ""texts"" : [ {
    ""language"" : {
      ""isoCode"" : ""en"",
      ""name"" : ""English""
    },
    ""text"" : ""MDSS GmbH"",
    ""allLanguagesApplicable"" : null
  } ]
}",,,,,
832335,"01J85ANPX86235AD8JWHB9JCR0","7bc81147-23be-48ec-ba3d-357ad676670e","Su-Por Surgical Implants","4647",-162,1,,,0,0,1,0,,2,"00815285024241","B-00815285024241","7fa319e6-05d2-4d80-be94-1492622d70a2","01J85ANPV64JS7V47DWQCE3E2D",0,0,0,,0,1,,0,,,0,,,,,,,,0,0,"Su-Por Ear 4647 - Right - 34mm x 56mm x 28mm","4647",-205,-53,"LEGACY",," P900403","US-MF-000016703","Poriferous, LLC",-11,"{
  ""texts"" : [ {
    ""language"" : {
      ""isoCode"" : ""en"",
      ""name"" : ""English""
    },
    ""text"" : ""Poriferous, LLC"",
    ""allLanguagesApplicable"" : null
  } ]
}",,-1306,"Emergo Europe B.V.","NL-AR-000000116","{
  ""texts"" : [ {
    ""language"" : {
      ""isoCode"" : ""en"",
      ""name"" : ""English""
    },
    ""text"" : ""Emergo Europe B.V."",
    ""allLanguagesApplicable"" : null
  } ]
}",,,,,
771480,"01JE5MF6FQTF7G7WDK5PK13QQA","33a2ca43-b839-49c8-908f-7020253f0646","CLEARFIL MAJESTY ES Flow Universal　Super Low (U) TRIAL","#4622-EU",-56,1,0,0,0,0,0,0,,1,"04582110806223","458211076CompositeKS","27dbde1e-6dcf-4e63-9b31-dc97b0bc55d4","01JDRNCNJB5TZGK27VEV1YNPRK",0,0,0,,0,1,,0,,,0,,,,,,,,0,0,,"Composites",-204,-197,"STANDARD",," Q01010103","JP-MF-000017326","Kuraray Noritake Dental Inc. Kurashiki",-11,"{
  ""texts"" : [ {
    ""language"" : null,
    ""text"" : ""Kuraray Noritake Dental Inc. Kurashiki"",
    ""allLanguagesApplicable"" : true
  } ]
}","{
  ""texts"" : [ {
    ""language"" : null,
    ""text"" : ""Kuraray Noritake Dental Inc."",
    ""allLanguagesApplicable"" : true
  } ]
}",-1306,"Emergo Europe B.V.","NL-AR-000000116","{
  ""texts"" : [ {
    ""language"" : {
      ""isoCode"" : ""en"",
      ""name"" : ""English""
    },
    ""text"" : ""Emergo Europe B.V."",
    ""allLanguagesApplicable"" : null
  } ]
}",,,,,
4337600,"01M1ZW4EEG0SVCZT2R0GTBC1QZ","710d201a-ca36-4af7-a8e1-c9f153094ced",,"CATMINT 03 53口18-140",-67,1,0,0,0,0,0,0,,1,"08435745746449","697899890FULLPLASTICXB","1ec45622-5e1b-4bc6-b3ca-0554a6282d9f","01M1BKG3E85VBQSTA9HPC4Y4X0",0,0,0,,0,0,,0,,,0,,,,,,,,0,0,"FULL ACETATE",,-203,-197,"STANDARD",," Q02100202","CN-MF-000055129","WENZHOU LECCHI OPTICS.CO.,LTD.",-11,"{
  ""texts"" : [ {
    ""language"" : {
      ""isoCode"" : ""en"",
      ""name"" : ""English""
    },
    ""text"" : ""WENZHOU LECCHI OPTICS.CO.,LTD."",
    ""allLanguagesApplicable"" : false
  } ],
  ""textByDefaultLanguage"" : ""WENZHOU LECCHI OPTICS.CO.,LTD.""
}",,-1306,"JOYSUN GROUP S.L.U","ES-AR-000043666","{
  ""texts"" : [ {
    ""language"" : {
      ""isoCode"" : ""en"",
      ""name"" : ""English""
    },
    ""text"" : ""JOYSUN GROUP S.L.U"",
    ""allLanguagesApplicable"" : false
  } ]
}",,,,,
2805302,"01KSMA3DE5H9XSB411P2SGYSP2","a03c086a-697f-46d5-8691-8c8104fb85cb","Face Mask","OFH091-01",-67,1,0,0,0,0,0,0,,1,"08800046046572","88000476013PU","be4084f0-d54c-499f-9627-8879df6effbf","01KSM9XVNHT0M5FQ48ERMGZZEZ",0,0,0,,0,0,,0,,,0,,,,,,,,0,0,"Face Mask","OFH091-01",-203,-197,"STANDARD",," Q010401","KR-MF-000031792","GNI Co.,Ltd",-11,"{
  ""texts"" : [ {
    ""language"" : {
      ""isoCode"" : ""en"",
      ""name"" : ""English""
    },
    ""text"" : ""GNI Co.,Ltd"",
    ""allLanguagesApplicable"" : false
  } ]
}","{
  ""texts"" : [ {
    ""language"" : {
      ""isoCode"" : ""en"",
      ""name"" : ""English""
    },
    ""text"" : ""GNI Co.,Ltd"",
    ""allLanguagesApplicable"" : false
  } ]
}",-1306,"CMC Medical Devices & Drugs SL","ES-AR-000000293","{
  ""texts"" : [ {
    ""language"" : {
      ""isoCode"" : ""es"",
      ""name"" : ""Spanish""
    },
    ""text"" : ""CMC Medical Devices & Drugs SL"",
    ""allLanguagesApplicable"" : null
  } ]
}",,,,,
2132105,"01KN3SGWBEZMPPEQWD5AQNSCSQ","18bd8315-8cae-4b9c-afb4-1980de01223e","Orthodontic Ceramic Brackets","Clever C, Self ligating, MBT 0.022"" UL5",-13,1,0,0,0,0,0,0,,2,"06942665513225","697443505CR011CK","03d8243a-5897-4497-a6a3-02a41c424793","01KN3R87HACNW6MJ2Y6N0VKCEH",0,0,0,,0,0,,0,,,0,,,,,,,,0,0,"Orthodontic Ceramic Brackets","MBT",-204,-197,"STANDARD",," Q010403","CN-MF-000025975","CREATIVE DENTAL",-11,"{
  ""texts"" : [ {
    ""language"" : {
      ""isoCode"" : ""en"",
      ""name"" : ""English""
    },
    ""text"" : ""CREATIVE DENTAL"",
    ""allLanguagesApplicable"" : false
  } ]
}",,-1306,"Prolinx GmbH","DE-AR-000005129","{
  ""texts"" : [ {
    ""language"" : {
      ""isoCode"" : ""de"",
      ""name"" : ""German""
    },
    ""text"" : ""Prolinx GmbH"",
    ""allLanguagesApplicable"" : null
  } ]
}",,,,,
1935779,"01KNM1K6ANCY32E15Q4SGACD1Y","78d1bbd8-8f01-431d-aa76-d6e0e58b429b","EMI Super Micro TAKUMI Model(Needle Holder+Scissors)","EMI087TA-L15-HLB-N-RC-0.3",-108,1,0,0,0,0,0,1,,1,"04582486866463","458248686SMNHPN","ad625b2d-d0c3-4722-9dc0-be49a7ea318b","01KN122CD4M8F5R65X5S9MSNQT",0,0,0,,0,0,,0,,,1,,,,,,,,0,0,"EMI Super Micro Needle Holder","Needle Holder",-203,-197,"STANDARD",," L1004","JP-MF-000025742","EMI FACTORY CO., LTD.",-11,"{
  ""texts"" : [ {
    ""language"" : {
      ""isoCode"" : ""en"",
      ""name"" : ""English""
    },
    ""text"" : ""EMI FACTORY CO., LTD."",
    ""allLanguagesApplicable"" : false
  } ]
}","{
  ""texts"" : [ {
    ""language"" : {
      ""isoCode"" : ""en"",
      ""name"" : ""English""
    },
    ""text"" : ""EMI FACTORY"",
    ""allLanguagesApplicable"" : false
  } ]
}",-1306,"Mitaka Europe GmbH","DE-AR-000006361","{
  ""texts"" : [ {
    ""language"" : {
      ""isoCode"" : ""en"",
      ""name"" : ""English""
    },
    ""text"" : ""Mitaka Europe GmbH"",
    ""allLanguagesApplicable"" : null
  } ]
}",,"04582486866463",,,
2235256,"01KQYDA32TF6NCMXAZCZTN4BH3","707d3ae1-5308-465b-8acd-3513e6e81cd4","Imigran Subject","1303005",-162,1,0,0,0,0,0,0,,1,"85054363000475","5054363591190692CD","d6c11bc3-7806-4905-b486-8d1ad7b841de","01KHR8WAW8JDH14KKDS26S9G5E",0,1,0,,0,0,,0,,,0,,,,,,,,0,0,"Imigran Subject",,-204,-197,"STANDARD",," A99","GB-MF-000029111","Glaxo Operations UK Ltd",-11,"{
  ""texts"" : [ {
    ""language"" : {
      ""isoCode"" : ""en"",
      ""name"" : ""English""
    },
    ""text"" : ""Glaxo Operations UK Ltd"",
    ""allLanguagesApplicable"" : false
  } ]
}","{
  ""texts"" : [ {
    ""language"" : {
      ""isoCode"" : ""en"",
      ""name"" : ""English""
    },
    ""text"" : ""GSK"",
    ""allLanguagesApplicable"" : false
  } ]
}",-1306,"GlaxoSmithKline Trading Services Limited","IE-AR-000023659","{
  ""texts"" : [ {
    ""language"" : {
      ""isoCode"" : ""en"",
      ""name"" : ""English""
    },
    ""text"" : ""GlaxoSmithKline Trading Services Limited"",
    ""allLanguagesApplicable"" : false
  } ],
  ""textByDefaultLanguage"" : ""GlaxoSmithKline Trading Services Limited""
}",,"85054363000475",,,
629100,"01J1PT0449BFBE3VKMGA1YZNP0","ea928848-25a1-43b6-88ce-10359a2a5c47","SoniTon","270036",-58,1,0,0,0,0,0,0,,1,"05714464137824","57144640-HI-00053-RB","6e9106f3-5ca7-4c98-8788-16ee44a158a4","01HRYM7JMXMADFYBT88SQXG723",1,0,0,,0,0,,0,,,0,,,,,,,,0,0,,"HI (BTE)",-204,-197,"STANDARD",," Y2145060102","DK-MF-000001270","SBO Hearing A/S",-11,"{
  ""texts"" : [ {
    ""language"" : {
      ""isoCode"" : ""en"",
      ""name"" : ""English""
    },
    ""text"" : ""SBO Hearing A/S"",
    ""allLanguagesApplicable"" : null
  } ],
  ""textByDefaultLanguage"" : ""SBO Hearing A/S""
}","{
  ""texts"" : [ {
    ""language"" : {
      ""isoCode"" : ""en"",
      ""name"" : ""English""
    },
    ""text"" : ""SBO"",
    ""allLanguagesApplicable"" : null
  } ],
  ""textByDefaultLanguage"" : ""SBO""
}",-1306,,,,,,,,
4105755,"01M0HQH5D4X6TETJSNRNYZN8WQ","db69eb73-eae8-4df1-8ef2-a76e29cf6220","bain Disposable A.V. Fistula Needle Sets","BAIN-A.V.F-009T",-56,1,1,0,0,0,1,0,,1,"06948082774799","69480827021319W","2eee904a-165d-4318-98c3-c832d3936080","01KKDS3TA59ZNQ1ENSSXPP1DCS",0,0,0,,0,0,,0,,,0,,,,,,,,0,0,"Disposable A.V. Fistula Needle Sets","BAIN-A.V.F-002, BAIN-A.V.F-006, BAIN-A.V.F-038T, BAIN-A.V.F-042T, BAIN-A.V.F-046T, BAIN-A.V.F-048T",-204,-197,"STANDARD",," A010401","CN-MF-000005196","Bain Medical Equipment(Guangzhou)Co.,Ltd.",-11,"{
  ""texts"" : [ {
    ""language"" : {
      ""isoCode"" : ""en"",
      ""name"" : ""English""
    },
    ""text"" : ""Bain Medical Equipment(Guangzhou)Co.,Ltd."",
    ""allLanguagesApplicable"" : null
  } ]
}",,-1306,"Medical Technology Promedt Consulting GmbH","DE-AR-000000085","{
  ""texts"" : [ {
    ""language"" : {
      ""isoCode"" : ""de"",
      ""name"" : ""German""
    },
    ""text"" : ""Medical Technology Promedt Consulting GmbH"",
    ""allLanguagesApplicable"" : null
  } ]
}",,,,"06948082774799,16948082774796,26948082774793",
435750,"01HM8P0CT0YJK3QKY9GVNRQ6XA","14035600-49b7-48c1-844d-11473271bd53","ATLAS","G08 11-02",-245,1,0,0,0,0,0,1,,1,"08683779022965","868377950ATLAS2566","1e0603cf-4e5e-4eaf-9395-01fa67bdfc18","01HKPDFMZHF1KH1BMTR1K14QKR",0,0,0,,0,0,,0,,,1,,,,,,,,0,0,"CONSERVATIVE","ATLAS",-203,-197,"STANDARD",," L07080102","TR-MF-000020246","ATLAS CERRAHİ ALETLER LTD. ŞTİ.",-11,"{
  ""texts"" : [ {
    ""language"" : null,
    ""text"" : ""ATLAS CERRAHİ ALETLER LTD. ŞTİ."",
    ""allLanguagesApplicable"" : true
  } ]
}","{
  ""texts"" : [ {
    ""language"" : null,
    ""text"" : ""ATLAS"",
    ""allLanguagesApplicable"" : true
  } ]
}",-1306,,,,,,,,
3458472,"01KWY3DZHPVMDNDPANB091J2B3","edd859fd-d620-41af-b64e-6a9f21864585",,"100-001-4030S",-56,1,0,0,0,0,1,1,,1,"04250869643924","B-04250869643924","17899aff-2680-43f6-87a4-4c6c5c72b208","01KWY3DZHDPYEB4C4VN3Q1Y192",0,0,0,,0,1,,0,,,0,,,,,,,,0,0,"100-001-4030S","HWS Implantate",-205,-53,"LEGACY",," P09070301","DE-MF-000005455","Biedermann Motech GmbH & Co. KG",-11,"{
  ""texts"" : [ {
    ""language"" : {
      ""isoCode"" : ""de"",
      ""name"" : ""German""
    },
    ""text"" : ""Biedermann Motech GmbH & Co. KG"",
    ""allLanguagesApplicable"" : null
  } ],
  ""textByDefaultLanguage"" : null
}","{
  ""texts"" : [ {
    ""language"" : {
      ""isoCode"" : ""de"",
      ""name"" : ""German""
    },
    ""text"" : ""BM"",
    ""allLanguagesApplicable"" : null
  } ],
  ""textByDefaultLanguage"" : null
}",-1306,,,,,,,,
3964419,"01KZR08KYM9TRT2B5TXD41D5ZY","63614f40-bc7e-4cf1-a58b-64d9cd4d40a1","Ennovate®","SZ013R",-56,1,0,0,0,0,0,1,,1,"04046955624751","40392390000026262V","e4bae1ef-dc8a-4767-8f0c-24a49afae688","01KZQT64DRTTMD9755B5D7QWWN",0,0,0,,0,0,,0,,,0,,,,,,,,0,0,"ENNOVATE C instrument IIa SU non-sterile",,-204,-197,"STANDARD",," P091399","DE-MF-000005504","Aesculap AG",-11,"{
  ""texts"" : [ {
    ""language"" : {
      ""isoCode"" : ""de"",
      ""name"" : ""German""
    },
    ""text"" : ""Aesculap AG"",
    ""allLanguagesApplicable"" : null
  } ],
  ""textByDefaultLanguage"" : null
}",,-1306,,,,,,,,
3143575,"01KTPW6CDJSVDWRHQMYYACDYGR","c269fa05-750c-44a2-8343-f44f7cd40346","VIDA","55618S",-245,1,0,0,0,0,0,1,,1,"08682059363798","868369026IMPOSTXX","4cd039c7-ef0b-4672-8c50-2a54808e5c3c","01KT4EFFP8229Y5FES4BD526PF",0,0,0,,0,0,,0,,,0,,,,,,,,0,0,"Ölçü Postu",,-203,-197,"STANDARD",," P01020180","TR-MF-000026272","VIDA DENTAL SANAYİ VE TİCARET ANONİM ŞİRKETİ",-11,"{
  ""texts"" : [ {
    ""language"" : {
      ""isoCode"" : ""en"",
      ""name"" : ""English""
    },
    ""text"" : ""VIDA DENTAL SANAYİ VE TİCARET ANONİM ŞİRKETİ"",
    ""allLanguagesApplicable"" : false
  } ]
}","{
  ""texts"" : [ {
    ""language"" : {
      ""isoCode"" : ""en"",
      ""name"" : ""English""
    },
    ""text"" : ""VIDA DENTAL "",
    ""allLanguagesApplicable"" : false
  } ]
}",-1306,,,,,,,,
2455788,"01KRS6SE35B01H8SZJY9AJK6Z7","47177a81-262b-464f-8f41-c704626a92a9","Sterile Procedure Trays","HGGNE030O",,1,,,,,1,0,,1,"00382600028814","3666520DCSPTORTHOST4L","ec3d69aa-2ca0-458f-ab4e-40c7d9d869f4","01KRM2C69H6HPZ4YA46CM7XHAM",,,,,,,,,,,,,,,-541,,,,,,"Sterile Orthopedic procedure packs",,-204,-197,"SPP","For Orthopedic procedure"," T0202","FR-PR-000003713","Medline International France",-11,"{
  ""texts"" : [ {
    ""language"" : {
      ""isoCode"" : ""fr"",
      ""name"" : ""French""
    },
    ""text"" : ""Medline International France"",
    ""allLanguagesApplicable"" : null
  } ]
}","{
  ""texts"" : [ {
    ""language"" : {
      ""isoCode"" : ""fr"",
      ""name"" : ""French""
    },
    ""text"" : ""MIF"",
    ""allLanguagesApplicable"" : null
  } ]
}",-1306,,,,,,,"00382600028814,50382600028819",
4347985,"01M20D64M2Y5YD597M7EHCD0K4","f4536021-6c26-463e-882f-b8f040c7d72d","HARTMANN Protect","301358",-55,1,0,0,0,0,0,1,,1,"04052199597454","40495003244KK","326fd2e6-b978-4922-9748-59f27de92587","01KZ39H2BHK2JJ9NHFNDGE8GT1",0,0,0,,0,0,,0,,,0,,,,,,,,0,0,,"3244",-203,-197,"STANDARD",," T0399","DE-MF-000005861","PAUL HARTMANN AG",-11,"{
  ""texts"" : [ {
    ""language"" : null,
    ""text"" : ""PAUL HARTMANN AG"",
    ""allLanguagesApplicable"" : true
  } ]
}","{
  ""texts"" : [ {
    ""language"" : null,
    ""text"" : ""PHAG"",
    ""allLanguagesApplicable"" : true
  } ]
}",-1306,,,,,,,"04052199597454,04052199599441",
735821,"01JAWZYCNA660E6WR8TNR054XH","52c71644-d3bb-4ce9-bf2e-f21a9bf26830","Ti Screw TiN Ø 4,2","IPD/CA-TR-01/TIN",-67,1,0,0,0,0,0,1,,1,"08435566606403","8435566612BR","ad7d99d2-cb5f-4982-80f9-6105455875aa","01JAWE6WGJ9K7Q7GBJB64YJ8P3",0,0,0,,0,1,,0,,,0,,,,,,,1,0,0,"TIN screws","TTN",-205,-197,"STANDARD",," Q010280","ES-MF-000002195","IMPLANT PROTESIS DENTAL 2004 S.L.",-11,"{
  ""texts"" : [ {
    ""language"" : {
      ""isoCode"" : ""es"",
      ""name"" : ""Spanish""
    },
    ""text"" : ""IMPLANT PROTESIS DENTAL 2004 S.L."",
    ""allLanguagesApplicable"" : null
  } ]
}","{
  ""texts"" : [ {
    ""language"" : {
      ""isoCode"" : ""es"",
      ""name"" : ""Spanish""
    },
    ""text"" : ""IPD"",
    ""allLanguagesApplicable"" : null
  } ]
}",-1306,,,,,,,,
2625709,"01KS6XKD7GJAW3GW0E6F5PEDXZ","d2c6de9b-384e-4120-a107-9e7a4af8dd1f","Infusion Sets ","14182",-108,1,0,0,0,0,1,0,,1,"08902095141823","890209514002DW","2adba4ef-c7be-4d98-bc98-a50894369ec9","01KRJN9YFSR60KDD79B6XY36NF",0,1,0,,0,0,,0,,,0,,,,,,,,0,0,"Infusion Sets","Infusion Set with/without airvent",-204,-197,"STANDARD",," A03010101","IN-MF-000043009","Poly Medicure Limited",-11,"{
  ""texts"" : [ {
    ""language"" : {
      ""isoCode"" : ""en"",
      ""name"" : ""English""
    },
    ""text"" : ""Poly Medicure Limited"",
    ""allLanguagesApplicable"" : false
  } ]
}","{
  ""texts"" : [ {
    ""language"" : {
      ""isoCode"" : ""en"",
      ""name"" : ""English""
    },
    ""text"" : ""Polymed"",
    ""allLanguagesApplicable"" : false
  } ]
}",-1306,"Obelis s.a.","BE-AR-000000106","{
  ""texts"" : [ {
    ""language"" : {
      ""isoCode"" : ""en"",
      ""name"" : ""English""
    },
    ""text"" : ""Obelis s.a."",
    ""allLanguagesApplicable"" : null
  } ],
  ""textByDefaultLanguage"" : ""Obelis s.a.""
}",,,,,
2393788,"01KRJR9YBW22J82AWSA7989JCY","9651349f-7557-4b28-9cd1-95dc8ef4aa9c","Shoocin™","RS060725-SW45",-54,1,0,0,0,0,1,0,,1,"06941785214661","69367337LP0027MS","a25eeab9-057b-46af-9d4d-de9f976323f9","01KRFKKMHV9HFM1TZ1PXCFA8XY",0,0,0,,0,0,,0,,,0,,,,,,,,0,0,"Introducer Kit","RS series, With Stain steel guidewire",-204,-197,"STANDARD",," C01040280","CN-MF-000001408","Lepu Medical Technology (Beijing) Co., Ltd.",-11,"{
  ""texts"" : [ {
    ""language"" : {
      ""isoCode"" : ""en"",
      ""name"" : ""English""
    },
    ""text"" : ""Lepu Medical Technology (Beijing) Co., Ltd."",
    ""allLanguagesApplicable"" : null
  } ]
}","{
  ""texts"" : [ {
    ""language"" : {
      ""isoCode"" : ""en"",
      ""name"" : ""English""
    },
    ""text"" : ""Lepu Medical"",
    ""allLanguagesApplicable"" : null
  } ]
}",-1306,"Lepu Medical (Europe) Cooperatief U.A.","NL-AR-000000551","{
  ""texts"" : [ {
    ""language"" : {
      ""isoCode"" : ""en"",
      ""name"" : ""English""
    },
    ""text"" : ""Lepu Medical (Europe) Cooperatief U.A."",
    ""allLanguagesApplicable"" : null
  } ],
  ""textByDefaultLanguage"" : ""Lepu Medical (Europe) Cooperatief U.A.""
}",,,,,
4662995,"01KYPN3BWGTFJC6EX0YMD4899P","4be3eaca-8dc4-4d36-b096-83bce67618bc","Igłotrzymacz mikrochirurgiczny, z okrągłą rączką, bez zamka, czubek 1,0 mm, z powłoką TC, prosty, z tytanu, dł. 230 mm","MK 383/T",-175,1,0,0,0,0,0,1,,2,"05904151422603","B-05904151422603","fc5cd758-174b-4232-813b-63502db6efa7","01KYPN3BW6D9BHGPVSYR6Y5JG0",0,0,0,,0,0,,0,,,1,,,,,,,,0,0,"Igłotrzymacz mikrochirurgiczny, z okrągłą rączką, bez zamka, czubek 1,0 mm, z powłoką TC, prosty, z tytanu, dł. 230 mm MK 383/T","Igłotrzymacz mikrochirurgiczny, z okrągłą rączką, bez zamka, czubek 1,0 mm, z powłoką TC, prosty, z tytanu, dł. 230 mm",-203,-53,"LEGACY",," L0205","PL-MF-000052302","Fabryka Narzędzi Medycznych Chirmed Marcin Dyner Spółka Komandytowa",-11,"{
  ""texts"" : [ {
    ""language"" : {
      ""isoCode"" : ""pl"",
      ""name"" : ""Polish""
    },
    ""text"" : ""Fabryka Narzędzi Medycznych Chirmed Marcin Dyner Spółka Komandytowa"",
    ""allLanguagesApplicable"" : false
  } ],
  ""textByDefaultLanguage"" : null
}","{
  ""texts"" : [ {
    ""language"" : {
      ""isoCode"" : ""pl"",
      ""name"" : ""Polish""
    },
    ""text"" : ""Fabryka Narzędzi Medycznych Chirmed Marcin Dyner Sp. K."",
    ""allLanguagesApplicable"" : false
  } ],
  ""textByDefaultLanguage"" : null
}",-1306,,,,,,,,
3291907,"01KVTB2MM7VRD1JPPDSJ0NHVNC","f33dd0fd-018a-49f4-b18b-565d5f6afc6d",,"460-226",-56,1,0,0,0,0,0,0,,1,"04049113149738","404911315301R002001001X3","93d5ce0f-4e18-4898-bb12-71233ea04041","01KV4VJ2Y1KCZTEDEBXZ0S2ZMH",0,0,0,,0,0,,0,,,1,,,,,,,,0,0,"Knife/Scissors/Punch/Wire cutting forceps, Messer/Schere/Stanze/Drahtschneidezange",,-203,-197,"STANDARD",," L2402","DE-MF-000005908","ELCON Medical Instruments GmbH",-11,"{
  ""texts"" : [ {
    ""language"" : {
      ""isoCode"" : ""de"",
      ""name"" : ""German""
    },
    ""text"" : ""ELCON Medical Instruments GmbH"",
    ""allLanguagesApplicable"" : null
  } ]
}",,-1306,,,,,"04049113149738",,,
1410759,"01KD48HSTMTB4Z4JY902K0ZR2S","ac5117f9-0f85-4fb3-b2e8-5097f4e2e628","NEW ACE/NAPERCE 4 PLATE SAMPLE","28*1SETS,S4L4M30,UL,C2",-56,1,0,0,0,0,0,0,,1,"4SNNAZ108ULXC2","B-4SNNAZ108ULXC2","fecaa5f1-91e9-4d0b-9ba8-6029717dcb1b","01KD48HSTBPNMDC61X5NAG6H1K",0,0,0,,0,0,,0,,,0,,,,,,,,0,0,,"28*1SETS,S4L4M30,UL,C2",-204,-53,"LEGACY",," Q01020601","JP-MF-000024849","YAMAHACHI DENTAL MFG., CO.",-11,"{
  ""texts"" : [ {
    ""language"" : {
      ""isoCode"" : ""en"",
      ""name"" : ""English""
    },
    ""text"" : ""YAMAHACHI DENTAL MFG., CO."",
    ""allLanguagesApplicable"" : false
  } ]
}",,-1306,"Obelis s.a.","BE-AR-000000106","{
  ""texts"" : [ {
    ""language"" : {
      ""isoCode"" : ""en"",
      ""name"" : ""English""
    },
    ""text"" : ""Obelis s.a."",
    ""allLanguagesApplicable"" : null
  } ],
  ""textByDefaultLanguage"" : ""Obelis s.a.""
}",,,,,
1708773,"01KK9XTBG031W8KNTWPJ80388F","35008c4a-2f86-42e6-88f3-99adc305565d",,"ZXT525I050",-100,1,0,0,0,0,1,0,,1,"D-USMF0000389680018817H","B-USMF0000389680018817H","33a05380-1a3a-4fb9-93b1-68265cafcc43","01KK9XTBFGJ5B8K2X8YJ4S5J0X",0,0,0,,0,1,,0,,,0,,,,,,,,0,0,,"ZXT525",-205,-53,"LEGACY",," P030102100301","US-MF-000038968","Johnson & Johnson Surgical Vision, Inc.",-11,"{
  ""texts"" : [ {
    ""language"" : {
      ""isoCode"" : ""en"",
      ""name"" : ""English""
    },
    ""text"" : ""Johnson & Johnson Surgical Vision, Inc."",
    ""allLanguagesApplicable"" : false
  } ]
}",,-1306,"AMO Ireland","IE-AR-000013513","{
  ""texts"" : [ {
    ""language"" : {
      ""isoCode"" : ""en"",
      ""name"" : ""English""
    },
    ""text"" : ""AMO Ireland"",
    ""allLanguagesApplicable"" : null
  } ]
}",,,,,
1325585,"01KBG5FZZJA728YT3CDWDAVP6M","790e5292-39b6-4756-9893-4334ab7f20f7","Front-Zippered Full Body Girdle with Sleeves – Below the Knee 3XL - Beige","Z5283-3XL-BE",-245,1,0,0,0,0,0,0,,1,"06298043213134","629804321Z500BX","1a11938c-5046-4535-9817-72eb2d94abdd","01KATGQ2P65ZT7H82ETT6PNJ00",0,0,0,,0,0,,0,,,0,,,,,,,,0,0,"Liposuction - Compression Stocking Products",,-203,-197,"STANDARD",," M030499","AE-MF-000050475","ZOE MEDSOLUTIONS L.L.C-FZ",-11,"{
  ""texts"" : [ {
    ""language"" : {
      ""isoCode"" : ""en"",
      ""name"" : ""English""
    },
    ""text"" : ""ZOE MEDSOLUTIONS L.L.C-FZ"",
    ""allLanguagesApplicable"" : false
  } ],
  ""textByDefaultLanguage"" : ""ZOE MEDSOLUTIONS L.L.C-FZ""
}",,-1306,"Variteks Ortopedi Sanayi A.Ş.","TR-AR-000050260","{
  ""texts"" : [ {
    ""language"" : {
      ""isoCode"" : ""en"",
      ""name"" : ""English""
    },
    ""text"" : ""Variteks Ortopedi Sanayi A.Ş."",
    ""allLanguagesApplicable"" : false
  } ]
}",,,,,
3905932,"01KZBH1VX7HZQCYJC500FVKAGT","e24f7065-c8e5-4866-85f4-81747a580c02","VZV - ELITe Positive Control","CTR035PLD",-108,1,,,,,0,0,0,1,"08033891483500","803389148VZV23MB","cc72e6b7-b3c6-4384-bece-7e38c646021e","01KZBGDV03K7ZRHM8PFZB1FZV4",,,0,0,0,,1,,1,0,,0,,1,,0,1,,,,"VZV ELITe MGB® Kit",,-201,-198,"STANDARD",," W0105080808","IT-MF-000005919","ElitechGroup S.p.A.",-11,"{
  ""texts"" : [ {
    ""language"" : {
      ""isoCode"" : ""it"",
      ""name"" : ""Italian""
    },
    ""text"" : ""ElitechGroup S.p.A."",
    ""allLanguagesApplicable"" : null
  } ],
  ""textByDefaultLanguage"" : null
}","{
  ""texts"" : [ {
    ""language"" : {
      ""isoCode"" : ""it"",
      ""name"" : ""Italian""
    },
    ""text"" : ""EGSpA"",
    ""allLanguagesApplicable"" : null
  } ],
  ""textByDefaultLanguage"" : null
}",-1306,,,,,"08033891483500",,,
3372386,"01KWBNB9T9CP4Z96NQ8XHXNR88","7393480e-50b2-485f-b8ef-bcadfc07fb8e","Spreaders","J330 650 982 2502 045",-56,1,0,0,0,0,0,1,,1,"06942200955022","697590932SSTCompactorS9","5bda52bb-87b2-4f1f-87ae-ab59ea4dcf13","01KRQS3FJJ49SCPC9MVK7S0E1X",0,0,0,,0,0,,0,,,0,,,,,,,,0,0,"Dental Root-Canal Instruments","Pluggers(SS304)、Spreaders(SS304)",-203,-197,"STANDARD",," Q010507","CN-MF-000033003","Shanwei Perfect Medical Instruments Co.,Ltd.",-11,"{
  ""texts"" : [ {
    ""language"" : {
      ""isoCode"" : ""en"",
      ""name"" : ""English""
    },
    ""text"" : ""Shanwei Perfect Medical Instruments Co.,Ltd."",
    ""allLanguagesApplicable"" : false
  } ]
}",,-1306,"SUNGO Europe B.V.","NL-AR-000000247","{
  ""texts"" : [ {
    ""language"" : {
      ""isoCode"" : ""nl"",
      ""name"" : ""Dutch""
    },
    ""text"" : ""SUNGO Europe B.V."",
    ""allLanguagesApplicable"" : null
  } ]
}",,,,,
2406717,"01KRMKSSC1A9JYV0B04J8B2T6E","aeaf1880-c40a-4bb2-ba2a-cd7afa2b5972","Dental Ceramic","06973133318226",-245,1,0,0,0,0,0,0,,1,"06973133318226","697313331CE01BG","ad2d6edc-9506-40b4-a4f4-98959c4fa78f","01KF4ZCWKDJ4NVM6HE7ZT09FGY",0,0,0,,0,1,,0,,,0,,,,,,,,0,0,"Dental Ceramic","Metal Ceramic, Zirconia Ceramic, and associated accessory (Formative Liquid)",-204,-197,"STANDARD",," Q01010199","CN-MF-000017164","BAOT Biological Technology Co., Ltd.",-11,"{
  ""texts"" : [ {
    ""language"" : {
      ""isoCode"" : ""en"",
      ""name"" : ""English""
    },
    ""text"" : ""BAOT Biological Technology Co., Ltd."",
    ""allLanguagesApplicable"" : null
  } ]
}","{
  ""texts"" : [ {
    ""language"" : {
      ""isoCode"" : ""en"",
      ""name"" : ""English""
    },
    ""text"" : ""BAOT"",
    ""allLanguagesApplicable"" : null
  } ]
}",-1306,"Shanghai International Holding Corp. GmbH(Europe)","DE-AR-000000001","{
  ""texts"" : [ {
    ""language"" : {
      ""isoCode"" : ""de"",
      ""name"" : ""German""
    },
    ""text"" : ""Shanghai International Holding Corp. GmbH(Europe)"",
    ""allLanguagesApplicable"" : null
  } ]
}",,,,,
1712617,"01KKBTZB8M05VNWH28M0SGYBM6","e9ff2ff8-d047-4c80-89c7-41155417f593",,"703-009",,1,,,0,0,1,0,,1,"08719699710542","B-08719699710542","5bd4e60b-eef4-4c2a-8f3b-f27de19fdce2","01KKBTZB7H75CKJTDT6YYK5Z1M",0,0,0,,0,1,,0,,,0,,,,,,,,0,0,"MagnetOs  Granules 2cc 150-500µm","703-009",-10,-53,"LEGACY",," P900402","NL-MF-000010905","Kuros Biosciences",-12,"{
  ""texts"" : [ {
    ""language"" : {
      ""isoCode"" : ""en"",
      ""name"" : ""English""
    },
    ""text"" : ""Kuros Biosciences"",
    ""allLanguagesApplicable"" : null
  } ]
}","{
  ""texts"" : [ {
    ""language"" : {
      ""isoCode"" : ""en"",
      ""name"" : ""English""
    },
    ""text"" : ""Kuros"",
    ""allLanguagesApplicable"" : null
  } ]
}",-1306,,,,,,,,
3349702,"01KW90XRVMJQ4574W00269ZVS3","f6af8eda-048f-4bf6-9971-f1bb9bc51e0f","TST Plates' Screws","24620360024",-245,1,0,0,0,0,0,1,,1,"08699931006056","B-08699931006056","0e8fad4d-b353-4397-b883-2887d728f8e4","01KW90XRV81XSJ1EXYN32XNPHY",0,0,0,,0,1,,0,,,0,,,,,,,,0,0,"SMALL HEAD SCREW TI 2.4X36 MM","SMALL HEAD SCREW",-205,-53,"LEGACY",," P09120601","TR-MF-000017767","TST RAKOR VE TIBBİ ALETLER SAN.VE TİC.LTD.ŞTİ.",-11,"{
  ""texts"" : [ {
    ""language"" : {
      ""isoCode"" : ""en"",
      ""name"" : ""English""
    },
    ""text"" : ""TST RAKOR VE TIBBİ ALETLER SAN.VE TİC.LTD.ŞTİ."",
    ""allLanguagesApplicable"" : false
  } ]
}",,-1306,,,,,,,,
4611798,"01M33PNHSXY7B6V1KZZT2WENJY","d490e23a-3e4f-4d1b-a846-429a7233c29b",,"HME105",-56,1,0,0,0,0,1,0,,1,"06950456305775","69504563HME38","2d3c44a2-baa4-445c-ba09-6d0fc0794bc9","01M3378TMB72S6MRVE0ZMMS5NR",0,0,0,,0,0,,0,,,0,,,,,,,,0,0,"Breathing System Filter(HMEF)","HME101",-204,-197,"STANDARD",," R040299","CN-MF-000027753","Hangzhou Tappa Medical Technology Co , Ltd.",-11,"{
  ""texts"" : [ {
    ""language"" : {
      ""isoCode"" : ""en"",
      ""name"" : ""English""
    },
    ""text"" : ""Hangzhou Tappa Medical Technology Co , Ltd."",
    ""allLanguagesApplicable"" : false
  } ],
  ""textByDefaultLanguage"" : ""Hangzhou Tappa Medical Technology Co , Ltd.""
}",,-1306,"Prolinx GmbH","DE-AR-000005129","{
  ""texts"" : [ {
    ""language"" : {
      ""isoCode"" : ""de"",
      ""name"" : ""German""
    },
    ""text"" : ""Prolinx GmbH"",
    ""allLanguagesApplicable"" : null
  } ]
}",,,,"06950456305775,16950456305772,26950456305779",
4111296,"01M0JDEQFAZYAAYVVD3CQB47EF","83d98bfa-05ba-4388-a61f-5a22d1fad075","ULTRAVERSE","U813024",-21,1,0,0,0,0,1,0,,1,"00801741054242","0801741OVDRDUTB5M","a947d5fc-7333-46a0-a45d-a069fe068755","01M0GMVCCV9R15Z7M9411DXSH5",1,0,0,,0,0,,0,,,0,,,,,,,,0,0,"Ultraverse™ 014 & 018 PTA Balloon Dilatation Catheter",,-204,-197,"STANDARD",," C010402020101","US-MF-000017556","Bard Peripheral Vascular, Inc.",-11,"{
  ""texts"" : [ {
    ""language"" : {
      ""isoCode"" : ""en"",
      ""name"" : ""English""
    },
    ""text"" : ""Bard Peripheral Vascular, Inc."",
    ""allLanguagesApplicable"" : false
  } ],
  ""textByDefaultLanguage"" : ""Bard Peripheral Vascular, Inc.""
}",,-1306,"Becton Dickinson Ireland Limited","IE-AR-000007610","{
  ""texts"" : [ {
    ""language"" : {
      ""isoCode"" : ""en"",
      ""name"" : ""English""
    },
    ""text"" : ""Becton Dickinson Ireland Limited"",
    ""allLanguagesApplicable"" : null
  } ]
}",,,,,
4634349,"01M2TA2VKE2KC2MRD03ZYZZBWK","f7b93aa8-a8b7-48d7-aec7-8b6cf99f7cfc","Salts Confidence Comfort Convex Supersoft","CCSS1338S",-192,1,0,0,0,0,0,0,,2,"05035706054106","5035706COMCONVEX04KD","909beb13-cc30-408a-9a8c-ff2cb8d7c307","01M2QD7M4EZTJHTZVTPTWVQFTE",0,0,1,,0,0,,0,,,0,,,,,,,,0,0,"Salts Confidence Comfort Convex Supersoft",,-203,-197,"STANDARD",," A1001010202","GB-MF-000004531","Salts Healthcare Ltd",-11,"{
  ""texts"" : [ {
    ""language"" : {
      ""isoCode"" : ""en"",
      ""name"" : ""English""
    },
    ""text"" : ""Salts Healthcare Ltd"",
    ""allLanguagesApplicable"" : null
  } ],
  ""textByDefaultLanguage"" : ""Salts Healthcare Ltd""
}","{
  ""texts"" : [ {
    ""language"" : {
      ""isoCode"" : ""en"",
      ""name"" : ""English""
    },
    ""text"" : ""Salts Healthcare"",
    ""allLanguagesApplicable"" : null
  } ],
  ""textByDefaultLanguage"" : ""Salts Healthcare""
}",-1306,"Emergo Europe B.V.","NL-AR-000000116","{
  ""texts"" : [ {
    ""language"" : {
      ""isoCode"" : ""en"",
      ""name"" : ""English""
    },
    ""text"" : ""Emergo Europe B.V."",
    ""allLanguagesApplicable"" : null
  } ]
}","05035706096946",,,,
1566695,"01KGQ6P4AKGGXQ0QGBFCTSFJEW","74d34999-8929-4cfc-8f4b-52995b571ccf","AIRPRO","AP 31AG-R/L",-67,1,0,0,0,0,0,0,,1,"00849214000006","0849214041459XP","42af0a93-5bc5-4de9-b2eb-8cc79295d797","01KGQ5S92YW5CM1EDWHTD6R43R",1,0,0,,0,0,,0,,,0,,,,-117,,,,0,0,,"WRIST HAND FINGER ORTHOSIS",-203,-197,"STANDARD",," Y060613","US-MF-000048030","Ongoing Care Solutions, Inc",-11,"{
  ""texts"" : [ {
    ""language"" : {
      ""isoCode"" : ""en"",
      ""name"" : ""English""
    },
    ""text"" : ""Ongoing Care Solutions, Inc"",
    ""allLanguagesApplicable"" : false
  } ]
}",,-1306,"MDSS GmbH","DE-AR-000005430","{
  ""texts"" : [ {
    ""language"" : {
      ""isoCode"" : ""en"",
      ""name"" : ""English""
    },
    ""text"" : ""MDSS GmbH"",
    ""allLanguagesApplicable"" : null
  } ]
}",,"00849214000006",,,
1458007,"01KDCRA3YW3YV5059SKQF1AY1K","50a8a5e1-d3fc-4cff-861c-57b816f1e64c","CROWN PX","20PCS,T51,UR2,C3",-56,1,0,0,0,0,0,0,,1,"PUCPXXT51R2XC3","B-PUCPXXT51R2XC3","596e86e3-aec5-4127-9869-05b8ee387b41","01KDCRA3YH7JAZJB09BFRK4588",0,0,0,,0,0,,0,,,0,,,,,,,,0,0,,"20PCS,T51,UR2,C3",-204,-53,"LEGACY",," Q01020601","JP-MF-000024849","YAMAHACHI DENTAL MFG., CO.",-11,"{
  ""texts"" : [ {
    ""language"" : {
      ""isoCode"" : ""en"",
      ""name"" : ""English""
    },
    ""text"" : ""YAMAHACHI DENTAL MFG., CO."",
    ""allLanguagesApplicable"" : false
  } ]
}",,-1306,"Obelis s.a.","BE-AR-000000106","{
  ""texts"" : [ {
    ""language"" : {
      ""isoCode"" : ""en"",
      ""name"" : ""English""
    },
    ""text"" : ""Obelis s.a."",
    ""allLanguagesApplicable"" : null
  } ],
  ""textByDefaultLanguage"" : ""Obelis s.a.""
}",,,,,
21079,"01FPYDT5CPMGY5T7TABWQ3P5QZ","5cf6b316-452d-48c8-adad-b15cfb54a6a7","Vital Signs™ Breathing Circuit, Expandable, Adult, Disposable, 3.0 m/120 in","M1090268",-69,1,,,0,0,0,0,,1,"10190752109117","B-10190752109117","bd7eada7-88c5-446a-8a7c-0d2abac6bb62","01FPYDT5CBAHQ11YGV7A9ENAYS",0,0,0,,0,0,,0,,,0,,,,,,,,0,0,"Vital Signs™ Breathing Circuits, w/o Water Trap",,-204,-53,"LEGACY",," R02010101","FI-MF-000001482","AirLife Finland Oy",-11,"{
  ""texts"" : [ {
    ""language"" : {
      ""isoCode"" : ""en"",
      ""name"" : ""English""
    },
    ""text"" : ""AirLife Finland Oy"",
    ""allLanguagesApplicable"" : null
  } ],
  ""textByDefaultLanguage"" : ""AirLife Finland Oy""
}",,-1306,,,,,,,,
398458,"01HGDS9JY3R2PD0BJRS528FXSM","14c85c0f-f3c3-4572-926d-3e88befa49b2",,"Extra Sticky Kinesiology Tape 5cm x 22m - Platinum",-243,1,0,0,0,0,0,0,,1,"05065016758739","5065016758MT01XH","01563fae-6493-40c2-900d-38c867dadc42","01HFRNX0730BTTE7MCAR78NXHB",0,0,0,,0,0,,0,,,0,,,,,,,,0,0,"Medical Tapes","Rigid Strapping Tape Cohesive Bandage Light Elastic Adhesive Bandage Kinesiology Tape Elastic Adhesive Bandage Cotton Athletic Tape Underwrap Fixation Tape",-203,-197,"STANDARD",," M030403","UK-MF-000037402","SPORTTAPE",-11,"{
  ""texts"" : [ {
    ""language"" : {
      ""isoCode"" : ""en"",
      ""name"" : ""English""
    },
    ""text"" : ""SPORTTAPE"",
    ""allLanguagesApplicable"" : false
  } ],
  ""textByDefaultLanguage"" : ""SPORTTAPE""
}",,-1306,"SUNGO Europe B.V.","NL-AR-000000247","{
  ""texts"" : [ {
    ""language"" : {
      ""isoCode"" : ""nl"",
      ""name"" : ""Dutch""
    },
    ""text"" : ""SUNGO Europe B.V."",
    ""allLanguagesApplicable"" : null
  } ]
}",,"05065016758739",,,
4267894,"01M1JMAV4H32KEMEXJVPZEW97B","0c663b6e-045b-4624-8796-a3b67f433998","New Way","NW T3 L37 M32  28*1*1 A1",-175,1,0,0,0,0,0,0,,1,"06942247109211","B-06942247109211","c09dcda5-7351-4a92-b78b-aa02a18f20be","01M1JMAV36P8E0FPCV16DTXZ0C",1,0,0,,0,0,,0,,,0,,,,,,,,0,0,"Multi-layer Synthetic Resin Teeth",,-204,-53,"LEGACY",," Q010699","CN-MF-000055126","Shanghai New Century Dental Materials Co., Ltd.",-11,"{
  ""texts"" : [ {
    ""language"" : {
      ""isoCode"" : ""en"",
      ""name"" : ""English""
    },
    ""text"" : ""Shanghai New Century Dental Materials Co., Ltd."",
    ""allLanguagesApplicable"" : false
  } ],
  ""textByDefaultLanguage"" : ""Shanghai New Century Dental Materials Co., Ltd.""
}",,-1306,"FORMED Jacek Kudaś","PL-AR-000041385","{
  ""texts"" : [ {
    ""language"" : {
      ""isoCode"" : ""pl"",
      ""name"" : ""Polish""
    },
    ""text"" : ""FORMED Jacek Kudaś"",
    ""allLanguagesApplicable"" : false
  } ]
}",,,,,
4536021,"01M2Y7S5TCW8BGNS8AS8Q7GE07","534764ff-9750-4466-aa75-d50d9eb97bd4","Juzo Soft","2002",-56,1,0,0,0,0,0,0,,1,"04071191810880","4018678M030405PHLY-010-AS","b1b47278-0227-4275-aff4-196e309ae175","01M27XRQX05TB01GQ5CWFCZH8H",0,0,0,,0,0,,0,,,0,,,,,,,,0,0,"Medical compression garments PH/LY- stockings / pantyhose / sleeves",,-203,-197,"STANDARD",," M030405","DE-MF-000009443","Julius Zorn GmbH",-11,"{
  ""texts"" : [ {
    ""language"" : {
      ""isoCode"" : ""de"",
      ""name"" : ""German""
    },
    ""text"" : ""Julius Zorn GmbH"",
    ""allLanguagesApplicable"" : null
  } ]
}","{
  ""texts"" : [ {
    ""language"" : {
      ""isoCode"" : ""de"",
      ""name"" : ""German""
    },
    ""text"" : ""Juzo"",
    ""allLanguagesApplicable"" : null
  } ]
}",-1306,,,,,"04071191810880",,,
2898561,"01KSSJH10VEBPK2J8CWCSA89PV","e4cef4a7-48c8-44dd-92f8-03a7ef0b946e","K Files","A330 650 926 2802 006",-56,1,0,0,0,0,0,1,,1,"06942200940059","697590932SSTHandfilesJ4","a1aae998-7517-43eb-9030-b1e1ee4099d1","01K0ECKX02074K6N7RXQJ85KBN",0,0,0,,0,0,,0,,,0,,,,,,,,0,0,"Dental Root-Canal Instruments","File Type K(SS304)/K Files、File Type H（SS304）/H Files、Reamer Type K(SS304)/Reamers  etc",-204,-197,"STANDARD",," Q010507","CN-MF-000033003","Shanwei Perfect Medical Instruments Co.,Ltd.",-11,"{
  ""texts"" : [ {
    ""language"" : {
      ""isoCode"" : ""en"",
      ""name"" : ""English""
    },
    ""text"" : ""Shanwei Perfect Medical Instruments Co.,Ltd."",
    ""allLanguagesApplicable"" : false
  } ]
}",,-1306,"SUNGO Europe B.V.","NL-AR-000000247","{
  ""texts"" : [ {
    ""language"" : {
      ""isoCode"" : ""nl"",
      ""name"" : ""Dutch""
    },
    ""text"" : ""SUNGO Europe B.V."",
    ""allLanguagesApplicable"" : null
  } ]
}",,,,,
366205,"01HC2KATGH4Y4ZVY5C82EQNAH3","f34b7f45-f811-48c0-822d-a75f86a2bb98","Overlay","OV23-SH-R",-162,1,0,0,0,0,0,0,,1,"00628693190060","628693190Overlay9J","7bd071d2-f0f9-4df6-aece-346126c9b2fb","01HC0F1EXNECKF54YW63WZETFE",0,0,0,,0,0,,0,,,0,,,,,,,,0,0,"Overlay","Overlay",-203,-197,"STANDARD",," Y062499","CA-MF-000037257","Ethnocare Inc.",-11,"{
  ""texts"" : [ {
    ""language"" : {
      ""isoCode"" : ""en"",
      ""name"" : ""English""
    },
    ""text"" : ""Ethnocare Inc."",
    ""allLanguagesApplicable"" : false
  } ],
  ""textByDefaultLanguage"" : ""Ethnocare Inc.""
}","{
  ""texts"" : [ {
    ""language"" : {
      ""isoCode"" : ""en"",
      ""name"" : ""English""
    },
    ""text"" : ""Ethnocare"",
    ""allLanguagesApplicable"" : false
  } ],
  ""textByDefaultLanguage"" : ""Ethnocare""
}",-1306,"Emergo Europe B.V.","NL-AR-000000116","{
  ""texts"" : [ {
    ""language"" : {
      ""isoCode"" : ""en"",
      ""name"" : ""English""
    },
    ""text"" : ""Emergo Europe B.V."",
    ""allLanguagesApplicable"" : null
  } ]
}",,,,,
4037526,"01M04VM5PR9CY8CHW37T1G1E87","ae17e1bd-d1e5-4cf0-9a51-65b534f7d5c2","Orthopaedic Instruments","15010501E",,1,0,0,0,0,0,1,,1,"06931720480039","B-06931720480039","5683f71c-4f76-4804-bbc8-97c59978cc67","01M04VM5NZJPT3YSJFSP38VNSC",0,0,0,,0,0,,0,,,1,,,,,,,,0,0,"Rotate Cutter,φ9","Rotate Cutter,φ9",-203,-53,"LEGACY",," L090901","CN-MF-000005689","Stryker Trauson (Changzhou) Medical Technology Co., Ltd.",-12,"{
  ""texts"" : [ {
    ""language"" : {
      ""isoCode"" : ""en"",
      ""name"" : ""English""
    },
    ""text"" : ""Stryker Trauson (Changzhou) Medical Technology Co., Ltd."",
    ""allLanguagesApplicable"" : null
  } ],
  ""textByDefaultLanguage"" : ""Stryker Trauson (Changzhou) Medical Technology Co., Ltd.""
}","{
  ""texts"" : [ {
    ""language"" : {
      ""isoCode"" : ""en"",
      ""name"" : ""English""
    },
    ""text"" : ""Trauson"",
    ""allLanguagesApplicable"" : null
  } ],
  ""textByDefaultLanguage"" : ""Trauson""
}",-1306,"Shanghai International Holding Corp. GmbH(Europe)","DE-AR-000000001","{
  ""texts"" : [ {
    ""language"" : {
      ""isoCode"" : ""de"",
      ""name"" : ""German""
    },
    ""text"" : ""Shanghai International Holding Corp. GmbH(Europe)"",
    ""allLanguagesApplicable"" : null
  } ]
}",,,,,
2259445,"01KQF9D92M28JPX90PE6SZZQ3W","e2fa85b0-9cc6-40ac-835a-45d8035f1780","VITE CORTICALE AUTOPERFORANTE Ø4MM L150MM F20MM HAP ST","VA4H150.20",-108,1,0,0,0,0,1,0,,2,"08056630554644","805573143IMPHAP.SCREW.S6A","b8892db4-3693-40db-9faf-9dd0d97d6e18","01KKXWTVC02XHKMPKD2350GAFX",0,0,0,,0,1,,0,,,0,,,,,,,1,0,0,"Acciaio HAP","Vite",-205,-197,"STANDARD",," P09120601","IT-MF-000030732","Mikai s.p.a.",-11,"{
  ""texts"" : [ {
    ""language"" : {
      ""isoCode"" : ""it"",
      ""name"" : ""Italian""
    },
    ""text"" : ""Mikai s.p.a."",
    ""allLanguagesApplicable"" : null
  } ]
}","{
  ""texts"" : [ {
    ""language"" : {
      ""isoCode"" : ""it"",
      ""name"" : ""Italian""
    },
    ""text"" : ""Mikai"",
    ""allLanguagesApplicable"" : null
  } ]
}",-1306,,,,,,,,
4095103,"01M0FMFB1AW4ECFDG3719E5WZ0","994d2a81-263e-408d-b648-696241886bc4",,"0321",-55,1,0,0,0,0,1,0,,1,"D-CZMF0000369630321EX","B-CZMF0000369630321EX","21f5c1d2-28f6-46b3-af53-ecf825875190","01M0FMFB0E4RJ8WPY5FK30N1CR",0,0,0,,0,0,,0,,,0,,,,,,,,0,0,"Mastný tyl s Vaselinum Album, sterilní",,-204,-53,"LEGACY",," M040499","CZ-MF-000036963","STERIWUND spol. s r.o.",-11,"{
  ""texts"" : [ {
    ""language"" : {
      ""isoCode"" : ""cs"",
      ""name"" : ""Czech""
    },
    ""text"" : ""STERIWUND spol. s r.o."",
    ""allLanguagesApplicable"" : false
  } ]
}",,-1306,,,,,,,,
2644603,"01KS7T5QWZP9DWK8MKKKKQW2Q1","a1b706e0-f735-40a8-9da4-1a8653f7c41f","ANELLO Ø4 h.4 + VITE IN TITANIO EQUATOR","159VAG44",-108,1,0,0,0,0,0,1,,1,"08059224179926","805804571CSPLL","e31eda6c-5878-4d72-9060-ff1d5cb7402f","01KM0G99R2SYJ4891XF7JA752R",0,0,0,,0,1,,0,,,0,,,,,,,1,0,0,"COMPONENTI PER PROTESI FISSA",,-205,-197,"STANDARD",," Q010299","IT-MF-000005998","Rhein 83 S.r.l.",-11,"{
  ""texts"" : [ {
    ""language"" : {
      ""isoCode"" : ""it"",
      ""name"" : ""Italian""
    },
    ""text"" : ""Rhein 83 S.r.l."",
    ""allLanguagesApplicable"" : null
  } ]
}","{
  ""texts"" : [ {
    ""language"" : {
      ""isoCode"" : ""it"",
      ""name"" : ""Italian""
    },
    ""text"" : ""Rhein "",
    ""allLanguagesApplicable"" : null
  } ]
}",-1306,,,,,,,,
1605283,"01KH4CJJNFH2CZWQWYBQERYAC6","4e61da5d-563f-44dc-a01a-51681723216a","MDT Diamond Coated Dental Burs","122513-44-46",-74,1,0,0,0,0,0,1,,1,"07291046274309","7291046DiamondnonStrlRE","b48b709a-d54a-4d45-a72f-9f71bc69d355","01H1GSTNGPMEAZD2WMR01BFMGM",0,0,0,,0,0,,0,,,1,,,,,,,,0,0,"Non-Sterile Diamond Coated Dental Burs",,-204,-197,"STANDARD",," Z12110102","IL-MF-000008464","MDT Micro Diamond Technologies Ltd.",-11,"{
  ""texts"" : [ {
    ""language"" : {
      ""isoCode"" : ""en"",
      ""name"" : ""English""
    },
    ""text"" : ""MDT Micro Diamond Technologies Ltd."",
    ""allLanguagesApplicable"" : null
  } ]
}","{
  ""texts"" : [ {
    ""language"" : {
      ""isoCode"" : ""en"",
      ""name"" : ""English""
    },
    ""text"" : ""MDT"",
    ""allLanguagesApplicable"" : null
  } ]
}",-1306,"Obelis s.a.","BE-AR-000000106","{
  ""texts"" : [ {
    ""language"" : {
      ""isoCode"" : ""en"",
      ""name"" : ""English""
    },
    ""text"" : ""Obelis s.a."",
    ""allLanguagesApplicable"" : null
  } ],
  ""textByDefaultLanguage"" : ""Obelis s.a.""
}",,,,,
4323284,"01M1XN63C2W6SMD8RJRBBD0TMN","8d2282b4-30f8-4942-9cbd-cc62752604a3","Prosert®","A1UL24,+8.0D",-56,1,0,0,0,0,1,0,,1,"06952886888699","69528868B002RZ","3c7a91e4-b37e-4ad4-b9c9-b73fe507f4da","01KBM2FJA68CE033MS0Z23E2FD",0,0,0,,0,1,,0,,,0,,,,,,,0,0,0,"Preloaded Intraocular Lens System","A1UL, AQBXL",-205,-197,"STANDARD",," P030102090201","CN-MF-000003041","Eyebright Medical Technology (Beijing) Co., Ltd.",-11,"{
  ""texts"" : [ {
    ""language"" : {
      ""isoCode"" : ""en"",
      ""name"" : ""English""
    },
    ""text"" : ""Eyebright Medical Technology (Beijing) Co., Ltd."",
    ""allLanguagesApplicable"" : null
  } ],
  ""textByDefaultLanguage"" : ""Eyebright Medical Technology (Beijing) Co., Ltd.""
}",,-1306,"Lotus NL B.V.","NL-AR-000000121","{
  ""texts"" : [ {
    ""language"" : {
      ""isoCode"" : ""en"",
      ""name"" : ""English""
    },
    ""text"" : ""Lotus NL B.V."",
    ""allLanguagesApplicable"" : null
  } ]
}",,,,,
7985,"01FMFWRAKB4Y7628RVEK78F2QD","81dd2579-be50-4826-89a6-8df315e5538e","ViroTrack Sero COVID-19 Total Ab","03VTS02-25",-108,1,,,,,0,0,,1,"05714132000139","B-05714132000139","43b12144-f9c7-46c4-af65-060d527449ea","01FMFWRAJK0CXHSXNC6N4849PE",,,1,0,0,,0,,0,1,,0,,1,,0,1,,,,"ViroTrack Sero COVID-19 Total Ab",,-157,-55,"LEGACY",," W0105040619","DK-MF-000001418","Blusense Diagnostics ApS",-11,"{
  ""texts"" : [ {
    ""language"" : {
      ""isoCode"" : ""en"",
      ""name"" : ""English""
    },
    ""text"" : ""Blusense Diagnostics ApS"",
    ""allLanguagesApplicable"" : null
  } ]
}",,-1306,,,,,,,,
4096171,"01M0FQTX2NPAAJTJNJYSSS2845","d0317968-42de-49af-876e-f82207fa17e1","Assura","12836",-100,1,0,0,0,0,0,0,,1,"05701780001373","570893295264294TS","eeae27fa-7695-42a1-87db-20b6893dbf1a","01M0CS95ACSZDCG8YBMRRY29KV",0,0,0,,0,0,,0,,,0,,,,-116,,,,0,0,"Coloplast, Assura/Alterna, SenSura Mio, Conseal Ostomy Irrigation Set products",,-203,-197,"STANDARD",," A100301","DK-MF-000025526","Coloplast A/S",-11,"{
  ""texts"" : [ {
    ""language"" : {
      ""isoCode"" : ""da"",
      ""name"" : ""Danish""
    },
    ""text"" : ""Coloplast A/S"",
    ""allLanguagesApplicable"" : false
  } ]
}",,-1306,,,,"05708932499033",,,"05701780001366,05701780001373",
3259622,"01KVFFQ473C6VJ15ZDDH3VSHKZ","fcde7557-b4d0-4bf8-9fc5-146168273174","JOBST® Caresse","73512-00027-00",-56,1,0,0,0,0,0,0,,1,"04019702031508","4019702400425086Z","6f807aef-e10e-48eb-9bad-bbd7a70930fe","01KVFET2PCG5G57ZW96HC0NHFF",0,0,0,,0,0,,0,,,0,,,,,,,,0,0,"JOBST Caresse CCLII Lower RTW",,-203,-197,"STANDARD",," M030405","DE-MF-000004936","BSN-Jobst GmbH",-11,"{
  ""texts"" : [ {
    ""language"" : {
      ""isoCode"" : ""en"",
      ""name"" : ""English""
    },
    ""text"" : ""BSN-Jobst GmbH"",
    ""allLanguagesApplicable"" : null
  } ]
}",,-1306,,,,,,,,
811316,"01JJ5414RJW38NZ21Q3RDNKKHN","7e425180-7e69-4dc2-8623-5813631214e8",,"2206 5002",-56,1,0,0,0,0,1,0,,2,"04260253268909","4260253262206S9","8ae4b7e9-4fb0-4f69-a31e-9a6513ca9b52","01JHT5KA58D7R9GP6ZHTVJCXMZ",0,0,0,,0,0,,0,,,0,,,,,,,,0,0,"Abdecktuch",,-203,-197,"STANDARD",," T020199","DE-MF-000006451","Imtegra GmbH & Co KG",-11,"{
  ""texts"" : [ {
    ""language"" : {
      ""isoCode"" : ""de"",
      ""name"" : ""German""
    },
    ""text"" : ""Imtegra GmbH & Co KG"",
    ""allLanguagesApplicable"" : null
  } ]
}","{
  ""texts"" : [ {
    ""language"" : {
      ""isoCode"" : ""de"",
      ""name"" : ""German""
    },
    ""text"" : ""Imtegra"",
    ""allLanguagesApplicable"" : null
  } ]
}",-1306,,,,,,,"04260253268909,04260253268916",
1205451,"01K6Y5569RKT3FST4RGEG0JHZZ","ffab83ce-d710-45ee-8be3-bd51c8deda98","BANDAGE SCISSORS","Bending Type",-13,1,0,0,0,0,0,0,,1,"06942455701177","69424557DWBASTC","21893175-c51c-40a0-b5ad-4bd00d4a4115","01K6Y3XRESGMKRJDYKJGSV1BVE",0,0,0,,0,0,,0,,,0,,,,,,,,0,0,"BANDAGE SCISSORS","14cm、Bending Type、Straight Type",-203,-197,"STANDARD",," V0199","CN-MF-000011438","Dragon Medical Co.,Ltd",-11,"{
  ""texts"" : [ {
    ""language"" : {
      ""isoCode"" : ""en"",
      ""name"" : ""English""
    },
    ""text"" : ""Dragon Medical Co.,Ltd"",
    ""allLanguagesApplicable"" : null
  } ]
}",,-1306,"MedPath GmbH","DE-AR-000000087","{
  ""texts"" : [ {
    ""language"" : {
      ""isoCode"" : ""de"",
      ""name"" : ""German""
    },
    ""text"" : ""MedPath GmbH"",
    ""allLanguagesApplicable"" : null
  } ]
}",,,,,
796916,"01JGBMK667MJWV0ARSVT6YVY57","65dbcceb-6b24-4281-803c-123af9aaae3f","Zygoma Implant","ZYG37.5",-245,1,,,0,0,1,0,,1,"08680603276792","B-08680603276792","e8ec9a2f-6ddb-40db-aab8-ebeda2304026","01JGBMK63KWBNXGZ8S6HQSB2R9",0,0,0,,0,1,,0,,,0,,,,-116,,,,0,0,"Zygoma Implant",,-205,-53,"LEGACY",," P01020101","TR-MF-000018746","AGS MEDİKAL ÜRÜNLERİ İTH. İHR. TİC. A.Ş.",-11,"{
  ""texts"" : [ {
    ""language"" : {
      ""isoCode"" : ""en"",
      ""name"" : ""English""
    },
    ""text"" : ""AGS MEDİKAL ÜRÜNLERİ İTH. İHR. TİC. A.Ş."",
    ""allLanguagesApplicable"" : false
  } ]
}","{
  ""texts"" : [ {
    ""language"" : {
      ""isoCode"" : ""en"",
      ""name"" : ""English""
    },
    ""text"" : ""AGS MEDİKAL ÜRÜNLERİ İTH. İHR. TİC. A.Ş."",
    ""allLanguagesApplicable"" : false
  } ]
}",-1306,,,,,,,,
398243,"01HGDC7VG78D1D4WD6FCZQ13JT","ff4b531e-8f0c-44d9-bf4c-778e37771364","	TWISTS DRILLS - REAMMERS (AO SHANK)","DP-786-14-915",-180,1,,,0,0,0,1,,1,"B961DP786149150","B-B961DP786149150","b1b4a271-dc89-4650-80d1-b8c309ca886a","01HGDC7VENHV7VATMXTR6NWY5Y",0,0,0,,0,0,,0,,,1,,,,,,,,0,0,"TWISTS DRILLS - REAMMERS (AO SHANK)","DP-786-14-915	",-203,-53,"LEGACY",," A03020199","PK-MF-000035172","Daddy D Pro",-11,"{
  ""texts"" : [ {
    ""language"" : {
      ""isoCode"" : ""en"",
      ""name"" : ""English""
    },
    ""text"" : ""Daddy D Pro"",
    ""allLanguagesApplicable"" : false
  } ]
}",,-1306,"ANTEX MEDI SOLUTION","DE-AR-000008078","{
  ""texts"" : [ {
    ""language"" : {
      ""isoCode"" : ""en"",
      ""name"" : ""English""
    },
    ""text"" : ""ANTEX MEDI SOLUTION"",
    ""allLanguagesApplicable"" : null
  } ]
}",,,,,
3183449,"01KTXEWN2KBYNMDTF81JX4H0NJ","3add8971-4df3-4287-b5de-15daafe2845f","CARRERA PRO TF BASSA T/CROMO P/NERO CERTIFICAT 10G","CA60251",-108,1,0,0,0,0,0,0,,1,"08057711235261","805771123BARELLEAUTOCARVE","17de236b-59f9-444d-970a-acf98ec2da45","01KTX9QEABDGW5R7DRCW45EB4K",0,0,0,,0,0,,0,,,0,,,,,,,,0,0,,"Self-loading stretchers",-203,-197,"STANDARD",," V08050102","IT-MF-000027507","Spencer Italia s.r.l.",-11,"{
  ""texts"" : [ {
    ""language"" : {
      ""isoCode"" : ""it"",
      ""name"" : ""Italian""
    },
    ""text"" : ""Spencer Italia s.r.l."",
    ""allLanguagesApplicable"" : null
  } ]
}",,-1306,,,,,"08057711235261",,,
1612690,"01KH4PK5G9K0EAMNE5S35Q8QWG","12cb4798-62c4-46dc-89c2-79ebd83a9dfe","MDT Diamond Coated Dental Burs","E16514-55-50",-74,1,0,0,0,0,0,1,,1,"07291046345696","7291046DiamondnonStrlRE","b48b709a-d54a-4d45-a72f-9f71bc69d355","01H1GSTNGPMEAZD2WMR01BFMGM",0,0,0,,0,0,,0,,,1,,,,,,,,0,0,"Non-Sterile Diamond Coated Dental Burs",,-204,-197,"STANDARD",," Z12110102","IL-MF-000008464","MDT Micro Diamond Technologies Ltd.",-11,"{
  ""texts"" : [ {
    ""language"" : {
      ""isoCode"" : ""en"",
      ""name"" : ""English""
    },
    ""text"" : ""MDT Micro Diamond Technologies Ltd."",
    ""allLanguagesApplicable"" : null
  } ]
}","{
  ""texts"" : [ {
    ""language"" : {
      ""isoCode"" : ""en"",
      ""name"" : ""English""
    },
    ""text"" : ""MDT"",
    ""allLanguagesApplicable"" : null
  } ]
}",-1306,"Obelis s.a.","BE-AR-000000106","{
  ""texts"" : [ {
    ""language"" : {
      ""isoCode"" : ""en"",
      ""name"" : ""English""
    },
    ""text"" : ""Obelis s.a."",
    ""allLanguagesApplicable"" : null
  } ],
  ""textByDefaultLanguage"" : ""Obelis s.a.""
}",,,,,
2736124,"01KSJ3DY96M4ER0DN4CQ5M8S35","5c2185a5-0055-4aeb-a835-39c55112303e","FinnComfort","02792-842445",-56,1,0,0,1,0,0,0,,1,"04030457502174","4030457-FinnCo-001-MN","3f3b99d2-4122-41dd-aeb4-f7c39ddbf3fc","01KR3AHVVTKD99Q52VK8V9XTW7",0,0,0,,0,0,,0,,,0,,,,,,,,0,0,"FinnComfort",,-203,-197,"STANDARD",," Y063303","DE-MF-000016907","Waldi Schuhfabrik GmbH",-11,"{
  ""texts"" : [ {
    ""language"" : {
      ""isoCode"" : ""de"",
      ""name"" : ""German""
    },
    ""text"" : ""Waldi Schuhfabrik GmbH"",
    ""allLanguagesApplicable"" : null
  } ]
}","{
  ""texts"" : [ {
    ""language"" : {
      ""isoCode"" : ""de"",
      ""name"" : ""German""
    },
    ""text"" : ""FinnComfort"",
    ""allLanguagesApplicable"" : null
  } ]
}",-1306,,,,,"04030457502174",,,
1799277,"01KMCMWWRP70NHXMBRF8TSREZS","8b6da95e-2bdf-4269-a4ec-324ff0aa9e05","Dry Bath Incubator","-",-56,1,,,,,0,0,0,1,"06975141980310","697514198AS001EL","304fcb65-cee5-45e3-837b-6e177fd59fc7","01KMCHRZJYPFTM5VG2JJ59MC2M",,,0,0,0,,0,,0,0,,0,,0,,1,0,,,,"Dry Bath Incubator","MK-20、MK-10、MK200-1、MK200-1A、MK200-2、K30、MK200-4、MiniT-100、MiniT-3、MiniT、MiniT-1、MiniS、IB-10HL、MiniT-C、IB-20HL、MiniT-100H、MK2000-2E、MK2000-2、MK2000-2HL、MK2000-1、MiniT-H2C、MiniT-H3、MK-3000",-199,-198,"STANDARD",," W0299","CN-MF-000020502","HANGZHOU ALLSHENG INSTRUMENTS CO.,LTD",-11,"{
  ""texts"" : [ {
    ""language"" : {
      ""isoCode"" : ""en"",
      ""name"" : ""English""
    },
    ""text"" : ""HANGZHOU ALLSHENG INSTRUMENTS CO.,LTD"",
    ""allLanguagesApplicable"" : false
  } ]
}",,-1306,"RIOMAVIX SOCIEDAD LIMITADA","ES-AR-000001202","{
  ""texts"" : [ {
    ""language"" : {
      ""isoCode"" : ""es"",
      ""name"" : ""Spanish""
    },
    ""text"" : ""RIOMAVIX SOCIEDAD LIMITADA"",
    ""allLanguagesApplicable"" : false
  } ],
  ""textByDefaultLanguage"" : null
}",,,,,
1799047,"01KMCJTZQSWC1K30V1F061VBVG","b8212d7b-71a6-401a-bee0-19d2bdc3eab8","Apol® Pointes Gutta","B55045",-74,1,0,0,0,0,0,0,,1,"08800069207455","880926429GP2D","43c12815-dcd6-4e8d-abe7-bc54ae1f80f6","01JNQVYK9M8SG05324240HAA7B",0,0,0,,0,1,,0,,,0,,,,,,,,0,0,"Gutta Percha Points",,-204,-197,"STANDARD",," Q01010401","KR-MF-000018662","Sure Dent Corporation",-11,"{
  ""texts"" : [ {
    ""language"" : {
      ""isoCode"" : ""en"",
      ""name"" : ""English""
    },
    ""text"" : ""Sure Dent Corporation"",
    ""allLanguagesApplicable"" : false
  } ]
}",,-1306,"Obelis s.a.","BE-AR-000000106","{
  ""texts"" : [ {
    ""language"" : {
      ""isoCode"" : ""en"",
      ""name"" : ""English""
    },
    ""text"" : ""Obelis s.a."",
    ""allLanguagesApplicable"" : null
  } ],
  ""textByDefaultLanguage"" : ""Obelis s.a.""
}",,"08800069207455",,,
4172868,"01M113JGB1VD12B0X19TMK05XN","a7f271f5-54fe-4eb4-8670-605d0242e52c","EUROTHERM","5627-275",-100,1,0,0,0,0,0,0,,1,"05056334602835","50563346ORTHOWIREMSUIIAWW","ebd22f48-3f74-4e3c-8b06-9a29097df66d","01M0YSPT5WBDSN4830PHET0XG9",0,0,0,,0,0,,0,,,0,,,,,,,,0,0,"CuNiTi Orthodontic Wires",,-204,-197,"STANDARD",," Q010405","GB-MF-000010884","Ortho-Care (UK) Limited",-11,"{
  ""texts"" : [ {
    ""language"" : {
      ""isoCode"" : ""en"",
      ""name"" : ""English""
    },
    ""text"" : ""Ortho-Care (UK) Limited"",
    ""allLanguagesApplicable"" : null
  } ]
}",,-1306,"Directa AB","SE-AR-000002492","{
  ""texts"" : [ {
    ""language"" : {
      ""isoCode"" : ""sv"",
      ""name"" : ""Swedish""
    },
    ""text"" : ""Directa AB"",
    ""allLanguagesApplicable"" : null
  } ]
}",,,,,
808365,"01JHQX87AAMC0K128F5WXA2X03","9406d801-3b3b-4a00-a7b9-45bf74e9880f","Phaco Needle 19G Ang. 30° Curved 22° + Sleeve + T.Chamber + Wrench","AK-1706G (S)",-108,1,0,0,0,0,1,0,,1,"08052276028747","8052276FT0003ID2CQ","591cf3d4-2703-4fb7-8fb5-9c7912c65b70","01GKGVEV0QG0QD2BP5TB9YB3JY",0,0,0,,0,0,,0,,,0,,,,-116,,,,0,0,"Phaco Needle/Punta Phaco","Phaco Needle/Punta Phaco",-204,-197,"STANDARD",," Q020699","IT-MF-000007813","AKTIVE SRL",-11,"{
  ""texts"" : [ {
    ""language"" : {
      ""isoCode"" : ""it"",
      ""name"" : ""Italian""
    },
    ""text"" : ""AKTIVE SRL"",
    ""allLanguagesApplicable"" : null
  } ]
}","{
  ""texts"" : [ {
    ""language"" : {
      ""isoCode"" : ""it"",
      ""name"" : ""Italian""
    },
    ""text"" : ""AKTIVE"",
    ""allLanguagesApplicable"" : null
  } ]
}",-1306,,,,"08052276000538",,,,
4484798,"01M2RXCRZZACZPR493Z8V8XASY","6f974044-fe18-4f47-a1fd-42de8f45138f","Juzo Soft","2002",-56,1,0,0,0,0,0,0,,1,"04071191380413","4018678M030405PHLY-010-AS","b1b47278-0227-4275-aff4-196e309ae175","01M27XRQX05TB01GQ5CWFCZH8H",0,0,0,,0,0,,0,,,0,,,,,,,,0,0,"Medical compression garments PH/LY- stockings / pantyhose / sleeves",,-203,-197,"STANDARD",," M030405","DE-MF-000009443","Julius Zorn GmbH",-11,"{
  ""texts"" : [ {
    ""language"" : {
      ""isoCode"" : ""de"",
      ""name"" : ""German""
    },
    ""text"" : ""Julius Zorn GmbH"",
    ""allLanguagesApplicable"" : null
  } ]
}","{
  ""texts"" : [ {
    ""language"" : {
      ""isoCode"" : ""de"",
      ""name"" : ""German""
    },
    ""text"" : ""Juzo"",
    ""allLanguagesApplicable"" : null
  } ]
}",-1306,,,,,"04071191380413",,,
1588045,"01KH3N8C6WEV7XP50Z6XPBPY5M","e66ea60e-352a-44dc-b615-d9c2b958d1e5","MDT Diamond Coated Dental Burs","129816-34-25",-74,1,0,0,0,0,0,1,,1,"07291046048283","7291046DiamondnonStrlRE","b48b709a-d54a-4d45-a72f-9f71bc69d355","01H1GSTNGPMEAZD2WMR01BFMGM",0,0,0,,0,0,,0,,,1,,,,,,,,0,0,"Non-Sterile Diamond Coated Dental Burs",,-204,-197,"STANDARD",," Z12110102","IL-MF-000008464","MDT Micro Diamond Technologies Ltd.",-11,"{
  ""texts"" : [ {
    ""language"" : {
      ""isoCode"" : ""en"",
      ""name"" : ""English""
    },
    ""text"" : ""MDT Micro Diamond Technologies Ltd."",
    ""allLanguagesApplicable"" : null
  } ]
}","{
  ""texts"" : [ {
    ""language"" : {
      ""isoCode"" : ""en"",
      ""name"" : ""English""
    },
    ""text"" : ""MDT"",
    ""allLanguagesApplicable"" : null
  } ]
}",-1306,"Obelis s.a.","BE-AR-000000106","{
  ""texts"" : [ {
    ""language"" : {
      ""isoCode"" : ""en"",
      ""name"" : ""English""
    },
    ""text"" : ""Obelis s.a."",
    ""allLanguagesApplicable"" : null
  } ],
  ""textByDefaultLanguage"" : ""Obelis s.a.""
}",,,,,
4285246,"01M1KPDCG18QZYD0E9XHYTGXBY","22f11b50-f268-4014-bc03-c4babd6b986a",,"ACC1001P0002",-74,1,0,0,0,0,0,1,,1,"03700879500775","370087950TF1X0203000LD","496866ca-31bf-400a-a3ec-28bc307fe17e","01M1KP7TZSMDFK2S93R2W4YH4V",0,0,0,,0,0,,0,,,1,,,,,,,,0,0,"Accessories for cleaning and holding devices",,-203,-197,"STANDARD",," L091099","FR-MF-000002428","Novastep S.A.S.",-11,"{
  ""texts"" : [ {
    ""language"" : {
      ""isoCode"" : ""fr"",
      ""name"" : ""French""
    },
    ""text"" : ""Novastep S.A.S."",
    ""allLanguagesApplicable"" : null
  } ],
  ""textByDefaultLanguage"" : null
}",,-1306,,,,,"03700879500775",,,
3234391,"01KVA9EVW0PCN57YXKDGSN0YAV","b0e4b7b8-fa13-483e-9e45-3484b832a5e8","Medellin","M0-6286",-13,1,0,0,0,0,0,0,,1,"04058509300714","4009706Y06309902ZQ","82e1e194-11ef-4793-b647-3e182fd0c696","01KVA8FX9Z5KEMMTZP05HCBN3N",0,0,0,,0,0,,0,,,0,,,,,,,,0,0,"Prosthetic swimwear",,-203,-197,"STANDARD",," Y063099","DE-MF-000012631","Anita Dr. Helbig GmbH",-11,"{
  ""texts"" : [ {
    ""language"" : {
      ""isoCode"" : ""de"",
      ""name"" : ""German""
    },
    ""text"" : ""Anita Dr. Helbig GmbH"",
    ""allLanguagesApplicable"" : null
  } ]
}","{
  ""texts"" : [ {
    ""language"" : {
      ""isoCode"" : ""de"",
      ""name"" : ""German""
    },
    ""text"" : ""Spezialanbieter für Miederwaren, Bademoden und medizinische Produkte"",
    ""allLanguagesApplicable"" : null
  }, {
    ""language"" : {
      ""isoCode"" : ""en"",
      ""name"" : ""English""
    },
    ""text"" : ""Specialized supplier for corsetry, swimwear and medical products"",
    ""allLanguagesApplicable"" : null
  } ]
}",-1306,,,,,"04058509300714",,,
4616900,"01M33ZB6RWBR7X342A8YTRSH4R","25ebc62b-3c1d-4e3d-9511-177fce49d431",,"TS-290934",-56,1,0,0,0,0,1,0,,1,"04250980189820","B-04250980189820","eaf27b88-2164-4d4b-8a6d-adb3807cfda9","01M33ZB6RHHR88Q1MKMCJGKYH6",0,0,0,,0,1,,0,,,0,,,,,,,,0,0,"Ureteral Stents and Sets USL",,-205,-53,"LEGACY",," U020302","DE-MF-000009137","uroVision Gesellschaft für medizinischen Technologie-Transfer mbH",-11,"{
  ""texts"" : [ {
    ""language"" : null,
    ""text"" : ""uroVision Gesellschaft für medizinischen Technologie-Transfer mbH"",
    ""allLanguagesApplicable"" : true
  } ]
}","{
  ""texts"" : [ {
    ""language"" : null,
    ""text"" : ""uroVision"",
    ""allLanguagesApplicable"" : true
  } ]
}",-1306,,,,,,,,
1325364,"01KBFSX52EVD88AWBP2PZHCK4G","150d636e-2fe2-41f6-8702-fc4d662d5196","EVO Visian Toric ICL","VTICMO 13.7",-67,1,0,0,0,0,1,0,,1,"00840311334513","764013516ICLGV","e5705318-c87a-481a-baaf-4dff71f0bd74","01JXNPXQ5NV1FMYNPQ4P73REAB",0,0,1,,0,1,,0,,,0,,,,,,,,0,0,"Implantable Collamer Lens",,-10,-197,"STANDARD",," P030101030399","CH-MF-000039544","STAAR Surgical AG",-11,"{
  ""texts"" : [ {
    ""language"" : {
      ""isoCode"" : ""en"",
      ""name"" : ""English""
    },
    ""text"" : ""STAAR Surgical AG"",
    ""allLanguagesApplicable"" : false
  } ],
  ""textByDefaultLanguage"" : ""STAAR Surgical AG""
}","{
  ""texts"" : [ {
    ""language"" : {
      ""isoCode"" : ""en"",
      ""name"" : ""English""
    },
    ""text"" : ""STAAR AG"",
    ""allLanguagesApplicable"" : false
  } ],
  ""textByDefaultLanguage"" : ""STAAR AG""
}",-1306,"STAAR Surgical AG","ES-AR-000025479","{
  ""texts"" : [ {
    ""language"" : {
      ""isoCode"" : ""es"",
      ""name"" : ""Spanish""
    },
    ""text"" : ""STAAR Surgical AG"",
    ""allLanguagesApplicable"" : false
  } ],
  ""textByDefaultLanguage"" : null
}",,,,,
4387309,"01M2760JC063SDTP13WGV5G508","a595aed6-2516-42aa-95d6-e2eb36fe8c05","CareVis PCA NaX","L5003W-N",-56,1,0,0,0,0,1,0,,1,"08800331560820","B-08800331560820","5d9fa7f9-d4de-43ba-befe-20664b87eac7","01M2760JBHVZR2N4G9PZ7VGMW6",1,1,0,,0,0,,0,,,0,,,,,,,,0,0,,"L5003W-N",-205,-53,"LEGACY",," A05010102","KR-MF-000017308","S&S Med Co.,Ltd.",-11,"{
  ""texts"" : [ {
    ""language"" : {
      ""isoCode"" : ""en"",
      ""name"" : ""English""
    },
    ""text"" : ""S&S Med Co.,Ltd."",
    ""allLanguagesApplicable"" : null
  } ]
}","{
  ""texts"" : [ {
    ""language"" : {
      ""isoCode"" : ""en"",
      ""name"" : ""English""
    },
    ""text"" : ""S&S Med"",
    ""allLanguagesApplicable"" : null
  } ]
}",-1306,"Easy Medical Device CommV","BE-AR-000011902","{
  ""texts"" : [ {
    ""language"" : null,
    ""text"" : ""Easy Medical Device CommV"",
    ""allLanguagesApplicable"" : true
  } ],
  ""textByDefaultLanguage"" : null
}",,,,,
2862999,"01KSQWCPPPF8CN9BCARDXEEHGQ","8472efcf-0d18-40a3-ae21-4a0cbc139eb7","BORRIX MINI Red","30515",-192,1,0,0,0,0,0,0,,1,"73501804400608","735018044BORRIXBK","f4f43b02-3494-4591-b6ce-097c9d1d8fa8","01KSMWBN7X43RVA0GKPGN8QS48",0,0,0,,0,0,,0,,,0,,,,-116,,,,0,0,"BORRIX Borrställ","BORRIX",-203,-197,"STANDARD",," L159099","SE-MF-000055120","AristoDent AB",-11,"{
  ""texts"" : [ {
    ""language"" : {
      ""isoCode"" : ""sv"",
      ""name"" : ""Swedish""
    },
    ""text"" : ""AristoDent AB"",
    ""allLanguagesApplicable"" : false
  } ],
  ""textByDefaultLanguage"" : null
}",,-1306,,,,,"73501804400608",,,
4417681,"01M2FM5SK8PPTACP8MFNNZ7GPD","921f7708-33dc-4b7f-a313-212f279880e9","X-flow","AB6R24",-21,1,0,0,0,0,1,0,,1,"03600040961827","570893263588898","ba24f852-c270-4f06-aa82-5f5834dfc2dc","01M2FFK641MRX6XVDQ2YAQB6JF",0,0,0,,0,0,,0,,,0,,,,,,,,0,0,"X-Flow prostatectomy catheter",,-204,-197,"STANDARD",," U010204","DK-MF-000025526","Coloplast A/S",-11,"{
  ""texts"" : [ {
    ""language"" : {
      ""isoCode"" : ""da"",
      ""name"" : ""Danish""
    },
    ""text"" : ""Coloplast A/S"",
    ""allLanguagesApplicable"" : false
  } ]
}",,-1306,,,,,,,"03600040961827,03600040961834,03600040961841",
3430570,"01KWTZHNBEBY6G04TENTB0HFJY","2a88829a-6145-435e-a9d9-3b0b8ebf70ad","O5 Georgia Light, L 28","O553228",-56,1,0,0,0,0,0,0,,1,"04062627144211","4062627Y06333103037036BU","5ec37de7-feb0-46b9-8574-66003ed4ecb2","01KWTZEQBNX1QJXD86ZEDGES0W",0,0,0,,0,0,,0,,,0,,,,,,,,0,0,"Georgia Light",,-203,-197,"STANDARD",," Y063303","DE-MF-000006250","Perpedes GmbH",-11,"{
  ""texts"" : [ {
    ""language"" : {
      ""isoCode"" : ""de"",
      ""name"" : ""German""
    },
    ""text"" : ""Perpedes GmbH"",
    ""allLanguagesApplicable"" : null
  } ]
}",,-1306,,,,,,,,
1596739,"01KH41DK7SHXA8QAGV3EHPQXVB","a1179fa2-d137-4e3f-b19b-9b0c1cd743ec","MDT Diamond Coated Dental Burs","111114-46-P3",-74,1,0,0,0,0,0,1,,1,"57291046180407","7291046DiamondnonStrlRE","b48b709a-d54a-4d45-a72f-9f71bc69d355","01H1GSTNGPMEAZD2WMR01BFMGM",0,0,0,,0,0,,0,,,1,,,,,,,,0,0,"Non-Sterile Diamond Coated Dental Burs",,-204,-197,"STANDARD",," Z12110102","IL-MF-000008464","MDT Micro Diamond Technologies Ltd.",-11,"{
  ""texts"" : [ {
    ""language"" : {
      ""isoCode"" : ""en"",
      ""name"" : ""English""
    },
    ""text"" : ""MDT Micro Diamond Technologies Ltd."",
    ""allLanguagesApplicable"" : null
  } ]
}","{
  ""texts"" : [ {
    ""language"" : {
      ""isoCode"" : ""en"",
      ""name"" : ""English""
    },
    ""text"" : ""MDT"",
    ""allLanguagesApplicable"" : null
  } ]
}",-1306,"Obelis s.a.","BE-AR-000000106","{
  ""texts"" : [ {
    ""language"" : {
      ""isoCode"" : ""en"",
      ""name"" : ""English""
    },
    ""text"" : ""Obelis s.a."",
    ""allLanguagesApplicable"" : null
  } ],
  ""textByDefaultLanguage"" : ""Obelis s.a.""
}",,,,,
4337344,"01M1ZTWWMEGQC2V955N3QK84MN","7cfea5b6-ad0a-45a9-be41-ea82f342a112",,"Color(ST-M) D98*16 D3",-245,1,0,0,0,0,1,0,,1,"06972238473953","697223847DZCHSCS7","f17b78e7-e012-4449-9d7b-16390596a10b","01HKBMRMGAZ77XHHBK7606J6WK",0,0,0,,0,0,,0,,,0,,,,,,,,0,0,"Dental Zirconia Ceramic","HT, ST, Color",-204,-197,"STANDARD",," Q01010105","CN-MF-000008250","Qinhuangdao Silide Ceramic Technology  Co., LTD.",-11,"{
  ""texts"" : [ {
    ""language"" : {
      ""isoCode"" : ""en"",
      ""name"" : ""English""
    },
    ""text"" : ""Qinhuangdao Silide Ceramic Technology  Co., LTD."",
    ""allLanguagesApplicable"" : null
  } ],
  ""textByDefaultLanguage"" : ""Qinhuangdao Silide Ceramic Technology  Co., LTD.""
}",,-1306,"Lotus NL B.V.","NL-AR-000000121","{
  ""texts"" : [ {
    ""language"" : {
      ""isoCode"" : ""en"",
      ""name"" : ""English""
    },
    ""text"" : ""Lotus NL B.V."",
    ""allLanguagesApplicable"" : null
  } ]
}",,,,,
2850413,"01KSPKTZWRY68RPCE39DRYQMEE","d06502e2-45ba-4c0e-856b-5704253c469c","Cancer Antigen 125 (CA125) Test Kit","M6403CC",-67,1,,,,,0,0,,1,"06979469760784","B-06979469760784","08f98f50-630c-4b9e-a3c0-7fc05f191352","01KSPKTKSSSVT9BN5JQ59TR5JF",,,1,0,0,,1,,1,1,,0,,1,,0,0,,,,"Cancer Antigen 125 (CA125) Test Kit","M6403CC",-157,-55,"LEGACY",," W0102030106","CN-MF-000031032","Nanjing Vazyme Medical Technology Co.,Ltd.",-11,"{
  ""texts"" : [ {
    ""language"" : {
      ""isoCode"" : ""en"",
      ""name"" : ""English""
    },
    ""text"" : ""Nanjing Vazyme Medical Technology Co.,Ltd."",
    ""allLanguagesApplicable"" : false
  } ]
}","{
  ""texts"" : [ {
    ""language"" : {
      ""isoCode"" : ""en"",
      ""name"" : ""English""
    },
    ""text"" : ""Vazyme"",
    ""allLanguagesApplicable"" : false
  } ]
}",-1306,"RIOMAVIX SOCIEDAD LIMITADA","ES-AR-000001202","{
  ""texts"" : [ {
    ""language"" : {
      ""isoCode"" : ""es"",
      ""name"" : ""Spanish""
    },
    ""text"" : ""RIOMAVIX SOCIEDAD LIMITADA"",
    ""allLanguagesApplicable"" : false
  } ],
  ""textByDefaultLanguage"" : null
}",,,,,
4400840,"01KMKJXPEH2T2TYWEA8J8AC5PN","908d393f-2793-496a-808a-3434485c63ea","Herculite XRV Ultra","36007",-108,1,0,0,0,0,0,0,,2,"08051511875252","80515118710000204W","6760eedf-3144-485a-92d8-72d11981f33e","01KMJY74GHWGZ27MHPSZZDJY8Y",0,0,0,,0,1,,0,,,0,,,,,,,,0,0,"Herculite XRV Ultra",,-204,-197,"STANDARD",," Q01010103","IT-MF-000007768","KERR ITALIA SRL",-11,"{
  ""texts"" : [ {
    ""language"" : {
      ""isoCode"" : ""it"",
      ""name"" : ""Italian""
    },
    ""text"" : ""KERR ITALIA SRL"",
    ""allLanguagesApplicable"" : null
  } ]
}",,-1306,,,,,,,,
4575386,"01M31P1EZC05HTZXD66QAFW6XM","49f87379-1f58-4abc-8088-21c63b8faee9","Duracuff® Move Percutan Vario, SIZE 6","X13462-06-P",-56,1,0,0,0,0,1,0,,1,"04051948174953","4051948X11000DURAVEC+TKGK","f101aab6-8292-4713-88b3-424855ae55b8","01M31KVF76CQ7BRKH493EZ8ZMV",0,0,0,,0,0,,0,,,0,,,,,,,,0,0,"Duravec Pro (IIb)",,-205,-197,"STANDARD",," R0105020102","DE-MF-000006665","Andreas Fahl Medizintechnik-Vertrieb GmbH",-11,"{
  ""texts"" : [ {
    ""language"" : {
      ""isoCode"" : ""de"",
      ""name"" : ""German""
    },
    ""text"" : ""Andreas Fahl Medizintechnik-Vertrieb GmbH"",
    ""allLanguagesApplicable"" : null
  } ]
}",,-1306,,,,,,,,
1644034,"01KHMQSSGPBCDNFZ2CAAQHMWCE","0fe09f5b-628c-4d1a-a249-17ecc4ef9252","Bernafon","289518",-58,1,0,0,0,0,0,0,,1,"05714464183845","57144640-HI-00053-RB","6e9106f3-5ca7-4c98-8788-16ee44a158a4","01HRYM7JMXMADFYBT88SQXG723",1,0,0,,0,0,,0,,,0,,,,,,,,0,0,,"HI (BTE)",-204,-197,"STANDARD",," Y2145060102","DK-MF-000001270","SBO Hearing A/S",-11,"{
  ""texts"" : [ {
    ""language"" : {
      ""isoCode"" : ""en"",
      ""name"" : ""English""
    },
    ""text"" : ""SBO Hearing A/S"",
    ""allLanguagesApplicable"" : null
  } ],
  ""textByDefaultLanguage"" : ""SBO Hearing A/S""
}","{
  ""texts"" : [ {
    ""language"" : {
      ""isoCode"" : ""en"",
      ""name"" : ""English""
    },
    ""text"" : ""SBO"",
    ""allLanguagesApplicable"" : null
  } ],
  ""textByDefaultLanguage"" : ""SBO""
}",-1306,,,,,,,,
2129525,"01KQ7SX93YXG8AK58DD926PSTX","dd96af7e-076d-4225-9802-b5484688b0fe",,"AMT0391",-180,1,0,0,0,0,1,0,,1,"05607716103916","560771630086","c4895766-6f25-428d-9789-0ff0067bcd60","01KQ7CXNJ0W5VZ760ABWYA5VX7",0,1,0,,0,0,,0,,,0,,,,-116,,,,0,0,"Extension sets","313.1978",-204,-197,"STANDARD",," A03020199","PT-MF-000007631","Produtos Médicos Hospitalares, SA",-11,"{
  ""texts"" : [ {
    ""language"" : {
      ""isoCode"" : ""pt"",
      ""name"" : ""Portuguese""
    },
    ""text"" : ""Produtos Médicos Hospitalares, SA"",
    ""allLanguagesApplicable"" : null
  } ]
}","{
  ""texts"" : [ {
    ""language"" : {
      ""isoCode"" : ""pt"",
      ""name"" : ""Portuguese""
    },
    ""text"" : ""PMH, SA"",
    ""allLanguagesApplicable"" : null
  } ]
}",-1306,,,,,,,,
2233207,"01KQY7A0RNWFFMGDM1NM243ZB2","6c987fd0-360d-4ef7-8d22-cf1cf3d12388","CEREFORM®","RMS175E",-74,1,0,0,0,0,1,0,,1,"03664685003106","B-03664685003106","9887e3d5-bc31-4000-84f1-7d5f457785d2","01KQY7A0Q6B12YTFXS3ZRSM55B",0,0,0,,0,1,,0,,,0,,,,,,,,0,0,"CEREFORM® SILICONE GEL-FILLED BREAST IMPLANTS","RMS175E",-10,-53,"LEGACY",," P0601010202","BE-MF-000020089","Euromi Biosciences",-11,"{
  ""texts"" : [ {
    ""language"" : {
      ""isoCode"" : ""en"",
      ""name"" : ""English""
    },
    ""text"" : ""Euromi Biosciences"",
    ""allLanguagesApplicable"" : false
  } ],
  ""textByDefaultLanguage"" : ""Euromi Biosciences""
}",,-1306,,,,,,,,
4532073,"01M2XDXGPQN4VD05B65GG8P4XM","1840b031-ef0a-491e-be67-0dc856fefa2e","Juzo Soft","2001",-56,1,0,0,0,0,0,0,,1,"04071191772836","4018678M030405PHLY-010-AS","b1b47278-0227-4275-aff4-196e309ae175","01M27XRQX05TB01GQ5CWFCZH8H",0,0,0,,0,0,,0,,,0,,,,,,,,0,0,"Medical compression garments PH/LY- stockings / pantyhose / sleeves",,-203,-197,"STANDARD",," M030405","DE-MF-000009443","Julius Zorn GmbH",-11,"{
  ""texts"" : [ {
    ""language"" : {
      ""isoCode"" : ""de"",
      ""name"" : ""German""
    },
    ""text"" : ""Julius Zorn GmbH"",
    ""allLanguagesApplicable"" : null
  } ]
}","{
  ""texts"" : [ {
    ""language"" : {
      ""isoCode"" : ""de"",
      ""name"" : ""German""
    },
    ""text"" : ""Juzo"",
    ""allLanguagesApplicable"" : null
  } ]
}",-1306,,,,,"04071191772836",,,
4581709,"01M31TP3B3K2XFE2D2MT6APRM4","138a9aa4-8f4d-45c6-ace0-1fafb0dcb3da","Rokoko Hair Company The Pearls Mystic # R8/12/14/26","PER004257",-175,1,0,0,0,0,0,0,,1,"05908128405019","590448419RHCMDMWVB","56392b72-5695-4747-8fa2-1cfb7c0bf865","01M31NRH7Q1WNRNSTK8FGAJW94",0,0,0,,0,0,,0,,,0,,,,,,,,0,0,"medical wigs",,-203,-197,"STANDARD",," Y063099","PL-MF-000052381","ROKOKO spółka cywilna Tomasz Kijanowski, Dorota Kijanowska",-11,"{
  ""texts"" : [ {
    ""language"" : {
      ""isoCode"" : ""pl"",
      ""name"" : ""Polish""
    },
    ""text"" : ""ROKOKO spółka cywilna Tomasz Kijanowski, Dorota Kijanowska"",
    ""allLanguagesApplicable"" : null
  } ],
  ""textByDefaultLanguage"" : null
}","{
  ""texts"" : [ {
    ""language"" : {
      ""isoCode"" : ""pl"",
      ""name"" : ""Polish""
    },
    ""text"" : ""ROKOKO"",
    ""allLanguagesApplicable"" : null
  } ],
  ""textByDefaultLanguage"" : null
}",-1306,,,,,,,,
2926943,"01KSV78NVYQBK6JRTNCTZ4Q5BF","09101fd8-24ff-4da6-b9aa-e72c511c040e","Shun Window®","624580",-245,1,,,0,0,1,0,,1,"06956014445808","B-06956014445808","fd44eee9-3252-4ebc-9fea-711711327679","01KSV78NVFXKRRMJMAAY64CZ18",0,0,0,,0,0,,0,,,0,,,,,,,,0,0,"Guiding Catheter",,-10,-53,"LEGACY",," C0104010202","CN-MF-000001160","Shunmei Medical Co.,Ltd",-11,"{
  ""texts"" : [ {
    ""language"" : {
      ""isoCode"" : ""en"",
      ""name"" : ""English""
    },
    ""text"" : ""Shunmei Medical Co.,Ltd"",
    ""allLanguagesApplicable"" : null
  } ]
}",,-1306,"Lotus NL B.V.","NL-AR-000000121","{
  ""texts"" : [ {
    ""language"" : {
      ""isoCode"" : ""en"",
      ""name"" : ""English""
    },
    ""text"" : ""Lotus NL B.V."",
    ""allLanguagesApplicable"" : null
  } ]
}",,,,,
3376290,"01KWC06MJ8TF9NMY97ZDXXV17C","69b32acc-652f-40ea-a97c-f205c4162f38"," Deluxe Series Infant Dual Head Stethoscope
"," CK-S607P
",-175,1,0,0,0,0,0,0,,1,"04719890206671","471989020SSCK67XXBM","df90dd72-d5b6-4bed-861f-b97885ee4fb2","01KWB5N7WQJN1B0N4SBP7RZNMP",0,0,0,,0,0,,0,,,0,,,,,,,,0,0,"Regalite Single Head Stethoscope","CK-M600P",-203,-197,"STANDARD",," C9005","TW-MF-000042725","CHIN KOU MEDICAL INSTRUMENT CO., LTD.",-11,"{
  ""texts"" : [ {
    ""language"" : {
      ""isoCode"" : ""en"",
      ""name"" : ""English""
    },
    ""text"" : ""CHIN KOU MEDICAL INSTRUMENT CO., LTD."",
    ""allLanguagesApplicable"" : false
  } ]
}","{
  ""texts"" : [ {
    ""language"" : {
      ""isoCode"" : ""en"",
      ""name"" : ""English""
    },
    ""text"" : ""SPIRIT"",
    ""allLanguagesApplicable"" : false
  } ]
}",-1306,"CMC Medical Devices & Drugs SL","ES-AR-000000293","{
  ""texts"" : [ {
    ""language"" : {
      ""isoCode"" : ""es"",
      ""name"" : ""Spanish""
    },
    ""text"" : ""CMC Medical Devices & Drugs SL"",
    ""allLanguagesApplicable"" : null
  } ]
}",,,,,
2667626,"01KSERRCNK1C6Y843YS2041FJK","aaa48077-0654-4dd8-bfd2-b36a8b6838ac","Hot/cold pack gel-zebra","CCKT09",-56,1,0,0,0,0,0,0,,1,"06978920970250","697892097HP100Q6","8333091e-d099-40e7-88f0-e9e62da9163e","01KRDZ8XRHT03684DYAV0E5RCY",0,0,0,,0,0,,0,,,0,,,,,,,,0,0,"Reusable Hot/cold packs","AMRD01 ",-203,-197,"STANDARD",," M9001","CN-MF-000008960","Wuhan Pakcare Bio‐technology Co.,Ltd.",-11,"{
  ""texts"" : [ {
    ""language"" : {
      ""isoCode"" : ""en"",
      ""name"" : ""English""
    },
    ""text"" : ""Wuhan Pakcare Bio‐technology Co.,Ltd."",
    ""allLanguagesApplicable"" : null
  } ]
}",,-1306,"Share info GmbH","DE-AR-000005132","{
  ""texts"" : [ {
    ""language"" : {
      ""isoCode"" : ""en"",
      ""name"" : ""English""
    },
    ""text"" : ""Share info GmbH"",
    ""allLanguagesApplicable"" : null
  } ]
}",,"06978920970250",,,
1663358,"01KJ83GA8VR149DP7KMD6D90BY","aa7595ec-8a61-4b67-acea-fc103a51f3c1","DistricAth Ti 235 S2,2","KP1012226",,1,,,,,1,0,,1,"03665642032924","3665642Art.22MDRTiCS","a6c418ed-ca8a-4baa-b109-21cce4f0e90f","01K88GDV2HMMTYA1WEMHC6NVCK",,,,,,,,,,,,,,,-540,,,,,,"DistricAth Ti",,-10,-197,"SPP","Les chambres à cathéter implantables DistricAth® sont des dispositifs médicaux permettant 
un accès transcutané au système vasculaire intraveineux dans le cadre de traitements 
itératifs et de longue durée d’un patient : Chimiothérapie, antibiothérapie, nutrition 
parentérale, prélèvement ou injection de produits sanguins."," C01020401","FR-PR-000009488","DISTRICLASS MEDICAL SA",-11,"{
  ""texts"" : [ {
    ""language"" : {
      ""isoCode"" : ""fr"",
      ""name"" : ""French""
    },
    ""text"" : ""DISTRICLASS MEDICAL SA"",
    ""allLanguagesApplicable"" : null
  } ]
}",,-1306,,,,,,,,
3314856,"01KVZ2PJ7KP5BVWGQAKB3DW06A","831cac1f-7184-4cea-b6d2-f51020985e9b","mediven thrombexin 18","806L004007",-56,1,0,0,0,0,0,0,,1,"04068903612320","4026398M03040502RT","e2377295-c154-4e5e-851c-0ec5fe0a6be7","01KVDEZMKET98BG1W14MYCK8RS",0,0,0,,0,0,,0,,,0,,,,,,,,0,0,"COMPRESSION STOCKINGS",,-203,-197,"STANDARD",," M030405","DE-MF-000007092","medi SE & Co. KG",-11,"{
  ""texts"" : [ {
    ""language"" : {
      ""isoCode"" : ""de"",
      ""name"" : ""German""
    },
    ""text"" : ""medi SE & Co. KG"",
    ""allLanguagesApplicable"" : null
  } ],
  ""textByDefaultLanguage"" : null
}",,-1306,,,,,,,,
1629276,"01KH6JFYKY7QCPCGMA5HV0HPF2","c066054a-f1fb-4b32-b134-7ccbe4bf98c8","BORA MULE MED","MF320801030400",-175,1,0,0,0,0,0,0,,1,"08004373557415","805714973MEMORYCUSHIONB8","6f4826cb-253a-4e25-990d-6acec420f934","01KA97VMVZDM3R3NMBHJW7H5GQ",0,0,0,,0,0,,0,,,0,,,,,,,,0,0,"SCHOLL MEMORY CUSHION technology",,-203,-197,"STANDARD",," Y061203,Y063303","IT-MF-000038685","Health and Fashion Shoes Italia SpA",-11,"{
  ""texts"" : [ {
    ""language"" : {
      ""isoCode"" : ""en"",
      ""name"" : ""English""
    },
    ""text"" : ""Health and Fashion Shoes Italia SpA"",
    ""allLanguagesApplicable"" : false
  } ]
}","{
  ""texts"" : [ {
    ""language"" : {
      ""isoCode"" : ""en"",
      ""name"" : ""English""
    },
    ""text"" : ""H&FS Italia Spa"",
    ""allLanguagesApplicable"" : false
  } ]
}",-1306,,,,,,,,
3851083,"01KZ3V9C7RCZ2HWJ25XFHSDKVB","b7feb5cf-737e-4caa-bec6-955ff2212e59","MKS Osteo flex - reduced height large size 5","783B-5N",-56,1,0,0,0,0,0,0,,1,"04251406607683","42514066MKSOsteoSpine00ZQ","2d0cd4b4-a83b-4264-879a-1798a5d4ee6b","01KZ3TJB7YPXRWJ7PNC3J5WYEW",0,0,0,,0,0,,0,,,0,,,,,,,,0,0,"MKS® Osteo",,-203,-197,"STANDARD",," Y060309","DE-MF-000010309","albrecht GmbH",-11,"{
  ""texts"" : [ {
    ""language"" : {
      ""isoCode"" : ""de"",
      ""name"" : ""German""
    },
    ""text"" : ""albrecht GmbH"",
    ""allLanguagesApplicable"" : null
  } ]
}",,-1306,,,,,,,,
659801,"01J3HSFQGNP2Z620E8R5QM4ZJA","0c973b6b-6fcc-4977-b4a8-b98662446fe7","Wound Closure Device","PZB1010",-56,1,0,0,0,0,1,0,,1,"06972327358192","697232735WCDSE","50150efb-614e-44f1-8794-bb998a2d1fc0","01J3HPGA8P6ZW3X72DNSQAG0YA",0,0,0,,0,0,,0,,,0,,,,,,,,0,0,"Wound Closure Device",,-203,-197,"STANDARD",," H900899","CN-MF-000034147","Zhejiang Longmed Medical Technology Co., Ltd.",-11,"{
  ""texts"" : [ {
    ""language"" : {
      ""isoCode"" : ""en"",
      ""name"" : ""English""
    },
    ""text"" : ""Zhejiang Longmed Medical Technology Co., Ltd."",
    ""allLanguagesApplicable"" : false
  } ]
}",,-1306,"MedPath GmbH","DE-AR-000000087","{
  ""texts"" : [ {
    ""language"" : {
      ""isoCode"" : ""de"",
      ""name"" : ""German""
    },
    ""text"" : ""MedPath GmbH"",
    ""allLanguagesApplicable"" : null
  } ]
}",,,,,
4474411,"01M2QK0FKVN7EVYANVKZW461TB","e6be5e70-eeb9-407c-95d1-30d55e16eacb","Vacuum bag 750 x 1025 mm / 35 liter","18205",-21,1,0,0,0,0,0,0,,1,"05420028703809","5420028700314V","78cd7c3f-250d-4d31-a1bd-32451cb72276","01M2QJSY17TFGXYQ8YHRQGNFQ4",0,0,0,,0,0,,0,,,0,,,,,,,,0,0,"Vacuum bag","Vacuum Bag Cushions",-203,-197,"STANDARD",," Z11010180","BE-MF-000007872","Orfit Industries",-11,"{
  ""texts"" : [ {
    ""language"" : {
      ""isoCode"" : ""nl"",
      ""name"" : ""Dutch""
    },
    ""text"" : ""Orfit Industries"",
    ""allLanguagesApplicable"" : null
  } ]
}",,-1306,,,,,,,,
1617081,"01KH4WCCJW3ARGD2K8D1W0XBXC","dcbc4628-c667-4960-806a-c7957027b7da","MDT Diamond Coated Dental Burs","119919-34-5>",-74,1,0,0,0,0,0,1,,1,"57291046393692","7291046DiamondnonStrlRE","b48b709a-d54a-4d45-a72f-9f71bc69d355","01H1GSTNGPMEAZD2WMR01BFMGM",0,0,0,,0,0,,0,,,1,,,,,,,,0,0,"Non-Sterile Diamond Coated Dental Burs",,-204,-197,"STANDARD",," Z12110102","IL-MF-000008464","MDT Micro Diamond Technologies Ltd.",-11,"{
  ""texts"" : [ {
    ""language"" : {
      ""isoCode"" : ""en"",
      ""name"" : ""English""
    },
    ""text"" : ""MDT Micro Diamond Technologies Ltd."",
    ""allLanguagesApplicable"" : null
  } ]
}","{
  ""texts"" : [ {
    ""language"" : {
      ""isoCode"" : ""en"",
      ""name"" : ""English""
    },
    ""text"" : ""MDT"",
    ""allLanguagesApplicable"" : null
  } ]
}",-1306,"Obelis s.a.","BE-AR-000000106","{
  ""texts"" : [ {
    ""language"" : {
      ""isoCode"" : ""en"",
      ""name"" : ""English""
    },
    ""text"" : ""Obelis s.a."",
    ""allLanguagesApplicable"" : null
  } ],
  ""textByDefaultLanguage"" : ""Obelis s.a.""
}",,,,,
3419608,"01KWKNQAA1BDYQYDDJA7RXX7AH","72a4e996-114a-4999-9c98-9f22ae9f32eb","Asnis® III","325236",-162,1,0,0,0,0,0,1,,1,"07613327142938","08858251004519TE","e26bc21c-bde8-4f0c-ab8b-7024ab644946","01KWKBFBAHQDVHBV2T6N1QB5HE",0,0,0,,0,1,,0,,,0,,,,,,,1,0,0,"ASNIS III AND ASNIS PRO - SCREW - STAINLESS STEEL - CLASS IIB - NON STERILE","08858251004519TE",-205,-197,"STANDARD",," P09120603","CH-MF-000009332","Stryker GmbH",-11,"{
  ""texts"" : [ {
    ""language"" : {
      ""isoCode"" : ""de"",
      ""name"" : ""German""
    },
    ""text"" : ""Stryker GmbH"",
    ""allLanguagesApplicable"" : null
  } ]
}","{
  ""texts"" : [ {
    ""language"" : {
      ""isoCode"" : ""de"",
      ""name"" : ""German""
    },
    ""text"" : ""Stryker GmbH"",
    ""allLanguagesApplicable"" : false
  } ]
}",-1306,"Stryker European Operations Limited","IE-AR-000000092","{
  ""texts"" : [ {
    ""language"" : {
      ""isoCode"" : ""en"",
      ""name"" : ""English""
    },
    ""text"" : ""Stryker European Operations Limited"",
    ""allLanguagesApplicable"" : null
  } ]
}",,,,,
3440673,"01KWVMPEE8YZ0Z9SNE0V8K9NB3","8c22d10c-67da-4d7b-8f65-270715d13753",,"VGTBS-OR-O/SH",-108,1,1,0,0,0,0,0,,1,"08056994625103","805699462FTGTNZ","c2d7ba42-6ec6-4ab5-ad7d-ea1b867914ce","01KVZ3442GJ706NPF5E35MDE47",1,1,0,,0,0,,0,,,0,,,,,,,,0,0,,"UNITÀ TERMINALI PER GAS MEDICALI COMPRESSI E PER VUOTO",-205,-197,"STANDARD",," Z120309","IT-MF-000029037","Pres Block S.p.A.",-11,"{
  ""texts"" : [ {
    ""language"" : {
      ""isoCode"" : ""it"",
      ""name"" : ""Italian""
    },
    ""text"" : ""Pres Block S.p.A."",
    ""allLanguagesApplicable"" : false
  } ]
}","{
  ""texts"" : [ {
    ""language"" : {
      ""isoCode"" : ""it"",
      ""name"" : ""Italian""
    },
    ""text"" : ""Pres Block"",
    ""allLanguagesApplicable"" : false
  } ]
}",-1306,,,,,,,,
1992605,"01KP62YX8KGZ7BV7YTXQNEK3YN","64b13246-e3a3-45ea-bfa0-68bd21bac73e","NITROCARE ELEKTRİKLİ HASTA KARYOLASI","NITRO HB 6640",-245,1,0,0,0,0,0,0,,1,"08699258691287","869925869NTRCBEDMX","a859e68e-1e2f-4650-9f29-4b308e43299c","01KN99X2AYVKPGDXQ7T46GJH7P",1,0,0,,0,0,,0,,,0,,,,,,,,0,0,"Motorized Patient Bed","NITRO HB 6440",-203,-197,"STANDARD",," V08060101","TR-MF-000044596","NITROCARE MEDİKAL MOBİLYA SANAYİ VE TİCARET ANONİM ŞİRKETİ",-11,"{
  ""texts"" : [ {
    ""language"" : {
      ""isoCode"" : ""en"",
      ""name"" : ""English""
    },
    ""text"" : ""NITROCARE MEDİKAL MOBİLYA SANAYİ VE TİCARET ANONİM ŞİRKETİ"",
    ""allLanguagesApplicable"" : false
  } ],
  ""textByDefaultLanguage"" : ""NITROCARE MEDİKAL MOBİLYA SANAYİ VE TİCARET ANONİM ŞİRKETİ""
}","{
  ""texts"" : [ {
    ""language"" : {
      ""isoCode"" : ""en"",
      ""name"" : ""English""
    },
    ""text"" : ""NITROCARE"",
    ""allLanguagesApplicable"" : false
  } ],
  ""textByDefaultLanguage"" : ""NITROCARE""
}",-1306,,,,,"08699258691287",,,
1701622,"01KK24XS6QJG983T1RS82T7QWE","aa1c2011-487f-4ac6-a07e-7354b252ccff","C-14ASM3 Back Neck Support Section","Z985112",-56,1,0,0,0,0,0,0,,1,"00194545122720","194545C14SL","3901cf21-60fd-4847-af77-0cb3fd24680f","01FSX0YYYH2SAQDFX6Q4BFJQE6",0,0,0,,0,0,,0,,,0,,,,,,,,0,0,"Pacific Adjustable Collar","C-14",-203,-197,"STANDARD",," Y060312","US-MF-000004002","Becker Orthopedic Appliance Company",-11,"{
  ""texts"" : [ {
    ""language"" : {
      ""isoCode"" : ""en"",
      ""name"" : ""English""
    },
    ""text"" : ""Becker Orthopedic Appliance Company"",
    ""allLanguagesApplicable"" : null
  } ],
  ""textByDefaultLanguage"" : ""Becker Orthopedic Appliance Company""
}",,-1306,"Medical Technology Promedt Consulting GmbH","DE-AR-000000085","{
  ""texts"" : [ {
    ""language"" : {
      ""isoCode"" : ""de"",
      ""name"" : ""German""
    },
    ""text"" : ""Medical Technology Promedt Consulting GmbH"",
    ""allLanguagesApplicable"" : null
  } ]
}",,,,,
4430487,"01M2HYTFWNP3VKXWYX1JR05KCY","19de7e1a-e241-49f8-8087-66faedfd1bdc",,"800345525",-56,1,0,0,0,0,0,1,,1,"06939488334977","6903095SPIWGB1Z704PRUU","440010b7-6c8b-4a3b-b7d6-440dadcfaf15","01KJS6H022D29RMP5XFMVZ8JJR",0,0,0,,0,1,,0,,,0,,,,,,,1,0,0,"Sterile and Non Sterile Spinal System","WGB1Z-7-04",-205,-197,"STANDARD",," P09070302","CN-MF-000019785","Shandong Weigao Orthopaedic Device Company Limited.",-11,"{
  ""texts"" : [ {
    ""language"" : {
      ""isoCode"" : ""en"",
      ""name"" : ""English""
    },
    ""text"" : ""Shandong Weigao Orthopaedic Device Company Limited."",
    ""allLanguagesApplicable"" : null
  } ]
}","{
  ""texts"" : [ {
    ""language"" : {
      ""isoCode"" : ""en"",
      ""name"" : ""English""
    },
    ""text"" : ""Wegortho"",
    ""allLanguagesApplicable"" : null
  } ]
}",-1306,"Shanghai International Holding Corp. GmbH(Europe)","DE-AR-000000001","{
  ""texts"" : [ {
    ""language"" : {
      ""isoCode"" : ""de"",
      ""name"" : ""German""
    },
    ""text"" : ""Shanghai International Holding Corp. GmbH(Europe)"",
    ""allLanguagesApplicable"" : null
  } ]
}",,,,,
3925830,"01KZDNZ8PSF8N2HWDTRH44W117","52d0985f-bda8-4b15-927d-4757c8fe6ed7","Nitinol (NiTi) Orthodontic Wires ","TC-1622-U",-74,1,0,0,0,0,0,1,,1,"06941784111626","69417841NTWIRE56","747c3a86-cff8-404e-88e6-d716429261dc","01G5NYJ0FKYD97PQ699SK5R9MT",0,0,0,,0,0,,0,,,0,,,,,,,,0,0,"NiTi  Orthodontic Wire",,-204,-197,"STANDARD",," Q010405","CN-MF-000015988","Beijing Smart Technology Co., Ltd.",-11,"{
  ""texts"" : [ {
    ""language"" : {
      ""isoCode"" : ""en"",
      ""name"" : ""English""
    },
    ""text"" : ""Beijing Smart Technology Co., Ltd."",
    ""allLanguagesApplicable"" : null
  } ]
}",,-1306,"Eunitor GmbH","DE-AR-000005081","{
  ""texts"" : [ {
    ""language"" : {
      ""isoCode"" : ""de"",
      ""name"" : ""German""
    },
    ""text"" : ""Eunitor GmbH"",
    ""allLanguagesApplicable"" : null
  } ]
}",,,,,
1621973,"01KH5R5ZBHBD2KXVM30F0C126S","6f1fce96-f113-481e-93f2-5f1fc4021aba","U2 Hip Stem","9104-3216",-74,1,0,0,0,0,0,1,,1,"04719872171973","B-04719872171973","2c941aaa-522d-41ca-a961-84673b3bbe5b","01KH5R5ZAYXA347FYDHPADBCK4",0,0,0,,0,0,,0,,,1,,,,,,,,0,0,"Revision hip stem straight reamer, Ø16.5",,-204,-53,"LEGACY",," L091102","TW-MF-000009523","United Orthopedic Corporation",-11,"{
  ""texts"" : [ {
    ""language"" : {
      ""isoCode"" : ""en"",
      ""name"" : ""English""
    },
    ""text"" : ""United Orthopedic Corporation"",
    ""allLanguagesApplicable"" : null
  } ]
}","{
  ""texts"" : [ {
    ""language"" : {
      ""isoCode"" : ""en"",
      ""name"" : ""English""
    },
    ""text"" : ""United"",
    ""allLanguagesApplicable"" : null
  } ]
}",-1306,"mdi Europa GmbH","DE-AR-000006218","{
  ""texts"" : [ {
    ""language"" : {
      ""isoCode"" : ""de"",
      ""name"" : ""German""
    },
    ""text"" : ""mdi Europa GmbH"",
    ""allLanguagesApplicable"" : null
  } ]
}",,,,,
1720726,"01KKFX9AYDHX72Q42TS2V4HKJ4","ba8a847d-7dae-485e-98b8-6f37f6d8c5d4","Injection needle","BP-41607",-56,1,0,0,0,0,1,0,,1,"06970900859531","69709008510217V","79eba96b-a76c-478e-8c2f-010fb5e6dd0b","01KKB3QWEHV4PD33QXSE12R66X",0,0,0,,0,0,,0,,,0,,,,,,,,0,0,"Disposable Endoscope Injection Needles",,-204,-197,"STANDARD",," G03020101","CN-MF-000009371","Yangzhou Fartley Medical Instrument Technology Co., Ltd.",-11,"{
  ""texts"" : [ {
    ""language"" : {
      ""isoCode"" : ""en"",
      ""name"" : ""English""
    },
    ""text"" : ""Yangzhou Fartley Medical Instrument Technology Co., Ltd."",
    ""allLanguagesApplicable"" : null
  } ]
}",,-1306,"Prolinx GmbH","DE-AR-000005129","{
  ""texts"" : [ {
    ""language"" : {
      ""isoCode"" : ""de"",
      ""name"" : ""German""
    },
    ""text"" : ""Prolinx GmbH"",
    ""allLanguagesApplicable"" : null
  } ]
}",,"06970900859531",,,
4021241,"01M007HN5Q8CQSFEGB6X8DBFK2","dc7ff6f5-90a1-49cb-979d-0dca5283c16b","LITE Liner Gel SUPREME TT Cushion,  6 mm, Größe L, hautfarben","4W95TT-06-L-H",-56,1,0,0,0,0,0,0,,1,"04251732979638","42508981GEL-LINER4S","f01fd521-dcf5-4fcf-a536-5ffb80c23b45","01KZXVPDWF4XVEFFAEYFV37WBA",0,0,0,,0,0,,0,,,0,,,,,,,,0,0,," GEL-LINER",-203,-197,"STANDARD",," Y090618","DE-MF-000009553","Wagner Polymertechnik GmbH",-11,"{
  ""texts"" : [ {
    ""language"" : {
      ""isoCode"" : ""de"",
      ""name"" : ""German""
    },
    ""text"" : ""Wagner Polymertechnik GmbH"",
    ""allLanguagesApplicable"" : null
  } ],
  ""textByDefaultLanguage"" : null
}","{
  ""texts"" : [ {
    ""language"" : {
      ""isoCode"" : ""de"",
      ""name"" : ""German""
    },
    ""text"" : ""WPT"",
    ""allLanguagesApplicable"" : null
  } ],
  ""textByDefaultLanguage"" : null
}",-1306,,,,,,,,
3417827,"01KR0JTHMJNBENXB1BNQ7WEJSP","49b70f5e-69e9-4d86-b4e5-37af42917421","WBL Trading","RDR05319-000new/RDR04893-000 new",-162,1,0,0,0,0,0,0,,2,"06977679603686","697767960REGLY4","f525883f-5ce1-4756-b2d9-0265eb1446d3","01J3QHKDWB6CGQDSR093X0FGW8",0,0,0,,0,0,,0,,,0,,,,,,,,0,0,"Reading glasses",,-203,-197,"STANDARD",," Q0210030102","CN-MF-000043059","WENZHOU SUNRISE INDUSTRIAL AND TRADING CO., LTD",-11,"{
  ""texts"" : [ {
    ""language"" : {
      ""isoCode"" : ""en"",
      ""name"" : ""English""
    },
    ""text"" : ""WENZHOU SUNRISE INDUSTRIAL AND TRADING CO., LTD"",
    ""allLanguagesApplicable"" : false
  } ]
}","{
  ""texts"" : [ {
    ""language"" : {
      ""isoCode"" : ""en"",
      ""name"" : ""English""
    },
    ""text"" : ""WENZHOU SUNRISE"",
    ""allLanguagesApplicable"" : false
  } ]
}",-1306,"Humiss Beratung GmbH","DE-AR-000023447","{
  ""texts"" : [ {
    ""language"" : {
      ""isoCode"" : ""en"",
      ""name"" : ""English""
    },
    ""text"" : ""Humiss Beratung GmbH"",
    ""allLanguagesApplicable"" : false
  } ]
}",,"06977679603686",,,
1371026,"01KCKSNQ75FMZDHZ6TZYYDCX9B","4e1fd0c6-6ad2-411f-b488-5eedd1114d20",,"FF45483",-55,1,0,0,0,0,0,0,,1,"08585074600834","85850746FF45T9","bac18e9e-72e5-404b-92fd-010bf8f78b21","01KCHCN9H4VMKGV69J93KJTWHT",0,0,0,,0,0,,0,,,0,,,,,,,,0,0,"DIAWIN D3 SERENE","DIAWIN-D3-SERENE",-203,-197,"STANDARD",," Y063303","SK-MF-000048596","Diawin s.r.o.",-11,"{
  ""texts"" : [ {
    ""language"" : {
      ""isoCode"" : ""en"",
      ""name"" : ""English""
    },
    ""text"" : ""Diawin s.r.o."",
    ""allLanguagesApplicable"" : false
  } ]
}",,-1306,,,,,,,,
974495,"01JX08HDJJDA8Q1QS4FY7XZV4N","69c2868b-8655-490a-8403-30302e7fe5ae","VCSII40DF TK XO SAX1416","ARDVCS639008A",-74,1,0,0,0,0,0,0,,1,"03700712434915","3700712432607S4","0d541231-9de1-4eb2-b80b-9dd01f3705ed","01H05HB3FZY24G3RXZK6YX0MB7",1,0,0,,0,0,,0,,,0,,,,,,,,0,0,"Volista","Volista Access II",-203,-197,"STANDARD",," Z12010701","FR-MF-000002926","Maquet SAS",-11,"{
  ""texts"" : [ {
    ""language"" : {
      ""isoCode"" : ""fr"",
      ""name"" : ""French""
    },
    ""text"" : ""Maquet SAS"",
    ""allLanguagesApplicable"" : null
  } ]
}",,-1306,,,,,"03700712434915",,,
3629917,"01KXNSP5PZWR77H4KBXMQAAMJZ","4fc27f28-584e-43a3-8fbb-a1fb078554f0","Mick® 200-TPV Applicator","9707",-56,1,,,0,0,0,1,,1,"00817330027726","B-00817330027726","ad0ef981-78f5-4b45-8bac-360246d6c4d5","01KXNSP5P8G4FXMMW4FE2QF57V",0,0,0,,0,0,,0,,,0,,,,,,,,0,0,"Mick® TPV Applicator",,-204,-53,"LEGACY",," Z11010380","US-MF-000018813","Mick Radio-Nuclear Instruments, Inc.",-11,"{
  ""texts"" : [ {
    ""language"" : {
      ""isoCode"" : ""en"",
      ""name"" : ""English""
    },
    ""text"" : ""Mick Radio-Nuclear Instruments, Inc."",
    ""allLanguagesApplicable"" : null
  } ]
}","{
  ""texts"" : [ {
    ""language"" : {
      ""isoCode"" : ""en"",
      ""name"" : ""English""
    },
    ""text"" : ""MRNI"",
    ""allLanguagesApplicable"" : false
  } ]
}",-1306,"BEBIG Medical GmbH","DE-AR-000012643","{
  ""texts"" : [ {
    ""language"" : {
      ""isoCode"" : ""de"",
      ""name"" : ""German""
    },
    ""text"" : ""BEBIG Medical GmbH"",
    ""allLanguagesApplicable"" : null
  } ],
  ""textByDefaultLanguage"" : null
}",,,,,
130109,"01G8W8QXQH28J4JPCTE0B1MTNA","44a66466-33e1-4bd9-9c40-312ba2939fd7","Orthodontic Archwires","BM10182501",-74,1,0,0,0,1,0,0,,1,"06957067018308","695706700003-0373FD","b7e8fbe7-3fa2-4163-8030-95567fa6a854","01G35MRQ2VZ6MRV558A11TGVMZ",0,0,0,,0,0,,0,,,0,,,,,,,,0,0,"Orthodontic Archwires","Niti Wires",-204,-197,"STANDARD",," Q010405","CN-MF-000002280","Innovative Material and Devices, Inc",-11,"{
  ""texts"" : [ {
    ""language"" : {
      ""isoCode"" : ""en"",
      ""name"" : ""English""
    },
    ""text"" : ""Innovative Material and Devices, Inc"",
    ""allLanguagesApplicable"" : null
  } ]
}","{
  ""texts"" : [ {
    ""language"" : {
      ""isoCode"" : ""en"",
      ""name"" : ""English""
    },
    ""text"" : ""IMD"",
    ""allLanguagesApplicable"" : null
  } ]
}",-1306,"Lotus NL B.V.","NL-AR-000000121","{
  ""texts"" : [ {
    ""language"" : {
      ""isoCode"" : ""en"",
      ""name"" : ""English""
    },
    ""text"" : ""Lotus NL B.V."",
    ""allLanguagesApplicable"" : null
  } ]
}",,,,,
4052569,"01M09F5DZKZ2WYRAZAS2HTX87P","82483bd4-a466-48fe-ae0d-89c4c5009b27",,"Y110",-13,1,0,0,0,0,0,0,,1,"06953751914109","69537519LumbarTN","ff904f5c-87d4-4d14-ae19-6ad1f15ff78e","01KZMPKEYXC2WK21CSXRVRA8M8",0,0,0,,0,0,,0,,,0,,,,,,,,0,0,"Lumbar support belt",,-203,-197,"STANDARD",," Y060308","CN-MF-000011825","Shijiazhuang aofeite imp&exp co.,ltd",-11,"{
  ""texts"" : [ {
    ""language"" : {
      ""isoCode"" : ""en"",
      ""name"" : ""English""
    },
    ""text"" : ""Shijiazhuang aofeite imp&exp co.,ltd"",
    ""allLanguagesApplicable"" : null
  } ],
  ""textByDefaultLanguage"" : ""Shijiazhuang aofeite imp&exp co.,ltd""
}",,-1306,"SUNGO Europe B.V.","NL-AR-000000247","{
  ""texts"" : [ {
    ""language"" : {
      ""isoCode"" : ""nl"",
      ""name"" : ""Dutch""
    },
    ""text"" : ""SUNGO Europe B.V."",
    ""allLanguagesApplicable"" : null
  } ]
}",,,,,
209923,"01GP0XVWYGP2JEH1DBZ045B91M","0667cff7-8257-4b6a-9a93-17997ca32f89"," LINEFIX PEEK 45 MM","TM00391245",-245,1,,,0,0,1,1,,1,"08681596001941","B-08681596001941","1b519a7e-634b-4a05-871f-5e83a6a64986","01GP0XVWW9ZJRQ3RK40SA8H4R1",0,0,0,,0,1,,0,,,0,,,,,,,,0,0," LINEFIX PEEK 45 MM"," LINEFIX ",-205,-53,"LEGACY",," P09120102","TR-MF-000022604","Tulpar Tıbbi Ürünler İthalat İhracat Sanayi ve Ticaret L.T.D Ş.T.İ",-11,"{
  ""texts"" : [ {
    ""language"" : {
      ""isoCode"" : ""en"",
      ""name"" : ""English""
    },
    ""text"" : ""Tulpar Tıbbi Ürünler İthalat İhracat Sanayi ve Ticaret L.T.D Ş.T.İ"",
    ""allLanguagesApplicable"" : false
  } ]
}",,-1306,,,,,,,,
3371984,"01KWBN5R6BH2AZYS7Z81XAKDV2","7ead67f1-fa5b-4112-93ca-2ec5e8c51fee","Spreaders","J490 650 982 2102 060",-56,1,0,0,0,0,0,1,,1,"06942200956524","697590932NiTiCompactor99","d94310db-b4c8-48c6-a93d-266aad001b9b","01KRQSK2SNBCGK32QJE98N9ZNE",0,0,0,,0,0,,0,,,0,,,,,,,,0,0,"Dental Root-Canal Instruments","Pluggers(NITI)，Spreaders(NITI)",-203,-197,"STANDARD",," Q010507","CN-MF-000033003","Shanwei Perfect Medical Instruments Co.,Ltd.",-11,"{
  ""texts"" : [ {
    ""language"" : {
      ""isoCode"" : ""en"",
      ""name"" : ""English""
    },
    ""text"" : ""Shanwei Perfect Medical Instruments Co.,Ltd."",
    ""allLanguagesApplicable"" : false
  } ]
}",,-1306,"SUNGO Europe B.V.","NL-AR-000000247","{
  ""texts"" : [ {
    ""language"" : {
      ""isoCode"" : ""nl"",
      ""name"" : ""Dutch""
    },
    ""text"" : ""SUNGO Europe B.V."",
    ""allLanguagesApplicable"" : null
  } ]
}",,,,,
3152447,"01KTRAF22Z4MZ66FJQTQJWYHY1","ccfff60b-df0e-4ffd-9d89-f97bd80b2beb","Group Extremities Conical 4.1 - 40","GX05S44113S",-108,1,0,0,0,0,1,0,,1,"08053178300443","805317830BRSS001S18SMGSXX","0baadf15-7a8a-484e-95a8-30db156a3399","01KHTT9DTENPTTTWDSF83R2ZG7",0,0,0,,0,0,,0,,,0,,,,,,,,0,0,"FRESA SHANNON CORTA",,-204,-197,"STANDARD",," K01020199","IT-MF-000040729","GROUP EXTREMITIES S.r.l.",-11,"{
  ""texts"" : [ {
    ""language"" : {
      ""isoCode"" : ""it"",
      ""name"" : ""Italian""
    },
    ""text"" : ""GROUP EXTREMITIES S.r.l."",
    ""allLanguagesApplicable"" : false
  } ]
}",,-1306,,,,,,,,
1009067,"01JYX52HVK7S1NB53XH7N8617S","ad1bc645-5be7-4182-9a22-d9438110d095","SensX Silk Line x 20","SNX203",-162,1,0,0,1,0,0,0,,1,"89043812010437","89043812MALELATEXCONDOMFU","43b23c16-6b04-426a-b89c-03a9c795fc43","01JVKJ5B69ET6BRST2RE01BYEX",0,0,0,,0,0,,0,,,0,,,,-116,,,,0,0,"NATURAL RUBBER MALE LATEX CONDOM",,-205,-197,"STANDARD",," U110101","IN-MF-000008912","INDUS MEDICARE LIMITED",-11,"{
  ""texts"" : [ {
    ""language"" : {
      ""isoCode"" : ""en"",
      ""name"" : ""English""
    },
    ""text"" : ""INDUS MEDICARE LIMITED"",
    ""allLanguagesApplicable"" : null
  } ],
  ""textByDefaultLanguage"" : ""INDUS MEDICARE LIMITED""
}","{
  ""texts"" : [ {
    ""language"" : {
      ""isoCode"" : ""en"",
      ""name"" : ""English""
    },
    ""text"" : ""IML"",
    ""allLanguagesApplicable"" : null
  } ],
  ""textByDefaultLanguage"" : ""IML""
}",-1306,"CEpartner4U","NL-AR-000000111","{
  ""texts"" : [ {
    ""language"" : {
      ""isoCode"" : ""nl"",
      ""name"" : ""Dutch""
    },
    ""text"" : ""CEpartner4U"",
    ""allLanguagesApplicable"" : null
  } ]
}",,"89043812010437",,,
2498467,"01KRZ3J5G2VHN3JFQ802H8FRRF","10762c78-f099-46d4-bb44-49e86f482f5a",,"PTS-2316-15-B-L",-108,1,,,0,0,1,0,,1,"06950190427245","B-06950190427245","5309a91a-4600-490d-9250-5011ed0b7de3","01KRZ3J5FF0CB8B49F71EJRNKN",1,0,0,,0,0,,0,,,0,,,,,,,,0,0,"Disposable Polyp Snares","PTS-2316-15-B-L",-205,-53,"LEGACY",," G03030199","CN-MF-000013084","Zhuji Pengtian Medical Instrument Co.,Ltd",-11,"{
  ""texts"" : [ {
    ""language"" : {
      ""isoCode"" : ""en"",
      ""name"" : ""English""
    },
    ""text"" : ""Zhuji Pengtian Medical Instrument Co.,Ltd"",
    ""allLanguagesApplicable"" : null
  } ]
}","{
  ""texts"" : [ {
    ""language"" : {
      ""isoCode"" : ""en"",
      ""name"" : ""English""
    },
    ""text"" : ""PengtianMed"",
    ""allLanguagesApplicable"" : null
  } ]
}",-1306,"Meditech X-Ray Spółka z o.o.","PL-AR-000002989","{
  ""texts"" : [ {
    ""language"" : {
      ""isoCode"" : ""pl"",
      ""name"" : ""Polish""
    },
    ""text"" : ""Meditech X-Ray Spółka z o.o."",
    ""allLanguagesApplicable"" : null
  } ]
}",,,,,
998042,"01JY5ZAWBP4Y0VC9TP70PC9F9N","d7038297-c991-4ffd-8101-89bc95d957a5","AccelFix Spinal Fixation System (Sterile)","1815-6265S",-67,1,,,0,0,1,0,,1,"08800061392548","B-08800061392548","a2d0dcf9-e61b-4d81-9562-0cac0e6ae20d","01JY5ZAWA7GQQ3DE260PCNBHAK",0,0,0,,0,1,,0,,,0,,,,,,,,0,0,"AccelFix Spinal Fixation System (Sterile)","1815-6265S",-205,-53,"LEGACY",," P09070304","KR-MF-000033200","L&K Biomed",-11,"{
  ""texts"" : [ {
    ""language"" : {
      ""isoCode"" : ""en"",
      ""name"" : ""English""
    },
    ""text"" : ""L&K Biomed"",
    ""allLanguagesApplicable"" : false
  } ],
  ""textByDefaultLanguage"" : ""L&K Biomed""
}",,-1306,"Obelis s.a.","BE-AR-000000106","{
  ""texts"" : [ {
    ""language"" : {
      ""isoCode"" : ""en"",
      ""name"" : ""English""
    },
    ""text"" : ""Obelis s.a."",
    ""allLanguagesApplicable"" : null
  } ],
  ""textByDefaultLanguage"" : ""Obelis s.a.""
}",,,,,
1533874,"01KFN7MPZHRCAFMS0TPVA8Z2GH","54528f72-6c58-461a-b750-e76619fc9822","RACE","01.7B0.00.0AZ.FK",-56,1,0,0,0,0,0,1,,1,"07640142411918","7640142410401029T","facd907f-d4ac-40be-b64e-a8ca5bf93ec5","01KFDMS8GE9J5KWQN6NCTBXZH5",0,0,0,,0,0,,0,,,1,,,,,,,,0,0,"BIORACE","01.7B0.00.0EO.FK",-204,-197,"STANDARD",," L159004","CH-MF-000017925","FKG Dentaire Sàrl",-11,"{
  ""texts"" : [ {
    ""language"" : null,
    ""text"" : ""FKG Dentaire Sàrl"",
    ""allLanguagesApplicable"" : true
  } ]
}","{
  ""texts"" : [ {
    ""language"" : null,
    ""text"" : ""FKG Dentaire"",
    ""allLanguagesApplicable"" : true
  } ]
}",-1306,"Emergo Europe B.V.","NL-AR-000000116","{
  ""texts"" : [ {
    ""language"" : {
      ""isoCode"" : ""en"",
      ""name"" : ""English""
    },
    ""text"" : ""Emergo Europe B.V."",
    ""allLanguagesApplicable"" : null
  } ]
}",,,,,
3424942,"01KWP9DW3BAVE3GH5CHD67HYGT","775bc8bf-cac1-42c1-a800-9d945bdd1bf1",,"TMF.4028",-108,1,0,0,0,0,0,1,,1,"08057729171278","805347021OD003YS","f4e737fc-1868-4221-a70d-be2ca89a3a55","01KWP6W764P8ZB2S1GHDD01J4C",0,0,0,,0,1,,0,,,0,,,,,,,1,0,0,"Cortex Low Profile Osteosynthesis Screw",,-205,-197,"STANDARD",," P09120503","IT-MF-000007779","GE.ME.S. GENERAL MEDICAL SUPPLIES S.R.L.",-11,"{
  ""texts"" : [ {
    ""language"" : {
      ""isoCode"" : ""it"",
      ""name"" : ""Italian""
    },
    ""text"" : ""GE.ME.S. GENERAL MEDICAL SUPPLIES S.R.L."",
    ""allLanguagesApplicable"" : null
  } ]
}","{
  ""texts"" : [ {
    ""language"" : {
      ""isoCode"" : ""it"",
      ""name"" : ""Italian""
    },
    ""text"" : ""GEMES"",
    ""allLanguagesApplicable"" : null
  } ]
}",-1306,,,,,,,,
4091268,"01M0FFYYKJ77KHPSYA1SATV5KR","7b7527e3-ab98-46bc-8a14-1a95f9cc5b90",,"S6878K.314.021.K2",-56,1,0,0,0,0,0,1,,1,"+E226044037K21","++E226532861SSG","4ca22176-9775-4023-b1d1-cf7e6694564e","01M0FFAC9QM2AZPT9RHXNBQ3Q5",0,0,0,,0,0,,0,,,0,,,,,,,,0,0,"Crown preparation rotating Diamond",,-204,-197,"STANDARD",," Q010199","DE-MF-000006446","Gebr. Brasseler GmbH & Co. KG",-11,"{
  ""texts"" : [ {
    ""language"" : {
      ""isoCode"" : ""de"",
      ""name"" : ""German""
    },
    ""text"" : ""Gebr. Brasseler GmbH & Co. KG"",
    ""allLanguagesApplicable"" : null
  } ],
  ""textByDefaultLanguage"" : null
}","{
  ""texts"" : [ {
    ""language"" : {
      ""isoCode"" : ""de"",
      ""name"" : ""German""
    },
    ""text"" : ""Brasseler"",
    ""allLanguagesApplicable"" : null
  } ],
  ""textByDefaultLanguage"" : null
}",-1306,,,,"+E226044037K28",,,,
3851408,"01KZ3VGAP0B3QV277BE307TDBH","9387e16b-9769-47f7-8b6d-797178d2daa8","Modular Acetabular Inlay, Lateralised (+4mm)","022-2145-3132",-56,1,0,0,0,0,1,0,,1,"04049852303514","B-04049852303514","b179bd50-073f-4d00-a4bc-fc934ac64f6d","01KZ3VGAMJ3W0D3NWJ0Q9A6MWW",0,0,0,,0,1,,0,,,0,,,,-116,,,,0,0,,"Biotech Acetabular Cup System",-10,-53,"LEGACY",," P090803040102","DE-MF-000023586","Biotech GmbH",-11,"{
  ""texts"" : [ {
    ""language"" : {
      ""isoCode"" : ""de"",
      ""name"" : ""German""
    },
    ""text"" : ""Biotech GmbH"",
    ""allLanguagesApplicable"" : null
  } ]
}","{
  ""texts"" : [ {
    ""language"" : {
      ""isoCode"" : ""de"",
      ""name"" : ""German""
    },
    ""text"" : ""Biotech GmbH"",
    ""allLanguagesApplicable"" : null
  } ]
}",-1306,,,,,,,,
2346001,"01KREB26SHTAX8FK0VTTY52AYQ","8c3650c2-c572-4f7c-9e61-d88cc5f6dc22","NITROCARE KARYOLA ÜSTÜ İHTİYAÇ MASASI","NCYM 1005",-245,1,0,0,0,0,0,0,,1,"08699258691676","869925869NTRCPFDQ8","afc0f448-5304-46ee-a1ae-9541e899ce2b","01KPNDGPG8FZ4DDR41ESX4A1BN",0,0,0,,0,0,,0,,,0,,,,,,,,0,0,"NITROCARE KARYOLA ÜSTÜ İHTİYAÇ MASASI","NCYM 1001",-203,-197,"STANDARD",," V0880","TR-MF-000044596","NITROCARE MEDİKAL MOBİLYA SANAYİ VE TİCARET ANONİM ŞİRKETİ",-11,"{
  ""texts"" : [ {
    ""language"" : {
      ""isoCode"" : ""en"",
      ""name"" : ""English""
    },
    ""text"" : ""NITROCARE MEDİKAL MOBİLYA SANAYİ VE TİCARET ANONİM ŞİRKETİ"",
    ""allLanguagesApplicable"" : false
  } ],
  ""textByDefaultLanguage"" : ""NITROCARE MEDİKAL MOBİLYA SANAYİ VE TİCARET ANONİM ŞİRKETİ""
}","{
  ""texts"" : [ {
    ""language"" : {
      ""isoCode"" : ""en"",
      ""name"" : ""English""
    },
    ""text"" : ""NITROCARE"",
    ""allLanguagesApplicable"" : false
  } ],
  ""textByDefaultLanguage"" : ""NITROCARE""
}",-1306,,,,,"08699258691676",,,
4195601,"01M153D012MZMW2YXVR1BXD957","fa7bb6be-152c-429b-bb7d-cde0ca471677","Symmetry®","32-3311",-56,1,0,0,0,0,0,1,,1,"00887482005811","08401132BowlCupBQ","8e447e7a-8ff3-4afd-b782-c0d9ef72bd4b","01M1532CEBX7WJNEEWN4KVXJBN",0,0,0,,0,0,,0,,,0,,,,,,,,0,0,"Bowls, Cups, and Basins",,-203,-197,"STANDARD",," V0402","US-MF-000008255","Aspen Surgical Products, Inc.",-11,"{
  ""texts"" : [ {
    ""language"" : {
      ""isoCode"" : ""en"",
      ""name"" : ""English""
    },
    ""text"" : ""Aspen Surgical Products, Inc."",
    ""allLanguagesApplicable"" : null
  } ]
}",,-1306,"Emergo Europe B.V.","NL-AR-000000116","{
  ""texts"" : [ {
    ""language"" : {
      ""isoCode"" : ""en"",
      ""name"" : ""English""
    },
    ""text"" : ""Emergo Europe B.V."",
    ""allLanguagesApplicable"" : null
  } ]
}",,,,,
4421621,"01M2G1HANMXJCYEZFES7P22TXB","4ef59303-cfc3-4119-988a-25b869174c9f","Ash Scalpel Handle, Gum Knive","J-15-091",-180,1,0,0,0,0,0,1,,1,"+B784J150910K","B-+B784J150910K","cc1c2424-6814-46bc-a477-0a73fe39aa0d","01M2G1HAN86BFER5DEZAVN441V",0,0,0,,0,0,,0,,,1,,,,,,,,0,0,"SHARP INSTRUMENTS, REUSABLE","SURGICAL KNIVES",-203,-53,"LEGACY",," L0102","PK-MF-000009773","Surgicon Private Limited",-11,"{
  ""texts"" : [ {
    ""language"" : {
      ""isoCode"" : ""en"",
      ""name"" : ""English""
    },
    ""text"" : ""Surgicon Private Limited"",
    ""allLanguagesApplicable"" : null
  } ]
}",,-1306,"CMC Medical Devices & Drugs SL","ES-AR-000000293","{
  ""texts"" : [ {
    ""language"" : {
      ""isoCode"" : ""es"",
      ""name"" : ""Spanish""
    },
    ""text"" : ""CMC Medical Devices & Drugs SL"",
    ""allLanguagesApplicable"" : null
  } ]
}",,,,,
1846696,"01KMQ0THSYTV53C5ZH8PH684KF","7c1b2b80-743e-4f69-9937-8d34e7cb1e8b","Max Vision®Toric","AM2T5UXL24,-8.0D",-56,1,0,0,0,0,1,0,,1,"06941264918646","B-06941264918646","595df462-2ff3-4c04-b0d8-e598b1857461","01KMQ0THSJKWGZG2VQ2QH4C8VC",0,0,0,,0,1,,0,,,0,,,,,,,,0,0,"Preloaded Intraocular Lens System","AM2T5UXL24,-8.0D",-205,-53,"LEGACY",," P030102100301","CN-MF-000003041","Eyebright Medical Technology (Beijing) Co., Ltd.",-11,"{
  ""texts"" : [ {
    ""language"" : {
      ""isoCode"" : ""en"",
      ""name"" : ""English""
    },
    ""text"" : ""Eyebright Medical Technology (Beijing) Co., Ltd."",
    ""allLanguagesApplicable"" : null
  } ],
  ""textByDefaultLanguage"" : ""Eyebright Medical Technology (Beijing) Co., Ltd.""
}",,-1306,"Lotus NL B.V.","NL-AR-000000121","{
  ""texts"" : [ {
    ""language"" : {
      ""isoCode"" : ""en"",
      ""name"" : ""English""
    },
    ""text"" : ""Lotus NL B.V."",
    ""allLanguagesApplicable"" : null
  } ]
}",,,,,
1903591,"01KN69XVEYXGBKMBQ6A1XVZREH","6125e398-651a-4a87-aba1-feeaac8c765c","TS Fixture Transfer Impression Coping","GSTIS5014N",-55,1,0,0,0,0,0,1,,1,"08800000938752","88000406CLASSIBUSANHY","ccecea82-54f6-48ff-bb5d-1ab63ab147ba","01KH5XWE1NW4CR6GHYF6VVMXMD",0,0,0,,0,0,,0,,,0,,,,,,,,0,0,"Impression Tool System",,-203,-197,"STANDARD",," Q010599","KR-MF-000020006","OSSTEM IMPLANT Co., Ltd.",-11,"{
  ""texts"" : [ {
    ""language"" : {
      ""isoCode"" : ""en"",
      ""name"" : ""English""
    },
    ""text"" : ""OSSTEM IMPLANT Co., Ltd."",
    ""allLanguagesApplicable"" : null
  } ],
  ""textByDefaultLanguage"" : ""OSSTEM IMPLANT Co., Ltd.""
}","{
  ""texts"" : [ {
    ""language"" : {
      ""isoCode"" : ""en"",
      ""name"" : ""English""
    },
    ""text"" : ""Haeundae Plant"",
    ""allLanguagesApplicable"" : null
  } ],
  ""textByDefaultLanguage"" : ""Haeundae Plant""
}",-1306,"Obelis s.a.","BE-AR-000000106","{
  ""texts"" : [ {
    ""language"" : {
      ""isoCode"" : ""en"",
      ""name"" : ""English""
    },
    ""text"" : ""Obelis s.a."",
    ""allLanguagesApplicable"" : null
  } ],
  ""textByDefaultLanguage"" : ""Obelis s.a.""
}",,,,,
3467294,"01KWYH97DVNAFGRR3HAW0KCJJ3","d3009ad9-6a46-4273-ad5d-a4ae1d2f4f6c",,"115-110-4320",-56,1,0,0,0,0,0,0,,1,"04250869664226","B-04250869664226","50dd3ca9-12a2-4490-a89c-db3d753c3c0a","01KWYH97DGN3N3A3G9RKDPMPGT",0,0,0,,0,1,,0,,,0,,,,,,,,0,0,"115-110-4320","HWS Implantate",-205,-53,"LEGACY",," P09070301","DE-MF-000005455","Biedermann Motech GmbH & Co. KG",-11,"{
  ""texts"" : [ {
    ""language"" : {
      ""isoCode"" : ""de"",
      ""name"" : ""German""
    },
    ""text"" : ""Biedermann Motech GmbH & Co. KG"",
    ""allLanguagesApplicable"" : null
  } ],
  ""textByDefaultLanguage"" : null
}","{
  ""texts"" : [ {
    ""language"" : {
      ""isoCode"" : ""de"",
      ""name"" : ""German""
    },
    ""text"" : ""BM"",
    ""allLanguagesApplicable"" : null
  } ],
  ""textByDefaultLanguage"" : null
}",-1306,,,,,,,,
3811687,"01KYS10G9JM8RY8VRHEM154EZ5","f966c314-9654-41ba-96c5-86adfe55b620","VEKTOR-Titan Einlegeboden unbestückt Vierkantanschluss","98230-40",-56,1,0,0,0,0,0,1,,1,"04029839316317","B-04029839316317","e7b4cae7-0094-4ce0-b2e6-4b72c216181f","01KYS10G973NKP0A4Y33SZABD0",0,0,0,,0,0,,0,,,1,,,,,,,,0,0,"VEKTOR-Titan Einlegeboden unbestückt Vierkantanschluss",,-203,-53,"LEGACY",," L091199","DE-MF-000006458","Peter Brehm GmbH",-11,"{
  ""texts"" : [ {
    ""language"" : {
      ""isoCode"" : ""de"",
      ""name"" : ""German""
    },
    ""text"" : ""Peter Brehm GmbH"",
    ""allLanguagesApplicable"" : null
  } ],
  ""textByDefaultLanguage"" : null
}",,-1306,,,,,,,,
2010531,"01KP8M0ARHEEC4ZXQWBFF1Q94H","9265e0f6-165a-4135-8d63-866008d546f4","Lang Fixation Stick","REF 901",-13,1,0,0,0,0,0,0,,1,"07649996943095","7649996943002KU","f3a5b703-d4b3-4c43-8e8d-929bf3413e91","01KP3R4JN88J4292Y2GXGVFVW1",0,0,0,,0,0,,0,,,0,,,,,,,,0,0,"Lang-Stereotest ",,-203,-197,"STANDARD",," Q0209","CH-MF-000029998","Lang-Stereotest AG",-11,"{
  ""texts"" : [ {
    ""language"" : {
      ""isoCode"" : ""de"",
      ""name"" : ""German""
    },
    ""text"" : ""Lang-Stereotest AG"",
    ""allLanguagesApplicable"" : false
  } ]
}",,-1306,"Annemarie Lang-Lieder","AT-AR-000013005","{
  ""texts"" : [ {
    ""language"" : {
      ""isoCode"" : ""de"",
      ""name"" : ""German""
    },
    ""text"" : ""Annemarie Lang-Lieder"",
    ""allLanguagesApplicable"" : null
  } ]
}",,"07649996943095",,,
2208934,"01KQSJ278T9QJ0KATMWTW2YWPG","f2b12392-6475-4cb1-963d-ae88c4427c87","VenoTrain soft S, AG, border dot, large, Ccl 1, Special heel,
open toe, L Plus short, Anthracite","21264714224323",-56,1,0,0,0,0,0,0,,1,"04057532412630","4046445SOFs00000005D","5b0827d7-720b-4b23-a4f0-5d7344b224e1","01KPWYSHFMFWCT4FRJQ6M7R1J8",0,0,0,,0,0,,0,,,0,,,,,,,,0,0,"VenoTrain soft S",,-203,-197,"STANDARD",," M030405","DE-MF-000007543","Bauerfeind AG",-11,"{
  ""texts"" : [ {
    ""language"" : {
      ""isoCode"" : ""de"",
      ""name"" : ""German""
    },
    ""text"" : ""Bauerfeind AG"",
    ""allLanguagesApplicable"" : null
  } ]
}",,-1306,,,,,,,,
4372550,"01M24XRF775P7V17B9RRZF0ZSG","09d58737-0450-43d1-8c23-976c07e99cdf","PROCS HEMISPHERICAL MULTIAXIAL PEDICLE SCREW 9.0X70 / 102.130","PKEPV9070",-245,1,0,0,0,0,1,0,,1,"08682162625547","B-08682162625547","f848b618-e793-4076-ae79-7df05c505d65","01M24XRF6W73PRSBFF0PW05TQN",0,0,0,,0,1,,0,,,0,,,,,,,,0,0,,"PKEPV9070",-205,-53,"LEGACY",," P09070302","TR-MF-000032010","TİAL MED TIBBİ ÜRÜNLER İÇ VE DIŞ TİCARET SAN. LTD. ŞTİ",-11,"{
  ""texts"" : [ {
    ""language"" : {
      ""isoCode"" : ""en"",
      ""name"" : ""English""
    },
    ""text"" : ""TİAL MED TIBBİ ÜRÜNLER İÇ VE DIŞ TİCARET SAN. LTD. ŞTİ"",
    ""allLanguagesApplicable"" : false
  } ],
  ""textByDefaultLanguage"" : ""TİAL MED TIBBİ ÜRÜNLER İÇ VE DIŞ TİCARET SAN. LTD. ŞTİ""
}",,-1306,,,,,,,,
3300448,"01KVWEEAJQDR525QDR4BAX0PBX","f4d37b9b-9485-44a4-9dba-822a28c8dba4","Optotipos Infantiles Palomar (multidistancia).","3001",-67,1,0,0,0,0,0,0,,1,"08436633520325","843663352ExFVPP","ccbc7f7e-38b5-4269-a708-0afa956767a5","01KVWAV184FBPJZDNWE4A912ZN",0,0,0,,0,0,,0,,,0,,,,-116,,,,0,0,"Exploración Función Visual",,-203,-197,"STANDARD",," Z1212012080","ES-MF-000055881","PROMOCIÓN OPTOMÉTRICA DE BURGOS, S.L.",-11,"{
  ""texts"" : [ {
    ""language"" : {
      ""isoCode"" : ""es"",
      ""name"" : ""Spanish""
    },
    ""text"" : ""PROMOCIÓN OPTOMÉTRICA DE BURGOS, S.L."",
    ""allLanguagesApplicable"" : false
  } ],
  ""textByDefaultLanguage"" : null
}",,-1306,,,,,,,,
4205505,"01M1BBPKQ3DNW36PB766CCM88J","6c2a3001-e71d-49bc-9ba7-26f33b38df7d",,"446149315",-56,1,0,0,0,0,0,1,,1,"06942002631704","6903095INSDFN0179","3b2eb885-0e67-40c1-93cb-d96add8be53f","01KKDE3P97W09Z9QKQ5F5S9PHW",0,0,0,,0,1,,0,,,0,,,,,,,1,0,0,"Sterile and Non-Sterile Intramedullary Nailing System","WGA2Z01",-205,-197,"STANDARD",," P09120201","CN-MF-000019785","Shandong Weigao Orthopaedic Device Company Limited.",-11,"{
  ""texts"" : [ {
    ""language"" : {
      ""isoCode"" : ""en"",
      ""name"" : ""English""
    },
    ""text"" : ""Shandong Weigao Orthopaedic Device Company Limited."",
    ""allLanguagesApplicable"" : null
  } ]
}","{
  ""texts"" : [ {
    ""language"" : {
      ""isoCode"" : ""en"",
      ""name"" : ""English""
    },
    ""text"" : ""Wegortho"",
    ""allLanguagesApplicable"" : null
  } ]
}",-1306,"Shanghai International Holding Corp. GmbH(Europe)","DE-AR-000000001","{
  ""texts"" : [ {
    ""language"" : {
      ""isoCode"" : ""de"",
      ""name"" : ""German""
    },
    ""text"" : ""Shanghai International Holding Corp. GmbH(Europe)"",
    ""allLanguagesApplicable"" : null
  } ]
}",,,,,
4394753,"01M2816SFM3895EKX9BJ0QS89J","6f4ccf5f-9486-4bec-92cb-220f04fe9eae","Carbon Foot With Shell (25R6)","MF20-25R6",-96,1,0,0,0,0,0,0,,1,"03859894591456","3859894591MF20HS","d1081886-600e-4b5c-b3d2-c97359602015","01M1K1P44K4J86WX71R0N9VESW",0,0,0,,0,0,,0,,,0,,,,,,,,0,0,"Carbon Foot With Shell","Carbon Foot With Shell",-203,-197,"STANDARD",," Y062499","HR-MF-000056447","MOOR ORTOTIKA I PROTETIKA d.o.o. za izradu, doradu i trgovinu medicinskih i ortopedskih pomagala",-11,"{
  ""texts"" : [ {
    ""language"" : {
      ""isoCode"" : ""hr"",
      ""name"" : ""Croatian""
    },
    ""text"" : ""MOOR ORTOTIKA I PROTETIKA d.o.o. za izradu, doradu i trgovinu medicinskih i ortopedskih pomagala"",
    ""allLanguagesApplicable"" : false
  } ],
  ""textByDefaultLanguage"" : null
}","{
  ""texts"" : [ {
    ""language"" : {
      ""isoCode"" : ""hr"",
      ""name"" : ""Croatian""
    },
    ""text"" : ""MOOR ORTOTIKA I PROTETIKA d.o.o."",
    ""allLanguagesApplicable"" : false
  } ],
  ""textByDefaultLanguage"" : null
}",-1306,,,,,,,,
2639239,"01KS7PX48YM6HRPZFMJ2KRG0E8","21ee1c27-67a6-494f-863d-9f2225b24eef","BrownGuard 1500 bandáž kolenní typ 01","NA",-55,1,0,0,0,0,0,0,,1,"08590072969654","85900722026113E","319ab9ff-1346-400e-92b9-8214075b555f","01KS5EZCR106PRENF683HJC27F",0,0,0,,0,0,,0,,,0,,,,,,,,0,0,"BrownGuard 1500 knee brace type 01","Knee brace",-203,-197,"STANDARD",," Y061209","CZ-MF-000047385","ARIES, a.s.",-11,"{
  ""texts"" : [ {
    ""language"" : {
      ""isoCode"" : ""cs"",
      ""name"" : ""Czech""
    },
    ""text"" : ""ARIES, a.s."",
    ""allLanguagesApplicable"" : false
  } ]
}",,-1306,,,,,,,,
2425157,"01KRNGQWYBGCKJ5C2T54XW159B","566898ac-fb95-41d1-8077-d41dae41c68a","Dental Ceramic","06973133313085",-245,1,0,0,0,0,0,0,,1,"06973133313085","697313331CE01BG","ad2d6edc-9506-40b4-a4f4-98959c4fa78f","01KF4ZCWKDJ4NVM6HE7ZT09FGY",0,0,0,,0,1,,0,,,0,,,,,,,,0,0,"Dental Ceramic","Metal Ceramic, Zirconia Ceramic, and associated accessory (Formative Liquid)",-204,-197,"STANDARD",," Q01010199","CN-MF-000017164","BAOT Biological Technology Co., Ltd.",-11,"{
  ""texts"" : [ {
    ""language"" : {
      ""isoCode"" : ""en"",
      ""name"" : ""English""
    },
    ""text"" : ""BAOT Biological Technology Co., Ltd."",
    ""allLanguagesApplicable"" : null
  } ]
}","{
  ""texts"" : [ {
    ""language"" : {
      ""isoCode"" : ""en"",
      ""name"" : ""English""
    },
    ""text"" : ""BAOT"",
    ""allLanguagesApplicable"" : null
  } ]
}",-1306,"Shanghai International Holding Corp. GmbH(Europe)","DE-AR-000000001","{
  ""texts"" : [ {
    ""language"" : {
      ""isoCode"" : ""de"",
      ""name"" : ""German""
    },
    ""text"" : ""Shanghai International Holding Corp. GmbH(Europe)"",
    ""allLanguagesApplicable"" : null
  } ]
}",,,,,
1184122,"01K5RNMB5MARAR1JQNYV1TCJWA","530fc79b-3d38-421a-8679-e1cb04987984",,"351-6432",-108,1,0,0,0,0,0,0,,1,"00889989011920","B-00889989011920","d47b0616-119d-42ff-aacd-d4600a155692","01K5RNMB4HF41HBF006Y4XVYTN",0,0,0,,0,0,,0,,,0,,,,,,,,0,0,"MINI-V DIAM LR CUSP THN  -7T  +6A 022","351-6432",-204,-53,"LEGACY",," Q010403","US-MF-000038085","Ormco Corporation",-11,"{
  ""texts"" : [ {
    ""language"" : {
      ""isoCode"" : ""en"",
      ""name"" : ""English""
    },
    ""text"" : ""Ormco Corporation"",
    ""allLanguagesApplicable"" : false
  } ]
}",,-1306,"KERR ITALIA SRL","IT-AR-000007600","{
  ""texts"" : [ {
    ""language"" : {
      ""isoCode"" : ""it"",
      ""name"" : ""Italian""
    },
    ""text"" : ""KERR ITALIA SRL"",
    ""allLanguagesApplicable"" : null
  } ]
}",,,,,
1673252,"01KJF62TXG0SHSCNA74XWNS735","45efbd2e-d5e8-4386-a9ef-45a33ad10d42",,"RA_C1_200",-74,1,0,0,0,0,0,0,,1,"03701538144446","37015381CLASSIC-PAPPLA4X","8a6696e8-dd14-448c-8613-a9b9da39c504","01KJF4JCV9Y57PSHAREKFHNCWQ",0,0,0,,0,0,,0,,,0,,,,,,,,0,0,"Lunettes prêtes à porter en Plastique",,-203,-197,"STANDARD",," Q0210030102","FR-MF-000050179","OCTIKA",-11,"{
  ""texts"" : [ {
    ""language"" : {
      ""isoCode"" : ""fr"",
      ""name"" : ""French""
    },
    ""text"" : ""OCTIKA"",
    ""allLanguagesApplicable"" : false
  } ]
}",,-1306,,,,,,,,
3400568,"01KWGSE9W9DFV2RVDDJ7FR06JA","e395a7db-c2df-4653-b951-6085c8ca89d3","Bauchtücher weiß, 40 x 40 cm, 4-lagig, mit Röntgenkontrast, 20-fädig, vorgewaschen, unsteril","29072",-56,1,0,0,0,0,0,1,,1,"04054858026527","40548580151V0801NV","ce64724e-aea5-461c-b9b9-02f6822d04df","01KWF0Q5PVQVT021DHTMFHVCY0",0,0,0,,0,0,,0,,,0,,,,,,,,0,0,"Bauchtücher, unsteril","Bauchtücher",-204,-197,"STANDARD",," M0201030202","DE-MF-000006652","Fuhrmann GmbH",-11,"{
  ""texts"" : [ {
    ""language"" : {
      ""isoCode"" : ""de"",
      ""name"" : ""German""
    },
    ""text"" : ""Fuhrmann GmbH"",
    ""allLanguagesApplicable"" : null
  } ]
}",,-1306,,,,,,,"04054858026527,04054858225661",
4689446,"01M3A61XJGQSNP6QFR5J8G34AK","8332622a-4443-42f5-bd51-3ebd0562ad5f","Lastofa","01510410580100",-56,1,0,0,0,0,0,0,,1,"04052727215584","4018839K019G","9a3a9ab3-d2ac-444c-92d4-76f226b5a6fa","01KTP84J98X84HQ0AE8RCSYQRD",0,0,0,,0,0,,0,,,0,,,,,,,,0,0,"Rundstrick","Rundstrick",-203,-197,"STANDARD",," M030405","DE-MF-000008470","Ofa Bamberg GmbH",-11,"{
  ""texts"" : [ {
    ""language"" : {
      ""isoCode"" : ""de"",
      ""name"" : ""German""
    },
    ""text"" : ""Ofa Bamberg GmbH"",
    ""allLanguagesApplicable"" : null
  } ]
}","{
  ""texts"" : [ {
    ""language"" : {
      ""isoCode"" : ""de"",
      ""name"" : ""German""
    },
    ""text"" : ""Ofa"",
    ""allLanguagesApplicable"" : null
  } ]
}",-1306,,,,,"04052727215584",,,
3885472,"01KZ8M9QPSG4HYKXP33TMN8AAN","8b5d984d-c96c-4234-ad38-7c52944196a1","MICTEC HF-cable, connection: Valleylab, 4 m long","26944-32",-56,1,0,0,0,0,0,1,,1,"04063763186752","40637630320084","e5e7253a-11f2-431b-99af-63daf2529244","01KZ8M8B994Z9M9B6HKVEBXJXK",0,0,0,,0,0,,0,,,1,,,,,,,,0,0,"HF-Kabel/HF-cables","$30-30032-00",-203,-197,"STANDARD",," L181003","DE-MF-000006417","Dufner Instrumente GmbH",-11,"{
  ""texts"" : [ {
    ""language"" : {
      ""isoCode"" : ""de"",
      ""name"" : ""German""
    },
    ""text"" : ""Dufner Instrumente GmbH"",
    ""allLanguagesApplicable"" : null
  } ]
}","{
  ""texts"" : [ {
    ""language"" : {
      ""isoCode"" : ""de"",
      ""name"" : ""German""
    },
    ""text"" : ""Dufner"",
    ""allLanguagesApplicable"" : null
  } ]
}",-1306,,,,,"04063763186752",,,
4302395,"01M1NN2X0PPPV57BN0XK33AS7J","5b35b536-435a-46dc-bfe8-e946067e5483","Schmale Platte, Großfragment, monoaxial winkelstabil, 14 Loch, Titan","750.598214",-56,1,0,0,0,0,0,1,,1,"04052024004638","B-04052024004638","0a26f375-f874-4104-b156-5cfbce7f1369","01M1NN2WZR50JNR5FNMPKB4PNQ",0,0,0,,0,1,,0,,,0,,,,,,,,0,0,,"Schmale Platte, Großfragment, monoaxial winkelstabil, 14 Loch, Titan",-205,-53,"LEGACY",," P09120502","DE-MF-000005084","INTERCUS GmbH",-11,"{
  ""texts"" : [ {
    ""language"" : {
      ""isoCode"" : ""de"",
      ""name"" : ""German""
    },
    ""text"" : ""INTERCUS GmbH"",
    ""allLanguagesApplicable"" : null
  } ]
}",,-1306,,,,,,,,
3157089,"01KTRQ2PEQ9YVVDARKZ0BMB6QD","f7531d9f-3d77-494e-9216-ca3868a3048e",,"34.613.074.01-2",-67,1,0,0,0,0,0,1,,1,"08435673503350","843656873ACCRES084Y","98d4767f-934d-4be7-9af7-d5f38b9739e9","01KTRQ09A06D01EVVSHN4F3775",0,0,0,,0,0,,0,,,0,,,,,,,,0,0,"ANALOG",,-203,-197,"STANDARD",," Q010280","ES-MF-000004601","Talladium España, S.L.",-11,"{
  ""texts"" : [ {
    ""language"" : {
      ""isoCode"" : ""es"",
      ""name"" : ""Spanish""
    },
    ""text"" : ""Talladium España, S.L."",
    ""allLanguagesApplicable"" : null
  } ],
  ""textByDefaultLanguage"" : null
}",,-1306,,,,,,,,
665534,"01J45T772SP1T474068PZ1ZZES","ab34beaa-8919-4d6b-a0f9-d0d54fe23704","NON-WOVEN COHESIVE BANDAGE","JL-BD-2024835",-162,1,0,0,0,0,0,0,,1,"06977660098354","697766009JLBD20240019A","4f98bded-6149-4751-b05c-fcadd0bd91b3","01J40P46H8H0GX68FH9H4KT65N",0,0,0,,0,0,,0,,,0,,,,,,,,0,0,"Medical Bandage",,-203,-197,"STANDARD",," M030499","CN-MF-000042120","JianLin Medical Import&Export Co.,LTD",-11,"{
  ""texts"" : [ {
    ""language"" : {
      ""isoCode"" : ""en"",
      ""name"" : ""English""
    },
    ""text"" : ""JianLin Medical Import&Export Co.,LTD"",
    ""allLanguagesApplicable"" : false
  } ]
}",,-1306,"Kingsmead Service B.V.","NL-AR-000002066","{
  ""texts"" : [ {
    ""language"" : {
      ""isoCode"" : ""en"",
      ""name"" : ""English""
    },
    ""text"" : ""Kingsmead Service B.V."",
    ""allLanguagesApplicable"" : null
  } ]
}",,,,,
2534164,"01KS1XGHS2YBRD1VTR6NJ66746","da3a1606-5487-466c-b6db-7345335eb96a","Urine Analyzer","AUR-501",-100,1,,,,,0,0,0,1,"06942598237434","6970277510021VZ2","0dd714fb-c9a7-4923-a95a-eae55f33791b","01JT0AJWHPBVWP61STFCX73996",,,0,0,0,,0,,0,1,,0,,0,,1,1,,,,"Urine Analyzer ","Instrument",-199,-198,"STANDARD",," W02010701","CN-MF-000010710","Hangzhou Alltest Biotech.Co.,Ltd.",-11,"{
  ""texts"" : [ {
    ""language"" : {
      ""isoCode"" : ""en"",
      ""name"" : ""English""
    },
    ""text"" : ""Hangzhou Alltest Biotech.Co.,Ltd."",
    ""allLanguagesApplicable"" : null
  } ]
}",,-1306,"MedNet EC-REP GmbH","DE-AR-000000002","{
  ""texts"" : [ {
    ""language"" : {
      ""isoCode"" : ""en"",
      ""name"" : ""English""
    },
    ""text"" : ""MedNet EC-REP GmbH"",
    ""allLanguagesApplicable"" : null
  } ]
}",,"06942598237434",,,
2700436,"01KSHNZPPDYMXRPRAQHTQHJ7X7","1b9eda84-e112-4f91-9ed0-f0726418b4a5","Sterile Acupuncture Needles","TA001017E",-56,1,0,0,0,0,1,0,,1,"06972011710169","697201171C0000001GB","4d9d483b-f266-4e31-b0d5-e33694e2ea05","01H79GE46H836RMFVWPZ622583",0,0,0,,0,0,,0,,,0,,,,,,,,0,0,"Sterile Acupuncture Needles","Needle body Diameter× Needle body Length, Needle body Diameter:Φ0.13mm-Φ0.80mm,diameter interval 0.01mm, Needle body Length:7mm-150mm, length interval 1mm",-204,-197,"STANDARD",," A019002","CN-MF-000012006","Wuxi Jiajian Medical Instrument Co., Ltd.",-11,"{
  ""texts"" : [ {
    ""language"" : {
      ""isoCode"" : ""en"",
      ""name"" : ""English""
    },
    ""text"" : ""Wuxi Jiajian Medical Instrument Co., Ltd."",
    ""allLanguagesApplicable"" : null
  } ]
}",,-1306,"Caretechion GmbH","DE-AR-000005946","{
  ""texts"" : [ {
    ""language"" : {
      ""isoCode"" : ""de"",
      ""name"" : ""German""
    },
    ""text"" : ""Caretechion GmbH"",
    ""allLanguagesApplicable"" : null
  } ]
}",,,,"06972011710169,16972011710166,26972011710163",
2276612,"01KR3ZVSP76FAJP5BXSQ11ZZ5J","5deb3035-0d1a-41e2-b3b9-2c81246c03c1","Technovent Dry Pigment Umber (7g)","P217",-149,1,0,0,0,0,0,0,,1,"05060483014524","506048301TF3D9","26aa6011-afc0-484d-beb9-7f16f4a84ec5","01KR0X8ZHKH6SXJQEP4NVWRCBV",0,0,0,,0,0,,0,,,0,,,,,,,,0,0,"Prosthetic Silicone Materials",,-203,-197,"STANDARD",," Y0699","GB-MF-000006738","Technovent Limited",-11,"{
  ""texts"" : [ {
    ""language"" : {
      ""isoCode"" : ""en"",
      ""name"" : ""English""
    },
    ""text"" : ""Technovent Limited"",
    ""allLanguagesApplicable"" : null
  } ]
}",,-1306,"Advena Limited","MT-AR-000000234","{
  ""texts"" : [ {
    ""language"" : {
      ""isoCode"" : ""en"",
      ""name"" : ""English""
    },
    ""text"" : ""Advena Limited"",
    ""allLanguagesApplicable"" : null
  } ]
}",,"05060483014524",,,
317781,"01H5QD6G3F3ZKY28F829FNG8XQ","f6099477-3618-4224-bba3-222c12d60fdd","SYSTEM II+ 2 WELL CASSETTE - ORANGE (HOPPERED)","EAM-1707-04H",-162,1,,,,,0,0,0,1,"05056256119565","05056256EAM003YS","e90fcf3a-1fe3-4f84-8368-dfc134413b66","01H59YBZHCHZWV9Y5MSYR13PQ6",,,0,0,0,,0,,0,0,,0,,0,,1,0,,,,"SYSTEM II+ MULTIWELL",,-199,-198,"STANDARD",," W0202050385","GB-MF-000022744","CellPath Ltd",-11,"{
  ""texts"" : [ {
    ""language"" : {
      ""isoCode"" : ""en"",
      ""name"" : ""English""
    },
    ""text"" : ""CellPath Ltd"",
    ""allLanguagesApplicable"" : false
  } ],
  ""textByDefaultLanguage"" : ""CellPath Ltd""
}",,-1306,"Emergo Europe B.V.","NL-AR-000000116","{
  ""texts"" : [ {
    ""language"" : {
      ""isoCode"" : ""en"",
      ""name"" : ""English""
    },
    ""text"" : ""Emergo Europe B.V."",
    ""allLanguagesApplicable"" : null
  } ]
}",,,,,
3089842,"01KTBFR8VG0ZHWRK53BE9RN605","ef46310b-01ed-4004-92a0-ef0ae44be19e","nopa","AB 501/04",-56,1,0,0,0,0,0,1,,1,"14049538007252","404953800000007AW","2d272c09-ade1-469d-9fb3-a96140ae2d74","01KTB36VVSEX0BJEKTCT3DN87E",0,0,0,,0,0,,0,,,1,,,,,,,,0,0,,"Pinzette",-203,-197,"STANDARD",," L031305","DE-MF-000005613","nopa instruments Medizintechnik GmbH",-11,"{
  ""texts"" : [ {
    ""language"" : {
      ""isoCode"" : ""de"",
      ""name"" : ""German""
    },
    ""text"" : ""nopa instruments Medizintechnik GmbH"",
    ""allLanguagesApplicable"" : null
  } ]
}","{
  ""texts"" : [ {
    ""language"" : {
      ""isoCode"" : ""de"",
      ""name"" : ""German""
    },
    ""text"" : ""Herstellung und Verkauf chirurgischer und endoskopischer Instrumente"",
    ""allLanguagesApplicable"" : null
  }, {
    ""language"" : {
      ""isoCode"" : ""en"",
      ""name"" : ""English""
    },
    ""text"" : ""Manufacture and Sales of Surgical and Endoscopic Instruments"",
    ""allLanguagesApplicable"" : null
  } ]
}",-1306,,,,,"14049538007252",,,
3045628,"01KT6K85KWAH8H4YFDNSXN0WA3","66f54e4a-3497-4246-a7ff-d77640479f84","KEROX ZIRCOSTAR Pre-sintered zirconium-dioxide blank High TranslucentWHITE20 mm height Amann Girrbach 71 compatible S type","C00C7120AG",-98,1,0,0,0,0,0,0,,1,"05996612006231","5996612CTS000022","5f1d27f1-d411-4342-8531-c1e4c17a629c","01KSN3DA3Q6XPDK2SQYQK0DWC9",1,0,0,,0,0,,0,,,0,,,,,,,,0,0,"Hight Translucent - S Raw Material",,-204,-197,"STANDARD",," Q010699","HU-MF-000031741","KEROX Ipari és Kereskedelmi Korlátolt Felelősségű Társaság",-11,"{
  ""texts"" : [ {
    ""language"" : {
      ""isoCode"" : ""hu"",
      ""name"" : ""Hungarian""
    },
    ""text"" : ""KEROX Ipari és Kereskedelmi Korlátolt Felelősségű Társaság"",
    ""allLanguagesApplicable"" : false
  } ],
  ""textByDefaultLanguage"" : null
}","{
  ""texts"" : [ {
    ""language"" : {
      ""isoCode"" : ""hu"",
      ""name"" : ""Hungarian""
    },
    ""text"" : ""KEROX Kft."",
    ""allLanguagesApplicable"" : false
  } ],
  ""textByDefaultLanguage"" : null
}",-1306,,,,,,,,
4722454,"01M3CYJR7ZT3NFR7XBKZMFMJR8","e20facb6-8184-457a-b3f5-ddd351f15698","Compressana Free","0370",-56,1,0,0,0,0,0,0,,1,"04064339438985","4028393M030405PHLY-010-ZA","85a7e88c-8c63-4bd7-a7d7-8b12f10aa6a0","01M3CV7CGC89BD3FSDWTWHA0W1",0,0,0,,0,0,,0,,,0,,,,,,,,0,0,"Medical compression garments PH/LY - stockings / pantyhose / sleeves",,-203,-197,"STANDARD",," M030405","DE-MF-000010280","COMPRESSANA GmbH",-11,"{
  ""texts"" : [ {
    ""language"" : {
      ""isoCode"" : ""de"",
      ""name"" : ""German""
    },
    ""text"" : ""COMPRESSANA GmbH"",
    ""allLanguagesApplicable"" : null
  } ]
}",,-1306,,,,,"04064339438985",,,
3021185,"01KT3JT2DGNG5W291H9H4JRZR7","b53033ef-e8e4-4dc9-b8e4-8d3cbb4b4da0","LIBENFLEX 3000 MEMORY RIV. NATURAL COTTON TIEPOLO TRAPUNTATO 170X190","FDMb001r03217019028",-108,1,0,0,0,0,0,0,,2,"08058756047826","805894649MOMEMRH","55cc333c-258d-4815-a4da-3d3f2ebe0ecd","01KT12VVBP7K1HFWRHE2NCM30M",0,0,0,,0,0,,0,,,0,,,,,,,,0,0,"Materassi Molle e Memory",,-203,-197,"STANDARD",," V0899","IT-MF-000042416","Frassiflex Srl",-11,"{
  ""texts"" : [ {
    ""language"" : {
      ""isoCode"" : ""it"",
      ""name"" : ""Italian""
    },
    ""text"" : ""Frassiflex Srl"",
    ""allLanguagesApplicable"" : false
  } ]
}","{
  ""texts"" : [ {
    ""language"" : {
      ""isoCode"" : ""it"",
      ""name"" : ""Italian""
    },
    ""text"" : ""Frassiflex"",
    ""allLanguagesApplicable"" : false
  } ]
}",-1306,,,,,,,,
1241043,"01K8MZAW6T8Q9X09ZPQ33R1CQ4","545e030e-6e79-48d5-8657-37a44470c2c4",,"/",-74,1,0,0,0,0,0,0,,1,"06941382288447","694138229986JD","c331553a-85b7-4822-a2be-bc622625e7cd","01GG3X6RDWJGPD9BXKZZEVQJKH",0,0,0,,0,0,,0,,,0,,,,,,,,0,0,"Dental Zirconia Ceramics","Dental Zirconia Blank for Aesthetic Restoration",-204,-197,"STANDARD",," Q01010199","CN-MF-000013088","Liaoning Upcera Co Ltd",-11,"{
  ""texts"" : [ {
    ""language"" : {
      ""isoCode"" : ""en"",
      ""name"" : ""English""
    },
    ""text"" : ""Liaoning Upcera Co Ltd"",
    ""allLanguagesApplicable"" : null
  } ]
}","{
  ""texts"" : [ {
    ""language"" : {
      ""isoCode"" : ""en"",
      ""name"" : ""English""
    },
    ""text"" : ""Upcera"",
    ""allLanguagesApplicable"" : null
  } ]
}",-1306,"MedNet EC-REP GmbH","DE-AR-000000002","{
  ""texts"" : [ {
    ""language"" : {
      ""isoCode"" : ""en"",
      ""name"" : ""English""
    },
    ""text"" : ""MedNet EC-REP GmbH"",
    ""allLanguagesApplicable"" : null
  } ]
}",,"06941382288447",,,
2480514,"01KRXDZTDWZ8J55WG2ZXP7T058","98aeaf21-fd9e-48a6-9d91-6cd893310d52",,"3762500000124",-56,1,0,0,0,0,0,0,,1,"04051645999255","4055107MyGen69","2d0f642f-2516-4331-a365-cc66ce58a598","01KRDT6V93EG5M6DVETC7STS0D",0,0,0,,0,0,,0,,,0,,,,,,,,0,0,"MyGeneration",,-203,-197,"STANDARD",," Y063303","DE-MF-000004958","Schein Orthopädie Service KG",-11,"{
  ""texts"" : [ {
    ""language"" : {
      ""isoCode"" : ""de"",
      ""name"" : ""German""
    },
    ""text"" : ""Schein Orthopädie Service KG"",
    ""allLanguagesApplicable"" : null
  } ]
}",,-1306,,,,,,,,
728661,"01HQT1AT7K6QJ5A6XHNK2C9HT0","3cf05cfe-54bb-4ff1-bada-6b06882ecbf9","Spo2 sensor","SS-169D-AF30",-58,1,,,0,0,0,0,,2,"06941691965688","B-06941691965688","daa5666c-4536-498c-ba33-0c890765cdef","01HQT1AT512P5WYAHA8MK6X2BP",1,0,0,,0,0,,1,,,0,,,,,,,,0,0,"Spo2 sensor","SS-169D-AF30",-205,-53,"LEGACY",," C900301","CN-MF-000013859","Orantech Inc.",-11,"{
  ""texts"" : [ {
    ""language"" : {
      ""isoCode"" : ""en"",
      ""name"" : ""English""
    },
    ""text"" : ""Orantech Inc."",
    ""allLanguagesApplicable"" : null
  } ],
  ""textByDefaultLanguage"" : ""Orantech Inc.""
}","{
  ""texts"" : [ {
    ""language"" : {
      ""isoCode"" : ""en"",
      ""name"" : ""English""
    },
    ""text"" : ""Orantech Inc."",
    ""allLanguagesApplicable"" : null
  } ],
  ""textByDefaultLanguage"" : ""Orantech Inc.""
}",-1306,"Medten EU ApS","DK-AR-000034434","{
  ""texts"" : [ {
    ""language"" : {
      ""isoCode"" : ""en"",
      ""name"" : ""English""
    },
    ""text"" : ""Medten EU ApS"",
    ""allLanguagesApplicable"" : false
  } ]
}",,,,,
3218071,"01KV81B0J1V98SZB6ZNHWWFAAB","44c1ca24-e0a2-42a7-ba6c-bdc51d376724","Lisa","5726X",-13,1,0,0,0,0,0,0,,1,"04058509184055","4009706Y06309901ZN","18927f7e-6bf9-436d-811a-8f1300f6e521","01KV5C0RAJAWD7K4KTTF5MKG5P",0,0,0,,0,0,,0,,,0,,,,,,,,0,0,"Accessories",,-203,-197,"STANDARD",," Y063099","DE-MF-000012631","Anita Dr. Helbig GmbH",-11,"{
  ""texts"" : [ {
    ""language"" : {
      ""isoCode"" : ""de"",
      ""name"" : ""German""
    },
    ""text"" : ""Anita Dr. Helbig GmbH"",
    ""allLanguagesApplicable"" : null
  } ]
}","{
  ""texts"" : [ {
    ""language"" : {
      ""isoCode"" : ""de"",
      ""name"" : ""German""
    },
    ""text"" : ""Spezialanbieter für Miederwaren, Bademoden und medizinische Produkte"",
    ""allLanguagesApplicable"" : null
  }, {
    ""language"" : {
      ""isoCode"" : ""en"",
      ""name"" : ""English""
    },
    ""text"" : ""Specialized supplier for corsetry, swimwear and medical products"",
    ""allLanguagesApplicable"" : null
  } ]
}",-1306,,,,,"04058509184055",,,
4402746,"01M2BM9NP2MFZC3SHHMB6ZVPRE","78b80180-c1b1-48f9-b172-b43f1c82c6f5","Hilbro","56.0010.04",-56,1,0,0,0,0,0,1,,1,"+G4885600100407","++G488TF62FB","4fc27be5-c4e9-406d-8ef7-1c405e6d27cb","01M2BJK3RQ2MYQ4YT9M9YVVQ09",0,0,0,,0,0,,0,,,1,,,,,,,,0,0,,"Surgical Forceps, Scissors-like",-203,-197,"STANDARD",," L04080102","PK-MF-000042214","HILBRO (PVT.) LIMITED",-11,"{
  ""texts"" : [ {
    ""language"" : null,
    ""text"" : ""HILBRO (PVT.) LIMITED"",
    ""allLanguagesApplicable"" : true
  } ]
}",,-1306,"CMC Medical Devices & Drugs SL","ES-AR-000000293","{
  ""texts"" : [ {
    ""language"" : {
      ""isoCode"" : ""es"",
      ""name"" : ""Spanish""
    },
    ""text"" : ""CMC Medical Devices & Drugs SL"",
    ""allLanguagesApplicable"" : null
  } ]
}",,"+G4885600100407",,,
2867667,"01KSR6RAEVEJWFDT56ZZ5PH3FV","7ab548b2-c399-41f0-8747-68dec1abe10e",,"MELYXXM0425-M000044020",-108,1,0,0,0,0,0,0,,1,"08023103088944","802310300MATTD01Z5","7922ba22-9226-413a-86d8-f66d24843fcd","01KS08ZN81G7ZSFH5X9DWP0P9N",0,0,0,,0,0,,0,,,0,,,,,,,,0,0,,"MAT_TOP",-203,-197,"STANDARD",," V080702","IT-MF-000027843","B&T Spa",-11,"{
  ""texts"" : [ {
    ""language"" : {
      ""isoCode"" : ""it"",
      ""name"" : ""Italian""
    },
    ""text"" : ""B&T Spa"",
    ""allLanguagesApplicable"" : null
  } ],
  ""textByDefaultLanguage"" : null
}","{
  ""texts"" : [ {
    ""language"" : {
      ""isoCode"" : ""it"",
      ""name"" : ""Italian""
    },
    ""text"" : ""B&T"",
    ""allLanguagesApplicable"" : null
  } ],
  ""textByDefaultLanguage"" : null
}",-1306,,,,,,,,
4349809,"01M20P6Z3EDGKKM9ZXMTC4NAS2","cecd7bd1-881f-4956-9ade-b49f1693211e","STRUMENTI CHIRURGICI (IR)","DT072060",-108,1,0,0,0,0,0,1,,1,"08059386744536","803290962114BR","bef075dd-f182-4f23-8c3e-5531a37ea734","01M20P5EDN8876N6N13NS6V3Y5",0,0,0,,0,0,,0,,,1,,,,,,,,0,0,"SURGICAL INSTRUMENTS (IR)","CANNULAS",-203,-197,"STANDARD",," L091001","IT-MF-000007781","Citieffe s.r.l.",-11,"{
  ""texts"" : [ {
    ""language"" : {
      ""isoCode"" : ""it"",
      ""name"" : ""Italian""
    },
    ""text"" : ""Citieffe s.r.l."",
    ""allLanguagesApplicable"" : null
  } ]
}",,-1306,,,,,"08059386744536",,,
3218661,"01KV81H16TDTDPGF1RFBTQ1MNB","d0f97e6b-ced7-40e7-a876-062e5303fd01","Safina","5349X",-13,1,0,0,0,0,0,0,,1,"04058509422232","4009706Y06309901ZN","18927f7e-6bf9-436d-811a-8f1300f6e521","01KV5C0RAJAWD7K4KTTF5MKG5P",0,0,0,,0,0,,0,,,0,,,,,,,,0,0,"Accessories",,-203,-197,"STANDARD",," Y063099","DE-MF-000012631","Anita Dr. Helbig GmbH",-11,"{
  ""texts"" : [ {
    ""language"" : {
      ""isoCode"" : ""de"",
      ""name"" : ""German""
    },
    ""text"" : ""Anita Dr. Helbig GmbH"",
    ""allLanguagesApplicable"" : null
  } ]
}","{
  ""texts"" : [ {
    ""language"" : {
      ""isoCode"" : ""de"",
      ""name"" : ""German""
    },
    ""text"" : ""Spezialanbieter für Miederwaren, Bademoden und medizinische Produkte"",
    ""allLanguagesApplicable"" : null
  }, {
    ""language"" : {
      ""isoCode"" : ""en"",
      ""name"" : ""English""
    },
    ""text"" : ""Specialized supplier for corsetry, swimwear and medical products"",
    ""allLanguagesApplicable"" : null
  } ]
}",-1306,,,,,"04058509422232",,,
2436887,"01KRNX44KMF3XEFXFEQ46W3AAC","8c2818d9-35d0-4115-9121-f3c3eb83dd95",,"3.3729.006",-175,1,0,0,0,0,0,1,,1,"05908447254053","59084474NSP6.1SH","27c648c7-162f-473c-98c7-6a76878d1c30","01KRNS43XRYKVFPT875V5GC5JQ",0,0,0,,0,1,,0,,,0,,,,,,,1,0,0,"PŁYTKI DO TWARZOCZASZKI","CRANIOFACIAL PLATES",-205,-197,"STANDARD",," P09120599","PL-MF-000002121","ChM spółka z ograniczoną odpowiedzialnością",-11,"{
  ""texts"" : [ {
    ""language"" : {
      ""isoCode"" : ""pl"",
      ""name"" : ""Polish""
    },
    ""text"" : ""ChM spółka z ograniczoną odpowiedzialnością"",
    ""allLanguagesApplicable"" : null
  } ]
}","{
  ""texts"" : [ {
    ""language"" : {
      ""isoCode"" : ""pl"",
      ""name"" : ""Polish""
    },
    ""text"" : ""ChM sp. z o.o."",
    ""allLanguagesApplicable"" : null
  } ]
}",-1306,,,,,,,,
3771965,"01KYKGCKWPTDZHSQAKP450XSZY","49d2f766-932e-4b92-8f5a-f8527aec96fc",,"UTPIO130Y",-67,1,0,0,0,0,1,0,,1,"00197923511321","B-00197923511321","44055971-89cc-4516-9596-2489465c987c","01KYKGCKWC2M566F80Y0Y0EQJB",0,0,0,,0,1,,0,,,0,,,,,,,,0,0,"Asqelio™ Pluris Toric Preloaded IOL Delivery System","UTPIO130Y",-205,-53,"LEGACY",," P030102090301","US-MF-000021852","AST VisionCare Inc.",-11,"{
  ""texts"" : [ {
    ""language"" : {
      ""isoCode"" : ""en"",
      ""name"" : ""English""
    },
    ""text"" : ""AST VisionCare Inc."",
    ""allLanguagesApplicable"" : null
  } ]
}","{
  ""texts"" : [ {
    ""language"" : {
      ""isoCode"" : ""en"",
      ""name"" : ""English""
    },
    ""text"" : ""ASTVC"",
    ""allLanguagesApplicable"" : null
  } ]
}",-1306,"MDSS GmbH","DE-AR-000005430","{
  ""texts"" : [ {
    ""language"" : {
      ""isoCode"" : ""en"",
      ""name"" : ""English""
    },
    ""text"" : ""MDSS GmbH"",
    ""allLanguagesApplicable"" : null
  } ]
}",,,,,
121380,"01G7VAMVHEZSFJNFAJC8MFD7TG","39c95228-7c46-4a87-98e0-4fd2be0c3382","Metal Brackets     ","13-312-35HK",-56,1,0,0,0,0,0,1,,1,"06957067064190","695706706001-7000K4","f60c57dd-938d-4df3-82b7-ddd6cc861600","01G40873GQ10Z50MAST8SWKNB5",0,0,0,,0,0,,0,,,0,,,,,,,,0,0,"Metal Brackets  ","None self-ligating Brackets  ",-204,-197,"STANDARD",," Q010403","CN-MF-000002280","Innovative Material and Devices, Inc",-11,"{
  ""texts"" : [ {
    ""language"" : {
      ""isoCode"" : ""en"",
      ""name"" : ""English""
    },
    ""text"" : ""Innovative Material and Devices, Inc"",
    ""allLanguagesApplicable"" : null
  } ]
}","{
  ""texts"" : [ {
    ""language"" : {
      ""isoCode"" : ""en"",
      ""name"" : ""English""
    },
    ""text"" : ""IMD"",
    ""allLanguagesApplicable"" : null
  } ]
}",-1306,"Lotus NL B.V.","NL-AR-000000121","{
  ""texts"" : [ {
    ""language"" : {
      ""isoCode"" : ""en"",
      ""name"" : ""English""
    },
    ""text"" : ""Lotus NL B.V."",
    ""allLanguagesApplicable"" : null
  } ]
}",,,,,
2633539,"01KS7BZ8EX45801JCKW9SR424P","f0bd329a-ad04-410b-9af6-005fb550afb3","Fully Welded Suffolk Crib 5 Mattress","SUFF-CRIB5-COFFEY",-100,1,,,0,0,0,0,,1,"05056461902310","B-05056461902310","ac52afcd-ccb9-462f-82cc-8304ffa28d0d","01KS7BZ8BPT9HHHP5JVAX0DYE0",0,0,0,,0,0,,0,,,0,,,,,,,,0,0,"Fully Welded Suffolk Crib 5 Mattress","SUFF-CRIB5-COFFEY",-203,-53,"LEGACY",," V080702","GB-MF-000028325","Winncare PAC Ltd",-11,"{
  ""texts"" : [ {
    ""language"" : {
      ""isoCode"" : ""en"",
      ""name"" : ""English""
    },
    ""text"" : ""Winncare PAC Ltd"",
    ""allLanguagesApplicable"" : false
  } ]
}","{
  ""texts"" : [ {
    ""language"" : {
      ""isoCode"" : ""en"",
      ""name"" : ""English""
    },
    ""text"" : ""Winncare UK "",
    ""allLanguagesApplicable"" : false
  } ]
}",-1306,"WINNCARE FRANCE","FR-AR-000007194","{
  ""texts"" : [ {
    ""language"" : {
      ""isoCode"" : ""fr"",
      ""name"" : ""French""
    },
    ""text"" : ""WINNCARE FRANCE"",
    ""allLanguagesApplicable"" : null
  } ]
}",,,,,
2055510,"01KPQKPRD3ZZ5AY1236A8Y4NKM","28611c1a-29b8-470c-b086-a330060c9496","I.S MICRO,AG,vel.5K,tmavá","8591285860424",-55,1,0,0,0,0,0,0,,1,"08591285860424","8591285AGM16B","3290a54a-c259-4f51-b4dc-7dd5a91a856e","01KPQ7DM2QKBVXPMK14H02TG8N",0,0,0,,0,0,,0,,,0,,,,,,,,0,0,"Kompresní punčochy MICRO I.KT - Stehenní punčocha",,-203,-197,"STANDARD",," M030405","CZ-MF-000000989","MAXIS a.s.",-11,"{
  ""texts"" : [ {
    ""language"" : {
      ""isoCode"" : ""cs"",
      ""name"" : ""Czech""
    },
    ""text"" : ""MAXIS a.s."",
    ""allLanguagesApplicable"" : null
  } ]
}",,-1306,,,,,,,,
4188444,"01M13X1YCQPCRH2CX0HMT6S6P1","b6886f00-54dc-425f-88f2-e5359695b2db","VIAR-RX-N-L","VIAR-RX-N-L 10275",-130,1,,,0,0,1,0,,1,"04772085013898","B-04772085013898","e6e1b46d-9ffb-4ec4-95e2-f827dfdc3761","01M13X1YB5H9XPN57138AY34XT",0,0,0,,0,0,,0,,,0,,,,,,,,0,0,"Balloon catheter VIAR","VIAR-RX-N-L 10275",-10,-53,"LEGACY",," C010402020101","LT-MF-000004402","AR Baltic Medical UAB",-11,"{
  ""texts"" : [ {
    ""language"" : {
      ""isoCode"" : ""lt"",
      ""name"" : ""Lithuanian""
    },
    ""text"" : ""AR Baltic Medical UAB"",
    ""allLanguagesApplicable"" : null
  } ]
}",,-1306,,,,,,,,
3049741,"01KT6S1777BJ2ASYRW3J64J0TN","fd277f12-1c1b-4329-b8b3-3c2d7c38a65d","DKutting LL Peripheral Scoring Balloon Dilatation Catheter","DKL14-30100D",-56,1,0,0,0,0,1,0,,1,"06923533801446","6923533815DKLCL","3436ace6-6b2a-4ca6-84f8-fd8566e80c27","01JYP68VGC2P39GKBRHVGQDSQ7",0,0,0,,0,0,,0,,,0,,,,,,,,0,0,"Peripheral Scoring Balloon Dilatation Catheter",,-204,-197,"STANDARD",," C010402020199","CN-MF-000011218","DK Medical Technology Co., Ltd.",-11,"{
  ""texts"" : [ {
    ""language"" : {
      ""isoCode"" : ""en"",
      ""name"" : ""English""
    },
    ""text"" : ""DK Medical Technology Co., Ltd."",
    ""allLanguagesApplicable"" : null
  } ],
  ""textByDefaultLanguage"" : ""DK Medical Technology Co., Ltd.""
}","{
  ""texts"" : [ {
    ""language"" : {
      ""isoCode"" : ""en"",
      ""name"" : ""English""
    },
    ""text"" : ""DKmedtech"",
    ""allLanguagesApplicable"" : null
  } ],
  ""textByDefaultLanguage"" : ""DKmedtech""
}",-1306,"MedPath GmbH","DE-AR-000000087","{
  ""texts"" : [ {
    ""language"" : {
      ""isoCode"" : ""de"",
      ""name"" : ""German""
    },
    ""text"" : ""MedPath GmbH"",
    ""allLanguagesApplicable"" : null
  } ]
}",,,,,
2773663,"01KSK1AZBY7PHHR213T3YDMD4E","2bdf1556-53d1-4f01-a5fe-743fffcdd578",,"34A40-862-2",-108,1,0,0,0,0,0,0,,1,"08054329362600","805432936VIVA140PZ","495cc6c0-d1dc-4eb1-b21c-cfa8b0de5e66","01KSHXZ63BN6QMPY87XV116ADV",0,0,0,,0,0,,0,,,0,,,,,,,,0,0,"VIVA",,-203,-197,"STANDARD",," M030405","IT-MF-000028355","CIZETA MEDICALI S.P.A.",-11,"{
  ""texts"" : [ {
    ""language"" : {
      ""isoCode"" : ""it"",
      ""name"" : ""Italian""
    },
    ""text"" : ""CIZETA MEDICALI S.P.A."",
    ""allLanguagesApplicable"" : null
  } ]
}",,-1306,,,,,,,,
3470972,"01KWZ8WTAWRAH7PN7PW76CJVC1","75cd3fab-9ce1-4e34-80f0-7c9126134a4f",,"XMH2NF535-5-NL1",-162,1,0,0,0,0,0,0,,1,"05024310917686","5024310X877B","699024d0-8760-4cef-baa5-b2e2a076d4c6","01KWYGP0NSQH7NKDXCVF1E4FPA",0,0,1,,0,0,,0,,,0,,,,,,,,0,0,,"Aurum",-203,-197,"STANDARD",," A108001","GB-MF-000033194","Welland Medical Ltd",-11,"{
  ""texts"" : [ {
    ""language"" : {
      ""isoCode"" : ""en"",
      ""name"" : ""English""
    },
    ""text"" : ""Welland Medical Ltd"",
    ""allLanguagesApplicable"" : false
  } ]
}","{
  ""texts"" : [ {
    ""language"" : {
      ""isoCode"" : ""en"",
      ""name"" : ""English""
    },
    ""text"" : ""Welland"",
    ""allLanguagesApplicable"" : false
  } ]
}",-1306,"Advena Limited","MT-AR-000000234","{
  ""texts"" : [ {
    ""language"" : {
      ""isoCode"" : ""en"",
      ""name"" : ""English""
    },
    ""text"" : ""Advena Limited"",
    ""allLanguagesApplicable"" : null
  } ]
}",,,,,
1674219,"01KJFFR04MXMFSEBNNZ86DQ2CJ","39f269f1-81e9-4e6d-ac21-7ae62133fecc",,"PG470LN",-108,1,0,0,0,0,0,0,,1,"28033695725527","803300326208000001PF","b5bd57f8-39a4-48e5-aa15-ab2de40c47f4","01KJF8DM89XCE4JZC58DE71WZ6",0,0,0,,0,0,,0,,,0,,,,,,,,0,0,,"Fully gelled electrodes for neurostimulation",-203,-197,"STANDARD",," N010299","IT-MF-000005988","FIAB S.p.A.",-11,"{
  ""texts"" : [ {
    ""language"" : {
      ""isoCode"" : ""it"",
      ""name"" : ""Italian""
    },
    ""text"" : ""FIAB S.p.A."",
    ""allLanguagesApplicable"" : null
  } ]
}",,-1306,,,,,,,,
2645143,"01KS7TDC3CTJXJSVGPQ7SVD1MH","a6aaa8d1-6d42-4e86-932c-e0c0b9b95ba0",,"2474AM",-55,1,0,0,0,0,0,0,,1,"05055721206366","5055721231116U8","697cc564-758a-463d-a18c-206333129e54","01KS7T7363BY9P0HMX7NMQ309X",0,0,0,,0,0,,0,,,0,,,,,,,,0,0,,"MULTIPLE BASE WALKING STICK",-203,-197,"STANDARD",," Y120315","GB-MF-000013502","Roma Medical Aids",-11,"{
  ""texts"" : [ {
    ""language"" : {
      ""isoCode"" : ""en"",
      ""name"" : ""English""
    },
    ""text"" : ""Roma Medical Aids"",
    ""allLanguagesApplicable"" : null
  } ]
}","{
  ""texts"" : [ {
    ""language"" : {
      ""isoCode"" : ""en"",
      ""name"" : ""English""
    },
    ""text"" : ""RMA"",
    ""allLanguagesApplicable"" : null
  } ]
}",-1306,"StartDock Rotterdam B.V.","NL-AR-000012537","{
  ""texts"" : [ {
    ""language"" : {
      ""isoCode"" : ""en"",
      ""name"" : ""English""
    },
    ""text"" : ""StartDock Rotterdam B.V."",
    ""allLanguagesApplicable"" : null
  } ]
}",,,,,
3383983,"01KWCK9ANT087NNJX852PJ8N6G","08b309b4-8287-477d-b6a6-2513f8acc033","EDGESEQUEL EDGEENDO Paper Points","-",-56,1,,,0,0,1,0,,1,"08809263709499","B-08809263709499","e0dea572-e108-4ba7-97bc-ffe5d5fac571","01KWCK9AN82X9NX7BHM40HYPH2",0,0,0,,0,0,,0,,,0,,,,,,,,0,0,"Sterile Absorbent Paper Points","Length Marked 06-45",-204,-53,"LEGACY",," Q01010401","KR-MF-000009681","META BIOMED CO., LTD.",-11,"{
  ""texts"" : [ {
    ""language"" : {
      ""isoCode"" : ""en"",
      ""name"" : ""English""
    },
    ""text"" : ""META BIOMED CO., LTD."",
    ""allLanguagesApplicable"" : null
  } ]
}",,-1306,"Meta Biomed Europe GmbH","DE-AR-000004953","{
  ""texts"" : [ {
    ""language"" : {
      ""isoCode"" : ""en"",
      ""name"" : ""English""
    },
    ""text"" : ""Meta Biomed Europe GmbH"",
    ""allLanguagesApplicable"" : null
  } ]
}",,,,,
1472190,"01KE3QT7HBXDQRAFAY4SNBFRZF","84682479-e164-4fb9-88b2-f712c06f5e32","Controls","Blood Gas and Electrolyte Control Level 1",-56,1,,,,,0,0,,1,"06944413815544","B-06944413815544","85c9845d-cdc9-4c92-b9bc-797d6ec9f6fa","01KE3QT7FK9XN5K1MGK5YZEJ61",,,0,0,0,,0,,0,1,,0,-1202,1,,0,1,,,,"Controls","Blood Gas and Electrolyte Control Level 1",-157,-55,"LEGACY",," W0101050204","CN-MF-000009957","Edan Instruments,Inc.",-11,"{
  ""texts"" : [ {
    ""language"" : {
      ""isoCode"" : ""en"",
      ""name"" : ""English""
    },
    ""text"" : ""Edan Instruments,Inc."",
    ""allLanguagesApplicable"" : null
  } ]
}","{
  ""texts"" : [ {
    ""language"" : {
      ""isoCode"" : ""en"",
      ""name"" : ""English""
    },
    ""text"" : ""Edan"",
    ""allLanguagesApplicable"" : null
  } ]
}",-1306,"Shanghai International Holding Corp. GmbH(Europe)","DE-AR-000000001","{
  ""texts"" : [ {
    ""language"" : {
      ""isoCode"" : ""de"",
      ""name"" : ""German""
    },
    ""text"" : ""Shanghai International Holding Corp. GmbH(Europe)"",
    ""allLanguagesApplicable"" : null
  } ]
}",,,,,
2655966,"01KS91CYT7CBHQKRMN147VRP03","896420e6-667c-489b-a0b6-a08c290ffc6d","Aria® H. pylori Ag Rapid Test","R0192C-25T-AR",-58,1,,,,,0,0,0,1,"00810114461006","081011446R0192CEF","9084e5d7-595f-4a92-8852-3a4bdc0aa1c2","01K7D7EME3BCVT3HNJ4XND9G6M",,,1,0,0,,1,,1,0,,0,,0,,0,1,,,,"H. Pylori Ag Rapid Test","R0192C",-200,-198,"STANDARD",," W0105010401","US-MF-000024900","CTK Biotech Inc.",-11,"{
  ""texts"" : [ {
    ""language"" : {
      ""isoCode"" : ""en"",
      ""name"" : ""English""
    },
    ""text"" : ""CTK Biotech Inc."",
    ""allLanguagesApplicable"" : null
  } ]
}","{
  ""texts"" : [ {
    ""language"" : {
      ""isoCode"" : ""en"",
      ""name"" : ""English""
    },
    ""text"" : ""CTK"",
    ""allLanguagesApplicable"" : null
  } ]
}",-1306,"MDSS GmbH","DE-AR-000005430","{
  ""texts"" : [ {
    ""language"" : {
      ""isoCode"" : ""en"",
      ""name"" : ""English""
    },
    ""text"" : ""MDSS GmbH"",
    ""allLanguagesApplicable"" : null
  } ]
}",,,,,
1896271,"01KN5ZRXHDR56RP5KFQ6RNDN3V","e001b004-023d-488d-a55e-c8542f5f7048","Prosert®","AM1T4UXL24,+24.0D",-56,1,0,0,0,0,1,0,,1,"06923033634285","B-06923033634285","cccf4a41-1df2-466b-8668-330af5ad09c1","01KN5ZRXGYS6RGW2ANTYBQNVFK",0,0,0,,0,1,,0,,,0,,,,,,,,0,0,"Preloaded Intraocular Lens System","AM1T4UXL24,+24.0D",-205,-53,"LEGACY",," P030102100301","CN-MF-000003041","Eyebright Medical Technology (Beijing) Co., Ltd.",-11,"{
  ""texts"" : [ {
    ""language"" : {
      ""isoCode"" : ""en"",
      ""name"" : ""English""
    },
    ""text"" : ""Eyebright Medical Technology (Beijing) Co., Ltd."",
    ""allLanguagesApplicable"" : null
  } ],
  ""textByDefaultLanguage"" : ""Eyebright Medical Technology (Beijing) Co., Ltd.""
}",,-1306,"Lotus NL B.V.","NL-AR-000000121","{
  ""texts"" : [ {
    ""language"" : {
      ""isoCode"" : ""en"",
      ""name"" : ""English""
    },
    ""text"" : ""Lotus NL B.V."",
    ""allLanguagesApplicable"" : null
  } ]
}",,,,,
3387429,"01KWE22QFKYBN4PZWCW35VXYYN","b7cf8962-5baf-4559-8fab-8cb6a22de158","NomoLine Airway Adapter","3801",-56,1,0,0,0,0,0,0,,1,"17350046131061","084399700000Z3T5D04V000M6","6eb862e4-9d18-4aed-bd5b-a60dada8a0a0","01KW18NJQRTSV08QPY0XVZ7HEC",0,0,0,,0,0,,0,,,0,,,,,,,,0,0,"NomoLine Airway Adapter",,-204,-197,"STANDARD",," R020108","US-MF-000010641","Masimo Corporation",-11,"{
  ""texts"" : [ {
    ""language"" : {
      ""isoCode"" : ""en"",
      ""name"" : ""English""
    },
    ""text"" : ""Masimo Corporation"",
    ""allLanguagesApplicable"" : null
  } ]
}",,-1306,"MDSS GmbH","DE-AR-000005430","{
  ""texts"" : [ {
    ""language"" : {
      ""isoCode"" : ""en"",
      ""name"" : ""English""
    },
    ""text"" : ""MDSS GmbH"",
    ""allLanguagesApplicable"" : null
  } ]
}","07350046131064",,,,
1404607,"01KD1SZDX085ZGJCRZV28GQJ2R","0aff0352-dda1-47e1-95d1-a4f89c0c0e80","EFUCERA-A","20PCS,C6,UL2,B3",-56,1,0,0,0,0,0,0,,1,"2UEFAXXC6L2XB3","B-2UEFAXXC6L2XB3","3880b244-30c3-4830-b9b9-c6e0f5736769","01KD1SZDW0XEXEY6PD5699JJFV",0,0,0,,0,0,,0,,,0,,,,,,,,0,0,,"20PCS,C6,UL2,B3",-204,-53,"LEGACY",," Q01020601","JP-MF-000024849","YAMAHACHI DENTAL MFG., CO.",-11,"{
  ""texts"" : [ {
    ""language"" : {
      ""isoCode"" : ""en"",
      ""name"" : ""English""
    },
    ""text"" : ""YAMAHACHI DENTAL MFG., CO."",
    ""allLanguagesApplicable"" : false
  } ]
}",,-1306,"Obelis s.a.","BE-AR-000000106","{
  ""texts"" : [ {
    ""language"" : {
      ""isoCode"" : ""en"",
      ""name"" : ""English""
    },
    ""text"" : ""Obelis s.a."",
    ""allLanguagesApplicable"" : null
  } ],
  ""textByDefaultLanguage"" : ""Obelis s.a.""
}",,,,,
2914727,"01KST3PAAX63VX0DYZA6ZB633X","6be4a0d7-a1de-4633-8c1f-e5eedbd30dae",,"S6MR640-A",-74,1,0,0,0,0,0,1,,1,"03700482272885","37004822IMPSOCORE001NM","b7ec16dc-154d-4096-a567-faa0bda61ce0","01KST1TR8VAWEST67GV0NVTSN3",0,0,0,,0,1,,0,,,0,,,,,,,1,0,0,"SOCORE - Spinal Stabilization System","Monoaxial pedicle screws",-205,-197,"STANDARD",," P09070302","FR-MF-000007304","NovaSpine",-11,"{
  ""texts"" : [ {
    ""language"" : {
      ""isoCode"" : ""fr"",
      ""name"" : ""French""
    },
    ""text"" : ""NovaSpine"",
    ""allLanguagesApplicable"" : null
  } ]
}",,-1306,,,,,,,,
4294721,"01M1NEDBB4HS3H1W7XAXEZ36NG","37c5d114-d2ba-4e5a-a4df-a8d2f2c0029c","KLS Martin","20-033-15-09",-56,1,0,0,0,0,0,1,,1,"04057605546989","405760566NW","90d76a48-c7c9-4bab-b475-190a1b903d6d","01M1BZ0DBHRYPR7JN1907M074J",0,0,0,,0,0,,0,,,1,,,,,,,,0,0,"Needle holders",,-203,-197,"STANDARD",," L1004","DE-MF-000005551","KLS Martin SE & Co. KG",-11,"{
  ""texts"" : [ {
    ""language"" : {
      ""isoCode"" : ""de"",
      ""name"" : ""German""
    },
    ""text"" : ""KLS Martin SE & Co. KG"",
    ""allLanguagesApplicable"" : null
  } ]
}",,-1306,,,,,,,,
1842448,"01KMPZBQVCB4ZYF70F8BQZPN1X","ef47ed67-08bc-40bb-8683-3510a6464a89","Max Vision®Toric","AM1T1UXL22,+14.0D",-56,1,0,0,0,0,1,0,,1,"06926959179335","B-06926959179335","469ce38d-d002-4b91-bd27-94df02b68723","01KMPZBQTZ5T9D6JSME4KQKAGJ",0,0,0,,0,1,,0,,,0,,,,,,,,0,0,"Preloaded Intraocular Lens System","AM1T1UXL22,+14.0D",-205,-53,"LEGACY",," P030102100301","CN-MF-000003041","Eyebright Medical Technology (Beijing) Co., Ltd.",-11,"{
  ""texts"" : [ {
    ""language"" : {
      ""isoCode"" : ""en"",
      ""name"" : ""English""
    },
    ""text"" : ""Eyebright Medical Technology (Beijing) Co., Ltd."",
    ""allLanguagesApplicable"" : null
  } ],
  ""textByDefaultLanguage"" : ""Eyebright Medical Technology (Beijing) Co., Ltd.""
}",,-1306,"Lotus NL B.V.","NL-AR-000000121","{
  ""texts"" : [ {
    ""language"" : {
      ""isoCode"" : ""en"",
      ""name"" : ""English""
    },
    ""text"" : ""Lotus NL B.V."",
    ""allLanguagesApplicable"" : null
  } ]
}",,,,,
1839506,"01KMPDTGHR18C92A2WEBK2PHN8","8da1bbad-1581-4ddd-a408-a1ff49a7233f",,"AM4T3UX,-9.5D",-56,1,0,0,0,0,1,0,,1,"06923033604547","B-06923033604547","a373efc7-f025-476e-9cf1-9d6b68416663","01KMPDTGHAT44SNJ3DCK7N8S17",0,0,0,,0,1,,0,,,0,,,,,,,,0,0,"Intraocular Lens","AM4T3UX,-9.5D",-205,-53,"LEGACY",," P030102100301","CN-MF-000003041","Eyebright Medical Technology (Beijing) Co., Ltd.",-11,"{
  ""texts"" : [ {
    ""language"" : {
      ""isoCode"" : ""en"",
      ""name"" : ""English""
    },
    ""text"" : ""Eyebright Medical Technology (Beijing) Co., Ltd."",
    ""allLanguagesApplicable"" : null
  } ],
  ""textByDefaultLanguage"" : ""Eyebright Medical Technology (Beijing) Co., Ltd.""
}",,-1306,"Lotus NL B.V.","NL-AR-000000121","{
  ""texts"" : [ {
    ""language"" : {
      ""isoCode"" : ""en"",
      ""name"" : ""English""
    },
    ""text"" : ""Lotus NL B.V."",
    ""allLanguagesApplicable"" : null
  } ]
}",,,,,
3399806,"01KWGN6VERMM8RADAC9KX72PNC","3a9c12d3-4d5c-4a03-8767-61815872185f","DACRIL","BX1464",-185,1,,,0,0,1,0,,1,"05944756585242","B-05944756585242","a1eb6596-74e2-45e3-91ea-33572784acbf","01KWGN6VE9FY4N3X1PP7DGW41G",0,0,0,,0,1,,0,,,0,,,,,,,,0,0,"DACRIL","Polyglycolic acid multifilament coated absorbable sterile surgical suture",-10,-53,"LEGACY",," H010101020101","RO-MF-000001463","BIOSINTEX SRL",-11,"{
  ""texts"" : [ {
    ""language"" : {
      ""isoCode"" : ""ro"",
      ""name"" : ""Romanian""
    },
    ""text"" : ""BIOSINTEX SRL"",
    ""allLanguagesApplicable"" : null
  } ]
}","{
  ""texts"" : [ {
    ""language"" : {
      ""isoCode"" : ""ro"",
      ""name"" : ""Romanian""
    },
    ""text"" : ""BIOSINTEX "",
    ""allLanguagesApplicable"" : null
  } ]
}",-1306,,,,,,,,
3560463,"01KXDX2XJ5ZEJ9M3SWPARPB2YS","1ab9417c-5c9b-4b8a-b952-a10c9b51fb40","Seitenschneider 11 cm lang","87-5702-11",-56,1,0,0,0,0,0,1,,1,"04250379945235","4250485300000100YS","f7061bfc-4467-437b-b46d-2350de59f6a9","01KVEZPVFENAAEX2TWTHVS6X1T",0,0,0,,0,0,,0,,,1,,,,,,,,0,0,,"Schneidinstrument, Stift und Draht",-203,-197,"STANDARD",," L0199","DE-MF-000005528","Zepf Medical Instruments GmbH",-11,"{
  ""texts"" : [ {
    ""language"" : {
      ""isoCode"" : ""de"",
      ""name"" : ""German""
    },
    ""text"" : ""Zepf Medical Instruments GmbH"",
    ""allLanguagesApplicable"" : null
  } ]
}","{
  ""texts"" : [ {
    ""language"" : {
      ""isoCode"" : ""de"",
      ""name"" : ""German""
    },
    ""text"" : ""Zepf Medical Instruments "",
    ""allLanguagesApplicable"" : null
  } ]
}",-1306,,,,,"04250379945235",,,
4388015,"01M27B7D0TQHKMEQGDAEAAJB98","b715853c-42f3-48dd-854a-04f650d09887","Guide Pin","ARIEGPP25",-162,1,0,0,0,0,0,1,,1,"08809854029210","880972899231PZ","b4b61f0a-1365-4006-8abb-f1c829f15271","01M0V6C4EFF7NEC8Q32A3STC8E",0,0,0,,0,0,,0,,,0,,,,,,,,0,0,"Impression",,-203,-197,"STANDARD",," Q010207","KR-MF-000009885","MegaGen Implant Co., Ltd.",-11,"{
  ""texts"" : [ {
    ""language"" : {
      ""isoCode"" : ""en"",
      ""name"" : ""English""
    },
    ""text"" : ""MegaGen Implant Co., Ltd."",
    ""allLanguagesApplicable"" : null
  } ],
  ""textByDefaultLanguage"" : ""MegaGen Implant Co., Ltd.""
}",,-1306,"MDSS GmbH","DE-AR-000005430","{
  ""texts"" : [ {
    ""language"" : {
      ""isoCode"" : ""en"",
      ""name"" : ""English""
    },
    ""text"" : ""MDSS GmbH"",
    ""allLanguagesApplicable"" : null
  } ]
}",,,,,
4644839,"01M36GS8RJTK6JT50A9W4YR3BP","51016261-f599-49ac-bb19-428fb19ef788","22mm Corrugated Tubing 160cm Connectors","100.22.01.055",-245,1,0,0,0,0,0,0,,1,"08681299510634","B-08681299510634","d2f0d336-7cd3-4622-862b-1babe2b0de1b","01M36GS8R5KSSKPWKDZRV9EHDX",0,0,0,,0,0,,0,,,0,,,,,,,,0,0,,"Anesthesia&Ventilation Circuit",-204,-53,"LEGACY",," R02010101","TR-MF-000028282","R VENT MEDİKAL ÜRETİM A.Ş.",-11,"{
  ""texts"" : [ {
    ""language"" : null,
    ""text"" : ""R VENT MEDİKAL ÜRETİM A.Ş."",
    ""allLanguagesApplicable"" : true
  } ],
  ""textByDefaultLanguage"" : null
}","{
  ""texts"" : [ {
    ""language"" : null,
    ""text"" : ""R VENT"",
    ""allLanguagesApplicable"" : true
  } ],
  ""textByDefaultLanguage"" : null
}",-1306,,,,,,,,
3714753,"01KY7TPQ0342HVBCDZ81462EXG","126f4ba9-be90-4ff3-a098-c42da42d30ef","MUA (Multi Unit Abutment) 4.1 Slim Fit","N-ILSCCE34/2",-108,1,0,0,0,0,0,1,,1,"08053876037184","8053876-01-004N7","7e2c7aec-7c24-4399-b03a-6bb80549a3dd","01KY7TN96BYGCA92CSAZADNK4J",0,0,0,,0,1,,0,,,0,,,,,,,1,0,0,"MUA (Multi Unit Abutment)","MUA (Multi Unit Abutment)",-205,-197,"STANDARD",," Q010299","IT-MF-000008879","NEW ANCORVIS SRL",-11,"{
  ""texts"" : [ {
    ""language"" : {
      ""isoCode"" : ""it"",
      ""name"" : ""Italian""
    },
    ""text"" : ""NEW ANCORVIS SRL"",
    ""allLanguagesApplicable"" : null
  } ]
}","{
  ""texts"" : [ {
    ""language"" : {
      ""isoCode"" : ""it"",
      ""name"" : ""Italian""
    },
    ""text"" : ""NEW ANCORVIS SRL"",
    ""allLanguagesApplicable"" : null
  } ]
}",-1306,,,,,,,,
1645547,"01KHNZ8059HG3G3PWWBNVM1NZB","73a9808e-a983-4578-98c1-f7dee0a1da3d",,"0012",-185,1,0,0,0,1,0,0,,1,"04780019143467","478001914TDoc-00474","f2617f1d-6f1c-421e-b536-0bc4f0ed0ef6","01KHNWVVMCZ33EMXXFHZR814C0",0,0,0,,0,0,,0,,,0,,,,,,,,0,0,"Medical bleached cloth gauze non-sterile in rolls","Medical bleached cloth gauze non-sterile in rolls",-203,-197,"STANDARD",," M020107","UZ-MF-000036753","""ELASTIKUM"" Limited Liability Company",-11,"{
  ""texts"" : [ {
    ""language"" : null,
    ""text"" : ""\""ELASTIKUM\"" Limited Liability Company"",
    ""allLanguagesApplicable"" : true
  } ]
}","{
  ""texts"" : [ {
    ""language"" : null,
    ""text"" : ""\""ELASTIKUM\"" LLC"",
    ""allLanguagesApplicable"" : true
  } ]
}",-1306,"AFINA, spol.s r.o.","CZ-AR-000000584","{
  ""texts"" : [ {
    ""language"" : {
      ""isoCode"" : ""cs"",
      ""name"" : ""Czech""
    },
    ""text"" : ""AFINA, spol.s r.o."",
    ""allLanguagesApplicable"" : null
  } ]
}",,,,,
4614018,"01M33TMBZM5JW4J4H91WAJQAF7","96f50a7d-26c6-4bcc-bb9c-56ac6b1090b0","Root Cem Viscous transparent","434981",-56,1,0,0,0,0,0,0,,1,"+D9334349811D","++D93301700001EF","55e95889-6185-40e2-8537-0fa7e922daea","01M32450WGP9TYT9WMXMQKAFYE",0,0,0,,0,1,,0,,,0,,,,,,,,0,0,,"Fixing composite/root pin cement",-204,-197,"STANDARD",," Q01010103","DE-MF-000009196","MANI MEDICAL GERMANY GmbH",-11,"{
  ""texts"" : [ {
    ""language"" : {
      ""isoCode"" : ""de"",
      ""name"" : ""German""
    },
    ""text"" : ""MANI MEDICAL GERMANY GmbH"",
    ""allLanguagesApplicable"" : null
  } ],
  ""textByDefaultLanguage"" : null
}","{
  ""texts"" : [ {
    ""language"" : {
      ""isoCode"" : ""de"",
      ""name"" : ""German""
    },
    ""text"" : ""MMG"",
    ""allLanguagesApplicable"" : null
  } ],
  ""textByDefaultLanguage"" : null
}",-1306,,,,,,,,
322236,"01H6B54SERDE732YZVVMGVQ7F6","dd2e3977-d5a3-4381-861e-834734bad417","Dental Zirconia Block","16187",-245,1,,,0,0,0,0,,1,"06942053502510","B-06942053502510","ea94d845-a45f-4e4a-928e-565836c69592","01H6B54SCAPT0F3YMB890VMHSS",0,0,0,,0,1,,0,,,0,,,,,,,,0,0,"Zirconia Dental Ceramics","Color B3-ST 89×71×14",-204,-53,"LEGACY",," Q010699","CN-MF-000011505","Shenzhen Yurucheng Dental Materials Co., Ltd.",-11,"{
  ""texts"" : [ {
    ""language"" : {
      ""isoCode"" : ""en"",
      ""name"" : ""English""
    },
    ""text"" : ""Shenzhen Yurucheng Dental Materials Co., Ltd."",
    ""allLanguagesApplicable"" : null
  } ],
  ""textByDefaultLanguage"" : ""Shenzhen Yurucheng Dental Materials Co., Ltd.""
}","{
  ""texts"" : [ {
    ""language"" : {
      ""isoCode"" : ""en"",
      ""name"" : ""English""
    },
    ""text"" : "" Yurucheng Dental Materials"",
    ""allLanguagesApplicable"" : null
  } ],
  ""textByDefaultLanguage"" : "" Yurucheng Dental Materials""
}",-1306,"Share Info Consultant Service LLC Repräsentanzbüro","DE-AR-000005133","{
  ""texts"" : [ {
    ""language"" : {
      ""isoCode"" : ""de"",
      ""name"" : ""German""
    },
    ""text"" : ""Share Info Consultant Service LLC Repräsentanzbüro"",
    ""allLanguagesApplicable"" : null
  } ]
}",,,,,
2814768,"01KSMMHX21XVF965Z15P565B4X","d4e7e342-1cb9-422e-865d-abbffc88328b","ZİRCON.X, Zircon PreShade Bloc (98x22) ST / APW9822STCB2","PRD.01.300.ZPS22-B2",-56,1,0,0,0,0,0,0,,1,"04260296273717","426029627ZIR001BL","4792643e-feaf-4fae-9372-b2bb8bd76fc8","01K8KHN5J32698VJNP9W7DDSW6",0,0,0,,0,1,,0,,,0,,,,-116,,,,0,0,"ZIRCON.X",,-204,-197,"STANDARD",," Q01010199","DE-MF-000014901","President Dental GmbH",-11,"{
  ""texts"" : [ {
    ""language"" : {
      ""isoCode"" : ""en"",
      ""name"" : ""English""
    },
    ""text"" : ""President Dental GmbH"",
    ""allLanguagesApplicable"" : null
  } ]
}","{
  ""texts"" : [ {
    ""language"" : {
      ""isoCode"" : ""en"",
      ""name"" : ""English""
    },
    ""text"" : ""President Dental GmbH"",
    ""allLanguagesApplicable"" : null
  } ]
}",-1306,,,,,,,,
4301441,"01M1NMTTGEQQXDETQNGMFERG1Y","3312321f-550b-4b1e-bf44-a2e4509d5415","LISFRANC Fusionsplatte, small, TMT 2/3, polyaxial winkelstabil, Titan","750.516508",-56,1,0,0,0,0,0,1,,1,"04052024060863","B-04052024060863","f8ec99d6-3c2c-4f60-8e61-d0e8d476af0d","01M1NMTTFGC4J468ZXEES356H5",0,0,0,,0,1,,0,,,0,,,,,,,,0,0,,"LISFRANC Fusionsplatte, small, TMT 2/3, polyaxial winkelstabil, Titan",-205,-53,"LEGACY",," P09120502","DE-MF-000005084","INTERCUS GmbH",-11,"{
  ""texts"" : [ {
    ""language"" : {
      ""isoCode"" : ""de"",
      ""name"" : ""German""
    },
    ""text"" : ""INTERCUS GmbH"",
    ""allLanguagesApplicable"" : null
  } ]
}",,-1306,,,,,,,,
1882678,"01KN4CQT4MCC056Q89DM2PNZJ7","5845241c-a97b-473a-b38b-3c25341d2590","VenoTrain impuls, AG, border dot, Ccl 2,
closed toe, custom made, Irish Green","20760725500009",-56,1,0,0,0,0,0,0,,1,"04057532655631","4046445IMP00000000UN","3ab185d5-7162-4cd0-b6f5-83d888775c66","01KN4ACRZJAEBQGPJVRPTR9RDF",0,0,0,,0,0,,0,,,0,,,,,,,,0,0,"VenoTrain impuls",,-203,-197,"STANDARD",," M030405","DE-MF-000007543","Bauerfeind AG",-11,"{
  ""texts"" : [ {
    ""language"" : {
      ""isoCode"" : ""de"",
      ""name"" : ""German""
    },
    ""text"" : ""Bauerfeind AG"",
    ""allLanguagesApplicable"" : null
  } ]
}",,-1306,,,,,,,,
3663113,"01KXZYM6T6PDRRGZD8VGZDQ9Y7","e2484e8c-7236-4aef-852d-05813e94237c","MUST MINI Rod Ti 3.5 x 95mm (ste)","03.75.694",-108,1,0,0,0,0,1,0,,1,"07630040733878","764014274VIS0064R060XW","da560106-5a2c-4c69-877f-62785e093f2b","01KXZY6JBVACWPNE4WKNHYH5ZV",0,0,0,,0,1,,0,,,0,,,,,,,1,0,0,,"Spine MUST mini rod",-205,-197,"STANDARD",," P09070301","CH-MF-000033473","Medacta International SA",-11,"{
  ""texts"" : [ {
    ""language"" : {
      ""isoCode"" : ""en"",
      ""name"" : ""English""
    },
    ""text"" : ""Medacta International SA"",
    ""allLanguagesApplicable"" : false
  } ]
}","{
  ""texts"" : [ {
    ""language"" : {
      ""isoCode"" : ""en"",
      ""name"" : ""English""
    },
    ""text"" : ""Medacta"",
    ""allLanguagesApplicable"" : false
  } ]
}",-1306,"Medacta Italia srl","IT-AR-000022505","{
  ""texts"" : [ {
    ""language"" : {
      ""isoCode"" : ""it"",
      ""name"" : ""Italian""
    },
    ""text"" : ""Medacta Italia srl"",
    ""allLanguagesApplicable"" : null
  } ]
}",,,,,
1281940,"01K9XCWWBCTVRCF5WKTR43NCR8","316407a9-baef-47d7-80c8-a08000ef2e22","MANI SUTURES NYLON - 10-0 NYLON","1474",-56,1,0,0,0,0,1,0,,1,"04546951401719","B-04546951401719","41ac1ed6-8185-4ec7-98cf-b14c774ea4c3","01K9XCWW9XT9G259ZPSQMQQB6N",0,0,0,,0,1,,0,,,0,,,,,,,,0,0,"MANI SUTURES NYLON",,-205,-53,"LEGACY",," H010201010101","JP-MF-000017860","MANI, INC.",-11,"{
  ""texts"" : [ {
    ""language"" : {
      ""isoCode"" : ""en"",
      ""name"" : ""English""
    },
    ""text"" : ""MANI, INC."",
    ""allLanguagesApplicable"" : null
  } ],
  ""textByDefaultLanguage"" : ""MANI, INC.""
}","{
  ""texts"" : [ {
    ""language"" : {
      ""isoCode"" : ""en"",
      ""name"" : ""English""
    },
    ""text"" : ""MANI"",
    ""allLanguagesApplicable"" : null
  } ],
  ""textByDefaultLanguage"" : ""MANI""
}",-1306,"Obelis s.a.","BE-AR-000000106","{
  ""texts"" : [ {
    ""language"" : {
      ""isoCode"" : ""en"",
      ""name"" : ""English""
    },
    ""text"" : ""Obelis s.a."",
    ""allLanguagesApplicable"" : null
  } ],
  ""textByDefaultLanguage"" : ""Obelis s.a.""
}",,,,,
2209077,"01KQSJEG60E1PDDDRVJ1K9V7QE","65a7ecd5-6c54-441f-997f-d1b7bfba6fec","CALIBRATED DRILLS","3DMUS00613.23.115",-108,1,0,0,0,0,0,1,,1,"08050038833349","805003883STRMTAGLC3","da1dd398-ea6e-4044-b5e6-ca3b22bd2dbd","01KNPJ51B1W1GSDG98JAPBCECW",0,0,0,,0,0,,0,,,0,,,,,,,,0,0,"Surgical instruments for dental implantology - Cutting Tools","STRMTAGL-1, STRMTAGL-2, STRMTAGL-3, STRMTAGL-4, STRMTAGL-5, STRMTAGL-6, STRMTAGL-7",-204,-197,"STANDARD",," Q010399","IT-MF-000016005","3DIEMME srl",-11,"{
  ""texts"" : [ {
    ""language"" : {
      ""isoCode"" : ""it"",
      ""name"" : ""Italian""
    },
    ""text"" : ""3DIEMME srl"",
    ""allLanguagesApplicable"" : null
  } ]
}",,-1306,,,,,,,,
2808656,"01KSMBYBHSWHXB4S0A3513E0XH","8fcdc980-eae4-4aa9-8418-8d837d505470",,"61805-15",-56,1,0,0,0,0,0,1,,1,"04063058250137","4063058000000183N","1c0111e0-e0e3-44a0-9307-81558a62e566","01KSM2YGG3PECFAXYFQZ40YF2W",0,0,0,,0,0,,0,,,1,,,,,,,,0,0,"Dilatator / Dilators, other",,-203,-197,"STANDARD",," L070802","DE-MF-000005592","REDA Instrumente GmbH",-11,"{
  ""texts"" : [ {
    ""language"" : {
      ""isoCode"" : ""de"",
      ""name"" : ""German""
    },
    ""text"" : ""REDA Instrumente GmbH"",
    ""allLanguagesApplicable"" : null
  } ]
}","{
  ""texts"" : [ {
    ""language"" : {
      ""isoCode"" : ""de"",
      ""name"" : ""German""
    },
    ""text"" : ""REDA"",
    ""allLanguagesApplicable"" : null
  } ]
}",-1306,,,,,"04063058250137",,,
2888905,"01KSRX65W5661TJZ9PNWJWJS16","4fe06463-812e-4eb8-a587-39d3cebfa385","CIV-Flex™ Transducer Cover","610-933",-56,1,0,0,0,0,1,0,,1,"10841436104477","0841436101TD201C8P6","b153f59e-3e59-4480-86a2-a94697f965d6","01KRZ29EWQ8GKD072CSMZDK4R8",0,0,0,,0,0,,0,,,0,,,,,,,,0,0,"Intracavity Covers (TEE CIV-Flex sterile)",,-204,-197,"STANDARD",," T030102","US-MF-000008229","CIVCO Medical Instruments Co., Inc. dba CIVCO and CIVCO Medical Solutions",-11,"{
  ""texts"" : [ {
    ""language"" : {
      ""isoCode"" : ""en"",
      ""name"" : ""English""
    },
    ""text"" : ""CIVCO Medical Instruments Co., Inc. dba CIVCO and CIVCO Medical Solutions"",
    ""allLanguagesApplicable"" : null
  } ]
}","{
  ""texts"" : [ {
    ""language"" : {
      ""isoCode"" : ""en"",
      ""name"" : ""English""
    },
    ""text"" : ""CIVCO"",
    ""allLanguagesApplicable"" : null
  }, {
    ""language"" : null,
    ""text"" : ""CIVCO Medical Solutions"",
    ""allLanguagesApplicable"" : true
  } ]
}",-1306," MPS Medical Product Service GmbH","DE-AR-000005009","{
  ""texts"" : [ {
    ""language"" : {
      ""isoCode"" : ""en"",
      ""name"" : ""English""
    },
    ""text"" : "" MPS Medical Product Service GmbH"",
    ""allLanguagesApplicable"" : null
  } ]
}",,,,"00841436104470,10841436104477",
4520961,"01M2VV3206G6PCDZS365XQ63YN","b54c5e78-212c-491f-99e8-dc33d5a6599d","Juzo Soft","2002",-56,1,0,0,0,0,0,0,,1,"04071191648674","4018678M030405PHLY-010-AS","b1b47278-0227-4275-aff4-196e309ae175","01M27XRQX05TB01GQ5CWFCZH8H",0,0,0,,0,0,,0,,,0,,,,,,,,0,0,"Medical compression garments PH/LY- stockings / pantyhose / sleeves",,-203,-197,"STANDARD",," M030405","DE-MF-000009443","Julius Zorn GmbH",-11,"{
  ""texts"" : [ {
    ""language"" : {
      ""isoCode"" : ""de"",
      ""name"" : ""German""
    },
    ""text"" : ""Julius Zorn GmbH"",
    ""allLanguagesApplicable"" : null
  } ]
}","{
  ""texts"" : [ {
    ""language"" : {
      ""isoCode"" : ""de"",
      ""name"" : ""German""
    },
    ""text"" : ""Juzo"",
    ""allLanguagesApplicable"" : null
  } ]
}",-1306,,,,,"04071191648674",,,
928576,"01JV7REFX1F6NXEDT54MB9HQTY","6e704785-5a78-4b54-8402-8edd02704786",,"15744-220",-56,1,0,0,0,0,1,0,,1,"04046745065160","B-04046745065160","d9a9e386-a47b-49bc-a191-b1699382bd4d","01JV7REFVMJ12B01Q41WG73Q76",0,0,0,,0,1,,0,,,0,,,,,,,,0,0,"Mammary implant","Mammary implant",-10,-53,"LEGACY",," P0601020202","DE-MF-000018836","POLYTECH Health & Aesthetics GmbH",-11,"{
  ""texts"" : [ {
    ""language"" : {
      ""isoCode"" : ""de"",
      ""name"" : ""German""
    },
    ""text"" : ""POLYTECH Health & Aesthetics GmbH"",
    ""allLanguagesApplicable"" : null
  } ]
}",,-1306,,,,,,,,
948124,"01JW6E5JGZ5XNF419EGNQM0G97","6c3988d3-d6e5-4443-b04e-4bf29c126c7c","Vital Signs™ 300-Series ECG Leadwire, 5-lead, Grabber, IEC, 125 cm/ 49 in & 75 cm/ 30 in","545316-HEL",-69,1,0,0,0,0,0,0,,1,"10889483585955","088948320041cECGmon93Q","d1ec06f0-af5a-4512-b316-69b51d576fea","01JVKJANGSMB06SBRQ993C1SX2",0,0,0,,0,0,,0,,,0,,,,,,,,0,0,,"300 Series ECG Leadwires",-203,-197,"STANDARD",," Z12050380","FI-MF-000001482","AirLife Finland Oy",-11,"{
  ""texts"" : [ {
    ""language"" : {
      ""isoCode"" : ""en"",
      ""name"" : ""English""
    },
    ""text"" : ""AirLife Finland Oy"",
    ""allLanguagesApplicable"" : null
  } ],
  ""textByDefaultLanguage"" : ""AirLife Finland Oy""
}",,-1306,,,,,"10889483585955",,,
1072198,"01K1F10Z7A9YRA3NGKNJS3E93N","cc8b5c09-30b9-4f1f-a7ab-fc40a64b57b4",,"04.227.265S",-21,1,0,0,0,0,1,0,,1,"07611819989283","7611819a00506JM","89de378d-4e90-4aee-ad5b-c411e35724c4","01K1EEHX18RM2CPBJB5YWWQS7A",0,0,0,,0,1,,0,,,0,,,,,,,1,0,0,"Headless Compression Screws HCS TAN","Headless Compression Screws HCS TAN",-205,-197,"STANDARD",," P09120603","CH-MF-000013345","Synthes GmbH",-11,"{
  ""texts"" : [ {
    ""language"" : {
      ""isoCode"" : ""en"",
      ""name"" : ""English""
    },
    ""text"" : ""Synthes GmbH"",
    ""allLanguagesApplicable"" : null
  } ]
}",,-1306,"DePuy Ireland UC","IE-AR-000009328","{
  ""texts"" : [ {
    ""language"" : {
      ""isoCode"" : ""en"",
      ""name"" : ""English""
    },
    ""text"" : ""DePuy Ireland UC"",
    ""allLanguagesApplicable"" : null
  } ]
}",,,,,
2511681,"01KS05VWKJYBYNXK3VG716SCBS","a8686d88-7309-48a9-99d9-c7db78bc1947",,"KKA015333C",-108,1,0,0,0,0,0,0,,1,"08057147020905","8057147TTL001XK","1bbfe8db-1d24-4365-814e-5bda458f10cd","01KS02XMJ7CMN1RCZ51GSANRSP",0,0,0,,0,0,,0,,,0,,,,,,,,0,0,,"ASH",-203,-197,"STANDARD",," L0399","IT-MF-000027104","UNIVET LOUPES SPA",-11,"{
  ""texts"" : [ {
    ""language"" : {
      ""isoCode"" : ""it"",
      ""name"" : ""Italian""
    },
    ""text"" : ""UNIVET LOUPES SPA"",
    ""allLanguagesApplicable"" : false
  } ]
}",,-1306,,,,,,,,
4373717,"01M24XZTV8EA3HS0NX9NWB9EG6","06866103-93a9-4423-89fb-7be75dff7d4a","PROCS CERVICAL POSTERIOR ROD, TITANIUM, STRAIGHT 3.50MMX320MM / 102.595","PSPRD35320",-245,1,0,0,0,0,1,0,,1,"08682162636437","B-08682162636437","0aca4f3b-9f2c-4972-a59e-855ab310b50f","01M24XZTTV7E2YXZ1TMZWCPCBJ",0,0,0,,0,1,,0,,,0,,,,,,,,0,0,,"PSPRD35320",-205,-53,"LEGACY",," P09070301","TR-MF-000032010","TİAL MED TIBBİ ÜRÜNLER İÇ VE DIŞ TİCARET SAN. LTD. ŞTİ",-11,"{
  ""texts"" : [ {
    ""language"" : {
      ""isoCode"" : ""en"",
      ""name"" : ""English""
    },
    ""text"" : ""TİAL MED TIBBİ ÜRÜNLER İÇ VE DIŞ TİCARET SAN. LTD. ŞTİ"",
    ""allLanguagesApplicable"" : false
  } ],
  ""textByDefaultLanguage"" : ""TİAL MED TIBBİ ÜRÜNLER İÇ VE DIŞ TİCARET SAN. LTD. ŞTİ""
}",,-1306,,,,,,,,
4231603,"01M1E8F7GJWC39GC9CHGYY03XT","85b1ca2b-5f43-4e0e-9468-6f08f8610241",,"01.09.20.04.SB.11",-162,1,,,,,0,0,0,1,"06973262868241","69732628600026ZQ","2e586bde-9e18-4b46-bbad-5f321173716c","01M1E87NSMF99GHHPQPHG3SKWD",,,0,0,0,,1,,0,0,,0,,1,,0,1,,,,"Nucleic Acid Extraction Kit (Magnetic Bead Method)","S-B, S-T",-199,-198,"STANDARD",," W02069099","CN-MF-000003349","Zybio Inc.",-11,"{
  ""texts"" : [ {
    ""language"" : null,
    ""text"" : ""Zybio Inc."",
    ""allLanguagesApplicable"" : true
  } ],
  ""textByDefaultLanguage"" : null
}","{
  ""texts"" : [ {
    ""language"" : null,
    ""text"" : ""Zybio"",
    ""allLanguagesApplicable"" : true
  } ],
  ""textByDefaultLanguage"" : null
}",-1306,"Lotus NL B.V.","NL-AR-000000121","{
  ""texts"" : [ {
    ""language"" : {
      ""isoCode"" : ""en"",
      ""name"" : ""English""
    },
    ""text"" : ""Lotus NL B.V."",
    ""allLanguagesApplicable"" : null
  } ]
}",,,,,
1321672,"01KBD419TAH8XGXTK86KGMY9WJ","5ad7ea99-ffda-44a2-8272-d39e18dce26d","Internal Locking Plate and Screw Fixation System","11650206",-56,1,0,0,0,0,0,1,,1,"06941675459998","697035671JPSD144TW","6526ecd9-b324-4942-aedd-914cd1184021","01KBD419ECMHF56QVJ32VMXC5B",0,0,0,,0,1,,0,,,0,,,,,,,1,0,0,"2.4mm LCP Volar Distal Radius Plate",,-205,-197,"STANDARD",," P09120503","CN-MF-000043758","Changzhou Geasure Medical Apparatus and Instruments Co., Ltd.",-11,"{
  ""texts"" : [ {
    ""language"" : {
      ""isoCode"" : ""en"",
      ""name"" : ""English""
    },
    ""text"" : ""Changzhou Geasure Medical Apparatus and Instruments Co., Ltd."",
    ""allLanguagesApplicable"" : false
  } ]
}",,-1306,"MedPath GmbH","DE-AR-000000087","{
  ""texts"" : [ {
    ""language"" : {
      ""isoCode"" : ""de"",
      ""name"" : ""German""
    },
    ""text"" : ""MedPath GmbH"",
    ""allLanguagesApplicable"" : null
  } ]
}",,,,,
1620046,"01KH50B73STXRN48M2PZ7M8RV4","6806711d-2dbe-4106-aa9c-21b114a53da0","MDT Diamond Coated Dental Burs","4Z27723-43-01",-74,1,0,0,0,0,0,1,,1,"17291046400095","7291046DiamondnonStrlRE","b48b709a-d54a-4d45-a72f-9f71bc69d355","01H1GSTNGPMEAZD2WMR01BFMGM",0,0,0,,0,0,,0,,,1,,,,,,,,0,0,"Non-Sterile Diamond Coated Dental Burs",,-204,-197,"STANDARD",," Z12110102","IL-MF-000008464","MDT Micro Diamond Technologies Ltd.",-11,"{
  ""texts"" : [ {
    ""language"" : {
      ""isoCode"" : ""en"",
      ""name"" : ""English""
    },
    ""text"" : ""MDT Micro Diamond Technologies Ltd."",
    ""allLanguagesApplicable"" : null
  } ]
}","{
  ""texts"" : [ {
    ""language"" : {
      ""isoCode"" : ""en"",
      ""name"" : ""English""
    },
    ""text"" : ""MDT"",
    ""allLanguagesApplicable"" : null
  } ]
}",-1306,"Obelis s.a.","BE-AR-000000106","{
  ""texts"" : [ {
    ""language"" : {
      ""isoCode"" : ""en"",
      ""name"" : ""English""
    },
    ""text"" : ""Obelis s.a."",
    ""allLanguagesApplicable"" : null
  } ],
  ""textByDefaultLanguage"" : ""Obelis s.a.""
}",,,,,
2760289,"01KSJG8FEH6YHY2KBADG7E225R","3e18bdd4-0822-4bc8-956a-0d2144d4a973","FinnComfort","82564-696447",-56,1,0,0,1,0,0,0,,1,"00888281728109","4030457-FinnCo-001-MN","3f3b99d2-4122-41dd-aeb4-f7c39ddbf3fc","01KR3AHVVTKD99Q52VK8V9XTW7",0,0,0,,0,0,,0,,,0,,,,,,,,0,0,"FinnComfort",,-203,-197,"STANDARD",," Y063303","DE-MF-000016907","Waldi Schuhfabrik GmbH",-11,"{
  ""texts"" : [ {
    ""language"" : {
      ""isoCode"" : ""de"",
      ""name"" : ""German""
    },
    ""text"" : ""Waldi Schuhfabrik GmbH"",
    ""allLanguagesApplicable"" : null
  } ]
}","{
  ""texts"" : [ {
    ""language"" : {
      ""isoCode"" : ""de"",
      ""name"" : ""German""
    },
    ""text"" : ""FinnComfort"",
    ""allLanguagesApplicable"" : null
  } ]
}",-1306,,,,,"00888281728109",,,
3930198,"01KZDXXHNRVXK84B8XJCPBHXZ1","aab887ca-f874-48bf-bf57-b8e3d6a61fc3","DIATERMO MB 132","GMA10300.10",-108,1,0,0,0,0,0,0,,1,"08033638325674","803363832HFS00144","676343df-142f-4d8f-baf1-ff2eafa7ab97","01KKC4PSTWFCE1333YHPK2W4J1",1,0,0,,0,0,,0,,,0,,,,-116,,,,0,0,"SURTRON TOUCH HP 400","SURTRON TOUCH HP 400",-205,-197,"STANDARD",," Z12010902","IT-MF-000012232","LED SpA",-11,"{
  ""texts"" : [ {
    ""language"" : {
      ""isoCode"" : ""it"",
      ""name"" : ""Italian""
    },
    ""text"" : ""LED SpA"",
    ""allLanguagesApplicable"" : null
  } ]
}","{
  ""texts"" : [ {
    ""language"" : {
      ""isoCode"" : ""it"",
      ""name"" : ""Italian""
    },
    ""text"" : ""LED"",
    ""allLanguagesApplicable"" : null
  } ]
}",-1306,,,,,"08033638325674",,,
3068789,"01KT987MZD2GV4W8VMT1ZQ3TZN","fce5603f-d65c-4c18-8c1b-4c76574aa9e0","JOBST® UltraSheer","73589-00902-00",-56,1,0,0,0,0,0,0,,1,"04059993513734","40197024004388385","ddd4a4a3-4622-4c02-8c0f-6c36e308cd9b","01KT6H77HTTPR7GV9D2NRY5D5X",0,0,0,,0,0,,0,,,0,,,,,,,,0,0,"JOBST UltraSheer CCL2 Lower RTW",,-203,-197,"STANDARD",," M030405","DE-MF-000004936","BSN-Jobst GmbH",-11,"{
  ""texts"" : [ {
    ""language"" : {
      ""isoCode"" : ""en"",
      ""name"" : ""English""
    },
    ""text"" : ""BSN-Jobst GmbH"",
    ""allLanguagesApplicable"" : null
  } ]
}",,-1306,,,,,,,,
3114476,"01KTKGS7GN7E4H9881FVCJR7AW","f13c05c4-d0d6-4b9e-99e4-5ca7b020cada","Helix","MDS831859",-245,1,0,0,0,0,1,0,,1,"04251790218595","42517902MDS10EN","82711738-4887-4914-acff-830bdee0a1cf","01KT85ASRYERNVPV06QWA4SDCX",0,0,0,,0,1,,0,,,0,,,,,,,,0,0,"Detachable Coil System","MDS 10",-10,-197,"STANDARD",," Z12109001","DE-MF-000008000","SWL Medizin GmbH",-11,"{
  ""texts"" : [ {
    ""language"" : {
      ""isoCode"" : ""de"",
      ""name"" : ""German""
    },
    ""text"" : ""SWL Medizin GmbH"",
    ""allLanguagesApplicable"" : null
  } ],
  ""textByDefaultLanguage"" : null
}","{
  ""texts"" : [ {
    ""language"" : {
      ""isoCode"" : ""en"",
      ""name"" : ""English""
    },
    ""text"" : ""SWL"",
    ""allLanguagesApplicable"" : null
  } ],
  ""textByDefaultLanguage"" : ""SWL""
}",-1306,,,,,,,,
3850581,"01KZ3V2KFYXHK0E782DWVKQAF1","0c2072e0-57a5-4325-ad95-458357397fe9","LH DECS SALVIETTE PLUS","LH DECS SALVIETTE PLUS",-108,1,0,0,0,0,0,0,,1,"08034115818573","803411581DSALVIETTEPLUSFY","2e798412-f1fe-43d0-8429-2461a8cc89c7","01KZ3TYE79QNQMES990P0KXED7",0,0,0,,0,0,,0,,,0,,,,,,,,0,0,"DISPOSITIVI MEDICI IN SALVIETTE IN TNT IMBIBITE DI UNA SOLUZIONE DETERGENTE E DISINFETTANTE PER DISPOSITIVI MEDICI INVASIVI E NON INVASIVI",,-205,-197,"STANDARD",," D03010101","IT-MF-000012492","Lombarda H s.r.l",-11,"{
  ""texts"" : [ {
    ""language"" : {
      ""isoCode"" : ""it"",
      ""name"" : ""Italian""
    },
    ""text"" : ""Lombarda H s.r.l"",
    ""allLanguagesApplicable"" : null
  } ]
}",,-1306,,,,,,,,
698808,"01J7NT1JA8HG2DX3EV5NT2A2QF","7f86a08e-fcfd-42dd-a5ac-a86a83671112","Lightweight TECH-ATTACH Cable","L-DCL-12BDIN-21",-100,1,0,0,0,0,0,1,,1,"00841823104809","08418231RA6aJS","acd429e8-5fab-4657-ae2e-07d409db681d","01G6JXTE7R0P6XSAM293ESE89P",0,0,0,,0,0,,0,,,0,,,,,,,,0,0,"Connection Systems",,-203,-197,"STANDARD",," N010180","US-MF-000004795","Ad-Tech Medical Instrument Corp.",-11,"{
  ""texts"" : [ {
    ""language"" : {
      ""isoCode"" : ""en"",
      ""name"" : ""English""
    },
    ""text"" : ""Ad-Tech Medical Instrument Corp."",
    ""allLanguagesApplicable"" : null
  } ],
  ""textByDefaultLanguage"" : ""Ad-Tech Medical Instrument Corp.""
}","{
  ""texts"" : [ {
    ""language"" : {
      ""isoCode"" : ""en"",
      ""name"" : ""English""
    },
    ""text"" : ""Ad-Tech"",
    ""allLanguagesApplicable"" : null
  } ],
  ""textByDefaultLanguage"" : ""Ad-Tech""
}",-1306,"E C REP LIMITED","IE-AR-000003995","{
  ""texts"" : [ {
    ""language"" : {
      ""isoCode"" : ""en"",
      ""name"" : ""English""
    },
    ""text"" : ""E C REP LIMITED"",
    ""allLanguagesApplicable"" : null
  } ]
}",,,,,
4464371,"01M2PQYMDZ2KX7RV4VW5HNVY94","dd29518b-6ff9-4834-a208-70c14a1022d0","Disposable Guidewires","SWG-21-120-F-S",-56,1,0,0,0,0,1,0,,1,"06948055222876","69480552008USDH","370db3dd-a47a-41e6-ad87-9c26835444c4","01M2PQ5B4XW2SW0NMG8Y9HMH7P",0,0,0,,0,0,,0,,,0,,,,,,,,0,0,"Disposable Guidewires",,-204,-197,"STANDARD",," U0602","CN-MF-000036334","UShare Medical Inc.",-11,"{
  ""texts"" : [ {
    ""language"" : {
      ""isoCode"" : ""en"",
      ""name"" : ""English""
    },
    ""text"" : ""UShare Medical Inc."",
    ""allLanguagesApplicable"" : false
  } ]
}",,-1306,"MedPath GmbH","DE-AR-000000087","{
  ""texts"" : [ {
    ""language"" : {
      ""isoCode"" : ""de"",
      ""name"" : ""German""
    },
    ""text"" : ""MedPath GmbH"",
    ""allLanguagesApplicable"" : null
  } ]
}",,,,,
1382168,"01KCRK4MHE8KESYNVH4RJFHC1V","8c5d461c-d6ec-45d2-8c6a-de38fb770018",,"-875-0005-050",-56,1,1,0,0,0,0,0,,1,"EFOR87500050501","++EFOR080101FC","37209087-540f-48cd-89d3-a7b0f02e8bcd","01KCRFWHV28NFYW2ZKHHPPJSR5",0,0,0,,0,0,,0,,,0,,,,,,,,0,0,"Orthodontic bands",,-204,-197,"STANDARD",," Q010402","DE-MF-000006256","Bernhard Förster GmbH",-11,"{
  ""texts"" : [ {
    ""language"" : {
      ""isoCode"" : ""de"",
      ""name"" : ""German""
    },
    ""text"" : ""Bernhard Förster GmbH"",
    ""allLanguagesApplicable"" : null
  } ]
}","{
  ""texts"" : [ {
    ""language"" : {
      ""isoCode"" : ""de"",
      ""name"" : ""German""
    },
    ""text"" : ""Bernhard Förster"",
    ""allLanguagesApplicable"" : null
  } ]
}",-1306,,,,"EFOR8750005050001",,,,
3699485,"01KY6CE89MGDZYQ4JYENDTJJGN","fd553c01-4c25-4b65-a965-cb422c677fff","PMMA BLOCK","Multilayer/98×40/2S/3SD4/1*1",-56,1,0,0,0,0,0,0,,1,"06909412253797","6909412SZK2A0159","4247c383-e5a5-4662-9ed4-6d5428fde5f3","01KT60XWHZYDQC5MYZFSX6JRN8",0,0,0,,0,0,,0,,,0,,,,,,,,0,0,"PMMA BLOCK","Monolayer, Multilayer",-204,-197,"STANDARD",," Q0102050199","CN-MF-000013266","Shandong Huge Dental Material Corporation",-11,"{
  ""texts"" : [ {
    ""language"" : {
      ""isoCode"" : ""en"",
      ""name"" : ""English""
    },
    ""text"" : ""Shandong Huge Dental Material Corporation"",
    ""allLanguagesApplicable"" : null
  } ]
}","{
  ""texts"" : [ {
    ""language"" : {
      ""isoCode"" : ""en"",
      ""name"" : ""English""
    },
    ""text"" : ""HUGE"",
    ""allLanguagesApplicable"" : null
  } ]
}",-1306,"MedNet EC-REP GmbH","DE-AR-000000002","{
  ""texts"" : [ {
    ""language"" : {
      ""isoCode"" : ""en"",
      ""name"" : ""English""
    },
    ""text"" : ""MedNet EC-REP GmbH"",
    ""allLanguagesApplicable"" : null
  } ]
}",,,,,
2428378,"01KRNNA7317MBEYVW31MH86Q8B","60bb5270-1451-4c65-8770-3a6470e790a9","VENAPORTA","519406",-245,1,0,0,0,0,1,0,,1,"08699142519406","B-08699142519406","e04370c0-f621-45fb-946a-cd9bcc7444bb","01KRNNA72E6N93WXBCJ0QAJPHB",0,0,0,,0,1,,0,,,0,,,,,,,,0,0,,"Felt 45 mm x 8 cm (1 pcs / pouch)",-10,-53,"LEGACY",," H900302","TR-MF-000021260","VENAPORTA TIBBI MALZEMELER IMALAT ITHALAT IHRACAT SANAYI VE TICARET LIMITED SIRKETI",-11,"{
  ""texts"" : [ {
    ""language"" : {
      ""isoCode"" : ""en"",
      ""name"" : ""English""
    },
    ""text"" : ""VENAPORTA TIBBI MALZEMELER IMALAT ITHALAT IHRACAT SANAYI VE TICARET LIMITED SIRKETI"",
    ""allLanguagesApplicable"" : false
  } ]
}","{
  ""texts"" : [ {
    ""language"" : {
      ""isoCode"" : ""en"",
      ""name"" : ""English""
    },
    ""text"" : ""VENAPORTA"",
    ""allLanguagesApplicable"" : false
  } ]
}",-1306,,,,,,,,
2068381,"01KPSZXZBTAR2TSZ8Z4X3N8T4S","00244450-3da9-49ed-9291-ca8cc799b339","II.  MICRO,AG,vel.8N,krajka,bronz","8591285067250",-55,1,0,0,0,0,0,0,,1,"08591285067250","8591285AGKM2ZW","29c8fa92-0a3a-4827-82e4-07c7cba74758","01KPSVKJKP4N71DSJDYAWJYXS9",0,0,0,,0,0,,0,,,0,,,,,,,,0,0,"Kompresní punčochy MICRO II.KT - Stehenní punčocha s krajkou",,-203,-197,"STANDARD",," M030405","CZ-MF-000000989","MAXIS a.s.",-11,"{
  ""texts"" : [ {
    ""language"" : {
      ""isoCode"" : ""cs"",
      ""name"" : ""Czech""
    },
    ""text"" : ""MAXIS a.s."",
    ""allLanguagesApplicable"" : null
  } ]
}",,-1306,,,,,,,,
1937191,"01KNMMTFR4AA3W9VZCTPGSK2K5","b3664906-4865-415e-83e8-46915ee35ece","MEDNETIC","PG.BS.10.18/21.8.A",-245,1,0,0,0,0,1,0,,1,"08681645053945","B-08681645053945","cead3cf2-57c1-4a31-8754-6c4f7a0a5457","01KNMMTFQFB8REAZG61JW3GKCZ",0,0,0,,0,0,,0,,,0,,,,,,,,0,0,"10F 180/200cm Biliary Stent Set, 8cm Stent Ams",,-204,-53,"LEGACY",," G03040301","TR-MF-000030603","TECHNOCAST OTOMOTİV SANAYİ VE TİC. A.Ş. MEDİKAL ŞUBESİ",-11,"{
  ""texts"" : [ {
    ""language"" : {
      ""isoCode"" : ""en"",
      ""name"" : ""English""
    },
    ""text"" : ""TECHNOCAST OTOMOTİV SANAYİ VE TİC. A.Ş. MEDİKAL ŞUBESİ"",
    ""allLanguagesApplicable"" : false
  } ]
}",,-1306,,,,,,,,
4632338,"01M34JAX6APXZW3JN1ZMNCZHT7","69564a91-3db9-403a-a8be-8027abe4b70c",,"E122267N",-56,1,0,0,0,0,1,0,,1,"04048467014839","B-04048467014839","fb2be6d3-6fa1-4417-b1ad-32eec7dc496a","01M34JAX5JM5Z5BJQZKQVXBQ1V",0,0,0,,0,0,,0,,,0,,,,,,,,0,0,"Lithotripsy Baskets / Lithotripsy Spirals SU",,-203,-53,"LEGACY",," G030502","DE-MF-000004965","ENDO-FLEX GmbH",-11,"{
  ""texts"" : [ {
    ""language"" : null,
    ""text"" : ""ENDO-FLEX GmbH"",
    ""allLanguagesApplicable"" : true
  } ]
}",,-1306,,,,,,,,
4198766,"01M16XV5FN9218EWP504AASKE4","cf375100-2c80-44eb-b2d2-438d579a05f6","JadaCare","325000C",-162,1,0,0,0,0,0,0,,1,"87202975136640","872029751DZ-3serie-T7","e8728247-f207-4fbd-9655-5e9258fb8bc7","01M16R60JMAQFA3492JBC1KMFE",0,0,0,,0,0,,0,,,0,,,,,,,,0,0,"Douchezittingen",,-203,-197,"STANDARD",," Y093303","NL-MF-000055634","Jada Aangepast Sanitair BV",-11,"{
  ""texts"" : [ {
    ""language"" : {
      ""isoCode"" : ""nl"",
      ""name"" : ""Dutch""
    },
    ""text"" : ""Jada Aangepast Sanitair BV"",
    ""allLanguagesApplicable"" : false
  } ],
  ""textByDefaultLanguage"" : null
}","{
  ""texts"" : [ {
    ""language"" : {
      ""isoCode"" : ""nl"",
      ""name"" : ""Dutch""
    },
    ""text"" : ""JadaCare"",
    ""allLanguagesApplicable"" : false
  } ],
  ""textByDefaultLanguage"" : null
}",-1306,,,,,"87202975136640",,,
1997927,"01KP7XQPADVWZ7PGXCNW4RBT6S","e98ed28f-5436-435d-a47e-8a4e324741b3","Bio GP Points","G912 LB15-40/.02",-74,1,0,0,0,0,0,0,,1,"08809264293522","880926429GP2D","43c12815-dcd6-4e8d-abe7-bc54ae1f80f6","01JNQVYK9M8SG05324240HAA7B",0,0,0,,0,1,,0,,,0,,,,,,,,0,0,"Gutta Percha Points",,-204,-197,"STANDARD",," Q01010401","KR-MF-000018662","Sure Dent Corporation",-11,"{
  ""texts"" : [ {
    ""language"" : {
      ""isoCode"" : ""en"",
      ""name"" : ""English""
    },
    ""text"" : ""Sure Dent Corporation"",
    ""allLanguagesApplicable"" : false
  } ]
}",,-1306,"Obelis s.a.","BE-AR-000000106","{
  ""texts"" : [ {
    ""language"" : {
      ""isoCode"" : ""en"",
      ""name"" : ""English""
    },
    ""text"" : ""Obelis s.a."",
    ""allLanguagesApplicable"" : null
  } ],
  ""textByDefaultLanguage"" : ""Obelis s.a.""
}",,"08809264293522",,,
4719140,"01M3CM0XFTYBHG2XKXB94PRVCT","f7e92138-b737-4d75-af9f-635bb52a4d35",,"97041843-11",,1,,,,,1,0,,1,"07313662548463","733243000000000127JZ","796929e9-ea82-489a-8362-7abecd8f6309","01KT717N8CJA7FBHA3438D5S9K",,,,,,,,,,,,,,,-541,,,,,,"Sterile Customized ProcedurePak",,-10,-197,"SPP","The intention of co-packing components into trays is to replace a large number of individually packaged items and generate savings in time for surgery procedures."," V0599","SE-PR-000016902","Mölnlycke Health Care AB",-11,"{
  ""texts"" : [ {
    ""language"" : {
      ""isoCode"" : ""en"",
      ""name"" : ""English""
    },
    ""text"" : ""Mölnlycke Health Care AB"",
    ""allLanguagesApplicable"" : null
  } ]
}",,-1306,,,,,,,"07313662548463,07313662548494",
1463292,"01KDMNNG5QEE9VX4KKQ6DG8PYX","fa77890b-e762-4b47-baee-c34f4821e152","Plastic full rim Optical Frames","VN-474-792 01",-67,1,0,0,0,0,0,0,,1,"06942624103054","69426241plasticfullrim84","e31cea37-d206-4368-b710-654e562ce612","01K7ND97EW6HE006CFJDA04A1B",0,0,0,,0,0,,0,,,0,,,,,,,,0,0,"plastic full rim optical frames",,-203,-197,"STANDARD",," Q0210030102","CN-MF-000021929","WENZHOU HIVISION EYEWEAR CO.,LTD",-11,"{
  ""texts"" : [ {
    ""language"" : {
      ""isoCode"" : ""en"",
      ""name"" : ""English""
    },
    ""text"" : ""WENZHOU HIVISION EYEWEAR CO.,LTD"",
    ""allLanguagesApplicable"" : false
  } ]
}","{
  ""texts"" : [ {
    ""language"" : {
      ""isoCode"" : ""en"",
      ""name"" : ""English""
    },
    ""text"" : ""HIVISION"",
    ""allLanguagesApplicable"" : false
  } ]
}",-1306,"MYM SOPORTE TECNICO Y DE CALIDAD, S.L.","ES-AR-000017300","{
  ""texts"" : [ {
    ""language"" : {
      ""isoCode"" : ""es"",
      ""name"" : ""Spanish""
    },
    ""text"" : ""MYM SOPORTE TECNICO Y DE CALIDAD, S.L."",
    ""allLanguagesApplicable"" : null
  } ]
}",,"06942624103054",,,
3710356,"01KY7CSE8TTQF3BKZZMNYAW41E","dcfe9e40-6134-4f9d-9583-c935ca32409a",,"MBOO50P",-162,1,0,0,0,0,0,1,,1,"08806388275618","880972899923A","1d6f947e-3feb-4a68-870e-7b03372c28fe","01KY798JPEC0YSDX8048S25VHA",0,0,0,,0,1,,0,,,0,,,,,,,1,0,0,"Meg-Ball Package",,-205,-197,"STANDARD",," P01020101","KR-MF-000009885","MegaGen Implant Co., Ltd.",-11,"{
  ""texts"" : [ {
    ""language"" : {
      ""isoCode"" : ""en"",
      ""name"" : ""English""
    },
    ""text"" : ""MegaGen Implant Co., Ltd."",
    ""allLanguagesApplicable"" : null
  } ],
  ""textByDefaultLanguage"" : ""MegaGen Implant Co., Ltd.""
}",,-1306,"MDSS GmbH","DE-AR-000005430","{
  ""texts"" : [ {
    ""language"" : {
      ""isoCode"" : ""en"",
      ""name"" : ""English""
    },
    ""text"" : ""MDSS GmbH"",
    ""allLanguagesApplicable"" : null
  } ]
}",,,,,
1536947,"01KFTYQNJNHRVKT1451SXXM1TX","6c836e3c-a294-4f0a-ab19-772a44567884",,"035.3012S",-56,1,0,0,0,0,1,0,,1,"07630031742728","0763003170095R7","43ab0374-3440-4b2b-9e0b-233a948cd997","01KFTJRWK2QHMNGPPY052YD8H9",0,0,0,,0,1,,0,,,0,,,,,,,1,0,0,"TLX Implant",,-205,-197,"STANDARD",," P01020101","CH-MF-000009933","Institut Straumann AG",-11,"{
  ""texts"" : [ {
    ""language"" : {
      ""isoCode"" : ""de"",
      ""name"" : ""German""
    },
    ""text"" : ""Institut Straumann AG"",
    ""allLanguagesApplicable"" : null
  } ],
  ""textByDefaultLanguage"" : null
}","{
  ""texts"" : [ {
    ""language"" : {
      ""isoCode"" : ""en"",
      ""name"" : ""English""
    },
    ""text"" : ""Straumann"",
    ""allLanguagesApplicable"" : null
  } ],
  ""textByDefaultLanguage"" : ""Straumann""
}",-1306,"Etkon GmbH","DE-AR-000009335","{
  ""texts"" : [ {
    ""language"" : null,
    ""text"" : ""Etkon GmbH"",
    ""allLanguagesApplicable"" : true
  } ],
  ""textByDefaultLanguage"" : null
}",,,,,
3976735,"01KZTG0XAGEWP0QRW5K4JSKDAZ","d883d8b9-0011-4448-a787-9db891242a03","CANWELL","115500001",,1,0,0,0,0,0,1,,1,"06932249271238","69429802KH0029GZ","65dfcda4-abc1-40ff-9ef5-a618f61bf237","01KEG3HR4B9V5Z9B10R5AM9Z3F",0,0,0,,0,0,,0,,,1,,,,,,,,0,0,"Orthopedic Instruments (ORTHOPAEDIC TUNNELLERS)",,-203,-197,"STANDARD",," L0918","CN-MF-000025329","CANWELL MEDICAL CO.,LTD.",-790,"{
  ""texts"" : [ {
    ""language"" : {
      ""isoCode"" : ""en"",
      ""name"" : ""English""
    },
    ""text"" : ""CANWELL MEDICAL CO.,LTD."",
    ""allLanguagesApplicable"" : null
  } ],
  ""textByDefaultLanguage"" : ""CANWELL MEDICAL CO.,LTD.""
}",,-1306,"Llins Service & Consulting GmbH","DE-AR-000009077","{
  ""texts"" : [ {
    ""language"" : {
      ""isoCode"" : ""de"",
      ""name"" : ""German""
    },
    ""text"" : ""Llins Service & Consulting GmbH"",
    ""allLanguagesApplicable"" : null
  } ]
}",,,,,
913378,"01JSZ365RXYXJ6JF37AVBMEWHF","ba739a9d-5282-4aee-a352-0dfcd7df8688","304 M","304 M",-245,1,0,0,0,0,0,0,,1,"08680395402355","86803954ORT03WZ","ef237a60-55bd-4efe-80e9-d4e0462fcd41","01JSYGG722K1R9T10M2661K431",0,0,0,,0,0,,0,,,0,,,,,,,,0,0,"ORTHOPEDICS - ELBOW SUPPORTS","300,301,302,303,304,305,306,307,308,309 ",-203,-197,"STANDARD",," Y060615","TR-MF-000046503","AURAFİX HEALTH PRODUCTS DIŞ TİCARET VE SANAYİ ANONİM ŞİRKETİ",-11,"{
  ""texts"" : [ {
    ""language"" : {
      ""isoCode"" : ""en"",
      ""name"" : ""English""
    },
    ""text"" : ""AURAFİX HEALTH PRODUCTS DIŞ TİCARET VE SANAYİ ANONİM ŞİRKETİ"",
    ""allLanguagesApplicable"" : false
  } ]
}",,-1306,,,,,"08680395402355",,,
220138,"01GQMNSFXEYG0BTJ0YE7EEHZF2","3a3d774e-7739-4b8f-bac7-cca10d7a04d9","HASA OPTIX","551139",-21,1,,,0,0,1,0,,1,"05404027416571","B-05404027416571","658bc22e-d769-4ed5-b675-366e4cdd41ba","01GQMNSFTY8G2QBVGD0NMA9QH5",0,0,0,,0,0,,0,,,0,,,,,,,,0,0,"551139x10: Sterile, Single Use, Notched Forceps, 45° Angled Straight Shafts With  Tying Platform, Castroviejo Handle, 105mm, 0.25mm Notched","551139",-204,-53,"LEGACY",," Q021102","BE-MF-000028219","HASA OPTIX",-11,"{
  ""texts"" : [ {
    ""language"" : {
      ""isoCode"" : ""en"",
      ""name"" : ""English""
    },
    ""text"" : ""HASA OPTIX"",
    ""allLanguagesApplicable"" : false
  } ],
  ""textByDefaultLanguage"" : ""HASA OPTIX""
}","{
  ""texts"" : [ {
    ""language"" : {
      ""isoCode"" : ""en"",
      ""name"" : ""English""
    },
    ""text"" : ""HASA OPTIX"",
    ""allLanguagesApplicable"" : false
  } ],
  ""textByDefaultLanguage"" : ""HASA OPTIX""
}",-1306,,,,,,,,
4221282,"01M1D0716JQY7PHKDDFW2EE4T9","bcc507ef-6a5a-4deb-9e4f-1d48a94049cd","Spex","1252-1616-00M-C_077",-56,1,0,0,0,0,0,0,,1,"09420082654464","94200517BACKSUPPORTFL","1c069f54-9308-4dc4-a36a-d96168d41d1c","01KQR1B6HEKZBF4RRJ2CF1XZRE",0,0,0,,0,0,,0,,,0,,,,,,,,0,0,"Wheelchair Back Support",,-203,-197,"STANDARD",," Y122406","NZ-MF-000009327","Spex Ltd",-11,"{
  ""texts"" : [ {
    ""language"" : {
      ""isoCode"" : ""en"",
      ""name"" : ""English""
    },
    ""text"" : ""Spex Ltd"",
    ""allLanguagesApplicable"" : null
  } ],
  ""textByDefaultLanguage"" : ""Spex Ltd""
}","{
  ""texts"" : [ {
    ""language"" : {
      ""isoCode"" : ""en"",
      ""name"" : ""English""
    },
    ""text"" : ""Spex"",
    ""allLanguagesApplicable"" : false
  } ],
  ""textByDefaultLanguage"" : ""Spex""
}",-1306,"BEO MedConsulting Berlin GmbH","DE-AR-000006764","{
  ""texts"" : [ {
    ""language"" : {
      ""isoCode"" : ""de"",
      ""name"" : ""German""
    },
    ""text"" : ""BEO MedConsulting Berlin GmbH"",
    ""allLanguagesApplicable"" : null
  } ]
}",,"09420082654464",,,
1426785,"01KD7KA7GVCNYJ7PAJGPX7NF3M","d81d3cc4-4cb1-42c7-8959-b0346ce7bbba","NEW ACE/NAPERCE COMBINATION SET","28*1SET,SS3S4LM32,UL,A2",-56,1,0,0,0,0,0,0,,1,"CSNNAZ180ULXA2","B-CSNNAZ180ULXA2","92b33df6-f947-46a5-967f-e17134371b88","01KD7KA7GDN8XGK633PVYS3M8V",0,0,0,,0,0,,0,,,0,,,,,,,,0,0,,"28*1SET,SS3S4LM32,UL,A2",-204,-53,"LEGACY",," Q01020601","JP-MF-000024849","YAMAHACHI DENTAL MFG., CO.",-11,"{
  ""texts"" : [ {
    ""language"" : {
      ""isoCode"" : ""en"",
      ""name"" : ""English""
    },
    ""text"" : ""YAMAHACHI DENTAL MFG., CO."",
    ""allLanguagesApplicable"" : false
  } ]
}",,-1306,"Obelis s.a.","BE-AR-000000106","{
  ""texts"" : [ {
    ""language"" : {
      ""isoCode"" : ""en"",
      ""name"" : ""English""
    },
    ""text"" : ""Obelis s.a."",
    ""allLanguagesApplicable"" : null
  } ],
  ""textByDefaultLanguage"" : ""Obelis s.a.""
}",,,,,
458407,"01HNA8JX2CT607CVV14XG4XS5Z","9b565080-8838-42f4-be9c-fd652cd62a7a","AYSAM","A7100-1000-01",-245,1,0,0,0,0,0,1,,1,"08682503098146","8682503ASC00001J6","a9da6ba8-258f-4b2d-aba8-7f60aa7c8b45","01HMXYHT5XBJJJM60CZZQE9W6M",0,0,0,,0,0,,0,,,1,,,,-116,,,,0,0,"Sterilization Container Systems","AYSAM",-203,-197,"STANDARD",," S010401","TR-MF-000017437","Aysam Ortopedi ve Tıbbi Aletler Sanayi ve Ticaret Limited Şirketi",-11,"{
  ""texts"" : [ {
    ""language"" : null,
    ""text"" : ""Aysam Ortopedi ve Tıbbi Aletler Sanayi ve Ticaret Limited Şirketi"",
    ""allLanguagesApplicable"" : true
  } ]
}","{
  ""texts"" : [ {
    ""language"" : null,
    ""text"" : ""Aysam Ortopedi"",
    ""allLanguagesApplicable"" : true
  } ]
}",-1306,,,,,"08682503098146",,,
1460098,"01KDCTXACYZ0YXH6C4R5F1D1A7","df57da40-4b7f-4a9d-8070-112b70bc9d24","EFUCERA NS","20PCS,34,UR6,B2",-56,1,0,0,0,0,0,0,,1,"PUEFNXX34R6XB2","B-PUEFNXX34R6XB2","423ac78d-9be5-4e79-8af9-6484c8c342f5","01KDCTXAC6NK58N6GD4678FVQ2",0,0,0,,0,0,,0,,,0,,,,,,,,0,0,,"20PCS,34,UR6,B2",-204,-53,"LEGACY",," Q01020601","JP-MF-000024849","YAMAHACHI DENTAL MFG., CO.",-11,"{
  ""texts"" : [ {
    ""language"" : {
      ""isoCode"" : ""en"",
      ""name"" : ""English""
    },
    ""text"" : ""YAMAHACHI DENTAL MFG., CO."",
    ""allLanguagesApplicable"" : false
  } ]
}",,-1306,"Obelis s.a.","BE-AR-000000106","{
  ""texts"" : [ {
    ""language"" : {
      ""isoCode"" : ""en"",
      ""name"" : ""English""
    },
    ""text"" : ""Obelis s.a."",
    ""allLanguagesApplicable"" : null
  } ],
  ""textByDefaultLanguage"" : ""Obelis s.a.""
}",,,,,
3998965,"01KZX8C9KKXBRTMY6T08HKBJKB","37ec8e93-9ca3-4dc3-8682-e65a1e521b0f",,"EUS25FNB-SS",-69,1,0,0,0,0,1,1,,1,"08905516396475","890551653TE","5149b71f-d84b-49a8-8877-e600e1da57a6","01KZBFZ6K83HHVSM4FT3EBYT2E",0,0,0,,0,0,,0,,,0,,,,,,,,0,0,"EUS Needle",,-204,-197,"STANDARD",," A0102010101","IN-MF-000013050","Biorad Medisys Pvt Ltd",-11,"{
  ""texts"" : [ {
    ""language"" : {
      ""isoCode"" : ""en"",
      ""name"" : ""English""
    },
    ""text"" : ""Biorad Medisys Pvt Ltd"",
    ""allLanguagesApplicable"" : null
  } ]
}","{
  ""texts"" : [ {
    ""language"" : {
      ""isoCode"" : ""en"",
      ""name"" : ""English""
    },
    ""text"" : ""BRP"",
    ""allLanguagesApplicable"" : null
  } ]
}",-1306,"CMC Medical Devices & Drugs SL","ES-AR-000000293","{
  ""texts"" : [ {
    ""language"" : {
      ""isoCode"" : ""es"",
      ""name"" : ""Spanish""
    },
    ""text"" : ""CMC Medical Devices & Drugs SL"",
    ""allLanguagesApplicable"" : null
  } ]
}",,,,,
4398034,"01M28NDRMX4YAG0M4YTFWQJGK6","f7ef5517-0694-4b30-b0d2-eabeccca9610","Arthrex®","AR-8625-08",-162,1,0,0,0,0,0,1,,1,"00888867125575","0888867HedLesScrw000000AU","bfef9c04-815a-4c7f-8391-0a723c45074a","01M28KBH1HCZQNKAS9ZZS7J0M5",0,0,0,,0,1,,0,,,0,,,,,,,1,0,0,"Headless Screw Family",,-205,-197,"STANDARD",," P09120603","US-MF-000019271","Arthrex Inc.",-11,"{
  ""texts"" : [ {
    ""language"" : {
      ""isoCode"" : ""en"",
      ""name"" : ""English""
    },
    ""text"" : ""Arthrex Inc."",
    ""allLanguagesApplicable"" : false
  } ]
}",,-1306,"Arthrex GmbH","DE-AR-000016163","{
  ""texts"" : [ {
    ""language"" : {
      ""isoCode"" : ""de"",
      ""name"" : ""German""
    },
    ""text"" : ""Arthrex GmbH"",
    ""allLanguagesApplicable"" : null
  } ]
}",,,,,
3773041,"01KYKJVJ557WFYMGQYD44HEFK9","fe7ead5c-8176-4ba6-89ee-e756b23a2162",,"UTPIO130C",-67,1,0,0,0,0,1,0,,1,"00197923522433","B-00197923522433","7f19d5ab-b024-4e37-83e1-6db700868eb5","01KYKJVJ4VPJJV7F21YWHPRXQT",0,0,0,,0,1,,0,,,0,,,,,,,,0,0,"Asqelio™ Pluris Toric Preloaded IOL Delivery System","UTPIO130C",-205,-53,"LEGACY",," P030102090301","US-MF-000021852","AST VisionCare Inc.",-11,"{
  ""texts"" : [ {
    ""language"" : {
      ""isoCode"" : ""en"",
      ""name"" : ""English""
    },
    ""text"" : ""AST VisionCare Inc."",
    ""allLanguagesApplicable"" : null
  } ]
}","{
  ""texts"" : [ {
    ""language"" : {
      ""isoCode"" : ""en"",
      ""name"" : ""English""
    },
    ""text"" : ""ASTVC"",
    ""allLanguagesApplicable"" : null
  } ]
}",-1306,"MDSS GmbH","DE-AR-000005430","{
  ""texts"" : [ {
    ""language"" : {
      ""isoCode"" : ""en"",
      ""name"" : ""English""
    },
    ""text"" : ""MDSS GmbH"",
    ""allLanguagesApplicable"" : null
  } ]
}",,,,,
3717323,"01KY8V7RZE6WJ32DJGJCTJ9RME","1b99c263-cc2a-4e32-8ba2-f9cc63abf7a3",,"91-9807-000-07",-87,1,0,0,0,0,0,1,,1,"06937112900505","69371129CE00268U","cec30e05-ed0b-40ea-91d4-cda2dce1af0c","01KXCQRD27YJ5ESH5H4WWE92SE",0,0,0,,0,0,,0,,,1,,,,,,,,0,0,"Arthroscopic Surgical Instruments",,-203,-197,"STANDARD",," L99","CN-MF-000018139","Beijing Delta Medical Science & Technology Corp. Ltd.",-11,"{
  ""texts"" : [ {
    ""language"" : {
      ""isoCode"" : ""en"",
      ""name"" : ""English""
    },
    ""text"" : ""Beijing Delta Medical Science & Technology Corp. Ltd."",
    ""allLanguagesApplicable"" : false
  } ],
  ""textByDefaultLanguage"" : ""Beijing Delta Medical Science & Technology Corp. Ltd.""
}",,-1306,"MedNet EC-REP C IIb GmbH","DE-AR-000011194","{
  ""texts"" : [ {
    ""language"" : {
      ""isoCode"" : ""en"",
      ""name"" : ""English""
    },
    ""text"" : ""MedNet EC-REP C IIb GmbH"",
    ""allLanguagesApplicable"" : null
  } ]
}",,,,,
3228553,"01KV8F5TXQDC26NB1C2WYYNMWC","9579dbf3-c249-451d-b9f9-fe1b00ac19a1",,"97154855-00",,1,,,,,1,0,,1,"07313662471570","733243000000000151JW","1d72d613-de31-4d7f-9f9a-8bfd8868bd18","01KT70YBZC1WHTQ5W83ZM0D1FA",,,,,,,,,,,,,,,-541,,,,,,"Sterile Customized ProcedurePak",,-10,-197,"SPP","The intention of co-packing components into trays is to replace a large number of individually packaged items and generate savings in time for surgery procedures."," V0599","SE-PR-000016902","Mölnlycke Health Care AB",-11,"{
  ""texts"" : [ {
    ""language"" : {
      ""isoCode"" : ""en"",
      ""name"" : ""English""
    },
    ""text"" : ""Mölnlycke Health Care AB"",
    ""allLanguagesApplicable"" : null
  } ]
}",,-1306,,,,,,,"07313662471570,07313662472409",
4633582,"01M34P3JZE4MKHV4XF7Y5Y5F6V","1eb03871-548e-4aaf-93c0-8525b2c6ba6c","Insert Driver","MID050L",-162,1,0,0,0,0,0,1,,1,"08806388226443","880972899002B","5f65630d-d68f-4659-be9a-5af005b4790d","01KZT6JB90BM2P5Q2XNYBF3BNQ",0,0,0,,0,0,,0,,,0,,,,,,,,0,0,"Surgical Instruments",,-203,-197,"STANDARD",," Q010399","KR-MF-000009885","MegaGen Implant Co., Ltd.",-11,"{
  ""texts"" : [ {
    ""language"" : {
      ""isoCode"" : ""en"",
      ""name"" : ""English""
    },
    ""text"" : ""MegaGen Implant Co., Ltd."",
    ""allLanguagesApplicable"" : null
  } ],
  ""textByDefaultLanguage"" : ""MegaGen Implant Co., Ltd.""
}",,-1306,"MDSS GmbH","DE-AR-000005430","{
  ""texts"" : [ {
    ""language"" : {
      ""isoCode"" : ""en"",
      ""name"" : ""English""
    },
    ""text"" : ""MDSS GmbH"",
    ""allLanguagesApplicable"" : null
  } ]
}",,,,,
1628630,"01KH6DWBG10S0SSV0131H2YTB3","f649fea4-43a4-426f-92a6-5f48b38c1824","MATOSET","MA-991-SPEC-911",-175,1,0,0,0,0,1,0,,1,"05900516246860","5900516DDBXXXXU4","82f100ab-ae49-47f9-9791-1215f4543ac7","01KG4Q4KPH657W1YE5B278T0CN",0,0,0,,0,0,,0,,,0,,,,,,,,0,0,"DRESSING MATERIALS - SURGICALLY INVASIVE STERILE",,-204,-197,"STANDARD",," T0202","PL-MF-000002200","TORUŃSKIE ZAKŁADY MATERIAŁÓW OPATRUNKOWYCH SPÓŁKA AKCYJNA",-11,"{
  ""texts"" : [ {
    ""language"" : {
      ""isoCode"" : ""pl"",
      ""name"" : ""Polish""
    },
    ""text"" : ""TORUŃSKIE ZAKŁADY MATERIAŁÓW OPATRUNKOWYCH SPÓŁKA AKCYJNA"",
    ""allLanguagesApplicable"" : null
  } ]
}","{
  ""texts"" : [ {
    ""language"" : {
      ""isoCode"" : ""pl"",
      ""name"" : ""Polish""
    },
    ""text"" : ""TZMO SA"",
    ""allLanguagesApplicable"" : null
  } ]
}",-1306,,,,,,,,
2602745,"01KS5BB5KHGTJ33F71PMPV87PZ","af706298-d09e-4233-8d72-41825a6d1eaa","starlight-protect-plus","5190VI-1-52",-56,1,0,0,0,0,0,0,,1,"04251110609706","42511106STLGTPRTCTPLSF6","0f3f3a52-303d-4b63-9f60-8fd1a0d18a05","01KS24MZYGG1W236H2JJQ3ME9Q",0,0,0,,0,0,,0,,,0,,,,,,,,0,0,"starlight-protect-plus",,-203,-197,"STANDARD",," Y090699","DE-MF-000008880","ATO FORM GmbH",-11,"{
  ""texts"" : [ {
    ""language"" : {
      ""isoCode"" : ""de"",
      ""name"" : ""German""
    },
    ""text"" : ""ATO FORM GmbH"",
    ""allLanguagesApplicable"" : null
  } ]
}","{
  ""texts"" : [ {
    ""language"" : {
      ""isoCode"" : ""de"",
      ""name"" : ""German""
    },
    ""text"" : ""Wir stehen für kompetente Beratung und viel Erfahrung als Spezialist für rehatechnisch-orthopädische Hilfsmittel."",
    ""allLanguagesApplicable"" : null
  } ]
}",-1306,,,,,,,,
1835626,"01KMMWQNCM9FEKDD9JMXBCTH1J","4182fb8d-a08b-4cf2-9ddb-5e900d55ecf0","MeteoGaz","GC13",-74,1,,,0,0,0,0,,1,"D-0600803875","B-0600803875","2f8ac907-f245-4ddc-b641-42228a51458e","01KMMWQNC4G8RQM8YMME66KP19",0,0,0,,0,0,,0,,,0,,,,,,,,0,0,"MeteoGaz (10 stick packs)","GC13",-204,-53,"LEGACY",," G0401","IT-MF-000022188","S.I.I.T. srl",-11,"{
  ""texts"" : [ {
    ""language"" : {
      ""isoCode"" : ""it"",
      ""name"" : ""Italian""
    },
    ""text"" : ""S.I.I.T. srl"",
    ""allLanguagesApplicable"" : null
  } ],
  ""textByDefaultLanguage"" : null
}",,-1306,,,,,,,,
3805036,"01KYQJ7Q2BYTN35PEA7R7AW913","db948ac2-48ea-460b-8848-47a8545c7c46","Epimed International,Inc.","287-1815",-162,1,0,0,0,0,1,0,,1,"00818788022622","081878802RFCannulaRS","58004f1e-16dd-42d2-af49-d9f3faf6bee7","01KYQ7FFMZVXASFSP4NXS9ZHDT",0,0,0,,0,0,,0,,,0,,,,,,,,0,0,,"RF Cannula",-204,-197,"STANDARD",," K02030106","US-MF-000010774","Epimed International, Inc.",-11,"{
  ""texts"" : [ {
    ""language"" : {
      ""isoCode"" : ""en"",
      ""name"" : ""English""
    },
    ""text"" : ""Epimed International, Inc."",
    ""allLanguagesApplicable"" : null
  } ]
}",,-1306,"Emergo Europe B.V.","NL-AR-000000116","{
  ""texts"" : [ {
    ""language"" : {
      ""isoCode"" : ""en"",
      ""name"" : ""English""
    },
    ""text"" : ""Emergo Europe B.V."",
    ""allLanguagesApplicable"" : null
  } ]
}",,,,"00818788022622,10818788022629",
1085136,"01K1K8Y804XSEJ7EEGRBXZXVBE","5605cde2-5b8a-4f2c-882a-ab74572b5518","Master Series Bracket","42SLA",-162,1,0,0,0,0,0,0,,1,"00190746142772","01907460000134DQ","7763c735-c2ff-4eda-96bc-738da086923e","01K1K4K2G8AXQGG5Z2ZT0ACWDJ",0,0,0,,0,0,,0,,,0,,,,,,,,0,0,"Master Series Bracket",,-204,-197,"STANDARD",," Q010403","US-MF-000007702","American Orthodontics",-11,"{
  ""texts"" : [ {
    ""language"" : {
      ""isoCode"" : ""en"",
      ""name"" : ""English""
    },
    ""text"" : ""American Orthodontics"",
    ""allLanguagesApplicable"" : null
  } ]
}",,-1306,"Medical Technology Promedt Consulting GmbH","DE-AR-000000085","{
  ""texts"" : [ {
    ""language"" : {
      ""isoCode"" : ""de"",
      ""name"" : ""German""
    },
    ""text"" : ""Medical Technology Promedt Consulting GmbH"",
    ""allLanguagesApplicable"" : null
  } ]
}",,,,,
2374926,"01KRGT2PE4M7RS7BS1M4DQEZ0F","6e851480-d373-403e-b320-a238a753c240","SPHERO B/MICRO ASTRA/ST ø 4 NC h.5 TiN","003AS4NC5R",-108,1,0,0,0,0,0,1,,1,"08059224080352","805804571ADTK5","a36fe606-5d5f-4aa4-9802-65dc79b8738e","01KM0BRN55VPYXB9V3MNWNZ2N1",0,0,0,,0,1,,0,,,0,,,,,,,1,0,0,"ATTACCHI DIRETTI IN TITANIO",,-205,-197,"STANDARD",," Q010299","IT-MF-000005998","Rhein 83 S.r.l.",-11,"{
  ""texts"" : [ {
    ""language"" : {
      ""isoCode"" : ""it"",
      ""name"" : ""Italian""
    },
    ""text"" : ""Rhein 83 S.r.l."",
    ""allLanguagesApplicable"" : null
  } ]
}","{
  ""texts"" : [ {
    ""language"" : {
      ""isoCode"" : ""it"",
      ""name"" : ""Italian""
    },
    ""text"" : ""Rhein "",
    ""allLanguagesApplicable"" : null
  } ]
}",-1306,,,,,,,,
640198,"01J1WSDM645X84DDG0P5JJ46J8","1a35be16-d759-4434-a959-b3fa05ed9538","VITA VM®13","B4544350",-56,1,0,0,0,0,0,0,,1,"J017B45443500","++J017BB1PN","9052b4fe-f0b7-4077-a64f-9cba1f65bf03","01J1WS465X35PK7M4J2HH0R7HB",0,0,0,,0,0,,0,,,0,,,,,,,,0,0,"Veneering Ceramic",,-204,-197,"STANDARD",," Q010699","DE-MF-000005906","VITA Zahnfabrik H. Rauter GmbH & Co. KG",-11,"{
  ""texts"" : [ {
    ""language"" : {
      ""isoCode"" : ""de"",
      ""name"" : ""German""
    },
    ""text"" : ""VITA Zahnfabrik H. Rauter GmbH & Co. KG"",
    ""allLanguagesApplicable"" : null
  } ],
  ""textByDefaultLanguage"" : null
}","{
  ""texts"" : [ {
    ""language"" : {
      ""isoCode"" : ""de"",
      ""name"" : ""German""
    },
    ""text"" : ""VITA"",
    ""allLanguagesApplicable"" : null
  } ],
  ""textByDefaultLanguage"" : null
}",-1306,,,,,,,,
1039250,"01K054QVJZDABG7MNNC9KGGE2N","34f6192b-8550-450c-9d82-104a886db5b9","MatrixMANDIBLE","04.503.648.01S",-21,1,0,0,0,0,1,0,,1,"07611819939950","7611819a00591K6","345a77aa-952b-4b73-b5da-7f4a88d41dca","01JZXC39KM3K3FFD6NP0JEKJGB",0,0,0,,0,1,,0,,,0,,,,,,,1,0,0,"MatrixMANDIBLE Screws","MatrixMANDIBLE Screws",-205,-197,"STANDARD",," P09120601","CH-MF-000013345","Synthes GmbH",-11,"{
  ""texts"" : [ {
    ""language"" : {
      ""isoCode"" : ""en"",
      ""name"" : ""English""
    },
    ""text"" : ""Synthes GmbH"",
    ""allLanguagesApplicable"" : null
  } ]
}",,-1306,"DePuy Ireland UC","IE-AR-000009328","{
  ""texts"" : [ {
    ""language"" : {
      ""isoCode"" : ""en"",
      ""name"" : ""English""
    },
    ""text"" : ""DePuy Ireland UC"",
    ""allLanguagesApplicable"" : null
  } ]
}",,,,,
1291575,"01K7K8HJVE9V3S4XMNQK0CMMRF","b2dbfbfd-e76c-4a24-9fff-037004e0fd7a","Head Ø36","NCR-1901-36",-162,1,,,0,0,0,1,,2,"08720256027539","B-08720256027539","ff76783b-df31-4d0f-bbd6-de60cb832b54","01K7K8HJSRJ3HQKAQFH42ENA35",0,0,0,,0,0,,0,,,1,,,,,,,,0,0,"Noviomagus Cup Resector","Noviomagus Cup Resector",-203,-53,"LEGACY",," L091101","NL-MF-000023199","Spierings Orthopaedics B.V.",-11,"{
  ""texts"" : [ {
    ""language"" : {
      ""isoCode"" : ""en"",
      ""name"" : ""English""
    },
    ""text"" : ""Spierings Orthopaedics B.V."",
    ""allLanguagesApplicable"" : false
  } ]
}","{
  ""texts"" : [ {
    ""language"" : {
      ""isoCode"" : ""en"",
      ""name"" : ""English""
    },
    ""text"" : ""SO"",
    ""allLanguagesApplicable"" : false
  } ]
}",-1306,,,,,,,,
2511959,"01KS061YKCXSYC2RW3GH2RDTNF","573e8d08-332f-4ff9-96eb-db5e3c36fccb","TENA Pants Super Large, 2x30p, Ps","793640",-192,1,0,0,0,0,0,0,,1,"07322542168523","73225400030066","c31cbf87-30eb-421a-bbd5-9b79a54888c3","01KM0N5P09V8WEST02FNX8HN66",0,0,0,,0,0,,0,,,0,,,,,,,,0,0,"Inco Pants",,-203,-197,"STANDARD",," T04010103","SE-MF-000000004","Essity Hygiene and Health AB",-11,"{
  ""texts"" : [ {
    ""language"" : {
      ""isoCode"" : ""en"",
      ""name"" : ""English""
    },
    ""text"" : ""Essity Hygiene and Health AB"",
    ""allLanguagesApplicable"" : null
  } ],
  ""textByDefaultLanguage"" : ""Essity Hygiene and Health AB""
}",,-1306,,,,,,,,
234153,"01GSC6T531JJ4GEZPCT0BK3FVQ","4c515ed4-ee54-4cdc-91e6-73d02e407dc9",,"HX004 5cm*5m",-56,1,0,0,0,0,0,0,,1,"16924682910321","69246829HX004R8","9af8d56d-4d48-4411-8296-e45374f3b9a5","01GSC6ERJ15DMCMKJDCGH7FHR9",0,0,0,,0,0,,0,,,0,,,,,,,,0,0,"Medical Tape","Non Woven medical tape",-203,-197,"STANDARD",," H900299","CN-MF-000032917","Suzhou Hengxiang Import & Export Co., Ltd.",-11,"{
  ""texts"" : [ {
    ""language"" : {
      ""isoCode"" : ""en"",
      ""name"" : ""English""
    },
    ""text"" : ""Suzhou Hengxiang Import & Export Co., Ltd."",
    ""allLanguagesApplicable"" : false
  } ]
}",,-1306,"MedPath GmbH","DE-AR-000000087","{
  ""texts"" : [ {
    ""language"" : {
      ""isoCode"" : ""de"",
      ""name"" : ""German""
    },
    ""text"" : ""MedPath GmbH"",
    ""allLanguagesApplicable"" : null
  } ]
}",,,,,
143023,"01GANP6QJJNTSTKXX1H52ZY17H","0253fe22-0c2e-45f9-9ff0-5dee4940cd58","EQUASEAT MEDIUM","PEQSIM",-243,1,0,0,0,0,0,0,,1,"05050962369924","5050962CUSHIONS7L","cac04f96-58d3-4280-947e-489a7709c51e","01FVA816PKFWGAWZKQV8DA2FTY",0,0,0,,0,0,,0,,,0,,,,,,,,0,0,"MEDIUM EQUAZONE CUSHION","LLEQM",-203,-197,"STANDARD",," V080399","GB-MF-000011951","Helping Hand Company (Ledbury) Ltd",-11,"{
  ""texts"" : [ {
    ""language"" : {
      ""isoCode"" : ""en"",
      ""name"" : ""English""
    },
    ""text"" : ""Helping Hand Company (Ledbury) Ltd"",
    ""allLanguagesApplicable"" : null
  } ],
  ""textByDefaultLanguage"" : ""Helping Hand Company (Ledbury) Ltd""
}",,-1306,"Sunrise Medical GmbH","DE-AR-000006321","{
  ""texts"" : [ {
    ""language"" : null,
    ""text"" : ""Sunrise Medical GmbH"",
    ""allLanguagesApplicable"" : true
  } ]
}",,"05050962369924",,,
3755933,"01KYJHG6F6RXSSN20HX9H9AYZP","4fa569bf-8507-4d79-8093-55b3d4a2e32e",,"TLIO130C",-67,1,0,0,0,0,1,0,,1,"00840149809672","B-00840149809672","a67acf29-82ad-47cf-afe4-b7015de9c9af","01KYJHG6ES80C51NZ36HWM6K2C",0,0,0,,0,1,,0,,,0,,,,,,,,0,0,"Asqelio™ Toric Soft Hydrophobic Intraocular Lens","TLIO130C",-205,-53,"LEGACY",," P030102090301","US-MF-000021852","AST VisionCare Inc.",-11,"{
  ""texts"" : [ {
    ""language"" : {
      ""isoCode"" : ""en"",
      ""name"" : ""English""
    },
    ""text"" : ""AST VisionCare Inc."",
    ""allLanguagesApplicable"" : null
  } ]
}","{
  ""texts"" : [ {
    ""language"" : {
      ""isoCode"" : ""en"",
      ""name"" : ""English""
    },
    ""text"" : ""ASTVC"",
    ""allLanguagesApplicable"" : null
  } ]
}",-1306,"MDSS GmbH","DE-AR-000005430","{
  ""texts"" : [ {
    ""language"" : {
      ""isoCode"" : ""en"",
      ""name"" : ""English""
    },
    ""text"" : ""MDSS GmbH"",
    ""allLanguagesApplicable"" : null
  } ]
}",,,,,
230181,"01GRRN3759FBT591SBZQHCGGN9","2397b078-1a64-415d-bf6e-336b54ed088a",,"VEGA120/IC",-108,1,1,0,0,0,0,0,,1,"08059777433285","805699462FTEGMZ","46325f2a-9117-4cac-9843-dbfb6d1b9bff","01GMB1H1MHT3VHZSQ23MCB4R95",1,1,0,,0,0,,0,,,0,,,,,,,,0,0,,"UNITÀ TERMINALI AGSS ED ACCESSORI PER IMPIANTI DI EVACUAZIONE  DEI GAS ANESTETICI",-204,-197,"STANDARD",," Z120309","IT-MF-000029037","Pres Block S.p.A.",-11,"{
  ""texts"" : [ {
    ""language"" : {
      ""isoCode"" : ""it"",
      ""name"" : ""Italian""
    },
    ""text"" : ""Pres Block S.p.A."",
    ""allLanguagesApplicable"" : false
  } ]
}","{
  ""texts"" : [ {
    ""language"" : {
      ""isoCode"" : ""it"",
      ""name"" : ""Italian""
    },
    ""text"" : ""Pres Block"",
    ""allLanguagesApplicable"" : false
  } ]
}",-1306,,,,,,,,
1097732,"01K1X0T3P3YW3RMDKEYXGVTNKD","a537211c-7f93-484c-86fa-f54f8b16c87a","Wheelchair bracket","CP08SS",-192,1,0,0,0,0,0,0,,1,"00840363305899","08403633AXIOMHARDSOFTRC","0b88c6bc-44da-4380-a80f-ef79ed714745","01K1WSX999QJ3Q40FM41SC84BM",0,0,0,,0,0,,0,,,0,,,,,,,,0,0,,"Backs",-203,-197,"STANDARD",," Y122499","US-MF-000012633","Ki Mobility LLC",-11,"{
  ""texts"" : [ {
    ""language"" : {
      ""isoCode"" : ""en"",
      ""name"" : ""English""
    },
    ""text"" : ""Ki Mobility LLC"",
    ""allLanguagesApplicable"" : null
  } ]
}","{
  ""texts"" : [ {
    ""language"" : {
      ""isoCode"" : ""en"",
      ""name"" : ""English""
    },
    ""text"" : ""Ki Mobility"",
    ""allLanguagesApplicable"" : null
  } ]
}",-1306,"Etac Supply Center AB","SE-AR-000001601","{
  ""texts"" : [ {
    ""language"" : {
      ""isoCode"" : ""sv"",
      ""name"" : ""Swedish""
    },
    ""text"" : ""Etac Supply Center AB"",
    ""allLanguagesApplicable"" : null
  } ]
}",,,,,
2449284,"01KRQR5HYCQEG2N7JQXD4XN4TV","da2d4750-1ee9-4d76-857c-e9f2e55760ef","Video Colonoscope VCC-1T50JL","VCC-1T50JL",-56,1,0,0,0,0,0,0,,1,"06973519702144","697351970VCL0001S5","b93660ea-1176-4125-9279-d858cae57a9a","01KRB1SV2QTTHBPZRJS3KJ33RP",1,0,0,,0,0,,0,,,0,,,,,,,,0,0,"Video Colonoscope",,-204,-197,"STANDARD",," Z12020601","CN-MF-000030035","Shanghai Aohua Photoelectricity Endoscope Co.,Ltd.",-11,"{
  ""texts"" : [ {
    ""language"" : {
      ""isoCode"" : ""en"",
      ""name"" : ""English""
    },
    ""text"" : ""Shanghai Aohua Photoelectricity Endoscope Co.,Ltd."",
    ""allLanguagesApplicable"" : false
  } ]
}",,-1306,"Shanghai International Holding Corp. GmbH(Europe)","DE-AR-000000001","{
  ""texts"" : [ {
    ""language"" : {
      ""isoCode"" : ""de"",
      ""name"" : ""German""
    },
    ""text"" : ""Shanghai International Holding Corp. GmbH(Europe)"",
    ""allLanguagesApplicable"" : null
  } ]
}",,"06973519702144",,"06973519702144,16973519702141",
3521090,"01KX61Q67METRHX0GHN2XBXF5Q","1db369b0-6f69-4e07-a873-ce1c2cad9e69","REFLUCALM PLUS","FT.CE.107.FD.1.210",-108,1,,,0,0,0,0,,1,"D-FT.CE.107.FD.1.2102T","B-FT.CE.107.FD.1.2102T","2e653f2b-e8b0-4631-aad1-23eec3083136","01KX61Q66QBYVC4Y1ZMGBBZHTR",0,0,0,,0,0,,0,,,0,,,,,,,,0,0,"REFLUCALM PLUS","Variant D - bottle of 210 ml with syringe ",-204,-53,"LEGACY",," G0401","IT-MF-000012625","GRUPPO FARMAIMPRESA SRL",-11,"{
  ""texts"" : [ {
    ""language"" : {
      ""isoCode"" : ""it"",
      ""name"" : ""Italian""
    },
    ""text"" : ""GRUPPO FARMAIMPRESA SRL"",
    ""allLanguagesApplicable"" : null
  } ]
}",,-1306,,,,,,,,
2204123,"01KQS6TMDQG290DVZTZ9V7NG52","37d23332-d1f6-498f-8bf4-cf4b18312768","Feeding tubes with/ without Guidewires","16114",-108,1,0,0,0,0,1,0,,1,"08902095161142","890209540050EE","3be26688-7474-4062-81dd-1071c8163675","01KQHQFT68PZWYQ7J5K8WVE3K2",0,1,0,,0,0,,0,,,0,,,,,,,,0,0,"Feeding tubes with/ without Guidewires","Feeding tubes with/ without Guidewires",-204,-197,"STANDARD",," G020299","IN-MF-000043010","Poly medicure limited",-11,"{
  ""texts"" : [ {
    ""language"" : {
      ""isoCode"" : ""en"",
      ""name"" : ""English""
    },
    ""text"" : ""Poly medicure limited"",
    ""allLanguagesApplicable"" : false
  } ],
  ""textByDefaultLanguage"" : ""Poly medicure limited""
}","{
  ""texts"" : [ {
    ""language"" : {
      ""isoCode"" : ""en"",
      ""name"" : ""English""
    },
    ""text"" : ""Polymed"",
    ""allLanguagesApplicable"" : false
  } ],
  ""textByDefaultLanguage"" : ""Polymed""
}",-1306,"Obelis s.a.","BE-AR-000000106","{
  ""texts"" : [ {
    ""language"" : {
      ""isoCode"" : ""en"",
      ""name"" : ""English""
    },
    ""text"" : ""Obelis s.a."",
    ""allLanguagesApplicable"" : null
  } ],
  ""textByDefaultLanguage"" : ""Obelis s.a.""
}",,,,,
4321415,"01M1XET5HD7WHJGY9471X52QMV","25d616f6-57c7-431d-9727-8c59f5c087e3","Westwood Scotland","WO 2396CWC C3",-67,1,0,0,0,0,0,0,,1,"06978468046417","697846804WSC25","4e2b10cb-c441-4dd9-8ef4-e77fb47d9c5a","01KT66Q6NA5CGNWR0J3JK9YABR",0,0,0,,0,0,,0,,,0,,,,,,,,0,0,"SPECTACLE FRAMES",,-203,-197,"STANDARD",," Q02100203","CN-MF-000024745","Superb Vision International Trading (Hangzhou) Co.,Ltd.",-11,"{
  ""texts"" : [ {
    ""language"" : {
      ""isoCode"" : ""en"",
      ""name"" : ""English""
    },
    ""text"" : ""Superb Vision International Trading (Hangzhou) Co.,Ltd."",
    ""allLanguagesApplicable"" : false
  } ],
  ""textByDefaultLanguage"" : ""Superb Vision International Trading (Hangzhou) Co.,Ltd.""
}","{
  ""texts"" : [ {
    ""language"" : {
      ""isoCode"" : ""en"",
      ""name"" : ""English""
    },
    ""text"" : ""Superb Vision International Trading"",
    ""allLanguagesApplicable"" : false
  } ],
  ""textByDefaultLanguage"" : ""Superb Vision International Trading""
}",-1306,"Superbvision Optik, SL","ES-AR-000017930","{
  ""texts"" : [ {
    ""language"" : {
      ""isoCode"" : ""es"",
      ""name"" : ""Spanish""
    },
    ""text"" : ""Superbvision Optik, SL"",
    ""allLanguagesApplicable"" : null
  } ]
}",,"06978468046417",,,
2601663,"01KS5AZDGSYS8PJVG66FTK3HFQ","52d5ebf8-2258-4563-8803-f5c50adcf49d","starlight-protect-plus","5183-66",-56,1,0,0,0,0,0,0,,1,"04251110604954","42511106STLGTPRTCTPLSF6","0f3f3a52-303d-4b63-9f60-8fd1a0d18a05","01KS24MZYGG1W236H2JJQ3ME9Q",0,0,0,,0,0,,0,,,0,,,,,,,,0,0,"starlight-protect-plus",,-203,-197,"STANDARD",," Y090699","DE-MF-000008880","ATO FORM GmbH",-11,"{
  ""texts"" : [ {
    ""language"" : {
      ""isoCode"" : ""de"",
      ""name"" : ""German""
    },
    ""text"" : ""ATO FORM GmbH"",
    ""allLanguagesApplicable"" : null
  } ]
}","{
  ""texts"" : [ {
    ""language"" : {
      ""isoCode"" : ""de"",
      ""name"" : ""German""
    },
    ""text"" : ""Wir stehen für kompetente Beratung und viel Erfahrung als Spezialist für rehatechnisch-orthopädische Hilfsmittel."",
    ""allLanguagesApplicable"" : null
  } ]
}",-1306,,,,,,,,
742811,"01JBH39R3H5WB4ZGZ341QJ6PXD","280d29f0-974c-4a26-a917-90dd75c56679","TPA Screw Ø 3,3/4,1","IPD/DB-TR-50",-67,1,0,0,0,0,0,1,,1,"08435566609398","8435566611BP","3ae6dfad-16cc-4921-9e28-f67963a62cf2","01JBBXF3NCR4EETKBWNW0BT3CT",0,0,0,,0,1,,0,,,0,,,,,,,1,0,0,"TPA screws","TPA",-205,-197,"STANDARD",," Q010280","ES-MF-000002195","IMPLANT PROTESIS DENTAL 2004 S.L.",-11,"{
  ""texts"" : [ {
    ""language"" : {
      ""isoCode"" : ""es"",
      ""name"" : ""Spanish""
    },
    ""text"" : ""IMPLANT PROTESIS DENTAL 2004 S.L."",
    ""allLanguagesApplicable"" : null
  } ]
}","{
  ""texts"" : [ {
    ""language"" : {
      ""isoCode"" : ""es"",
      ""name"" : ""Spanish""
    },
    ""text"" : ""IPD"",
    ""allLanguagesApplicable"" : null
  } ]
}",-1306,,,,,,,,
2215293,"01KQVEH2KAPHZ9Q183H200VCA7","8db1a376-52da-4c30-bedd-276aed751c03",,"21EC-0593233201",-74,1,0,0,0,0,1,0,,1,"08699207990959","8699207STLS3PWSNG5","a71da63c-14de-4939-b84b-3497d652256a","01KQS9N9YBB9B1GGJ1SRSNNNX0",0,0,0,,0,0,,1,,,0,,,,,,,,0,0,"Syringes with Hypodermic needles -Luer 3 part safety needle",,-204,-197,"STANDARD",," A020102010201","TR-MF-000028280","Set Medikal Sanayi ve Ticaret A.S - MF",-11,"{
  ""texts"" : [ {
    ""language"" : {
      ""isoCode"" : ""en"",
      ""name"" : ""English""
    },
    ""text"" : ""Set Medikal Sanayi ve Ticaret A.S - MF"",
    ""allLanguagesApplicable"" : false
  } ]
}",,-1306,,,,,,,,
2860629,"01KSQG3Y1X0H539YKSN6A7FTJS","d606c09e-4652-4fbd-8984-a79984b17da4","DEAMB.REGOLABILE 2 RUOTE C/BLOCCO 12,5CM","DB230",-108,1,0,0,0,0,0,0,,1,"08052879649301","805287964201810QU","bb33372c-8676-40e1-97d0-46db55a90346","01KSQG1KXA8ZE5BW0298KZSKT7",0,0,0,,0,0,,0,,,0,,,,,,,,0,0,,"DEAMBULATORI BASSI",-203,-197,"STANDARD",," Y120606","IT-MF-000005980","MORETTI SPA",-11,"{
  ""texts"" : [ {
    ""language"" : {
      ""isoCode"" : ""it"",
      ""name"" : ""Italian""
    },
    ""text"" : ""MORETTI SPA"",
    ""allLanguagesApplicable"" : null
  } ]
}","{
  ""texts"" : [ {
    ""language"" : {
      ""isoCode"" : ""it"",
      ""name"" : ""Italian""
    },
    ""text"" : ""MORETTI"",
    ""allLanguagesApplicable"" : null
  } ]
}",-1306,,,,,,,,
3405997,"01KWH487NVRPWA7KWASGQA4TSV","78e60f66-3cef-4c8c-8816-c1b5cbe92343","SELENITE BROTH - 5 Kg","4020254",-108,1,,,,,0,1,1,1,"08054187136160","805418713MEDIAPOWDER040ZN","ce62d572-f435-4799-a32f-a9ddb4c6dd15","01KWEAZMMW60PKFJZ71FERRY7F",,,1,0,0,,0,,1,0,,0,,0,,0,1,,,,"COLUMBIA AGAR BASE - 500 g","dehydrated culture medium",-199,-198,"STANDARD",," W0104010101","IT-MF-000018174","Biolife Italiana s.r.l.",-11,"{
  ""texts"" : [ {
    ""language"" : {
      ""isoCode"" : ""it"",
      ""name"" : ""Italian""
    },
    ""text"" : ""Biolife Italiana s.r.l."",
    ""allLanguagesApplicable"" : null
  } ]
}","{
  ""texts"" : [ {
    ""language"" : {
      ""isoCode"" : ""it"",
      ""name"" : ""Italian""
    },
    ""text"" : ""Biolife Italiana s.r.l."",
    ""allLanguagesApplicable"" : null
  } ]
}",-1306,,,,,"08054187136160",,,
1380185,"01KCRH3R3XHTCX799RVPVBPW1Q","1940d3c5-48e4-46a8-b875-89a1da33e869",,"-862-0013-050",-56,1,1,0,0,0,0,0,,1,"EFOR86200130501","++EFOR080101FC","37209087-540f-48cd-89d3-a7b0f02e8bcd","01KCRFWHV28NFYW2ZKHHPPJSR5",0,0,0,,0,0,,0,,,0,,,,,,,,0,0,"Orthodontic bands",,-204,-197,"STANDARD",," Q010402","DE-MF-000006256","Bernhard Förster GmbH",-11,"{
  ""texts"" : [ {
    ""language"" : {
      ""isoCode"" : ""de"",
      ""name"" : ""German""
    },
    ""text"" : ""Bernhard Förster GmbH"",
    ""allLanguagesApplicable"" : null
  } ]
}","{
  ""texts"" : [ {
    ""language"" : {
      ""isoCode"" : ""de"",
      ""name"" : ""German""
    },
    ""text"" : ""Bernhard Förster"",
    ""allLanguagesApplicable"" : null
  } ]
}",-1306,,,,"EFOR8620013050001",,,,
1529687,"01KFGGDW78B4F976561VV533HW","b8a5992f-8747-4fb5-802b-cc2a39d47e4e","ENDOWAVE","6825-435",-56,1,0,0,0,0,0,1,,1,"07640142431053","7640142410401029T","facd907f-d4ac-40be-b64e-a8ca5bf93ec5","01KFDMS8GE9J5KWQN6NCTBXZH5",0,0,0,,0,0,,0,,,1,,,,,,,,0,0,"BIORACE","01.7B0.00.0EO.FK",-204,-197,"STANDARD",," L159004","CH-MF-000017925","FKG Dentaire Sàrl",-11,"{
  ""texts"" : [ {
    ""language"" : null,
    ""text"" : ""FKG Dentaire Sàrl"",
    ""allLanguagesApplicable"" : true
  } ]
}","{
  ""texts"" : [ {
    ""language"" : null,
    ""text"" : ""FKG Dentaire"",
    ""allLanguagesApplicable"" : true
  } ]
}",-1306,"Emergo Europe B.V.","NL-AR-000000116","{
  ""texts"" : [ {
    ""language"" : {
      ""isoCode"" : ""en"",
      ""name"" : ""English""
    },
    ""text"" : ""Emergo Europe B.V."",
    ""allLanguagesApplicable"" : null
  } ]
}",,,,,
4450068,"01M2N1YEJY5J1HTFHA6JKV259J","18bdf5f0-db5a-4cb5-b3f6-3e09bfb6fa49","Spencer Scissor","J-22-223A",-180,1,0,0,0,0,0,1,,1,"+B784J22223A0P","B-+B784J22223A0P","be983b69-fe49-446a-9bb9-a61983a4e26b","01M2N1YEJM0KGA6XA0RMWD7WZH",0,0,0,,0,0,,0,,,1,,,,,,,,0,0,"SHARP INSTRUMENTS, REUSABLE","LIGATURES SCISSORS, REUSABLE",-203,-53,"LEGACY",," L01040202","PK-MF-000009773","Surgicon Private Limited",-11,"{
  ""texts"" : [ {
    ""language"" : {
      ""isoCode"" : ""en"",
      ""name"" : ""English""
    },
    ""text"" : ""Surgicon Private Limited"",
    ""allLanguagesApplicable"" : null
  } ]
}",,-1306,"CMC Medical Devices & Drugs SL","ES-AR-000000293","{
  ""texts"" : [ {
    ""language"" : {
      ""isoCode"" : ""es"",
      ""name"" : ""Spanish""
    },
    ""text"" : ""CMC Medical Devices & Drugs SL"",
    ""allLanguagesApplicable"" : null
  } ]
}",,,,,
2324357,"01KRDATHVCAVTM154J7GS5X92J","ab329f5a-dcc3-45ba-8596-64545365eb1e",,"2133320000042",-56,1,0,0,0,0,0,0,,1,"04048145377737","4055107LucRo7D","84264c3d-df38-47e8-8c5b-db3e6b719269","01KRBAHFPTH32N78MG1EKS4H0T",0,0,0,,0,0,,0,,,0,,,,,,,,0,0,"LucRo",,-203,-197,"STANDARD",," Y063303","DE-MF-000004958","Schein Orthopädie Service KG",-11,"{
  ""texts"" : [ {
    ""language"" : {
      ""isoCode"" : ""de"",
      ""name"" : ""German""
    },
    ""text"" : ""Schein Orthopädie Service KG"",
    ""allLanguagesApplicable"" : null
  } ]
}",,-1306,,,,,,,,
4591347,"01M31ZWGTQZETV3DCGJSQ9X0W2","29131cb3-7579-4a65-af68-028925e06633",,"ST-195728",-56,1,0,0,0,0,1,0,,1,"04250304910253","B-04250304910253","a5b20df9-d94a-4bc8-9dbb-d82f96b23bf2","01M31ZWGT1MGXMJQYEH560QH2C",0,0,0,,0,1,,0,,,0,,,,,,,,0,0,"Ureteral Stents and Sets USL",,-205,-53,"LEGACY",," U020302","DE-MF-000009137","uroVision Gesellschaft für medizinischen Technologie-Transfer mbH",-11,"{
  ""texts"" : [ {
    ""language"" : null,
    ""text"" : ""uroVision Gesellschaft für medizinischen Technologie-Transfer mbH"",
    ""allLanguagesApplicable"" : true
  } ]
}","{
  ""texts"" : [ {
    ""language"" : null,
    ""text"" : ""uroVision"",
    ""allLanguagesApplicable"" : true
  } ]
}",-1306,,,,,,,,
2565560,"01KS38Z6GZFZC9CH7PTN8NN3S6","c13f5b1d-d79e-4b74-804f-bbff2e4acbcd","Essential THERMOREGULATING","78493",-56,1,0,0,0,0,0,0,,1,"07611711784931","7611711ETHDN","e7460372-2ad9-436e-8d92-d12faee59117","01KS388KENN1CKW7R6WCQJ2T64",0,0,0,,0,0,,0,,,0,,,,,,,,0,0,,"Essential THERMOREGULATING",-203,-197,"STANDARD",," M030405","CH-MF-000015565","SIGVARIS AG",-11,"{
  ""texts"" : [ {
    ""language"" : {
      ""isoCode"" : ""de"",
      ""name"" : ""German""
    },
    ""text"" : ""SIGVARIS AG"",
    ""allLanguagesApplicable"" : null
  } ],
  ""textByDefaultLanguage"" : null
}","{
  ""texts"" : [ {
    ""language"" : {
      ""isoCode"" : ""de"",
      ""name"" : ""German""
    },
    ""text"" : ""SSG"",
    ""allLanguagesApplicable"" : null
  } ],
  ""textByDefaultLanguage"" : null
}",-1306,"Sigvaris GmbH","DE-AR-000010016","{
  ""texts"" : [ {
    ""language"" : {
      ""isoCode"" : ""de"",
      ""name"" : ""German""
    },
    ""text"" : ""Sigvaris GmbH"",
    ""allLanguagesApplicable"" : null
  } ]
}",,,,,
3817028,"01KYSFB1C3NKJP3H9V5PT09X1E","ef46a0c0-8cff-4d42-a260-336521fd9aa6","BD 240U 1 / Lumbosacral Steel/Flexible Stay Corset 26 cm Standard 1","BD 240U 1",-245,1,0,0,0,0,0,0,,1,"08682495011017","86824950KORSEZT","d0921ed4-0ff5-4816-ace0-93b5b87c08e0","01KXKKC8924XMETH6NF7NFMVEK",0,0,0,,0,0,,0,,,0,,,,,,,,0,0,"CORSET SUPPORTS","CORSET SUPPORTS",-203,-197,"STANDARD",," Y060308","TR-MF-000045383","BİOAKTİF TIBBİ ÜRÜNLER VE TEKNİK TEKSTİL SAN. TİC. LTD. ŞTİ. ",-11,"{
  ""texts"" : [ {
    ""language"" : null,
    ""text"" : ""BİOAKTİF TIBBİ ÜRÜNLER VE TEKNİK TEKSTİL SAN. TİC. LTD. ŞTİ. "",
    ""allLanguagesApplicable"" : true
  } ]
}","{
  ""texts"" : [ {
    ""language"" : null,
    ""text"" : ""BIOAKTIF TIBBI URUNLER"",
    ""allLanguagesApplicable"" : true
  } ]
}",-1306,,,,,"08682495011017",,,
4680181,"01M39G0EKZX1F9TQR0ET1HSMXR","314b72c4-7d17-451d-9611-8f9b2de7f50d","Bipoláris próbafej","419201054",-98,1,0,0,0,0,0,1,,1,"05996527013003","5996527621TRLBHDNSTLT","56880ed6-7520-4474-b425-d3fc16aa4cb5","01M39F7H83WSAQW24D4CXVC7JX",0,0,0,,0,0,,0,,,0,,,,,,,,0,0,"Bipolar trial head",,-204,-197,"STANDARD",," L0999","HU-MF-000006772","Sanatmetal Ortopédiai és Traumatológiai Eszközöket Gyártó Kft.",-11,"{
  ""texts"" : [ {
    ""language"" : {
      ""isoCode"" : ""hu"",
      ""name"" : ""Hungarian""
    },
    ""text"" : ""Sanatmetal Ortopédiai és Traumatológiai Eszközöket Gyártó Kft."",
    ""allLanguagesApplicable"" : null
  }, {
    ""language"" : {
      ""isoCode"" : ""en"",
      ""name"" : ""English""
    },
    ""text"" : ""Sanatmetal Orthopaedic and Traumatologic Equipment Manufacturer Ltd."",
    ""allLanguagesApplicable"" : null
  } ]
}","{
  ""texts"" : [ {
    ""language"" : {
      ""isoCode"" : ""hu"",
      ""name"" : ""Hungarian""
    },
    ""text"" : ""Sanatmetal Kft."",
    ""allLanguagesApplicable"" : null
  }, {
    ""language"" : {
      ""isoCode"" : ""en"",
      ""name"" : ""English""
    },
    ""text"" : ""Sanatmetal Ltd."",
    ""allLanguagesApplicable"" : null
  } ]
}",-1306,,,,,,,,
2880246,"01KSRN6CE2RH314TDFENXSZ452","f55fa9b4-e757-44ea-92fa-2a531e09d8a0","MUST Polyaxial Cann Ti Screw Ø4.5x40 - Ø5.5/6","03.68.763",-108,1,0,0,0,0,1,0,,1,"07630542711565","764014274VIS0084R061YS","520bad3c-016b-4551-a099-cdb5a73aa59d","01KSQ0J1GVBZ7Q8VDKSAZWV0N0",0,0,0,,0,1,,0,,,0,,,,,,,1,0,0,,"Spine MUST screw (tulip)",-205,-197,"STANDARD",," P09070302","CH-MF-000033473","Medacta International SA",-11,"{
  ""texts"" : [ {
    ""language"" : {
      ""isoCode"" : ""en"",
      ""name"" : ""English""
    },
    ""text"" : ""Medacta International SA"",
    ""allLanguagesApplicable"" : false
  } ]
}","{
  ""texts"" : [ {
    ""language"" : {
      ""isoCode"" : ""en"",
      ""name"" : ""English""
    },
    ""text"" : ""Medacta"",
    ""allLanguagesApplicable"" : false
  } ]
}",-1306,"Medacta Italia srl","IT-AR-000022505","{
  ""texts"" : [ {
    ""language"" : {
      ""isoCode"" : ""it"",
      ""name"" : ""Italian""
    },
    ""text"" : ""Medacta Italia srl"",
    ""allLanguagesApplicable"" : null
  } ]
}",,,,,
4493099,"01M2SR9S9MJN4VMCZW4BKFQ7QM","c8f0dfa5-4cac-485f-8ba5-a0e9176ffa76","BIOPRO","BXW3005",-185,1,,,0,0,1,0,,1,"05944756523145","B-05944756523145","84ba40d4-9923-4d22-a022-b1a05128d291","01M2SR9S8KQDQE4H9FSKHKBSPZ",0,0,0,,0,1,,0,,,0,,,,,,,,0,0,"BIOPRO","Polypropylene monofilament non-absorbable sterile surgical suture",-10,-53,"LEGACY",," H010201010401","RO-MF-000001463","BIOSINTEX SRL",-11,"{
  ""texts"" : [ {
    ""language"" : {
      ""isoCode"" : ""ro"",
      ""name"" : ""Romanian""
    },
    ""text"" : ""BIOSINTEX SRL"",
    ""allLanguagesApplicable"" : null
  } ]
}","{
  ""texts"" : [ {
    ""language"" : {
      ""isoCode"" : ""ro"",
      ""name"" : ""Romanian""
    },
    ""text"" : ""BIOSINTEX "",
    ""allLanguagesApplicable"" : null
  } ]
}",-1306,,,,,,,,
962789,"01J9BJV5732GZ823K4BS6WKTKF","1b709396-e8e6-416a-910f-5cbf6c9b7db3",,"40.4600.000",-175,1,0,0,0,0,0,1,,3,"05908447001909","59084472NL018ME","620df833-1711-4b18-ae5a-e9514dae94d1","01J9BJJRM3VGYVTKC5RH4STF1D",0,0,0,,0,0,,0,,,1,,,,,,,,0,0,"INSTRUMENTARIUM","INSTRUMENTS",-203,-197,"STANDARD",," L091001","PL-MF-000002121","ChM spółka z ograniczoną odpowiedzialnością",-11,"{
  ""texts"" : [ {
    ""language"" : {
      ""isoCode"" : ""pl"",
      ""name"" : ""Polish""
    },
    ""text"" : ""ChM spółka z ograniczoną odpowiedzialnością"",
    ""allLanguagesApplicable"" : null
  } ]
}","{
  ""texts"" : [ {
    ""language"" : {
      ""isoCode"" : ""pl"",
      ""name"" : ""Polish""
    },
    ""text"" : ""ChM sp. z o.o."",
    ""allLanguagesApplicable"" : null
  } ]
}",-1306,,,,,,,,
2415961,"01KRN73MDSRTWBHR2S2GMGVQZH","68a66cbe-7380-4d73-8bdc-38fb65efc56b","Aprikos","AM04-125-38",-163,1,0,0,0,0,0,1,,1,"07073371013859","7073371FILENO25X5","e599306c-fd10-48ed-9f33-820cd8cf943d","01KRN4QJWAD3W5MHAKB9950YDG",0,0,0,,0,0,,0,,,1,,,,,,,,0,0,"LP-29 Hemostatic Forceps",,-203,-197,"STANDARD",," L031306","NO-MF-000044411","Aprikos Medical AS",-11,"{
  ""texts"" : [ {
    ""language"" : {
      ""isoCode"" : ""en"",
      ""name"" : ""English""
    },
    ""text"" : ""Aprikos Medical AS"",
    ""allLanguagesApplicable"" : false
  } ]
}","{
  ""texts"" : [ {
    ""language"" : {
      ""isoCode"" : ""en"",
      ""name"" : ""English""
    },
    ""text"" : ""APM"",
    ""allLanguagesApplicable"" : false
  } ]
}",-1306,,,,,"07073371013859",,,
4665969,"01M37BFV74GMMPMXWQJGQ763G0","12f069a3-11cb-4970-9d59-2bb21875f85c","AssuCryl®","4695",-108,1,0,0,0,0,1,0,,1,"07613406005215","07613406ACLPGA8T","4fb8dd2e-bfdc-45ef-8819-f5c7d82d1cfe","01M3797ZGM5AMFP1YVRX8R7203",0,0,0,,0,1,,0,,,0,,,,,,,,0,0,"AssuCryl (PGA)","Sterile synthetic absorbable surgical suture material",-10,-197,"STANDARD",," H010101020101","CH-MF-000009358","Assut Medical Sàrl",-11,"{
  ""texts"" : [ {
    ""language"" : {
      ""isoCode"" : ""fr"",
      ""name"" : ""French""
    },
    ""text"" : ""Assut Medical Sàrl"",
    ""allLanguagesApplicable"" : null
  } ]
}","{
  ""texts"" : [ {
    ""language"" : {
      ""isoCode"" : ""fr"",
      ""name"" : ""French""
    },
    ""text"" : ""Assut"",
    ""allLanguagesApplicable"" : null
  } ]
}",-1306,"Medical Technology Promedt Consulting GmbH","DE-AR-000000085","{
  ""texts"" : [ {
    ""language"" : {
      ""isoCode"" : ""de"",
      ""name"" : ""German""
    },
    ""text"" : ""Medical Technology Promedt Consulting GmbH"",
    ""allLanguagesApplicable"" : null
  } ]
}",,,,,
1562410,"01KFAQDCC6KNK1EBYY8MF2VKXQ","c31336f0-9c8a-4d47-81ef-6b2f19bf3f90","Q-TEMP AUTO MIX INTRO KIT","100014IT",-21,1,0,0,0,0,0,0,,2,"07290115051292","72901150510001495","a894cf52-7f3d-4203-80fb-98933fc8478e","01KFAPQYA8KEETRVQJWK5KPZKB",0,0,0,,0,0,,0,,,0,,,,,,,,0,0,"Long Term Temporary Resin Cement",,-204,-197,"STANDARD",," Q0101010203","IL-MF-000034121","B.J.M. Laboratories Ltd.",-11,"{
  ""texts"" : [ {
    ""language"" : {
      ""isoCode"" : ""en"",
      ""name"" : ""English""
    },
    ""text"" : ""B.J.M. Laboratories Ltd."",
    ""allLanguagesApplicable"" : false
  } ]
}",,-1306,"Obelis s.a.","BE-AR-000000106","{
  ""texts"" : [ {
    ""language"" : {
      ""isoCode"" : ""en"",
      ""name"" : ""English""
    },
    ""text"" : ""Obelis s.a."",
    ""allLanguagesApplicable"" : null
  } ],
  ""textByDefaultLanguage"" : ""Obelis s.a.""
}",,,,,
68549,"01FZYD6SEF040P3985DYMA655Z","2e51e43b-1221-44df-88e7-2a8364edce69","Pants","165721",-67,1,0,0,0,0,0,0,,1,"16974390660223","697439066fy-8087V","38111f4a-61a4-464d-8d61-b97cb37dafef","01FZYD4HVYK8AVTKFHA6FYHS86",0,0,0,,0,0,,0,,,0,,,,-116,,,,0,0,"Pants",,-203,-197,"STANDARD",," T0203","CN-MF-000003236","XIANTAO FORTUNE MEDICAL SUPPLIES CO.,LTD.",-11,"{
  ""texts"" : [ {
    ""language"" : {
      ""isoCode"" : ""en"",
      ""name"" : ""English""
    },
    ""text"" : ""XIANTAO FORTUNE MEDICAL SUPPLIES CO.,LTD."",
    ""allLanguagesApplicable"" : null
  } ]
}",,-1306,"SUNGO Europe B.V.","NL-AR-000000247","{
  ""texts"" : [ {
    ""language"" : {
      ""isoCode"" : ""nl"",
      ""name"" : ""Dutch""
    },
    ""text"" : ""SUNGO Europe B.V."",
    ""allLanguagesApplicable"" : null
  } ]
}","06974390660226",,,,
2676751,"01KSFANMFW5BW7KJDZQFT8N1FF","4dd4d542-a461-456d-8dff-329dce090506","SMARTeZ RS-PainBloc-Fixed Flow with Bolus 100ml-1ml/h-Bolus 1ml Refill 30 min with Hanger Cap & NRFit","477020HCN",,1,0,0,0,0,1,0,,1,"18859299118526","88592991B001U4","9d35a681-84bf-4087-a5d7-f06cabfc80b9","01KSF78CVZTSV4GJ2X9FEH133X",1,1,0,,0,0,,0,,,0,,,,,,,,0,0,"Elastomeric Pump",,-204,-197,"STANDARD",," A05010102","TH-MF-000012102","Epic International (Thailand) Co., Ltd.",-790,"{
  ""texts"" : [ {
    ""language"" : {
      ""isoCode"" : ""en"",
      ""name"" : ""English""
    },
    ""text"" : ""Epic International (Thailand) Co., Ltd."",
    ""allLanguagesApplicable"" : null
  } ],
  ""textByDefaultLanguage"" : ""Epic International (Thailand) Co., Ltd.""
}",,-1306,"Medical Technology Promedt Consulting GmbH","DE-AR-000000085","{
  ""texts"" : [ {
    ""language"" : {
      ""isoCode"" : ""de"",
      ""name"" : ""German""
    },
    ""text"" : ""Medical Technology Promedt Consulting GmbH"",
    ""allLanguagesApplicable"" : null
  } ]
}",,,,"18859299118526,28859299118523",
1315849,"01KB1F45AGARQWS3MTEHRJ64TT","11d42ecb-e4a4-4592-93c2-ca89d40a02dc","Sterile Hypodermic Syringe for Single Use","three-piece;  luer lock tip;  5ml, 0.80mm×38mm TW",-56,1,0,0,0,0,1,1,,1,"06945682070139","69456820SYR003Z3","15f33735-8453-4bf1-bc10-9a6d6d8fa3e2","01KB1EX68G8551H34FG9BGHX4V",0,0,0,,0,0,,0,,,0,,,,-117,,,,0,0,"Sterile Hypodermic Syringe for Single Use",,-204,-197,"STANDARD",," A020102020101","CN-MF-000020075","Jiangyin Medical Devices Co., Ltd.",-11,"{
  ""texts"" : [ {
    ""language"" : {
      ""isoCode"" : ""en"",
      ""name"" : ""English""
    },
    ""text"" : ""Jiangyin Medical Devices Co., Ltd."",
    ""allLanguagesApplicable"" : false
  } ]
}",,-1306,"Shanghai International Holding Corp. GmbH(Europe)","DE-AR-000000001","{
  ""texts"" : [ {
    ""language"" : {
      ""isoCode"" : ""de"",
      ""name"" : ""German""
    },
    ""text"" : ""Shanghai International Holding Corp. GmbH(Europe)"",
    ""allLanguagesApplicable"" : null
  } ]
}",,"06945682070139",,,
2594631,"01KS587G732KBS7195131Z204C","16603148-52bd-4ae6-b455-d69072cfeb6f","Smart One","91110051 - 91110050",-108,1,0,0,0,0,0,0,,1,"08052990321117","805299032065E2","15781e5d-7e27-4887-bc68-4f80794fe3ff","01JWDFR7BSJNGPF4PCQXC3NW11",1,0,0,,0,0,,0,,,0,,,,,,,,0,0,,"MIR065",-204,-197,"STANDARD",," Z12150102","IT-MF-000014026","MIR - Medical International Research S.p.A.",-11,"{
  ""texts"" : [ {
    ""language"" : null,
    ""text"" : ""MIR - Medical International Research S.p.A."",
    ""allLanguagesApplicable"" : true
  } ]
}","{
  ""texts"" : [ {
    ""language"" : null,
    ""text"" : ""MIR S.p.A."",
    ""allLanguagesApplicable"" : true
  } ]
}",-1306,,,,,,,,
2523653,"01KS0QZQ8WPC5ARR533R97K31V","67df5c14-e72a-42e1-818d-a0533670f564","Style SEMITRANSPARENT","67660",-56,1,0,0,0,0,0,0,,1,"07611711676601","7611711SSEFK","35b5b2d2-ca51-4d18-a364-c66f1b1d2a69","01KS0Q34B0W2PH0QZC0C8Z9XVJ",0,0,0,,0,0,,0,,,0,,,,,,,,0,0,,"Style SEMITRANSPARENT",-203,-197,"STANDARD",," M030405","CH-MF-000015565","SIGVARIS AG",-11,"{
  ""texts"" : [ {
    ""language"" : {
      ""isoCode"" : ""de"",
      ""name"" : ""German""
    },
    ""text"" : ""SIGVARIS AG"",
    ""allLanguagesApplicable"" : null
  } ],
  ""textByDefaultLanguage"" : null
}","{
  ""texts"" : [ {
    ""language"" : {
      ""isoCode"" : ""de"",
      ""name"" : ""German""
    },
    ""text"" : ""SSG"",
    ""allLanguagesApplicable"" : null
  } ],
  ""textByDefaultLanguage"" : null
}",-1306,"Sigvaris GmbH","DE-AR-000010016","{
  ""texts"" : [ {
    ""language"" : {
      ""isoCode"" : ""de"",
      ""name"" : ""German""
    },
    ""text"" : ""Sigvaris GmbH"",
    ""allLanguagesApplicable"" : null
  } ]
}",,,,,
1272885,"01K9HHS4V6HJE5QBFSATXVCJC1","120d124d-3a20-47f1-8ac0-65b2537fc661","DuVac","CLOT ACTIVATOR Serum separator",-74,1,,,,,0,0,0,1,"08906206830248","906206830DUVACB4","99db409c-966f-4bd6-9d04-c7629d14a9eb","01K8QV32TX31YWC0PRAB5CVRVX",,,0,1,0,,0,,0,0,,0,,0,,0,1,,,,"BLOOD COLLECTION TUBE ","DUVAC",-199,-198,"STANDARD",," W050101010201","IN-MF-000049646","DUSONS MEDICARE LLP",-11,"{
  ""texts"" : [ {
    ""language"" : {
      ""isoCode"" : ""en"",
      ""name"" : ""English""
    },
    ""text"" : ""DUSONS MEDICARE LLP"",
    ""allLanguagesApplicable"" : false
  } ]
}",,-1306,"AF Pharma Service Europe SL","ES-AR-000018076","{
  ""texts"" : [ {
    ""language"" : null,
    ""text"" : ""AF Pharma Service Europe SL"",
    ""allLanguagesApplicable"" : true
  } ]
}",,,,,
3256445,"01KVF4Q85B926NG0TPZYN88508","0acd0d52-0ea7-4c15-addc-63c45be271bf","ORTHODONTIC BRACKETS","EM-321-215H",-56,1,0,0,0,0,0,1,,1,"06932622902445","697476625EKS01PG","5c6559d6-d364-4bba-85aa-8809dfb70360","01KVDF8CGEA51W66ZPCSKNVCHD",0,0,0,,0,0,,0,,,0,,,,,,,,0,0,"ORTHODONTIC BRACKETS AND BUTTONS",,-204,-197,"STANDARD",," Q010403","CN-MF-000034903","Zhejiang Eksen Medical Technology Co.,Ltd.",-11,"{
  ""texts"" : [ {
    ""language"" : {
      ""isoCode"" : ""en"",
      ""name"" : ""English""
    },
    ""text"" : ""Zhejiang Eksen Medical Technology Co.,Ltd."",
    ""allLanguagesApplicable"" : false
  } ]
}",,-1306,"MedPath GmbH","DE-AR-000000087","{
  ""texts"" : [ {
    ""language"" : {
      ""isoCode"" : ""de"",
      ""name"" : ""German""
    },
    ""text"" : ""MedPath GmbH"",
    ""allLanguagesApplicable"" : null
  } ]
}",,,,,
1029076,"01JZSWQ8Q70YNEJQRN2K75RVZB","0af1027e-9dc4-4cbf-8df1-5043531c752f","KIT STYLETTO 3IX UK BLK SLV","21031008",-56,1,0,0,0,0,0,0,,1,"05714880216783","5714880-WSA-28-17-4V","a8f9557f-0638-4369-a480-53f5c2237398","01JZSPCWSTHYSB8Z0T07REKVC4",1,0,0,,0,0,,0,,,0,,,,,,,,0,0,,"SLIM RIC",-204,-197,"STANDARD",," Y2145060102","DK-MF-000015974","WSAUD A/S",-11,"{
  ""texts"" : [ {
    ""language"" : {
      ""isoCode"" : ""en"",
      ""name"" : ""English""
    },
    ""text"" : ""WSAUD A/S"",
    ""allLanguagesApplicable"" : null
  } ]
}",,-1306,,,,,,,,
841999,"01JM2E5AHA0R2K99M8D5R1H39X","f2c13647-3d0b-4c76-90af-f96ba4f97f7d","tipstim glove","BOSAN/0003",-56,1,0,0,0,0,0,0,,1,"1301940BOS0003011","PP01940TIPGLO61","d71a67e9-32ae-49d7-a4e9-bb45eaf76306","01JM2DQFXYW8WEA5FV5991C51Y",0,0,0,,0,0,,0,,,0,,,,,,,,0,0,"tipstim glove",,-203,-197,"STANDARD",," Z12062780","DE-MF-000006978","BOSANA Medizintechnik GmbH",-11,"{
  ""texts"" : [ {
    ""language"" : {
      ""isoCode"" : ""de"",
      ""name"" : ""German""
    },
    ""text"" : ""BOSANA Medizintechnik GmbH"",
    ""allLanguagesApplicable"" : null
  } ]
}","{
  ""texts"" : [ {
    ""language"" : null,
    ""text"" : ""BOSANA"",
    ""allLanguagesApplicable"" : true
  } ]
}",-1306,,,,,"1301940BOS0003011",,,
1925181,"01KNGW0HM78REQJC31SXP4YBJ8","ee680b51-444d-4e81-b012-f83d3a6aaac3","MEDNETIC","PK 7 3L 20 21 35 R",-245,1,0,0,0,0,1,0,,1,"08681645013369","B-08681645013369","d7d6e3f1-beb4-4117-9b44-a3c907be8f8a","01KNGW0HHVD9N5B23HJ98SW3RM",0,0,0,,0,0,,0,,,0,,,,,,,,0,0,"Sphincterotome 7F 3L 20 mm 215 cm 0,035""",,-205,-53,"LEGACY",," G03040202","TR-MF-000030603","TECHNOCAST OTOMOTİV SANAYİ VE TİC. A.Ş. MEDİKAL ŞUBESİ",-11,"{
  ""texts"" : [ {
    ""language"" : {
      ""isoCode"" : ""en"",
      ""name"" : ""English""
    },
    ""text"" : ""TECHNOCAST OTOMOTİV SANAYİ VE TİC. A.Ş. MEDİKAL ŞUBESİ"",
    ""allLanguagesApplicable"" : false
  } ]
}",,-1306,,,,,,,,
1614816,"01KH4SE3KW208ZMQZKS400N2JD","1fa43222-5e27-4481-ac47-c37325ae5c92","MDT Diamond Coated Dental Burs","119916-34-5$",-74,1,0,0,0,0,0,1,,1,"57291046393098","7291046DiamondnonStrlRE","b48b709a-d54a-4d45-a72f-9f71bc69d355","01H1GSTNGPMEAZD2WMR01BFMGM",0,0,0,,0,0,,0,,,1,,,,,,,,0,0,"Non-Sterile Diamond Coated Dental Burs",,-204,-197,"STANDARD",," Z12110102","IL-MF-000008464","MDT Micro Diamond Technologies Ltd.",-11,"{
  ""texts"" : [ {
    ""language"" : {
      ""isoCode"" : ""en"",
      ""name"" : ""English""
    },
    ""text"" : ""MDT Micro Diamond Technologies Ltd."",
    ""allLanguagesApplicable"" : null
  } ]
}","{
  ""texts"" : [ {
    ""language"" : {
      ""isoCode"" : ""en"",
      ""name"" : ""English""
    },
    ""text"" : ""MDT"",
    ""allLanguagesApplicable"" : null
  } ]
}",-1306,"Obelis s.a.","BE-AR-000000106","{
  ""texts"" : [ {
    ""language"" : {
      ""isoCode"" : ""en"",
      ""name"" : ""English""
    },
    ""text"" : ""Obelis s.a."",
    ""allLanguagesApplicable"" : null
  } ],
  ""textByDefaultLanguage"" : ""Obelis s.a.""
}",,,,,
8264,"01FMHEQTA455QS9VN0NW1VMD00","30eb08da-1749-4757-9e2e-8fd6577b0a16","Sokkelisängynkorottaja, säädettävä, 10 cm, puinen","650129S",-69,1,0,0,0,0,0,0,,1,"06430057230602","6430057234010TQ","8a679830-a1d8-4660-a416-9f2dd82300ad","01FMHD7HKZANC1N9E1PT9XPQ13",0,0,0,,0,0,,0,,,0,,,,,,,,0,0,"Sängynjalankorottaja","4010",-203,-197,"STANDARD",," Y1899","FI-MF-000006700","Tukimet Oy",-11,"{
  ""texts"" : [ {
    ""language"" : {
      ""isoCode"" : ""fi"",
      ""name"" : ""Finnish""
    },
    ""text"" : ""Tukimet Oy"",
    ""allLanguagesApplicable"" : null
  } ]
}",,-1306,,,,,,,,
3687399,"01KY4MQB9B9VZAEH58AS5AQ8Z6","3be379a8-11a2-4922-9bc2-0d56c66d3db8","Line pressure regulator","GM8642-002",-56,1,0,0,0,0,0,0,,1,"07630828915410","B-07630828915410","e1a322a1-acab-4389-a180-5956316db709","01KY4MQB8S9GEMFHWS8T2MJCK9",1,0,0,,0,0,,0,,,0,,,,,,,,0,0,,"Line pressure regulator",-205,-53,"LEGACY",," Z120309","CH-MF-000014214","GLOOR AG",-11,"{
  ""texts"" : [ {
    ""language"" : {
      ""isoCode"" : ""de"",
      ""name"" : ""German""
    },
    ""text"" : ""GLOOR AG"",
    ""allLanguagesApplicable"" : null
  } ]
}","{
  ""texts"" : [ {
    ""language"" : {
      ""isoCode"" : ""de"",
      ""name"" : ""German""
    },
    ""text"" : ""GLOOR"",
    ""allLanguagesApplicable"" : null
  }, {
    ""language"" : {
      ""isoCode"" : ""en"",
      ""name"" : ""English""
    },
    ""text"" : ""GLOOR LTD"",
    ""allLanguagesApplicable"" : null
  }, {
    ""language"" : {
      ""isoCode"" : ""fr"",
      ""name"" : ""French""
    },
    ""text"" : ""GLOOR SA"",
    ""allLanguagesApplicable"" : null
  } ]
}",-1306,"Gloor Medical GmbH","DE-AR-000012493","{
  ""texts"" : [ {
    ""language"" : {
      ""isoCode"" : ""de"",
      ""name"" : ""German""
    },
    ""text"" : ""Gloor Medical GmbH"",
    ""allLanguagesApplicable"" : null
  } ]
}",,,,,
3263391,"01KVG054MYY9J9PN57JW5XKHAG","93bfde44-97b9-4a45-af32-66c5c837593d","Anatomic Band U/LR 39,5mm With Tubes 20.10.611 / 612 and 20.61.206","48.31.122",-180,1,0,0,0,0,0,0,,1,"07895742223199","7895742224G5","542c56d4-0d29-4508-a4e5-a583cd21f31e","01KVE5ZWDRE4XFHV63C5SY58HY",0,0,0,,0,0,,0,,,0,,,,,,,,0,0,,"BANDAS ORTODÔNTICAS",-204,-197,"STANDARD",," Q010402","BR-MF-000004812","DENTAL MORELLI LTDA.",-11,"{
  ""texts"" : [ {
    ""language"" : {
      ""isoCode"" : ""pt"",
      ""name"" : ""Portuguese""
    },
    ""text"" : ""DENTAL MORELLI LTDA."",
    ""allLanguagesApplicable"" : null
  }, {
    ""language"" : {
      ""isoCode"" : ""en"",
      ""name"" : ""English""
    },
    ""text"" : ""DENTAL MORELLI LTD."",
    ""allLanguagesApplicable"" : null
  } ]
}","{
  ""texts"" : [ {
    ""language"" : {
      ""isoCode"" : ""pt"",
      ""name"" : ""Portuguese""
    },
    ""text"" : ""MORELLI"",
    ""allLanguagesApplicable"" : null
  } ]
}",-1306,"Nuno Flores","PT-AR-000003118","{
  ""texts"" : [ {
    ""language"" : {
      ""isoCode"" : ""pt"",
      ""name"" : ""Portuguese""
    },
    ""text"" : ""Nuno Flores"",
    ""allLanguagesApplicable"" : null
  } ],
  ""textByDefaultLanguage"" : null
}",,,,,
4250345,"01M1GNG4151AQEN1WCZ1CR7417","b8795d2c-6e25-4fe9-8fd4-a9359e90c3a7","RapidFor™","VMPO81",-245,1,,,,,0,0,,1,"08685115801821","B-08685115801821","a66fd53b-48df-41c7-a0ad-b2b320457163","01M1GNG3ZJ63760R6K8RYXABBK",,,0,0,0,,1,,0,0,,0,,1,,0,1,,,,"Vitamin B12 (FIA) ","VMPO81ED",-157,-55,"LEGACY",," W0102070204","TR-MF-000026452","Vitrosens Biotechnology Inc.",-11,"{
  ""texts"" : [ {
    ""language"" : {
      ""isoCode"" : ""en"",
      ""name"" : ""English""
    },
    ""text"" : ""Vitrosens Biotechnology Inc."",
    ""allLanguagesApplicable"" : false
  } ]
}","{
  ""texts"" : [ {
    ""language"" : {
      ""isoCode"" : ""en"",
      ""name"" : ""English""
    },
    ""text"" : ""Vitrosens Biyoteknoloji A.S."",
    ""allLanguagesApplicable"" : false
  } ]
}",-1306,,,,,,,,
1620830,"01KH51EEJW1W80RRGPD001YZWY","fd411f6f-c87f-4ab2-a813-ca9c51b81dfc","MDT Diamond Coated Dental Burs","HP010045C-17",-74,1,0,0,0,0,0,1,,1,"47291046753710","7291046DiamondnonStrlRE","b48b709a-d54a-4d45-a72f-9f71bc69d355","01H1GSTNGPMEAZD2WMR01BFMGM",0,0,0,,0,0,,0,,,1,,,,,,,,0,0,"Non-Sterile Diamond Coated Dental Burs",,-204,-197,"STANDARD",," Z12110102","IL-MF-000008464","MDT Micro Diamond Technologies Ltd.",-11,"{
  ""texts"" : [ {
    ""language"" : {
      ""isoCode"" : ""en"",
      ""name"" : ""English""
    },
    ""text"" : ""MDT Micro Diamond Technologies Ltd."",
    ""allLanguagesApplicable"" : null
  } ]
}","{
  ""texts"" : [ {
    ""language"" : {
      ""isoCode"" : ""en"",
      ""name"" : ""English""
    },
    ""text"" : ""MDT"",
    ""allLanguagesApplicable"" : null
  } ]
}",-1306,"Obelis s.a.","BE-AR-000000106","{
  ""texts"" : [ {
    ""language"" : {
      ""isoCode"" : ""en"",
      ""name"" : ""English""
    },
    ""text"" : ""Obelis s.a."",
    ""allLanguagesApplicable"" : null
  } ],
  ""textByDefaultLanguage"" : ""Obelis s.a.""
}",,,,,
631725,"01J1VMSED9TGXNWNB97XCW55R4","6fedbd69-a455-47ae-b8bd-811ae3f21416","3002Z 105","3002Z 105",-67,1,0,0,0,0,0,0,,1,"08436048411010","843604841LIPOSUCTIONPN","411e0c89-2a7d-429d-a69f-df1cd42ade47","01G8TCSCWX0GA8YT456R15J3SJ",0,0,0,,0,0,,0,,,0,,,,,,,,0,0,"LIPOSUCTION GARMENTS","LIPOSUCTION GARMENTS",-203,-197,"STANDARD",," V9099","ES-MF-000013290","VOE , S.A",-11,"{
  ""texts"" : [ {
    ""language"" : {
      ""isoCode"" : ""es"",
      ""name"" : ""Spanish""
    },
    ""text"" : ""VOE , S.A"",
    ""allLanguagesApplicable"" : null
  } ]
}","{
  ""texts"" : [ {
    ""language"" : {
      ""isoCode"" : ""es"",
      ""name"" : ""Spanish""
    },
    ""text"" : ""VOE , S.A"",
    ""allLanguagesApplicable"" : null
  } ]
}",-1306,,,,,,,,
3581539,"01KXGMBGC92PCWX3HBS2EHP891","22cc4a49-7075-46bd-9221-70bf62991291","Kształtka Rehabilitacyjna","KRW.15x60.6263",-175,1,0,0,0,0,0,0,,1,"05904933199464","59049331ksztalkaKF","5f34125b-f49d-4dce-89cf-57cf151bb995","01KWP29NPHFM187R702K3Y8ZX1",0,0,0,,0,0,,0,,,0,,,,,,,,0,0,"Kształtka Rehabilitacyjna","Kształtka Rehabilitacyjna",-203,-197,"STANDARD",," V080302","PL-MF-000036129","Polstar Mateusz Ordyszewski",-11,"{
  ""texts"" : [ {
    ""language"" : {
      ""isoCode"" : ""pl"",
      ""name"" : ""Polish""
    },
    ""text"" : ""Polstar Mateusz Ordyszewski"",
    ""allLanguagesApplicable"" : false
  } ]
}",,-1306,,,,,,,,
1883165,"01KN4DMV4N6VD9G6REDB8SXNZA","783cb8a1-edb0-41fb-b98b-3eb70ad13aca","VenoTrain impuls, AG waist attachement right, Ccl 2,
open toe, IV Plus long, French Lavender","20762025420334",-56,1,0,0,0,0,0,0,,1,"04057532662387","4046445IMP00000000UN","3ab185d5-7162-4cd0-b6f5-83d888775c66","01KN4ACRZJAEBQGPJVRPTR9RDF",0,0,0,,0,0,,0,,,0,,,,,,,,0,0,"VenoTrain impuls",,-203,-197,"STANDARD",," M030405","DE-MF-000007543","Bauerfeind AG",-11,"{
  ""texts"" : [ {
    ""language"" : {
      ""isoCode"" : ""de"",
      ""name"" : ""German""
    },
    ""text"" : ""Bauerfeind AG"",
    ""allLanguagesApplicable"" : null
  } ]
}",,-1306,,,,,,,,
2709007,"01KSHSETSZHPWQSAXXDTCSFF3J","04db5c11-b814-4ccb-9957-e41579b9b6cb","FinnComfort","01561-902750",-56,1,0,0,1,0,0,0,,1,"04030457007129","4030457-FinnCo-001-MN","3f3b99d2-4122-41dd-aeb4-f7c39ddbf3fc","01KR3AHVVTKD99Q52VK8V9XTW7",0,0,0,,0,0,,0,,,0,,,,,,,,0,0,"FinnComfort",,-203,-197,"STANDARD",," Y063303","DE-MF-000016907","Waldi Schuhfabrik GmbH",-11,"{
  ""texts"" : [ {
    ""language"" : {
      ""isoCode"" : ""de"",
      ""name"" : ""German""
    },
    ""text"" : ""Waldi Schuhfabrik GmbH"",
    ""allLanguagesApplicable"" : null
  } ]
}","{
  ""texts"" : [ {
    ""language"" : {
      ""isoCode"" : ""de"",
      ""name"" : ""German""
    },
    ""text"" : ""FinnComfort"",
    ""allLanguagesApplicable"" : null
  } ]
}",-1306,,,,,"04030457007129",,,
2048515,"01KPPX9AHYRJMWVXF2JS4P9KJ5","10239226-1c09-4c04-b8c5-faef40d2790f",,"62872630S",-74,1,0,0,0,0,1,0,,1,"06941977524646","69417054P090703997H","0895e044-e852-4705-8787-67b7a7cf6fee","01KPMR48EW686EFZEA9NY5361N",0,0,0,,0,1,,0,,,0,,,,,,,1,0,0,"Sterile and Non-Sterile the Spinal Rod System(thoracolumbar)",,-205,-197,"STANDARD",," P09070399","CN-MF-000004488","Shanghai Sanyou Medical Co., Ltd.",-11,"{
  ""texts"" : [ {
    ""language"" : {
      ""isoCode"" : ""en"",
      ""name"" : ""English""
    },
    ""text"" : ""Shanghai Sanyou Medical Co., Ltd."",
    ""allLanguagesApplicable"" : null
  } ],
  ""textByDefaultLanguage"" : ""Shanghai Sanyou Medical Co., Ltd.""
}","{
  ""texts"" : [ {
    ""language"" : {
      ""isoCode"" : ""en"",
      ""name"" : ""English""
    },
    ""text"" : ""SY"",
    ""allLanguagesApplicable"" : null
  } ],
  ""textByDefaultLanguage"" : ""SY""
}",-1306,"Wellkang Ltd","XI-AR-000001836","{
  ""texts"" : [ {
    ""language"" : {
      ""isoCode"" : ""en"",
      ""name"" : ""English""
    },
    ""text"" : ""Wellkang Ltd"",
    ""allLanguagesApplicable"" : null
  } ]
}",,,,,
4148099,"01M0WQ6JKD3FJ9Z3QXAH577EFP","0c050de2-4791-4305-b1aa-8dedf190edc4","EPORE®","77800234",-56,1,1,0,0,0,0,1,,1,"04048844559267","4048844MUT07DRGTINSTL6","bce45ace-d7ec-41f4-83d2-cacd17552747","01M0FYBJAF7G14V0H1BST03JB9",0,0,0,,0,0,,0,,,1,,,,,,,,0,0,"-","MUT07DRGTINST",-203,-197,"STANDARD",," L0922","DE-MF-000010002","implantcast GmbH",-11,"{
  ""texts"" : [ {
    ""language"" : {
      ""isoCode"" : ""de"",
      ""name"" : ""German""
    },
    ""text"" : ""implantcast GmbH"",
    ""allLanguagesApplicable"" : null
  } ]
}",,-1306,,,,,"04048844559267",,,
1318135,"01KB4HHK2RVFDZMZ267C4N2GZS","cb037234-8493-4abc-9248-4765dd066f2f","Sensitex Natural","QA-224",-67,1,0,0,1,0,0,0,,1,"09556807306483","9556807CD001UF","4d268626-18e5-4c88-a355-6ad9d128256b","01HA64R50XC7JJ3872C2RDXX7H",0,0,0,,0,0,,0,,,0,,,,-116,,,,0,0,"Non-Medicated Natural Latex Condoms",,-205,-197,"STANDARD",," U110101","MY-MF-000023324","Richter Rubber Technology Sdn Bhd",-11,"{
  ""texts"" : [ {
    ""language"" : {
      ""isoCode"" : ""en"",
      ""name"" : ""English""
    },
    ""text"" : ""Richter Rubber Technology Sdn Bhd"",
    ""allLanguagesApplicable"" : false
  } ]
}",,-1306,"rrt Vertrieb und Service GmbH","DE-AR-000021443","{
  ""texts"" : [ {
    ""language"" : {
      ""isoCode"" : ""en"",
      ""name"" : ""English""
    },
    ""text"" : ""rrt Vertrieb und Service GmbH"",
    ""allLanguagesApplicable"" : null
  } ]
}",,"09556807306483",,,
2568656,"01KS3BHFRGH97TQ57A27Q06KHQ","9df0153d-f8bf-4f55-800a-6a7a5bc5f76b","Essential CLASSICAL","317786",-56,1,0,0,0,0,0,0,,1,"07613378171147","7611711ECLCB","e9c44e84-9fb3-4093-8fd0-4b07c1ded3a5","01JRA9JS5E66Z8VM6VSEEN6GHR",0,0,0,,0,0,,0,,,0,,,,,,,,0,0,"Essential CLASSICAL",,-203,-197,"STANDARD",," M030405","CH-MF-000015565","SIGVARIS AG",-11,"{
  ""texts"" : [ {
    ""language"" : {
      ""isoCode"" : ""de"",
      ""name"" : ""German""
    },
    ""text"" : ""SIGVARIS AG"",
    ""allLanguagesApplicable"" : null
  } ],
  ""textByDefaultLanguage"" : null
}","{
  ""texts"" : [ {
    ""language"" : {
      ""isoCode"" : ""de"",
      ""name"" : ""German""
    },
    ""text"" : ""SSG"",
    ""allLanguagesApplicable"" : null
  } ],
  ""textByDefaultLanguage"" : null
}",-1306,"Sigvaris GmbH","DE-AR-000010016","{
  ""texts"" : [ {
    ""language"" : {
      ""isoCode"" : ""de"",
      ""name"" : ""German""
    },
    ""text"" : ""Sigvaris GmbH"",
    ""allLanguagesApplicable"" : null
  } ]
}",,,,,
1017445,"01JZ85XJ5SJYTMYG1JS68ESEZA","dffff225-8ca8-4b73-95ef-ee21c4eb6fb4","Working tube with elevator tip ID Ø6,5mm, OD Ø7,5, WL 189mm ","MH-001-049",-56,1,0,0,0,0,0,1,,1,"04049203207157","40492030000079C4","950b6fbb-c63b-4417-9f00-f1729a45a3d2","01GB2WXF4Q7K3M6K82HM29B7F0",0,0,0,,0,0,,0,,,1,,,,,,,,0,0,"Tubes","Working sleeves",-204,-197,"STANDARD",," L031299","DE-MF-000005523","STEMA Medizintechnik GmbH",-11,"{
  ""texts"" : [ {
    ""language"" : {
      ""isoCode"" : ""de"",
      ""name"" : ""German""
    },
    ""text"" : ""STEMA Medizintechnik GmbH"",
    ""allLanguagesApplicable"" : null
  } ]
}","{
  ""texts"" : [ {
    ""language"" : {
      ""isoCode"" : ""de"",
      ""name"" : ""German""
    },
    ""text"" : ""STEMA"",
    ""allLanguagesApplicable"" : null
  } ]
}",-1306,,,,,"04049203207157",,,
1412785,"01KD522265FMTFMN1E4088MYN9","6b280028-fb1d-435b-b611-e22d432a8449","CROWN NS/EFUCERA NS COMBINATION SET","28*1SET,C61N61S36,UL,D2",-56,1,0,0,0,0,0,0,,1,"CSCENZ729ULXD2","B-CSCENZ729ULXD2","c8d51a69-0f0e-4efd-961a-af8d0d87e4a1","01KD52225TBZM3B7G0QQPZ0YZ0",0,0,0,,0,0,,0,,,0,,,,,,,,0,0,,"28*1SET,C61N61S36,UL,D2",-204,-53,"LEGACY",," Q01020601","JP-MF-000024849","YAMAHACHI DENTAL MFG., CO.",-11,"{
  ""texts"" : [ {
    ""language"" : {
      ""isoCode"" : ""en"",
      ""name"" : ""English""
    },
    ""text"" : ""YAMAHACHI DENTAL MFG., CO."",
    ""allLanguagesApplicable"" : false
  } ]
}",,-1306,"Obelis s.a.","BE-AR-000000106","{
  ""texts"" : [ {
    ""language"" : {
      ""isoCode"" : ""en"",
      ""name"" : ""English""
    },
    ""text"" : ""Obelis s.a."",
    ""allLanguagesApplicable"" : null
  } ],
  ""textByDefaultLanguage"" : ""Obelis s.a.""
}",,,,,
1518256,"01KF2SA0ZY4FMGD1W26HTTBV70","8a68f984-fc06-4c40-9068-f7124cd2e835",,"L16RA242432B1",-175,1,0,0,0,0,1,0,,1,"06941112387501","69236465L16Z3","ff6e5ae8-bf5b-4e23-ae1d-aafd3d589757","01JF98TQV695TVRKRM3R1ETTEY",1,0,0,,0,0,,0,,,0,,,,,,,,0,0,"Polypectomy Snares","L16CA181606A0",-205,-197,"STANDARD",," G03030101","CN-MF-000012017","Leo Medical Co., Ltd.",-11,"{
  ""texts"" : [ {
    ""language"" : {
      ""isoCode"" : ""en"",
      ""name"" : ""English""
    },
    ""text"" : ""Leo Medical Co., Ltd."",
    ""allLanguagesApplicable"" : null
  } ],
  ""textByDefaultLanguage"" : ""Leo Medical Co., Ltd.""
}","{
  ""texts"" : [ {
    ""language"" : {
      ""isoCode"" : ""en"",
      ""name"" : ""English""
    },
    ""text"" : ""LeoMed"",
    ""allLanguagesApplicable"" : null
  } ],
  ""textByDefaultLanguage"" : ""LeoMed""
}",-1306,"Shanghai International Holding Corp. GmbH(Europe)","DE-AR-000000001","{
  ""texts"" : [ {
    ""language"" : {
      ""isoCode"" : ""de"",
      ""name"" : ""German""
    },
    ""text"" : ""Shanghai International Holding Corp. GmbH(Europe)"",
    ""allLanguagesApplicable"" : null
  } ]
}",,"06941112387501",,,
3395451,"01KWEYFMNPWF7933BP38APSHF4","39748067-9ffe-4e5f-8821-7757b05b2dce","Skin-fixe® Hydrocare","156034",-56,1,0,0,0,0,1,0,,1,"08423961560345","62220238FootCare4M","2afb21b8-65d9-4c4f-b075-18130a9a0687","01KT906FNSZ78PTDKWBVEX0N62",0,0,0,,0,0,,0,,,0,,,,,,,,0,0,"Hydrocolloid plasters",,-204,-197,"STANDARD",," M04040301","EG-MF-000004501","Pharmaplast",-11,"{
  ""texts"" : [ {
    ""language"" : {
      ""isoCode"" : ""en"",
      ""name"" : ""English""
    },
    ""text"" : ""Pharmaplast"",
    ""allLanguagesApplicable"" : null
  } ]
}",,-1306,"E C REP LIMITED","IE-AR-000003995","{
  ""texts"" : [ {
    ""language"" : {
      ""isoCode"" : ""en"",
      ""name"" : ""English""
    },
    ""text"" : ""E C REP LIMITED"",
    ""allLanguagesApplicable"" : null
  } ]
}",,,,,
2694359,"01KSHFTMBD0VJKGHT4W0PRRJGP","c91038f8-f451-4621-a6dc-da922d9e3d3b",,"3725000020036",-56,1,0,0,0,0,0,0,,1,"04059465339022","4055107MyGen69","2d0f642f-2516-4331-a365-cc66ce58a598","01KRDT6V93EG5M6DVETC7STS0D",0,0,0,,0,0,,0,,,0,,,,,,,,0,0,"MyGeneration",,-203,-197,"STANDARD",," Y063303","DE-MF-000004958","Schein Orthopädie Service KG",-11,"{
  ""texts"" : [ {
    ""language"" : {
      ""isoCode"" : ""de"",
      ""name"" : ""German""
    },
    ""text"" : ""Schein Orthopädie Service KG"",
    ""allLanguagesApplicable"" : null
  } ]
}",,-1306,,,,,,,,
934735,"01JVMEMRNETAQ57V5QC29Z686X","67d78747-b958-4e9c-ad0e-aecede670d63","14.02 - CAMBIO A PIÙ VELOCITÀ","14.02",-108,1,0,0,0,0,0,0,,1,"08055271934150","805527193Access010RC","9cd17058-83bb-4adf-a5cd-6aa3668a6adc","01JVMDE5DCY83AWWB7BNVDCDEQ",0,0,0,,0,0,,0,,,0,,,,,,,,0,0,"Pedane, sostegni, comandi.","Access010",-203,-197,"STANDARD",," Y121899","IT-MF-000033141","VASSILLI S.R.L.",-11,"{
  ""texts"" : [ {
    ""language"" : {
      ""isoCode"" : ""it"",
      ""name"" : ""Italian""
    },
    ""text"" : ""VASSILLI S.R.L."",
    ""allLanguagesApplicable"" : false
  } ]
}",,-1306,,,,,"08055271934150",,,
3540880,"01KXD59PNPMT9C64ZQ4FCNPZZE","6ad196d3-2385-471d-a0f1-3d8354d1f1e2","Flush Mount","S-910G-0.gr1",-56,1,0,0,0,0,0,0,,1,"04061162012221","40611628965651224A7","dd35b786-c506-4dcb-9bb3-6d54625724e7","01KR35PSV60S0WKJ6HJR9M0NDY",0,0,0,,0,0,,0,,,0,,,,,,,,0,0,"CIM Cable Integrated Mounting System",,-203,-197,"STANDARD",," V0880","DE-MF-000008317","CIM med GmbH",-11,"{
  ""texts"" : [ {
    ""language"" : {
      ""isoCode"" : ""en"",
      ""name"" : ""English""
    },
    ""text"" : ""CIM med GmbH"",
    ""allLanguagesApplicable"" : null
  } ]
}","{
  ""texts"" : [ {
    ""language"" : {
      ""isoCode"" : ""en"",
      ""name"" : ""English""
    },
    ""text"" : ""CIM med GmbH"",
    ""allLanguagesApplicable"" : null
  } ]
}",-1306,,,,,,,,
2233848,"01KQY8892H0X4WH6BP2A97AF0X","76aa46a9-f356-46e7-865b-269227fce457","NC Osier™","CDC843817",-245,1,,,0,0,1,0,,1,"04251790238173","B-04251790238173","62f8218e-6a11-4791-ba9c-af3bb8835734","01KQY88912KFBE0BB58HGQQKA6",0,0,0,,0,0,,0,,,0,,,,,,,,0,0,"Balloon Dilatation Catheter",,-10,-53,"LEGACY",," C010401020101","DE-MF-000008000","SWL Medizin GmbH",-11,"{
  ""texts"" : [ {
    ""language"" : {
      ""isoCode"" : ""de"",
      ""name"" : ""German""
    },
    ""text"" : ""SWL Medizin GmbH"",
    ""allLanguagesApplicable"" : null
  } ],
  ""textByDefaultLanguage"" : null
}","{
  ""texts"" : [ {
    ""language"" : {
      ""isoCode"" : ""en"",
      ""name"" : ""English""
    },
    ""text"" : ""SWL"",
    ""allLanguagesApplicable"" : null
  } ],
  ""textByDefaultLanguage"" : ""SWL""
}",-1306,,,,,,,,
2016565,"01KNSF7CVHZPZSRCHE49QXP807","7076dfa9-75f1-4f73-a1e9-8a6f29d6be82","Composi-Tight® M-Series Sectional Matrix Bands","M300",-56,1,0,0,0,0,0,1,,2,"40810038092506","081003809BandsTFXZ","f26ab1f3-8eeb-47d6-9985-8dbad0eefab6","01K6DVFRKRRMRN68P08D2ED233",0,0,0,,0,0,,0,,,0,,,,-117,,,,0,0,"Bands Family",,-203,-197,"STANDARD",," Q01010401","US-MF-000004112","Garrison Dental Solutions LLC",-11,"{
  ""texts"" : [ {
    ""language"" : {
      ""isoCode"" : ""en"",
      ""name"" : ""English""
    },
    ""text"" : ""Garrison Dental Solutions LLC"",
    ""allLanguagesApplicable"" : null
  } ],
  ""textByDefaultLanguage"" : ""Garrison Dental Solutions LLC""
}",,-1306,"Eurolink Europe Compliance Limited","IE-AR-000002852","{
  ""texts"" : [ {
    ""language"" : {
      ""isoCode"" : ""en"",
      ""name"" : ""English""
    },
    ""text"" : ""Eurolink Europe Compliance Limited"",
    ""allLanguagesApplicable"" : null
  } ]
}",,,,,
3782111,"01KYM8PZ581TWV4YD3Z4V7EDV5","bc9c168c-d4fc-41d8-9dfc-d969d6763d85",,"B001305.25",-162,1,,,0,0,0,1,,1,"08961102854569","B-08961102854569","42b04765-be6a-48ba-be48-1573511ae3f9","01KYM8PZ4RPN8GS5N3DVWNDH2K",0,0,0,,0,0,,0,,,1,,,,,,,,0,0,"Forceps with Ringed Handle",,-203,-53,"LEGACY",," L05090399","PK-MF-000019078","Expert International",-11,"{
  ""texts"" : [ {
    ""language"" : {
      ""isoCode"" : ""en"",
      ""name"" : ""English""
    },
    ""text"" : ""Expert International"",
    ""allLanguagesApplicable"" : null
  } ],
  ""textByDefaultLanguage"" : ""Expert International""
}",,-1306,"KHANG BAO INTERNATIONAL KFT","HU-AR-000034102","{
  ""texts"" : [ {
    ""language"" : {
      ""isoCode"" : ""en"",
      ""name"" : ""English""
    },
    ""text"" : ""KHANG BAO INTERNATIONAL KFT"",
    ""allLanguagesApplicable"" : false
  } ]
}",,,,,
3634021,"01KXQBE2GXMZT58E2TXT1NQ8S8","5871115a-9a56-4c96-86b7-a526bdb544fb","SPS™","341065",-162,1,0,0,0,0,0,1,,1,"07613327075618","08858251005699UJ","4fdf7aed-9c4a-4a05-b935-88cdcdb75bc1","01KXNMNNAH1SA40K6JA06M9ND1",0,0,0,,0,1,,0,,,0,,,,,,,1,0,0,"SPS SCREWS - SCREW - STAINLESS STEEL - CLASS IIB - NON STERILE","08858251005699UJ",-205,-197,"STANDARD",," P09120602","CH-MF-000009332","Stryker GmbH",-11,"{
  ""texts"" : [ {
    ""language"" : {
      ""isoCode"" : ""de"",
      ""name"" : ""German""
    },
    ""text"" : ""Stryker GmbH"",
    ""allLanguagesApplicable"" : null
  } ]
}","{
  ""texts"" : [ {
    ""language"" : {
      ""isoCode"" : ""de"",
      ""name"" : ""German""
    },
    ""text"" : ""Stryker GmbH"",
    ""allLanguagesApplicable"" : false
  } ]
}",-1306,"Stryker European Operations Limited","IE-AR-000000092","{
  ""texts"" : [ {
    ""language"" : {
      ""isoCode"" : ""en"",
      ""name"" : ""English""
    },
    ""text"" : ""Stryker European Operations Limited"",
    ""allLanguagesApplicable"" : null
  } ]
}",,,,,
4028058,"01KHG1XH9C6C4HCXH5J4BQYG33","72ef9210-90b3-46ec-8398-0ab39590633f","WS-431-095R: Non-Sterile, Reusable, Van Buren Dilating Bougies, No. 10(French)","WS-431-095R",-67,1,,,0,0,0,1,,2,"05056863325700","B-05056863325700","a3b9ae6b-0cc8-4aae-8fbe-bc0096e447f0","01KHG1XH8TSA331M0HF5NSATC8",0,0,0,,0,0,,0,,,1,,,,,,,,0,0,"WS-431-095R: Non-Sterile, Reusable, Van Buren Dilating Bougies, No. 10(French)","WS-431-095R",-203,-53,"LEGACY",," U03010201","PK-MF-000010180","Weldon Instruments",-11,"{
  ""texts"" : [ {
    ""language"" : {
      ""isoCode"" : ""en"",
      ""name"" : ""English""
    },
    ""text"" : ""Weldon Instruments"",
    ""allLanguagesApplicable"" : null
  } ]
}",,-1306,"CMC Medical Devices & Drugs SL","ES-AR-000000293","{
  ""texts"" : [ {
    ""language"" : {
      ""isoCode"" : ""es"",
      ""name"" : ""Spanish""
    },
    ""text"" : ""CMC Medical Devices & Drugs SL"",
    ""allLanguagesApplicable"" : null
  } ]
}",,,,,
3237604,"01KVAAF0JZGTGS765VMT13Z7XT","d2e43436-3b91-48a7-b472-768e24185289","Style Vera","M5-6222",-13,1,0,0,1,0,0,0,,1,"04058509718236","4009706Y06309902ZQ","82e1e194-11ef-4793-b647-3e182fd0c696","01KVA8FX9Z5KEMMTZP05HCBN3N",0,0,0,,0,0,,0,,,0,,,,,,,,0,0,"Prosthetic swimwear",,-203,-197,"STANDARD",," Y063099","DE-MF-000012631","Anita Dr. Helbig GmbH",-11,"{
  ""texts"" : [ {
    ""language"" : {
      ""isoCode"" : ""de"",
      ""name"" : ""German""
    },
    ""text"" : ""Anita Dr. Helbig GmbH"",
    ""allLanguagesApplicable"" : null
  } ]
}","{
  ""texts"" : [ {
    ""language"" : {
      ""isoCode"" : ""de"",
      ""name"" : ""German""
    },
    ""text"" : ""Spezialanbieter für Miederwaren, Bademoden und medizinische Produkte"",
    ""allLanguagesApplicable"" : null
  }, {
    ""language"" : {
      ""isoCode"" : ""en"",
      ""name"" : ""English""
    },
    ""text"" : ""Specialized supplier for corsetry, swimwear and medical products"",
    ""allLanguagesApplicable"" : null
  } ]
}",-1306,,,,,"04058509718236",,,
4014232,"01KZZRRKRCQ7NS3J4N1164R5P2","cf81f693-9832-477f-b636-09326b96d8dd",,"40.8063.300",-175,1,0,0,0,0,0,1,,1,"05908447203983","59084471NV9.3PZ","240a7b75-991b-42ef-a506-408b2f6b51e9","01KZZR6EM02WTFQCW3RSRMBXBY",0,0,0,,0,0,,0,,,0,,,,,,,,0,0,"STATYW","STAND",-203,-197,"STANDARD",," V9099","PL-MF-000002121","ChM spółka z ograniczoną odpowiedzialnością",-11,"{
  ""texts"" : [ {
    ""language"" : {
      ""isoCode"" : ""pl"",
      ""name"" : ""Polish""
    },
    ""text"" : ""ChM spółka z ograniczoną odpowiedzialnością"",
    ""allLanguagesApplicable"" : null
  } ]
}","{
  ""texts"" : [ {
    ""language"" : {
      ""isoCode"" : ""pl"",
      ""name"" : ""Polish""
    },
    ""text"" : ""ChM sp. z o.o."",
    ""allLanguagesApplicable"" : null
  } ]
}",-1306,,,,,"05908447203983",,,
2807920,"01KSMBDSA0SFB871DJYR5P5GP9","a94b5287-86a4-4706-be0f-892ea3f28c59","ECG Cable/Leadwires/Trunk","CLE170A3S",-67,1,0,0,0,0,0,0,,1,"08435393714319","84353937ecgA9","b2c792ea-a2f2-4c67-b265-84716e2a75bd","01KS2PRPZGS2KMD3T3S2MH7ZRB",0,0,0,,0,0,,0,,,0,,,,,,,,0,0,,"ECG Cable/Leadwires/Trunk",-203,-197,"STANDARD",," Z12030285","ES-MF-000002338","Medical Cables S.L.",-11,"{
  ""texts"" : [ {
    ""language"" : {
      ""isoCode"" : ""es"",
      ""name"" : ""Spanish""
    },
    ""text"" : ""Medical Cables S.L."",
    ""allLanguagesApplicable"" : null
  } ]
}",,-1306,,,,,"08435393714319",,,
3418704,"01KWKK8XSXRW7F1CV24MCV8Y8T","9fe2d26f-e083-4b62-a3b6-844954656670","Mullkompressen-Set, steril à 10 Stück, 10 x 13 cm, 16-fach, Röntgenkontrast, 17-fädig, steril","31131",-56,1,0,0,0,0,1,0,,1,"04054858000688","40548580153V0301NW","9a4b4652-a537-49f0-8a23-4984fe86c501","01KWKH9654J73R2XJD4A0TB15H",0,0,0,,0,0,,0,,,0,,,,,,,,0,0,"Mullkompressen mit Röntgenkontrast, dampfsteril","Mullkompressen mit Röntgenkontrast",-204,-197,"STANDARD",," M0201050201","DE-MF-000006652","Fuhrmann GmbH",-11,"{
  ""texts"" : [ {
    ""language"" : {
      ""isoCode"" : ""de"",
      ""name"" : ""German""
    },
    ""text"" : ""Fuhrmann GmbH"",
    ""allLanguagesApplicable"" : null
  } ]
}",,-1306,,,,,,,"04054858000688,04054858100685,04054858200682",
3680512,"01KY339MP25M44ZAGVMDBK39BP","f9a3e622-75f1-45f6-99ba-4905b0c37f4f","TRACFLEX PLUS S TRACHEOSTOMY TUBE SET","123101-000080",-100,1,0,0,0,0,1,1,,1,"14026704941367","08019020000000000000176KW","2ec29715-983b-4b2a-8664-00b69cde01d2","01KY318FQJY9PGN93JGW1NY31V",0,0,0,,0,0,,0,,,0,,,,,,,,0,0,"RÜSCH Tracflex Plus S",,-205,-197,"STANDARD",," R0105020201","IE-MF-000015868","Teleflex Medical",-11,"{
  ""texts"" : [ {
    ""language"" : {
      ""isoCode"" : ""en"",
      ""name"" : ""English""
    },
    ""text"" : ""Teleflex Medical"",
    ""allLanguagesApplicable"" : null
  } ]
}",,-1306,,,,,"44026704941368",,"14026704941367,24026704941364,34026704941361",
1874041,"01KN1AXCMNGWSTVY4K12Z1M11G","a9720c13-2229-4789-94d3-5c17c2cf6476","GİGGLES ADULT DIAPER MEDIUM PACK OF 30","KTL1020",-23,1,0,0,0,0,0,0,,1,"08680131201105","868013120YHB0DT","e77d1ef9-53a1-43a2-95cf-ee1c3c91ad15","01KMYSWNK2FBWN4DEXHF8EC27J",0,0,0,,0,0,,0,,,0,,,,,,,,0,0,"İNKONTİNANS BAKIM ÜRÜNLERİ",,-203,-197,"STANDARD",," T04010103","TR-MF-000050087","Sevinçler Sağlık Ürünleri San. ve Tic. A.ş",-11,"{
  ""texts"" : [ {
    ""language"" : {
      ""isoCode"" : ""tr"",
      ""name"" : ""Turkish""
    },
    ""text"" : ""Sevinçler Sağlık Ürünleri San. ve Tic. A.ş"",
    ""allLanguagesApplicable"" : false
  } ]
}","{
  ""texts"" : [ {
    ""language"" : {
      ""isoCode"" : ""tr"",
      ""name"" : ""Turkish""
    },
    ""text"" : ""Sevinçler Sağlık Ürünleri "",
    ""allLanguagesApplicable"" : false
  } ]
}",-1306,,,,,,,,
809958,"01JJ1DWXYMCGC9WWA6P7TAAVGF","9780e125-628f-4f1a-bd36-b2ebc55e9214","Patient  Cable","FM-05",-58,1,0,0,0,0,0,0,,1,"06941691973386","69416919ORANTECH24R3","96d6919c-babb-4a11-8588-72c4bbe1f48c","01JHHXZSJC960RXRKZRR0YHKJG",1,0,0,,0,0,,0,,,1,,,,,,,,0,0,"Patient Cable",,-203,-197,"STANDARD",," Z1203020285","CN-MF-000013859","Orantech Inc.",-11,"{
  ""texts"" : [ {
    ""language"" : {
      ""isoCode"" : ""en"",
      ""name"" : ""English""
    },
    ""text"" : ""Orantech Inc."",
    ""allLanguagesApplicable"" : null
  } ],
  ""textByDefaultLanguage"" : ""Orantech Inc.""
}","{
  ""texts"" : [ {
    ""language"" : {
      ""isoCode"" : ""en"",
      ""name"" : ""English""
    },
    ""text"" : ""Orantech Inc."",
    ""allLanguagesApplicable"" : null
  } ],
  ""textByDefaultLanguage"" : ""Orantech Inc.""
}",-1306,"Medten EU ApS","DK-AR-000034434","{
  ""texts"" : [ {
    ""language"" : {
      ""isoCode"" : ""en"",
      ""name"" : ""English""
    },
    ""text"" : ""Medten EU ApS"",
    ""allLanguagesApplicable"" : false
  } ]
}",,,,,
431613,"01HM6ME2ZN5S6K98DZAKMPM0PK","375995b2-bdd9-40ec-8c67-052a3ee13637","I-Bone","PLT-I6HP1625",-245,1,0,0,0,0,1,0,,1,"08681781350915","B-08681781350915","f98a10c1-3373-4656-8928-af298f3d2387","01HM6ME2X2FWGZNEGR20YZRX2Z",0,0,0,,0,1,,0,,,0,,,,,,,,0,0,"I-Bone® 6-Hole Plate t=1,6mm (for Ø2,5mm screws)",,-10,-53,"LEGACY",," P09120606","TR-MF-000015715","Bonegraft Biomaterials Co.",-11,"{
  ""texts"" : [ {
    ""language"" : {
      ""isoCode"" : ""en"",
      ""name"" : ""English""
    },
    ""text"" : ""Bonegraft Biomaterials Co."",
    ""allLanguagesApplicable"" : null
  } ]
}",,-1306,,,,,,,,
1587332,"01KH3KY0C2RG1G1CH08F6JF5Y3","d9059e5d-fbb7-4885-8b29-58d58d24a565","MDT Diamond Coated Dental Burs","151116-44-01",-74,1,0,0,0,0,0,1,,1,"17291046015022","7291046DiamondnonStrlRE","b48b709a-d54a-4d45-a72f-9f71bc69d355","01H1GSTNGPMEAZD2WMR01BFMGM",0,0,0,,0,0,,0,,,1,,,,,,,,0,0,"Non-Sterile Diamond Coated Dental Burs",,-204,-197,"STANDARD",," Z12110102","IL-MF-000008464","MDT Micro Diamond Technologies Ltd.",-11,"{
  ""texts"" : [ {
    ""language"" : {
      ""isoCode"" : ""en"",
      ""name"" : ""English""
    },
    ""text"" : ""MDT Micro Diamond Technologies Ltd."",
    ""allLanguagesApplicable"" : null
  } ]
}","{
  ""texts"" : [ {
    ""language"" : {
      ""isoCode"" : ""en"",
      ""name"" : ""English""
    },
    ""text"" : ""MDT"",
    ""allLanguagesApplicable"" : null
  } ]
}",-1306,"Obelis s.a.","BE-AR-000000106","{
  ""texts"" : [ {
    ""language"" : {
      ""isoCode"" : ""en"",
      ""name"" : ""English""
    },
    ""text"" : ""Obelis s.a."",
    ""allLanguagesApplicable"" : null
  } ],
  ""textByDefaultLanguage"" : ""Obelis s.a.""
}",,,,,
2604352,"01KS58ZVRR7XHSQKB550Q2Y74S","82b7e37d-a1a8-451b-bb19-aa0e020a590a","FinnComfort","96102-070099",-56,1,0,0,1,0,0,0,,2,"00691812001349","4030457-FinnCo-001-MN","3f3b99d2-4122-41dd-aeb4-f7c39ddbf3fc","01KR3AHVVTKD99Q52VK8V9XTW7",0,0,0,,0,0,,0,,,0,,,,,,,,0,0,"FinnComfort",,-203,-197,"STANDARD",," Y063303","DE-MF-000016907","Waldi Schuhfabrik GmbH",-11,"{
  ""texts"" : [ {
    ""language"" : {
      ""isoCode"" : ""de"",
      ""name"" : ""German""
    },
    ""text"" : ""Waldi Schuhfabrik GmbH"",
    ""allLanguagesApplicable"" : null
  } ]
}","{
  ""texts"" : [ {
    ""language"" : {
      ""isoCode"" : ""de"",
      ""name"" : ""German""
    },
    ""text"" : ""FinnComfort"",
    ""allLanguagesApplicable"" : null
  } ]
}",-1306,,,,,"00691812001349",,,
3288662,"01KV6GHR5RWCWQBSYB5Y83QPM4","dcaa7e74-2c6a-46b8-b7ee-e6d90c774b01","SenSura Mio Convex","18971",-21,1,0,0,0,0,0,0,,2,"05701780460613","570893229753998","37ec0e56-98c9-465c-8992-51366b335776","01KS55TAW4M0S55W6QHY8WRG0B",0,0,0,,0,0,,0,,,0,,,,,,,,0,0,"SenSura Mio Convex ostomy bag 1-piece open",,-203,-197,"STANDARD",," A1001020202","DK-MF-000025526","Coloplast A/S",-11,"{
  ""texts"" : [ {
    ""language"" : {
      ""isoCode"" : ""da"",
      ""name"" : ""Danish""
    },
    ""text"" : ""Coloplast A/S"",
    ""allLanguagesApplicable"" : false
  } ]
}",,-1306,,,,"05701780460903",,,"05701780460613,05701780460705",
1699388,"01KK1K5264ZZKXJM4G6Y77Z7AA","23bf47d4-4a2c-44d6-a3d2-5e6888fa1253","Female Pivot Bushing","Z970041",-56,1,0,0,0,0,0,0,,1,"00194545110802","194545TAAXE","996ffa48-da2e-4a84-9ddb-9a358543bbcb","01FSCV1FF9XG6NN3WJ0FS36F5W",0,0,0,,0,0,,0,,,0,,,,,,,,0,0,"Triple Action Ankle Joint","TAAJ",-203,-197,"STANDARD",," Y06120602","US-MF-000004002","Becker Orthopedic Appliance Company",-11,"{
  ""texts"" : [ {
    ""language"" : {
      ""isoCode"" : ""en"",
      ""name"" : ""English""
    },
    ""text"" : ""Becker Orthopedic Appliance Company"",
    ""allLanguagesApplicable"" : null
  } ],
  ""textByDefaultLanguage"" : ""Becker Orthopedic Appliance Company""
}",,-1306,"Medical Technology Promedt Consulting GmbH","DE-AR-000000085","{
  ""texts"" : [ {
    ""language"" : {
      ""isoCode"" : ""de"",
      ""name"" : ""German""
    },
    ""text"" : ""Medical Technology Promedt Consulting GmbH"",
    ""allLanguagesApplicable"" : null
  } ]
}",,,,,
3453756,"01KWXWGN9PXF8YDGS7EV0ED19K","745f6dba-2687-401e-bd77-145510fa2330",,"5034-02-0-000",-56,1,0,0,0,0,0,0,,1,"04260217222909","4260217225034-00-0-000XX","a5c6c13b-32b0-4e67-93bd-a91dc2e3d2f1","01KWXW8F427ZP3T455KQT723SB",0,0,0,,0,0,,0,,,0,,,,,,,,0,0,"Support Arm: Oval Lock",,-203,-197,"STANDARD",," R028099","DE-MF-000029547","AMTRION GmbH",-11,"{
  ""texts"" : [ {
    ""language"" : {
      ""isoCode"" : ""de"",
      ""name"" : ""German""
    },
    ""text"" : ""AMTRION GmbH"",
    ""allLanguagesApplicable"" : false
  } ]
}",,-1306,,,,,,,,
4306733,"01M1NRQXC6MC4C82J83TBHNA8H","8df02274-7476-4e35-b9af-41b6ed1484ca",,"7315001",-56,1,0,0,0,0,0,1,,1,"04055207063460","B-04055207063460","56af8774-329a-469c-b58b-dc78957ce755","01M1NRQXB5TNG82BWJXN3YESN5",1,0,0,,0,0,,0,,,0,,,,,,,,0,0,"Sensor cystoscopes with working channel","10000201435",-204,-53,"LEGACY",," Z12020701","DE-MF-000007048","Richard Wolf GmbH",-11,"{
  ""texts"" : [ {
    ""language"" : {
      ""isoCode"" : ""de"",
      ""name"" : ""German""
    },
    ""text"" : ""Richard Wolf GmbH"",
    ""allLanguagesApplicable"" : null
  } ]
}","{
  ""texts"" : [ {
    ""language"" : {
      ""isoCode"" : ""de"",
      ""name"" : ""German""
    },
    ""text"" : ""Richard Wolf GmbH"",
    ""allLanguagesApplicable"" : null
  } ]
}",-1306,,,,,,,,
1213358,"01K7E59XDKXY3SV0JJTCBKN7WM","4a966a45-2688-4c84-896d-3351afedb4fe","Aesculap","BD220R",-56,1,0,0,0,0,0,1,,1,"04038653023134","40392390000005392K","539b59ce-c5ef-4b3f-8c9b-a1f3695d3010","01K7E4NF2SC54HE3JHMKCXVCTS",0,0,0,,0,0,,0,,,1,,,,,,,,0,0,"Tweezers Ir",,-203,-197,"STANDARD",," L031308","DE-MF-000005504","Aesculap AG",-11,"{
  ""texts"" : [ {
    ""language"" : {
      ""isoCode"" : ""de"",
      ""name"" : ""German""
    },
    ""text"" : ""Aesculap AG"",
    ""allLanguagesApplicable"" : null
  } ],
  ""textByDefaultLanguage"" : null
}",,-1306,,,,,"04038653023134",,,
4113533,"01M0K5FJ75VQXKPW4K5XTZW205","3d2d3414-d03d-4a7a-ad1e-4443d6fbfa92",,"AO GI/A",-74,1,0,0,0,0,0,0,,1,"03701354422117","37013544B05-000DH","711b8e55-d6b1-44a7-8e9c-d3e2f0654071","01M0K56C6J17X1HC2CA1179S7V",0,0,0,,0,0,,0,,,0,,,,,,,,0,0,,"AquaTYPHOON CONNECTION SET",-203,-197,"STANDARD",," Z12011380","FR-MF-000003777","PLASMABIOTICS",-11,"{
  ""texts"" : [ {
    ""language"" : {
      ""isoCode"" : ""fr"",
      ""name"" : ""French""
    },
    ""text"" : ""PLASMABIOTICS"",
    ""allLanguagesApplicable"" : null
  } ]
}",,-1306,,,,,,,,
4234896,"01M1EFMPPBW27HKEY581VA609J","11d1273d-a79b-4ac7-ac7b-41171860affe","KLS Martin","37-227-01-07",-56,1,0,0,0,0,0,1,,1,"04057605530902","405760560NJ","1d79bb2d-ad65-4af1-a118-1d626811bee9","01KYS5VKNTVNTVG8WT2WYCMP6Q",0,0,0,,0,0,,0,,,1,,,,,,,,0,0,"Pliers surgically invasive",,-203,-197,"STANDARD",," L140202","DE-MF-000005551","KLS Martin SE & Co. KG",-11,"{
  ""texts"" : [ {
    ""language"" : {
      ""isoCode"" : ""de"",
      ""name"" : ""German""
    },
    ""text"" : ""KLS Martin SE & Co. KG"",
    ""allLanguagesApplicable"" : null
  } ]
}",,-1306,,,,,,,,
3950813,"01KZNH1ZWPJADTS61XYCZ6YRQ1","288e1988-fd3e-4a6e-bc7f-b7d82f79d2a9",,"7402",-108,1,0,0,0,0,1,0,,1,"00890404574029","89040457400SZ","9db1472c-e126-42a6-a1fe-3287bdc8171e","01KZNGGRG8KKJJTTENDAK8JSAK",0,0,0,,0,0,,0,,,0,,,,,,,,0,0,"Blood Line Set ",,-204,-197,"STANDARD",," F020180","IN-MF-000021420","Vitromed Healthcare",-11,"{
  ""texts"" : [ {
    ""language"" : {
      ""isoCode"" : ""en"",
      ""name"" : ""English""
    },
    ""text"" : ""Vitromed Healthcare"",
    ""allLanguagesApplicable"" : null
  } ]
}","{
  ""texts"" : [ {
    ""language"" : {
      ""isoCode"" : ""en"",
      ""name"" : ""English""
    },
    ""text"" : ""Vitromed "",
    ""allLanguagesApplicable"" : null
  } ]
}",-1306,"Obelis s.a.","BE-AR-000000106","{
  ""texts"" : [ {
    ""language"" : {
      ""isoCode"" : ""en"",
      ""name"" : ""English""
    },
    ""text"" : ""Obelis s.a."",
    ""allLanguagesApplicable"" : null
  } ],
  ""textByDefaultLanguage"" : ""Obelis s.a.""
}",,,,,
548687,"01HV9B7R4WMSGAMDMN9FQ4AG3V","ad187dd2-f0d1-4aad-933b-11adf7b0cd0c","AYSAM","A5522908",-245,1,,,0,0,0,1,,1,"08684543816865","B-08684543816865","bcd54b60-0c14-4ebf-9fbf-219d4902f05d","01HV9B7R2ZMTEQ42V31H3WVD29",0,0,0,,0,1,,0,,,0,,,,-116,,,,0,0,"3,5 MM DISTAL CLAVICLE KOMPRESYON KILITLI CELIK PLAK 8 DELIK SAG (3,5 MM DISTAL CLAVICLE COMPRESSION LOCKING SS PLATE 8 HOLES RIGHT)","A5522908",-205,-53,"LEGACY",," P09120501","TR-MF-000017437","Aysam Ortopedi ve Tıbbi Aletler Sanayi ve Ticaret Limited Şirketi",-11,"{
  ""texts"" : [ {
    ""language"" : null,
    ""text"" : ""Aysam Ortopedi ve Tıbbi Aletler Sanayi ve Ticaret Limited Şirketi"",
    ""allLanguagesApplicable"" : true
  } ]
}","{
  ""texts"" : [ {
    ""language"" : null,
    ""text"" : ""Aysam Ortopedi"",
    ""allLanguagesApplicable"" : true
  } ]
}",-1306,,,,,,,,
3605009,"01KXK3YDKCTXR0WGDH4F4XJ06T","9642309f-88a6-4ebc-9e05-27274794b0b7","WELDON INSTRUMENTS","WD-208-115-HHR",-56,1,,,0,0,0,1,,1,"05056863358470","B-05056863358470","7dd787eb-5b84-4f42-909f-0ffbab481cee","01KXK3YDJY6NA22RFC1FPMWW1F",0,0,0,,0,0,,0,,,1,,,,,,,,0,0,"WD-208-115-HHR: Non-Sterile, Reusable, McCall Curettes, Fig. 11/12, Periodontia Instruments","WD-208-115-HHR",-203,-53,"LEGACY",," L159001","PK-MF-000010180","Weldon Instruments",-11,"{
  ""texts"" : [ {
    ""language"" : {
      ""isoCode"" : ""en"",
      ""name"" : ""English""
    },
    ""text"" : ""Weldon Instruments"",
    ""allLanguagesApplicable"" : null
  } ]
}",,-1306,"MDSS GmbH","DE-AR-000005430","{
  ""texts"" : [ {
    ""language"" : {
      ""isoCode"" : ""en"",
      ""name"" : ""English""
    },
    ""text"" : ""MDSS GmbH"",
    ""allLanguagesApplicable"" : null
  } ]
}",,,,,
3652285,"01KXZA9RGGR9ASN7PRD2SAFKNH","511aef9d-ec28-486a-9b0a-f610726f0fcf","ZERMATT ANKLE MED","MF013661004410",-175,1,0,0,0,0,0,0,,1,"08052667091213","805714973MEMORYCUSHIONB8","6f4826cb-253a-4e25-990d-6acec420f934","01KA97VMVZDM3R3NMBHJW7H5GQ",0,0,0,,0,0,,0,,,0,,,,,,,,0,0,"SCHOLL MEMORY CUSHION technology",,-203,-197,"STANDARD",," Y061203,Y063303","IT-MF-000038685","Health and Fashion Shoes Italia SpA",-11,"{
  ""texts"" : [ {
    ""language"" : {
      ""isoCode"" : ""en"",
      ""name"" : ""English""
    },
    ""text"" : ""Health and Fashion Shoes Italia SpA"",
    ""allLanguagesApplicable"" : false
  } ]
}","{
  ""texts"" : [ {
    ""language"" : {
      ""isoCode"" : ""en"",
      ""name"" : ""English""
    },
    ""text"" : ""H&FS Italia Spa"",
    ""allLanguagesApplicable"" : false
  } ]
}",-1306,,,,,,,,
3597698,"01KXK0JZ3MWYPRHRVGZ8G0P6ZN","fc3951a8-a177-4c52-904e-7993371529f8",,"33.1635.200",-56,1,0,0,0,0,0,1,,1,"04058365030510","4058365010130VD","0480dd68-1df2-492c-ae0b-573d87bde9df","01KXK03TD5TGPCJNAYZ4Q6JD67",0,0,0,,0,1,,0,,,0,,,,,,,1,0,0,,"Steinmann Nägel",-205,-197,"STANDARD",," P09120299","DE-MF-000005564","MEDE Technik GmbH",-11,"{
  ""texts"" : [ {
    ""language"" : {
      ""isoCode"" : ""de"",
      ""name"" : ""German""
    },
    ""text"" : ""MEDE Technik GmbH"",
    ""allLanguagesApplicable"" : null
  } ]
}","{
  ""texts"" : [ {
    ""language"" : {
      ""isoCode"" : ""de"",
      ""name"" : ""German""
    },
    ""text"" : ""MEDE"",
    ""allLanguagesApplicable"" : null
  } ]
}",-1306,,,,,,,,
2385571,"01KRH3D64P5N09113AJH38M2KZ","c90e19f1-0709-4079-a7e2-ccfe49e36fb0",,"770104050",-56,1,0,0,0,0,0,0,,1,"00196449016686","081001136002WB","a581c3e2-a4d5-4366-9594-087cc36404f8","01KMRBN0F0WTE2H6XCMTM5CG7Y",0,0,0,,0,0,,0,,,0,,,,,,,,0,0,"Instrumentation",,-203,-197,"STANDARD",," P091280","US-MF-000011350","Tyber Medical",-11,"{
  ""texts"" : [ {
    ""language"" : {
      ""isoCode"" : ""en"",
      ""name"" : ""English""
    },
    ""text"" : ""Tyber Medical"",
    ""allLanguagesApplicable"" : null
  } ]
}",,-1306,"MDSS GmbH","DE-AR-000005430","{
  ""texts"" : [ {
    ""language"" : {
      ""isoCode"" : ""en"",
      ""name"" : ""English""
    },
    ""text"" : ""MDSS GmbH"",
    ""allLanguagesApplicable"" : null
  } ]
}",,,,,
1837729,"01KMN82VMTXEZV2X65C4RE5YGX","c47ec390-975a-4f8d-9027-95b47c711985","Sioux","51CDSI2NO43ED",-180,1,0,0,0,0,0,0,,1,"05600456910332","56004569SIOUXQK","0a424fe2-6db1-4d69-8403-85d8e8226e95","01KMN32CQ261JE7T66DSC8WY2C",0,0,0,,0,0,,0,,,0,,,,,,,,0,0,"Cadeira de Rodas","Sioux",-203,-197,"STANDARD",," Y122106","PT-MF-000002787","Orthos XXI, Unipessoal Lda",-11,"{
  ""texts"" : [ {
    ""language"" : {
      ""isoCode"" : ""pt"",
      ""name"" : ""Portuguese""
    },
    ""text"" : ""Orthos XXI, Unipessoal Lda"",
    ""allLanguagesApplicable"" : null
  } ]
}","{
  ""texts"" : [ {
    ""language"" : {
      ""isoCode"" : ""pt"",
      ""name"" : ""Portuguese""
    },
    ""text"" : ""Orthos XXI"",
    ""allLanguagesApplicable"" : null
  } ]
}",-1306,,,,,"05600456910332",,,
3802539,"01KYQ1KWCY48D3YM1BGEAW4KPQ","1d1432f3-2a8c-44fd-b408-c52ccc6b0c46","Acrylastic®","47190-00",-74,1,0,0,0,0,0,0,,1,"04042809044386","4042809400362689D","6b0976e4-6cef-4c29-8ed2-ea9694e2f866","01KYQ1BSVEHT0CW6VX5HJT9TEV",0,0,0,,0,0,,0,,,0,,,,,,,,0,0,"Acrylastic®",,-203,-197,"STANDARD",," M0304010302","FR-MF-000000598","BSN medical SAS",-11,"{
  ""texts"" : [ {
    ""language"" : {
      ""isoCode"" : ""fr"",
      ""name"" : ""French""
    },
    ""text"" : ""BSN medical SAS"",
    ""allLanguagesApplicable"" : null
  } ],
  ""textByDefaultLanguage"" : null
}",,-1306,,,,,,,"04042809044386,04042809044393,04042809044409",
3141842,"01KTPB75SWC99RA5MKQPEDH896","1372c25f-090c-4d6f-9fad-fc5abdb6e823","NUVOLA ESSENTIAL 75 DISCHETTI","NUVOLA ESSENTIAL 75 DISCHETTI",-108,1,0,0,0,0,0,0,,1,"08008766000007","80087660018E","e07f4f2e-0e65-4df7-a5b9-d9d3073f2b76","01KTPB1M21W1JGCQ2Y11T0G27P",0,0,0,,0,0,,0,,,0,,,,,,,,0,0,"001",,-203,-197,"STANDARD",," Q010699","IT-MF-000053578","Industria Chimica Mediterranea Srl",-11,"{
  ""texts"" : [ {
    ""language"" : {
      ""isoCode"" : ""it"",
      ""name"" : ""Italian""
    },
    ""text"" : ""Industria Chimica Mediterranea Srl"",
    ""allLanguagesApplicable"" : false
  } ],
  ""textByDefaultLanguage"" : null
}","{
  ""texts"" : [ {
    ""language"" : {
      ""isoCode"" : ""it"",
      ""name"" : ""Italian""
    },
    ""text"" : ""ICM"",
    ""allLanguagesApplicable"" : false
  } ],
  ""textByDefaultLanguage"" : null
}",-1306,,,,,,,,
649497,"01J2EM5K3DDC9GFR1ZMQH4ZCT1","1b07ae07-fdbb-4e47-a0cf-b247d55559c4","GE 8ch Foot Ankle coil","5436920",-74,1,0,0,0,0,0,0,,1,"00840682119214","8406821BUG00451HH","3917fc5a-f2fe-496c-a055-899b704886eb","01J2EKZXNY69YESHTH5WAPZMFT",1,0,0,,0,0,,0,,,0,,,,,,,,0,0,"GE 8ch Foot Ankle Coil","GE 8ch Foot Ankle Coil",-203,-197,"STANDARD",," Z1105018001","CN-MF-000001725","GE Healthcare Tianjin Company Limited",-11,"{
  ""texts"" : [ {
    ""language"" : {
      ""isoCode"" : ""en"",
      ""name"" : ""English""
    },
    ""text"" : ""GE Healthcare Tianjin Company Limited"",
    ""allLanguagesApplicable"" : null
  } ]
}",,-1306,"GE Medical Systems SCS","FR-AR-000000344","{
  ""texts"" : [ {
    ""language"" : {
      ""isoCode"" : ""fr"",
      ""name"" : ""French""
    },
    ""text"" : ""GE Medical Systems SCS"",
    ""allLanguagesApplicable"" : null
  } ]
}",,,,,
3679691,"01KY2SWEB669FZTH8S8DYFTQ5S","cea0c1e1-40e3-4439-9482-ae33abc250f0","PT 0461 Compression tights PREMIUM CCL 2, toe closed, long, beige, III","461ZN3BIII",-175,1,0,0,0,0,0,0,,1,"05906699023632","5906699PT0461ZN","39099522-e37b-4c94-80dc-cb627153142f","01KY2SM8ZC5BKXE5HDX1N85NKH",0,0,0,,0,0,,0,,,0,,,,,,,,0,0,"PT 0461 Rajstopy uciskowe PREMIUM CCL 2","PT 0461 Rajstopy uciskowe PREMIUM CCL 2",-203,-197,"STANDARD",," M030405","PL-MF-000004824","SIGVARIS SPÓŁKA AKCYJNA",-11,"{
  ""texts"" : [ {
    ""language"" : null,
    ""text"" : ""SIGVARIS SPÓŁKA AKCYJNA"",
    ""allLanguagesApplicable"" : true
  } ]
}","{
  ""texts"" : [ {
    ""language"" : null,
    ""text"" : ""SIGVARIS S.A."",
    ""allLanguagesApplicable"" : true
  } ]
}",-1306,,,,,,,,
4367787,"01M23DWDXAHDF2D0ZHXEM8BQCD","5f946457-c9ba-4b4e-9d39-d6504cd5c500",,"50-17903E",-56,1,0,0,0,0,0,1,,1,"07613154640454","08858251006548U3","cd998ad5-53d8-42ea-9fea-73565dc53ae9","01M22Z7S5HJTTA8EWS19203SA5",0,0,0,,0,1,,0,,,0,,,,,,,1,0,0,"Universal Midface Upper-Face and Orbital Floor Screws","08858251006548U3",-205,-197,"STANDARD",," P09120699","DE-MF-000005522","Stryker Leibinger GmbH & Co.KG",-11,"{
  ""texts"" : [ {
    ""language"" : {
      ""isoCode"" : ""de"",
      ""name"" : ""German""
    },
    ""text"" : ""Stryker Leibinger GmbH & Co.KG"",
    ""allLanguagesApplicable"" : null
  } ],
  ""textByDefaultLanguage"" : null
}","{
  ""texts"" : [ {
    ""language"" : {
      ""isoCode"" : ""de"",
      ""name"" : ""German""
    },
    ""text"" : ""Stryker Leibinger"",
    ""allLanguagesApplicable"" : null
  } ],
  ""textByDefaultLanguage"" : null
}",-1306,,,,,,,,
4616705,"01M33Z332FZBVM8S8K82BPG9YB","6d1f2aa1-3323-4a73-a35e-72f4cecbb1f0","Rurka tracheostomijna","501-05-B-4",-175,1,,,0,0,1,0,,1,"05905947575527","B-05905947575527","015e902b-3017-4e91-a4cc-0114843e500c","01M33Z331RTAZJFGQ1CD38AV4T",0,0,0,,0,0,,0,,,0,,,,,,,,0,0,"Rurka tracheostomijna",,-205,-53,"LEGACY",," R0105010101","PL-MF-000023923","Zakład Detali Medycznych ""DEMED"" Sp. z o.o.",-11,"{
  ""texts"" : [ {
    ""language"" : {
      ""isoCode"" : ""pl"",
      ""name"" : ""Polish""
    },
    ""text"" : ""Zakład Detali Medycznych \""DEMED\"" Sp. z o.o."",
    ""allLanguagesApplicable"" : false
  } ]
}","{
  ""texts"" : [ {
    ""language"" : {
      ""isoCode"" : ""pl"",
      ""name"" : ""Polish""
    },
    ""text"" : ""DEMED"",
    ""allLanguagesApplicable"" : false
  } ]
}",-1306,,,,,,,,
4284650,"01M1KPAEQ4WSGD07N87T9HDABX","10e479d7-0411-4cc1-bf9d-a6658f2d1a2d",,"4NXNRWLDHPAG",-58,1,0,0,0,0,0,0,,1,"05708296357529","57082960000483P","64ce81f4-2267-4ed8-bf25-d0d026776982","01M0020PPMANSYFBPPQGWN21Q8",1,0,0,,0,0,,0,,,0,,,,,,,,0,0,,"ITC",-204,-197,"STANDARD",," Y2145060202","DK-MF-000009536","GN Hearing A/S ",-11,"{
  ""texts"" : [ {
    ""language"" : {
      ""isoCode"" : ""en"",
      ""name"" : ""English""
    },
    ""text"" : ""GN Hearing A/S "",
    ""allLanguagesApplicable"" : null
  } ]
}","{
  ""texts"" : [ {
    ""language"" : {
      ""isoCode"" : ""en"",
      ""name"" : ""English""
    },
    ""text"" : ""GN Hearing "",
    ""allLanguagesApplicable"" : null
  } ]
}",-1306,,,,,,,,
2715684,"01KSHVYGZ7162BJJ25061AGQY7","6d05155c-4199-4b59-9681-a32e3ade7cb9","FinnComfort","02393-902545",-56,1,0,0,1,0,0,0,,1,"00691812706107","4030457-FinnCo-001-MN","3f3b99d2-4122-41dd-aeb4-f7c39ddbf3fc","01KR3AHVVTKD99Q52VK8V9XTW7",0,0,0,,0,0,,0,,,0,,,,,,,,0,0,"FinnComfort",,-203,-197,"STANDARD",," Y063303","DE-MF-000016907","Waldi Schuhfabrik GmbH",-11,"{
  ""texts"" : [ {
    ""language"" : {
      ""isoCode"" : ""de"",
      ""name"" : ""German""
    },
    ""text"" : ""Waldi Schuhfabrik GmbH"",
    ""allLanguagesApplicable"" : null
  } ]
}","{
  ""texts"" : [ {
    ""language"" : {
      ""isoCode"" : ""de"",
      ""name"" : ""German""
    },
    ""text"" : ""FinnComfort"",
    ""allLanguagesApplicable"" : null
  } ]
}",-1306,,,,,"00691812706107",,,
2810015,"01KSMCNWFCXYF4TBFK37T9WPQG","a992b56f-8c38-40d7-97de-89e0051c0167",,"R033-100360-623",-56,1,0,0,0,0,0,1,,1,"04063058191676","40630580000019043","fb0e5875-7461-403a-aeac-c146b122af30","01KSM2YG1XTGQ4DEG7AVK7WHC8",0,0,0,,0,0,,0,,,1,,,,,,,,0,0,"Klemme, sonstige / Clamp, other",,-203,-197,"STANDARD",," L03130499","DE-MF-000005592","REDA Instrumente GmbH",-11,"{
  ""texts"" : [ {
    ""language"" : {
      ""isoCode"" : ""de"",
      ""name"" : ""German""
    },
    ""text"" : ""REDA Instrumente GmbH"",
    ""allLanguagesApplicable"" : null
  } ]
}","{
  ""texts"" : [ {
    ""language"" : {
      ""isoCode"" : ""de"",
      ""name"" : ""German""
    },
    ""text"" : ""REDA"",
    ""allLanguagesApplicable"" : null
  } ]
}",-1306,,,,,"04063058191676",,,
2929847,"01KSW29KWNHJGMCZ9MSJGJ8QDH","b54f1854-540e-4cc5-8aeb-c5f969a425d0","Injektionsset (Lucentispack)","66212365-15",,1,,,,,1,0,,1,"04034393762678","4034393CPTOPH2A2R","b806ff0a-c189-4ebe-adb3-0725b95efda8","01KRE6DY7NJ8B0P3B8RQFJMY79",,,,,,,,,,,,,,,-541,,,,,,"Katarakt-Set","66231430-03",-204,-197,"SPP","Sterile, disposable procedure pack, combination of devices for disease treatment or modification of the anatomy related to ophthalmology."," A010599","DE-PR-000020748","Sengewald Klinikprodukte GmbH",-11,"{
  ""texts"" : [ {
    ""language"" : {
      ""isoCode"" : ""en"",
      ""name"" : ""English""
    },
    ""text"" : ""Sengewald Klinikprodukte GmbH"",
    ""allLanguagesApplicable"" : null
  } ]
}",,-1306,,,,,,,"04034393762678,04034393762692",
1859980,"01KMYEH52TMNTR48GCMJV7DF6A","52b755a7-cedf-49ab-bfde-6e54196e2503","FUJI IP CASSETTE CC","04547410049565",-162,1,0,0,0,0,0,0,,1,"04547410049565","4547410101000000000000438","76e40ddf-bf0a-4d4b-81b7-379f35f67220","01KMEGG6HAED4C2HG59Z2H8YVX",0,0,0,,0,0,,0,,,0,,,,,,,,0,0,"FUJI IP CASSETTE CC",,-203,-197,"STANDARD",," Z11060280","JP-MF-000010401","FUJIFILM Corporation",-11,"{
  ""texts"" : [ {
    ""language"" : {
      ""isoCode"" : ""en"",
      ""name"" : ""English""
    },
    ""text"" : ""FUJIFILM Corporation"",
    ""allLanguagesApplicable"" : null
  } ]
}",,-1306,"FUJIFILM Healthcare Europe GmbH","DE-AR-000040920","{
  ""texts"" : [ {
    ""language"" : {
      ""isoCode"" : ""en"",
      ""name"" : ""English""
    },
    ""text"" : ""FUJIFILM Healthcare Europe GmbH"",
    ""allLanguagesApplicable"" : false
  } ]
}",,,,"04547410049565,14547410049562",
4271237,"01M1JZAX411NJ9B6SRFQQJGYCW","fe4902b6-bde0-41a4-a4a8-05cb00e1ad69","Prolus","TI/C-BRO/01",-56,1,0,0,0,0,1,0,,1,"08904248212213","89042482PRO007Q9","f8cb1b20-a47a-4caa-8093-4404fa22e83a","01M0A2NV6SYS0997PCKG5WCQ2P",0,0,0,,0,1,,0,,,0,,,,,,,1,0,0,"Monofilament Polypropylene suture ","Monofilament Polypropylene suture with needle,Monofilament Polypropylene suture without needle",-205,-197,"STANDARD",," H010201010401","IN-MF-000026561","TI Medical Private Limited",-11,"{
  ""texts"" : [ {
    ""language"" : {
      ""isoCode"" : ""en"",
      ""name"" : ""English""
    },
    ""text"" : ""TI Medical Private Limited"",
    ""allLanguagesApplicable"" : null
  } ]
}",,-1306,"Obelis s.a.","BE-AR-000000106","{
  ""texts"" : [ {
    ""language"" : {
      ""isoCode"" : ""en"",
      ""name"" : ""English""
    },
    ""text"" : ""Obelis s.a."",
    ""allLanguagesApplicable"" : null
  } ],
  ""textByDefaultLanguage"" : ""Obelis s.a.""
}",,,,,
2317031,"01KRCAR9CXTDC35J6GGWKR2TKA","f434d9d9-a559-4297-ae7e-9b8314024079","VOLT","02.424.150TS",-21,1,0,0,0,0,1,0,,1,"07612334243997","7611819a00662K4","9facf3f5-6256-4689-b283-49c2ef3aea20","01KRC2P9EWZBDHEN5KNT344R9V",0,0,0,,0,1,,0,,,0,,,,,,,1,0,0,"VOLT Cortex Screws Stainless Steel","VOLT Cortex Screws Stainless Steel",-205,-197,"STANDARD",," P09120601","CH-MF-000013345","Synthes GmbH",-11,"{
  ""texts"" : [ {
    ""language"" : {
      ""isoCode"" : ""en"",
      ""name"" : ""English""
    },
    ""text"" : ""Synthes GmbH"",
    ""allLanguagesApplicable"" : null
  } ]
}",,-1306,"DePuy Ireland UC","IE-AR-000009328","{
  ""texts"" : [ {
    ""language"" : {
      ""isoCode"" : ""en"",
      ""name"" : ""English""
    },
    ""text"" : ""DePuy Ireland UC"",
    ""allLanguagesApplicable"" : null
  } ]
}",,,,,
808655,"01JHS9NTBQ0Q3BKY4V5GRZ9DR9","d11d276d-5697-4528-bcdd-e1c9dc9e6a11",,"004",-185,1,,,,,1,0,1,1,"06974594960047","69745949615mlRW","e7a11f80-5eaf-4166-9755-d3d8cf00ce91","01JHS9HR3VTGVQB79GPH9QS7H4",,,0,0,0,,0,,0,0,,0,,0,,0,0,,,,"Vacuum tube","15ml",-199,-198,"STANDARD",," W05019099","CN-MF-000033712","HBH BIOTECHNOLOGY LIMITED",-11,"{
  ""texts"" : [ {
    ""language"" : {
      ""isoCode"" : ""en"",
      ""name"" : ""English""
    },
    ""text"" : ""HBH BIOTECHNOLOGY LIMITED"",
    ""allLanguagesApplicable"" : false
  } ],
  ""textByDefaultLanguage"" : ""HBH BIOTECHNOLOGY LIMITED""
}",,-1306,"Kingsmead Service B.V.","NL-AR-000002066","{
  ""texts"" : [ {
    ""language"" : {
      ""isoCode"" : ""en"",
      ""name"" : ""English""
    },
    ""text"" : ""Kingsmead Service B.V."",
    ""allLanguagesApplicable"" : null
  } ]
}",,"06974594960047",,,
1186943,"01K5TZ7WXY8YP21KMYAE6DTXJG","f928d69d-6956-462e-ba87-5066c871a674",,"373-0030",-108,1,0,0,0,0,0,0,,1,"00889989042313","B-00889989042313","ee63fa4e-4fa6-4973-b04b-e17ec7ad01bd","01K5TZ7WWQ296EMS0076SVC925",0,0,0,,0,0,,0,,,0,,,,,,,,0,0,"LOWER RIGHT FIRST MOLAR WASHBON BAND SIZE 30","373-0030",-204,-53,"LEGACY",," Q010402","US-MF-000038085","Ormco Corporation",-11,"{
  ""texts"" : [ {
    ""language"" : {
      ""isoCode"" : ""en"",
      ""name"" : ""English""
    },
    ""text"" : ""Ormco Corporation"",
    ""allLanguagesApplicable"" : false
  } ]
}",,-1306,"KERR ITALIA SRL","IT-AR-000007600","{
  ""texts"" : [ {
    ""language"" : {
      ""isoCode"" : ""it"",
      ""name"" : ""Italian""
    },
    ""text"" : ""KERR ITALIA SRL"",
    ""allLanguagesApplicable"" : null
  } ]
}",,,,,
2360766,"01KRGAD64KRE2RMY62Q12EEFGC","058d4247-9caa-455a-ac27-341536d52cea",,"PYT2827-C4",-98,1,0,0,0,0,0,0,,1,"06974737813582","697473781P01TP","01f01471-75ae-47b8-a942-8225551870c9","01KPMQN1YJJFAS2KXAR5VKXCHW",0,0,0,,0,0,,0,,,0,,,,,,,,0,0,"Spectacle Frames","PYT2726, PYT2729, PYT2731, PYT2732, PYT2205, PYT2733, PYT2735, PYT2736, PYT1240, PYT2737, PYT2738, PYT2740, PYT2536, PYT2742, PYT2743, PYT2744, PYT2745, PYT2746, PYT2747, PYT2748, PYT2749, PYT2540, etc.",-203,-197,"STANDARD",," Q02100201,Q02100202,Q02100203,Q02100299","CN-MF-000022737","WENZHOU HIGO OPTICAL CO.,LTD",-11,"{
  ""texts"" : [ {
    ""language"" : {
      ""isoCode"" : ""en"",
      ""name"" : ""English""
    },
    ""text"" : ""WENZHOU HIGO OPTICAL CO.,LTD"",
    ""allLanguagesApplicable"" : false
  } ],
  ""textByDefaultLanguage"" : ""WENZHOU HIGO OPTICAL CO.,LTD""
}",,-1306,"SUNGO Europe B.V.","NL-AR-000000247","{
  ""texts"" : [ {
    ""language"" : {
      ""isoCode"" : ""nl"",
      ""name"" : ""Dutch""
    },
    ""text"" : ""SUNGO Europe B.V."",
    ""allLanguagesApplicable"" : null
  } ]
}",,,,,
932267,"01JVEHYT5Z584876Z71XD5CCX4","fadacd99-f70a-40d0-9cf3-1a963f1f4076","Hisense","HD55",-56,1,0,0,0,0,0,0,,1,"06978311950397","697831195Ultrasound9F","8c52b13f-c5fe-44c3-ad51-c451a6f16d56","01JVE1BF20FHMNVF8E878XNYYQ",1,0,0,,0,0,,0,,,0,,,,-116,,,,0,0,"Ultrasound diagnostic systems HD 20 series to HD 60 series,Ultrasound diagnostic systems HD 80 series,Ultrasound diagnostic systems H7 and Aisense series","HD 20 series to HD 60 series,HD 80 series,H7 and Aisense series",-204,-197,"STANDARD",," Z11040101","CN-MF-000047224","Qingdao Hisense Medical Co., Ltd.",-11,"{
  ""texts"" : [ {
    ""language"" : {
      ""isoCode"" : ""en"",
      ""name"" : ""English""
    },
    ""text"" : ""Qingdao Hisense Medical Co., Ltd."",
    ""allLanguagesApplicable"" : false
  } ]
}",,-1306,"Shanghai International Holding Corp. GmbH(Europe)","DE-AR-000000001","{
  ""texts"" : [ {
    ""language"" : {
      ""isoCode"" : ""de"",
      ""name"" : ""German""
    },
    ""text"" : ""Shanghai International Holding Corp. GmbH(Europe)"",
    ""allLanguagesApplicable"" : null
  } ]
}",,,,,
151103,"01GBYH5DXFTF9HVARBZ6TVG45H","e0f2a068-264d-4f2b-8e4c-613810e10c3c",,"800098",-56,1,,,0,0,0,1,,1,"07640164281971","B-07640164281971","14a3bf87-5f19-4ea0-ab74-62d6932ff9c0","01GBYH5DWSBXW3AHA702GQCCE2",0,0,0,,0,0,,0,,,1,,,,,,,,0,0,"cardan shaft",,-203,-53,"LEGACY",," L091104","CH-MF-000010304","Atesos medical AG",-11,"{
  ""texts"" : [ {
    ""language"" : {
      ""isoCode"" : ""en"",
      ""name"" : ""English""
    },
    ""text"" : ""Atesos medical AG"",
    ""allLanguagesApplicable"" : null
  } ]
}",,-1306,"hestomed GmbH","DE-AR-000006853","{
  ""texts"" : [ {
    ""language"" : {
      ""isoCode"" : ""de"",
      ""name"" : ""German""
    },
    ""text"" : ""hestomed GmbH"",
    ""allLanguagesApplicable"" : null
  } ],
  ""textByDefaultLanguage"" : null
}",,,,,
3826763,"01KYVF0ZS3R4AJXQXY09W34JVG","ee4c7c6e-b4fa-4adb-a363-2d2baac25f9d","VesTraveler®","2SD22506",-245,1,0,0,0,0,1,0,,1,"06934184012198","069341840SDTF","c6985b11-b9a5-45f7-b93f-ee4cb6267792","01KKFT7B47GGT4D1EGEKSACPDR",0,0,0,,0,0,,0,,,0,,,,,,,,0,0,"VesTraveler® Coronary Dilatation Balloon Catheters","VesTraveler® Balloon Catheter Series",-10,-197,"STANDARD",," C010401020101","CN-MF-000039087","Dongguan TT Medical, Inc.",-11,"{
  ""texts"" : [ {
    ""language"" : {
      ""isoCode"" : ""en"",
      ""name"" : ""English""
    },
    ""text"" : ""Dongguan TT Medical, Inc."",
    ""allLanguagesApplicable"" : false
  } ]
}","{
  ""texts"" : [ {
    ""language"" : {
      ""isoCode"" : ""en"",
      ""name"" : ""English""
    },
    ""text"" : ""TT Medical"",
    ""allLanguagesApplicable"" : false
  } ]
}",-1306,"Emergo Europe B.V.","NL-AR-000000116","{
  ""texts"" : [ {
    ""language"" : {
      ""isoCode"" : ""en"",
      ""name"" : ""English""
    },
    ""text"" : ""Emergo Europe B.V."",
    ""allLanguagesApplicable"" : null
  } ]
}",,,,,
790238,"01JFXKE8QM4E271PY137JX5K9Z","245f0907-5e2d-44ac-8964-288cc9c326a5","TOP Endoscopic Hood SHLL","634126",-56,1,,,0,0,1,0,,1,"04996404611439","B-04996404611439","7891ae6c-3963-463c-ab73-20a3f49091e1","01JFXKE8KEGWHHHZVW195WJNDV",0,0,0,,0,0,,0,,,0,,,,,,,,0,0,"TOP Endoscopic Hood","SHLL",-204,-53,"LEGACY",," G030899","JP-MF-000011618","TOP Corporation",-11,"{
  ""texts"" : [ {
    ""language"" : {
      ""isoCode"" : ""en"",
      ""name"" : ""English""
    },
    ""text"" : ""TOP Corporation"",
    ""allLanguagesApplicable"" : null
  } ]
}",,-1306," MPS Medical Product Service GmbH","DE-AR-000005009","{
  ""texts"" : [ {
    ""language"" : {
      ""isoCode"" : ""en"",
      ""name"" : ""English""
    },
    ""text"" : "" MPS Medical Product Service GmbH"",
    ""allLanguagesApplicable"" : null
  } ]
}",,,,,
3656381,"01KXZQG25GVTDJGACD12CJZXTH","862bacdd-a8ff-46a8-9c56-2e3eb93239ff","MyKnee LBS FemCutBL_Assem -CT-GMK -RM- #3-STERILE","4.1623S",-108,1,0,0,0,0,1,0,,1,"07630030851087","764014274KSP0912R00CN","6aebca59-39f1-422f-b7e6-de92429e3c73","01KXZQ9J894J766J052GHW48B1",0,0,0,,0,0,,0,,,0,,,,,,,,0,0,,"Knee Cutting guide TKA - sterile",-204,-197,"STANDARD",," K01020114","CH-MF-000033473","Medacta International SA",-11,"{
  ""texts"" : [ {
    ""language"" : {
      ""isoCode"" : ""en"",
      ""name"" : ""English""
    },
    ""text"" : ""Medacta International SA"",
    ""allLanguagesApplicable"" : false
  } ]
}","{
  ""texts"" : [ {
    ""language"" : {
      ""isoCode"" : ""en"",
      ""name"" : ""English""
    },
    ""text"" : ""Medacta"",
    ""allLanguagesApplicable"" : false
  } ]
}",-1306,"Medacta Italia srl","IT-AR-000022505","{
  ""texts"" : [ {
    ""language"" : {
      ""isoCode"" : ""it"",
      ""name"" : ""Italian""
    },
    ""text"" : ""Medacta Italia srl"",
    ""allLanguagesApplicable"" : null
  } ]
}",,,,,
217606,"01GQ4V42GZ51V9CKES71H925D7","ab3aece5-b1ec-42d5-b2f3-01dbd61f896d","2,0 MM EXCALIBUR™  SCREW ANCHOR PEEK CF DOUBLE SUTURE WITH NEEDLE","TM05102320",-245,1,,,0,0,1,1,,1,"08681596088065","B-08681596088065","6538863b-079c-4420-8ec7-d316b7baca15","01GQ4V42EF6HVSWRS653D7EQFH",0,0,0,,0,1,,0,,,0,,,,,,,,0,0,"2,0 MM EXCALIBUR™  SCREW ANCHOR PEEK CF DOUBLE SUTURE WITH NEEDLE","Anchor",-205,-53,"LEGACY",," P09120102","TR-MF-000022604","Tulpar Tıbbi Ürünler İthalat İhracat Sanayi ve Ticaret L.T.D Ş.T.İ",-11,"{
  ""texts"" : [ {
    ""language"" : {
      ""isoCode"" : ""en"",
      ""name"" : ""English""
    },
    ""text"" : ""Tulpar Tıbbi Ürünler İthalat İhracat Sanayi ve Ticaret L.T.D Ş.T.İ"",
    ""allLanguagesApplicable"" : false
  } ]
}",,-1306,,,,,,,,
3173708,"01KTV3H6R5GE0DXRAJCQ79Y0MN","d3351efa-d5df-4ac7-ae3a-b9960a69bbb6","KARAOĞLU","KV276.00

",-245,1,0,0,0,0,0,1,,1,"08699041078967","8699041KARAOGLU2040QY","72fc37fe-99fa-4c66-b22e-a69d6271b8c2","01KTR4SVJ1BMD74FA3SA2MJ1WX",0,0,0,,0,0,,0,,,1,,,,,,,,0,0,"REAMERS","KARAOĞLU",-203,-197,"STANDARD",," L091102","TR-MF-000041867","KARAOĞLU BASKÜL VE CERRAHİ ALETLER İMAL. SAN. TİC. LTD. ŞTİ",-11,"{
  ""texts"" : [ {
    ""language"" : null,
    ""text"" : ""KARAOĞLU BASKÜL VE CERRAHİ ALETLER İMAL. SAN. TİC. LTD. ŞTİ"",
    ""allLanguagesApplicable"" : true
  } ],
  ""textByDefaultLanguage"" : null
}","{
  ""texts"" : [ {
    ""language"" : null,
    ""text"" : ""Karaoğlu"",
    ""allLanguagesApplicable"" : true
  } ],
  ""textByDefaultLanguage"" : null
}",-1306,,,,,,,,
4615269,"01M33V5NGKEP7A3RR3CYPK9Q2X","243c6b13-3de4-4c8b-b4c5-09d513e04679","Juzo Expert Feel","3341",-56,1,0,0,0,0,0,0,,1,"04071191584545","4018678M030405PHLY-010-AS","b1b47278-0227-4275-aff4-196e309ae175","01M27XRQX05TB01GQ5CWFCZH8H",0,0,0,,0,0,,0,,,0,,,,,,,,0,0,"Medical compression garments PH/LY- stockings / pantyhose / sleeves",,-203,-197,"STANDARD",," M030405","DE-MF-000009443","Julius Zorn GmbH",-11,"{
  ""texts"" : [ {
    ""language"" : {
      ""isoCode"" : ""de"",
      ""name"" : ""German""
    },
    ""text"" : ""Julius Zorn GmbH"",
    ""allLanguagesApplicable"" : null
  } ]
}","{
  ""texts"" : [ {
    ""language"" : {
      ""isoCode"" : ""de"",
      ""name"" : ""German""
    },
    ""text"" : ""Juzo"",
    ""allLanguagesApplicable"" : null
  } ]
}",-1306,,,,,"04071191584545",,,
2067625,"01KPSXRMF13HTH05W0D9KK8V7M","2cc6110f-8084-409e-84b4-2e710b06d08b","II.  MICRO,AG-HB PRAVÁ,vel.7K,černá","8591285237080",-55,1,0,0,0,0,0,0,,1,"08591285237080","8591285UPPM2BM","95f6f0ee-cf83-4314-909f-f73040e385ca","01KPSXKEH4MB90MCK1FYFXSXX7",0,0,0,,0,0,,0,,,0,,,,,,,,0,0,"Kompresní punčochy MICRO II.KT - Stehenní punčocha s upínáním v pase pravá",,-203,-197,"STANDARD",," M030405","CZ-MF-000000989","MAXIS a.s.",-11,"{
  ""texts"" : [ {
    ""language"" : {
      ""isoCode"" : ""cs"",
      ""name"" : ""Czech""
    },
    ""text"" : ""MAXIS a.s."",
    ""allLanguagesApplicable"" : null
  } ]
}",,-1306,,,,,,,,
1532789,"01KFMFV7CNSG7M61QG9T0G3Q1F","f9790ad8-be79-4ebd-90c1-35ae07d2d841",,"HNHFI450228",-13,1,0,0,0,0,0,1,,1,"06979081651798","697908165DRCFRV","fe7ad0bd-31ad-47c8-b538-dc51cb49e54d","01KFF87EH4WK90H521CAMXNHQ3",0,0,0,,0,0,,0,,,0,,,,,,,,0,0,"Root Canal Files","HSHFI060221",-203,-197,"STANDARD",," Q010507","CN-MF-000048352","SHENZHEN AMERICURAS CO.,LTD",-11,"{
  ""texts"" : [ {
    ""language"" : {
      ""isoCode"" : ""en"",
      ""name"" : ""English""
    },
    ""text"" : ""SHENZHEN AMERICURAS CO.,LTD"",
    ""allLanguagesApplicable"" : false
  } ]
}",,-1306,"SUNGO Europe B.V.","NL-AR-000000247","{
  ""texts"" : [ {
    ""language"" : {
      ""isoCode"" : ""nl"",
      ""name"" : ""Dutch""
    },
    ""text"" : ""SUNGO Europe B.V."",
    ""allLanguagesApplicable"" : null
  } ]
}",,,,,
922657,"01JTQYQ4Q9FDX3KJZ3BPHH10ZA","212228e5-8bdc-4708-8899-439cc7827608","OneWayGlide","IM51/8",-58,1,0,0,0,0,0,0,,1,"05708012000975","57080122004LX","fcd4a4b9-5fbc-495e-bf7e-4741106ffcc6","01JTQY00NPRJ07KZPH9766E60M",0,0,0,,0,0,,0,,,0,,,,,,,,0,0,"OneWayGlide","Positioning Sitting",-203,-197,"STANDARD",," V080399","DK-MF-000019241","Etac Immedia A/S",-11,"{
  ""texts"" : [ {
    ""language"" : {
      ""isoCode"" : ""da"",
      ""name"" : ""Danish""
    },
    ""text"" : ""Etac Immedia A/S"",
    ""allLanguagesApplicable"" : false
  } ]
}",,-1306,,,,,,,,
1706331,"01KK96RMM6FW0ZHAXRZ99W2H7P","932b693d-6c78-4edf-8716-13691e3bd670","GoLIF! Cage 26 x 9mm","3102609",-58,1,,,0,0,1,0,,1,"07640387660355","B-07640387660355","84056111-7071-4389-b514-749ddc03a9dc","01KK96RMKAM005PEEVW0V1EB93",0,0,0,,0,1,,0,,,0,,,,-116,,,,0,0,"GoLIF! Cage 26 x 9mm","3102609",-205,-53,"LEGACY",," P09070101","CH-MF-000010244","GetSet Surgical SA",-11,"{
  ""texts"" : [ {
    ""language"" : {
      ""isoCode"" : ""en"",
      ""name"" : ""English""
    },
    ""text"" : ""GetSet Surgical SA"",
    ""allLanguagesApplicable"" : null
  } ],
  ""textByDefaultLanguage"" : ""GetSet Surgical SA""
}",,-1306,"Emergo Europe B.V.","NL-AR-000000116","{
  ""texts"" : [ {
    ""language"" : {
      ""isoCode"" : ""en"",
      ""name"" : ""English""
    },
    ""text"" : ""Emergo Europe B.V."",
    ""allLanguagesApplicable"" : null
  } ]
}",,,,,
952927,"01JWBBYVKGZMG0F65AS9YRVPKZ","4c89cc66-4231-4ebd-8a6c-84f7ce4c3c63","SemiSlip","41013240",-56,1,1,0,0,0,1,0,,1,"04255605603880","42556056gwcIIaFP","7af7b5e0-b5ba-4d37-9e05-bff0f9b91a88","01JCQTCGD9GFCCDCC3K9GN5HD3",0,0,0,,0,0,,0,,,0,,,,,,,,0,0,"Guidewires for Peripheral Application",,-204,-197,"STANDARD",," U0601","DE-MF-000005425","EPflex Feinwerktechnik GmbH",-11,"{
  ""texts"" : [ {
    ""language"" : {
      ""isoCode"" : ""de"",
      ""name"" : ""German""
    },
    ""text"" : ""EPflex Feinwerktechnik GmbH"",
    ""allLanguagesApplicable"" : null
  } ]
}",,-1306,,,,,,,"04255605603880,04255605603897",
4206577,"01KXZD0DB7JTJ1KJENEXW401QP","d472d173-d7b7-4663-96e0-49996e1c2824","DIATECH Diamonds","60032104",-56,1,0,0,0,0,0,1,,2,"07630243661961","76303929ROTA20011CP","93e7d1d6-0f14-45f4-b7be-c112b887db59","01KTTYN4NPG534R7J2VG4XBVN9",0,0,0,,0,0,,0,,,1,,,,,,,,0,0,,"DIATECH Diamond Instruments",-204,-197,"STANDARD",," Q010199","CH-MF-000028926","Dent4You AG",-11,"{
  ""texts"" : [ {
    ""language"" : {
      ""isoCode"" : ""de"",
      ""name"" : ""German""
    },
    ""text"" : ""Dent4You AG"",
    ""allLanguagesApplicable"" : null
  } ]
}",,-1306,"Coltène/Whaledent GmbH + Co. KG","DE-AR-000005719","{
  ""texts"" : [ {
    ""language"" : {
      ""isoCode"" : ""de"",
      ""name"" : ""German""
    },
    ""text"" : ""Coltène/Whaledent GmbH + Co. KG"",
    ""allLanguagesApplicable"" : null
  } ]
}",,,,,
3163566,"01KTSWT3D9GRKC2WWESPDKQ002","7430b491-5139-4b24-9d76-d5201e4c7b04","Distal Assy, Adj Pos Jt St Bar, 1/8x1/2 SS LL/RM","S1700C8R10S",-56,1,0,0,0,0,0,0,,1,"00194545100865","19454517007P","3d56c686-af85-4a85-86bf-8c27c8adba15","01FS88CNJ6188TPJDE0WKAJBYQ",0,0,0,,0,0,,0,,,0,,,,,,,,0,0,"Adjustable Positioning Joint","1700",-203,-197,"STANDARD",," Y06121201","US-MF-000004002","Becker Orthopedic Appliance Company",-11,"{
  ""texts"" : [ {
    ""language"" : {
      ""isoCode"" : ""en"",
      ""name"" : ""English""
    },
    ""text"" : ""Becker Orthopedic Appliance Company"",
    ""allLanguagesApplicable"" : null
  } ],
  ""textByDefaultLanguage"" : ""Becker Orthopedic Appliance Company""
}",,-1306,"Medical Technology Promedt Consulting GmbH","DE-AR-000000085","{
  ""texts"" : [ {
    ""language"" : {
      ""isoCode"" : ""de"",
      ""name"" : ""German""
    },
    ""text"" : ""Medical Technology Promedt Consulting GmbH"",
    ""allLanguagesApplicable"" : null
  } ]
}",,,,,
914083,"01JT06WV95X3N0JQV5AF7VP8SA","404c22de-a452-4135-a9cb-ca40463216c6","S.C.A","07.2126",-245,1,0,0,0,0,0,1,,1,"08680461470967","868086255S.C.A3548TW","1cd00628-e698-42e4-87a6-e7c1799f0cf9","01HWSSF77H9YHXSY1TEXY10GAR",0,0,0,,0,0,,0,,,1,,,,,,,,0,0,"CONSERVATIVE","S.C.A",-203,-197,"STANDARD",," L031399","TR-MF-000018747","SAMSUN CERRAHİ ALETLER SANAYİ VE TİCARET LİMİTED ŞİRKETİ",-11,"{
  ""texts"" : [ {
    ""language"" : {
      ""isoCode"" : ""en"",
      ""name"" : ""English""
    },
    ""text"" : ""SAMSUN CERRAHİ ALETLER SANAYİ VE TİCARET LİMİTED ŞİRKETİ"",
    ""allLanguagesApplicable"" : false
  } ]
}",,-1306,,,,,,,,
4353998,"01M22G1M2AR77S6BV8BFY5FVV4","291947ed-9c82-4dd0-970d-42e8aa92a6a9","Medial Opening HTO Plate with Ligamentoplasty (L)","641.8301",-108,1,0,0,0,0,1,0,,1,"08056693063251","8056693028AW","9647ecbf-c63b-40ce-9cc5-78001095b49a","01M22FYAP308G94ZRVF8NAQVY1",0,0,0,,0,1,,0,,,0,,,,,,,1,0,0,"O'nil Tibia Osteotomy Plate - Ti","plo.041.T",-205,-197,"STANDARD",," P09120599","IT-MF-000005991","Intrauma S.p.A.",-11,"{
  ""texts"" : [ {
    ""language"" : {
      ""isoCode"" : ""it"",
      ""name"" : ""Italian""
    },
    ""text"" : ""Intrauma S.p.A."",
    ""allLanguagesApplicable"" : null
  } ]
}","{
  ""texts"" : [ {
    ""language"" : {
      ""isoCode"" : ""it"",
      ""name"" : ""Italian""
    },
    ""text"" : ""Intrauma"",
    ""allLanguagesApplicable"" : null
  } ]
}",-1306,,,,,,,,
815958,"01JJA0MVQHSDEBDCN7KGFR0D5Y","fb3ca044-2812-496a-855b-317afa3d17d5","SCALER N2 XP (3/8) RED","AESN2XPXE",-56,1,0,0,0,0,0,0,,1,"00841013120404","0841013135320EMND1696817Q","d3435430-7c7d-414f-8851-d953ca6b60ec","01GM2ZR86FNZ8D8H0ZZHDEZH7Q",0,0,0,,0,0,,0,,,1,,,,,,,,0,0,"Manual Dental Scaler, Reusable",,-203,-197,"STANDARD",," Q010399","US-MF-000018222","American Eagle Instruments",-11,"{
  ""texts"" : [ {
    ""language"" : {
      ""isoCode"" : ""en"",
      ""name"" : ""English""
    },
    ""text"" : ""American Eagle Instruments"",
    ""allLanguagesApplicable"" : false
  } ]
}",,-1306,"Young Microbrush Ireland Ltd","IE-AR-000011249","{
  ""texts"" : [ {
    ""language"" : {
      ""isoCode"" : ""en"",
      ""name"" : ""English""
    },
    ""text"" : ""Young Microbrush Ireland Ltd"",
    ""allLanguagesApplicable"" : false
  } ],
  ""textByDefaultLanguage"" : ""Young Microbrush Ireland Ltd""
}",,,,,
1447248,"01KDA900QZXBBEN7A0CWFD8N9P","800f980e-b3be-47e2-8a72-bfbebaa2705e","FX ANTERIOR","20PCS,LA7,LL2,A1",-56,1,0,0,0,0,0,0,,1,"PLFXAXLA7L2XA1","B-PLFXAXLA7L2XA1","a2e71296-5d0a-4d04-83d0-6b4290177287","01KDA900QM9YN5WSXQ6GFGZCM5",0,0,0,,0,0,,0,,,0,,,,,,,,0,0,,"20PCS,LA7,LL2,A1",-204,-53,"LEGACY",," Q01020601","JP-MF-000024849","YAMAHACHI DENTAL MFG., CO.",-11,"{
  ""texts"" : [ {
    ""language"" : {
      ""isoCode"" : ""en"",
      ""name"" : ""English""
    },
    ""text"" : ""YAMAHACHI DENTAL MFG., CO."",
    ""allLanguagesApplicable"" : false
  } ]
}",,-1306,"Obelis s.a.","BE-AR-000000106","{
  ""texts"" : [ {
    ""language"" : {
      ""isoCode"" : ""en"",
      ""name"" : ""English""
    },
    ""text"" : ""Obelis s.a."",
    ""allLanguagesApplicable"" : null
  } ],
  ""textByDefaultLanguage"" : ""Obelis s.a.""
}",,,,,
3938356,"01KZG5Y7QSY903CS0H95MDMRF4","131340b3-5982-443a-913c-361eba398f13","UZMAN","SY.BP 30.20",-245,1,0,0,0,0,0,1,,1,"08684647004762","868464700KONTEYNER552C","e2edc8bb-9076-40aa-b895-d1d446d5738a","01KZG5DSN47ADMKB9WHCHG13WB",0,0,0,,0,0,,0,,,1,,,,,,,,0,0,"STERILIZATION CONTAINER SYSTEMS","UZMAN",-203,-197,"STANDARD",," S010401","TR-MF-000020520","Uzman Cerrahi Aletler - Özkan Seyhan",-11,"{
  ""texts"" : [ {
    ""language"" : {
      ""isoCode"" : ""en"",
      ""name"" : ""English""
    },
    ""text"" : ""Uzman Cerrahi Aletler - Özkan Seyhan"",
    ""allLanguagesApplicable"" : false
  } ],
  ""textByDefaultLanguage"" : ""Uzman Cerrahi Aletler - Özkan Seyhan""
}","{
  ""texts"" : [ {
    ""language"" : {
      ""isoCode"" : ""en"",
      ""name"" : ""English""
    },
    ""text"" : ""UZMAN"",
    ""allLanguagesApplicable"" : false
  } ],
  ""textByDefaultLanguage"" : ""UZMAN""
}",-1306,,,,,,,,
2479068,"01KRXCDFEESXHYCSNJM65P0T54","195b6644-ea0c-47a1-9ca9-3e2548087180",,"3765010000020",-56,1,0,0,0,0,0,0,,1,"04059465114858","4055107MyGen69","2d0f642f-2516-4331-a365-cc66ce58a598","01KRDT6V93EG5M6DVETC7STS0D",0,0,0,,0,0,,0,,,0,,,,,,,,0,0,"MyGeneration",,-203,-197,"STANDARD",," Y063303","DE-MF-000004958","Schein Orthopädie Service KG",-11,"{
  ""texts"" : [ {
    ""language"" : {
      ""isoCode"" : ""de"",
      ""name"" : ""German""
    },
    ""text"" : ""Schein Orthopädie Service KG"",
    ""allLanguagesApplicable"" : null
  } ]
}",,-1306,,,,,,,,
1706341,"01KK96X4DHC97K6KB1091JC968","93106c77-ba98-4b1b-b350-53f672422ad0","SCREWFIX","SF092002C1D",-108,1,0,0,0,0,1,0,,1,"08033860043582","8033860SFFT01CU2","1aba688d-7a00-4a2d-bbf1-ea167527a4cf","01KFDEKX7ND0DW2M7V99K3V1EA",0,0,0,,0,0,,0,,,0,,,,,,,,0,0,"CEMENT INJECTION SYSTEMS FOR MINI-INVASIVE BONE SURGERY",,-204,-197,"STANDARD",," P099002","IT-MF-000011601","BIOPSYBELL SRL",-11,"{
  ""texts"" : [ {
    ""language"" : {
      ""isoCode"" : ""it"",
      ""name"" : ""Italian""
    },
    ""text"" : ""BIOPSYBELL SRL"",
    ""allLanguagesApplicable"" : null
  } ],
  ""textByDefaultLanguage"" : null
}",,-1306,,,,,,,"08033860043582,08033860043599",
1904881,"01KN6FC7KDZJMBCZKRBGKJAMJ6","3f5c235b-7ea3-4695-a8e5-77809a40effb","J Type Ureteral Stent","H03-DJ05-28-U",-54,1,0,0,0,0,1,0,,1,"06942214114606","697197678DXACE0209VZ","92635b30-85df-461b-aa51-7866089b6013","01KN6DEG6ATDMZNH65H5840VSJ",0,0,0,,0,0,,0,,,0,,,,,,,,0,0,"J Type Ureteral Stent","Double J,without thread,without guide wire,uncoated",-204,-197,"STANDARD",," U020302","CN-MF-000033805","Chengdu Daxan Innovative Medical Tech.Co.,Ltd",-11,"{
  ""texts"" : [ {
    ""language"" : {
      ""isoCode"" : ""en"",
      ""name"" : ""English""
    },
    ""text"" : ""Chengdu Daxan Innovative Medical Tech.Co.,Ltd"",
    ""allLanguagesApplicable"" : false
  } ],
  ""textByDefaultLanguage"" : ""Chengdu Daxan Innovative Medical Tech.Co.,Ltd""
}","{
  ""texts"" : [ {
    ""language"" : {
      ""isoCode"" : ""en"",
      ""name"" : ""English""
    },
    ""text"" : ""Chengdu Daxan Innovative Medical Tech.Co.,Ltd"",
    ""allLanguagesApplicable"" : false
  } ],
  ""textByDefaultLanguage"" : ""Chengdu Daxan Innovative Medical Tech.Co.,Ltd""
}",-1306,"Shanghai International Holding Corp. GmbH(Europe)","DE-AR-000000001","{
  ""texts"" : [ {
    ""language"" : {
      ""isoCode"" : ""de"",
      ""name"" : ""German""
    },
    ""text"" : ""Shanghai International Holding Corp. GmbH(Europe)"",
    ""allLanguagesApplicable"" : null
  } ]
}",,,,,
1124305,"01K2YFBTNR0P72FX3D6XNRZHXS","39972370-bcd5-4e25-a075-3995767da524","Hybrid Mind ","8586025254441",-197,1,0,0,0,0,0,0,,1,"08586025254441","858602525MatracpruzinovNC","cf6cba8a-4678-413b-9cee-1fb913b23216","01K2T3RSSHZBDRC0TQSA91HW15",0,0,0,,0,0,,0,,,0,,,,-116,,,,0,0,"Matrac","Pružinový matrac",-203,-197,"STANDARD",," V080702","SK-MF-000044986","MATERASSO Slovakia, s.r.o.",-11,"{
  ""texts"" : [ {
    ""language"" : {
      ""isoCode"" : ""sk"",
      ""name"" : ""Slovak""
    },
    ""text"" : ""MATERASSO Slovakia, s.r.o."",
    ""allLanguagesApplicable"" : false
  } ]
}","{
  ""texts"" : [ {
    ""language"" : {
      ""isoCode"" : ""sk"",
      ""name"" : ""Slovak""
    },
    ""text"" : ""MATERASSO"",
    ""allLanguagesApplicable"" : false
  } ]
}",-1306,,,,,"08586025254441",,,
3494713,"01KX399WNWHWNPDSF0B8ZJXSSK","fefe28e3-05c1-40d2-a05f-e888fa8c3352","PT 0401 Compression tights CLASSIC CCL 2, toe closed, short, beige, M","401K3BM",-175,1,0,0,0,0,0,0,,1,"05906699021164","5906699PT0401Z4","dfea9e97-5724-43d9-8832-57b96cf0cd82","01KX396C9H0H6DS3F87S1P14RA",0,0,0,,0,0,,0,,,0,,,,,,,,0,0,"PT 0401 Rajstopy uciskowe CLASSIC CCL 2","PT 0401 Rajstopy uciskowe CLASSIC CCL 2",-203,-197,"STANDARD",," M030405","PL-MF-000004824","SIGVARIS SPÓŁKA AKCYJNA",-11,"{
  ""texts"" : [ {
    ""language"" : null,
    ""text"" : ""SIGVARIS SPÓŁKA AKCYJNA"",
    ""allLanguagesApplicable"" : true
  } ]
}","{
  ""texts"" : [ {
    ""language"" : null,
    ""text"" : ""SIGVARIS S.A."",
    ""allLanguagesApplicable"" : true
  } ]
}",-1306,,,,,,,,
264985,"01GXTS6AR8DWNA9K46C2K149ZK","da735e04-c344-46b2-aeb1-97e623acbef5","Aqua12 302","Aqua12 302 087/208",-56,1,0,0,0,0,0,0,,1,"04019473369824","40194730024F","3796333d-7980-46d0-9e15-a94794bb2190","01GXTG1JWCVAJ5Z7CHRWWSGPYN",0,0,0,,0,0,,0,,,0,,,,-116,,,,0,0,"medical mattress",,-203,-197,"STANDARD",," V080702","DE-MF-000010222","Breckle Matratzenwerk Weida",-11,"{
  ""texts"" : [ {
    ""language"" : {
      ""isoCode"" : ""de"",
      ""name"" : ""German""
    },
    ""text"" : ""Breckle Matratzenwerk Weida"",
    ""allLanguagesApplicable"" : null
  } ]
}","{
  ""texts"" : [ {
    ""language"" : {
      ""isoCode"" : ""de"",
      ""name"" : ""German""
    },
    ""text"" : ""Breckle Weida"",
    ""allLanguagesApplicable"" : null
  } ]
}",-1306,,,,,"04019473369824",,,
1518748,"01KF33BSNW9QC2Q5EF2HXSY38E","d92a781c-91e3-4a7a-8d4e-6bf2ceb2f7a3","Sitzkissen Baumwolle 44x39x17 cm","145495",-56,1,0,0,0,0,0,0,,1,"04001363007756","4001363PFLH001B7","4417fc5a-1452-4cb0-a51d-445627253c1d","01HSTZY4FXP008426ZT4FHJ06B",0,0,0,,0,0,,0,,,0,,,,,,,,0,0,"Lagerungshilfen",,-203,-197,"STANDARD",," V080302","DE-MF-000005057","POLYFORM-Kunststofftechnik GmbH &Co. Betriebs KG",-11,"{
  ""texts"" : [ {
    ""language"" : {
      ""isoCode"" : ""de"",
      ""name"" : ""German""
    },
    ""text"" : ""POLYFORM-Kunststofftechnik GmbH &Co. Betriebs KG"",
    ""allLanguagesApplicable"" : null
  } ]
}","{
  ""texts"" : [ {
    ""language"" : {
      ""isoCode"" : ""de"",
      ""name"" : ""German""
    },
    ""text"" : ""POLYFORM GmbH & Co. KG"",
    ""allLanguagesApplicable"" : null
  } ]
}",-1306,,,,,"04001363007756",,,
3275214,"01KVQPMTYHMXVWMS1S8CXDF2SW","9142e7c9-a677-4089-94c7-f7150cc04133","NASAL STRIP","CERNAS010DP",-108,1,0,0,1,0,1,1,,1,"06977222461923","69772224610009W","da4cdbb0-55ea-4d99-8bfb-8739ceb599c7","01HZPKEPWQNG56R3N1R7QBBDCF",0,0,0,,0,0,,0,,,0,,,,,,,,0,0,"WOUND PLASTERS",,-203,-197,"STANDARD",," M0599","CN-MF-000016417","AID UNITED(YANGZHOU) MEDICAL DEVICES CO., LTD",-11,"{
  ""texts"" : [ {
    ""language"" : {
      ""isoCode"" : ""en"",
      ""name"" : ""English""
    },
    ""text"" : ""AID UNITED(YANGZHOU) MEDICAL DEVICES CO., LTD"",
    ""allLanguagesApplicable"" : null
  } ]
}",,-1306,"RIOMAVIX SOCIEDAD LIMITADA","ES-AR-000001202","{
  ""texts"" : [ {
    ""language"" : {
      ""isoCode"" : ""es"",
      ""name"" : ""Spanish""
    },
    ""text"" : ""RIOMAVIX SOCIEDAD LIMITADA"",
    ""allLanguagesApplicable"" : false
  } ],
  ""textByDefaultLanguage"" : null
}",,,,,
578657,"01HXBZP7Z1GD9H2PX7Q64STF43","112992dc-fab0-457f-840c-fe730023fdea","TEKNO-CER","T90-1026",-245,1,0,0,0,0,0,1,,1,"08699328728783","8699328TEKNO-CER20222U","01110800-5504-4782-b0f6-87f09b2fee68","01HXBZ0J6ZYWGN1G7FBWBN1B6Q",0,0,0,,0,0,,0,,,1,,,,,,,,0,0,"SUCTION CANNULAS","TEKNO-CER",-203,-197,"STANDARD",," A06010103","TR-MF-000019961","TEKNO-CER CERRAHİ ALETLER İMALAT SANAYİ VE TİCARET LİMİTED ŞİRKETİ",-11,"{
  ""texts"" : [ {
    ""language"" : {
      ""isoCode"" : ""en"",
      ""name"" : ""English""
    },
    ""text"" : ""TEKNO-CER CERRAHİ ALETLER İMALAT SANAYİ VE TİCARET LİMİTED ŞİRKETİ"",
    ""allLanguagesApplicable"" : false
  } ]
}","{
  ""texts"" : [ {
    ""language"" : {
      ""isoCode"" : ""en"",
      ""name"" : ""English""
    },
    ""text"" : ""TEKNO-CER SURGICAL INSTRUMENTS"",
    ""allLanguagesApplicable"" : false
  } ]
}",-1306,,,,,,,,
1582776,"01KH3AERSF9PNQ3RQ9GK6C12F8","da0e444f-131c-4792-87ae-b2f33402fcaf","MDT Tungsten Carbide Dental Burs","50033212-F8-38",-108,1,1,0,0,0,0,1,,1,"47291046604142","7291046CarbidenonStrlAS","35d1791e-b418-4c56-9621-98d8d394c91d","01KFB132G0PRE2P8MBRAM3ACNY",0,0,0,,0,0,,0,,,1,,,,,,,,0,0,"Non Sterile Tungsten Carbide Dental Burs",,-204,-197,"STANDARD",," Z12110102","IL-MF-000008464","MDT Micro Diamond Technologies Ltd.",-11,"{
  ""texts"" : [ {
    ""language"" : {
      ""isoCode"" : ""en"",
      ""name"" : ""English""
    },
    ""text"" : ""MDT Micro Diamond Technologies Ltd."",
    ""allLanguagesApplicable"" : null
  } ]
}","{
  ""texts"" : [ {
    ""language"" : {
      ""isoCode"" : ""en"",
      ""name"" : ""English""
    },
    ""text"" : ""MDT"",
    ""allLanguagesApplicable"" : null
  } ]
}",-1306,"Obelis s.a.","BE-AR-000000106","{
  ""texts"" : [ {
    ""language"" : {
      ""isoCode"" : ""en"",
      ""name"" : ""English""
    },
    ""text"" : ""Obelis s.a."",
    ""allLanguagesApplicable"" : null
  } ],
  ""textByDefaultLanguage"" : ""Obelis s.a.""
}",,,,,
4512885,"01M2TN9RN41VJ55MPXVFBKV564","d1b1423e-5fd7-4c37-b6eb-ad9ef766f679","Juzo Soft","2001",-56,1,0,0,0,0,0,0,,1,"04071191507117","4018678M030405PHLY-010-AS","b1b47278-0227-4275-aff4-196e309ae175","01M27XRQX05TB01GQ5CWFCZH8H",0,0,0,,0,0,,0,,,0,,,,,,,,0,0,"Medical compression garments PH/LY- stockings / pantyhose / sleeves",,-203,-197,"STANDARD",," M030405","DE-MF-000009443","Julius Zorn GmbH",-11,"{
  ""texts"" : [ {
    ""language"" : {
      ""isoCode"" : ""de"",
      ""name"" : ""German""
    },
    ""text"" : ""Julius Zorn GmbH"",
    ""allLanguagesApplicable"" : null
  } ]
}","{
  ""texts"" : [ {
    ""language"" : {
      ""isoCode"" : ""de"",
      ""name"" : ""German""
    },
    ""text"" : ""Juzo"",
    ""allLanguagesApplicable"" : null
  } ]
}",-1306,,,,,"04071191507117",,,
2550039,"01KS2JDXJXJQBENDEVTBBT3GE1","c32a1816-450d-43c7-980c-d871879619bd",,"H106",-58,1,0,0,0,0,0,0,,1,"05712690014445","5712690000039S","159d24ae-50b2-448b-8c43-b220cfc117f7","01KR0KFZD32WY97YNS0K13KGX3",0,0,0,,0,0,,0,,,0,,,,,,,,0,0,"Female compression pants",,-203,-197,"STANDARD",," M030499","DK-MF-000002251","Eto Garments ApS",-11,"{
  ""texts"" : [ {
    ""language"" : {
      ""isoCode"" : ""da"",
      ""name"" : ""Danish""
    },
    ""text"" : ""Eto Garments ApS"",
    ""allLanguagesApplicable"" : null
  } ]
}","{
  ""texts"" : [ {
    ""language"" : {
      ""isoCode"" : ""da"",
      ""name"" : ""Danish""
    },
    ""text"" : ""Eto Garments Aps"",
    ""allLanguagesApplicable"" : null
  } ]
}",-1306,,,,,,,,
1423471,"01KBZMGGWRRZ8NYMTNADMQBAHG","a42cf8ba-4713-4327-9152-4636fd2b8043","CONDUIT ALIF","AET10834T",-21,1,1,0,0,0,0,1,,2,"10705034556598","0705034a002005E","9b959f5b-b1fb-434e-9e28-179c8314de2e","01KABXA14YEMYENR4WK8FPHAHW",0,0,0,,0,0,,0,,,1,,,,,,,,0,0,"Conduit Trial","Conduit Lumbar Trials",-204,-197,"STANDARD",," L091001","CH-MF-000014268","Medos International SARL",-11,"{
  ""texts"" : [ {
    ""language"" : {
      ""isoCode"" : ""en"",
      ""name"" : ""English""
    },
    ""text"" : ""Medos International SARL"",
    ""allLanguagesApplicable"" : null
  } ]
}",,-1306,"DePuy Ireland UC","IE-AR-000009328","{
  ""texts"" : [ {
    ""language"" : {
      ""isoCode"" : ""en"",
      ""name"" : ""English""
    },
    ""text"" : ""DePuy Ireland UC"",
    ""allLanguagesApplicable"" : null
  } ]
}",,"10705034556598",,,
3905691,"01KZBFR4MQ7VZ4K294PM3RBZAG","a54e7fe2-d987-4233-85c9-d6cf2738ee46","INSPIRATION 2.0 Dentin A3.5","77623398",-126,1,0,0,0,0,0,0,,1,"07630503136307","7630503100007H","91d05943-93c4-409b-ae11-6305065de1db","01KN4HYMEM04G8GRV793VZJ2J9",0,0,0,,0,1,,0,,,0,,,,,,,,0,0,"Dentalkeramik",,-204,-197,"STANDARD",," Q010199","LI-MF-000001476","Estetic Ceram AG",-11,"{
  ""texts"" : [ {
    ""language"" : {
      ""isoCode"" : ""de"",
      ""name"" : ""German""
    },
    ""text"" : ""Estetic Ceram AG"",
    ""allLanguagesApplicable"" : null
  } ]
}",,-1306,,,,,"07630503136307",,,
438137,"01HM8XNHGB5828H5BKZ8WVRNCY","cc53c47e-e006-43a7-85e6-db456f6ce526","ATLAS","E18 37-23",-245,1,0,0,0,0,0,1,,1,"08683255341344","868377950ATLAS276A","606960fd-9e9d-495e-895e-9196068648ab","01HKPEQHCJ1PTXSR1S0W1ZD47G",0,0,0,,0,0,,0,,,1,,,,,,,,0,0,"SCRAPER","ATLAS",-203,-197,"STANDARD",," L050901","TR-MF-000020246","ATLAS CERRAHİ ALETLER LTD. ŞTİ.",-11,"{
  ""texts"" : [ {
    ""language"" : null,
    ""text"" : ""ATLAS CERRAHİ ALETLER LTD. ŞTİ."",
    ""allLanguagesApplicable"" : true
  } ]
}","{
  ""texts"" : [ {
    ""language"" : null,
    ""text"" : ""ATLAS"",
    ""allLanguagesApplicable"" : true
  } ]
}",-1306,,,,,,,,
347804,"01H9SX7FZ66BPSKWEJT56XZ5K9","a355ae15-deff-4339-a0bc-bd31cb2250eb","API CORDED - 902396","1204-P-3070",-56,1,0,0,0,0,0,0,,1,"05055272712491","50552727INDOSCOPES5Q","60edf8f4-ae8a-4004-8c8f-c5a3d1609a37","01FSV8XT5G0M934QN05586PHDR",1,0,0,,0,0,,0,,,0,,,,,,,,0,0,"Indirect Ophthalmoscope",,-203,-197,"STANDARD",," Z12120114","GB-MF-000009031","Keeler Ltd",-11,"{
  ""texts"" : [ {
    ""language"" : {
      ""isoCode"" : ""en"",
      ""name"" : ""English""
    },
    ""text"" : ""Keeler Ltd"",
    ""allLanguagesApplicable"" : null
  } ],
  ""textByDefaultLanguage"" : ""Keeler Ltd""
}",,-1306,"Keeler Europe Distribution, S.L.","ES-AR-000001559","{
  ""texts"" : [ {
    ""language"" : {
      ""isoCode"" : ""es"",
      ""name"" : ""Spanish""
    },
    ""text"" : ""Keeler Europe Distribution, S.L."",
    ""allLanguagesApplicable"" : null
  } ]
}",,"05055272712491",,,
2727942,"01KSJ08B11SX663M22MVZYQ12A","08c7a9f0-fcb6-48b3-b370-b71718e8a06e","Scoops","LD-001-045",-56,1,0,0,0,0,0,1,,1,"04049203064736","40492030000019BJ","95d3cb31-64db-49b0-8296-2aac782dca65","01KSHNB5BKBZDPRP3J58CXN6P3",0,0,0,,0,0,,0,,,1,,,,,,,,0,0,,"Scoops",-203,-197,"STANDARD",," L149007","DE-MF-000005523","STEMA Medizintechnik GmbH",-11,"{
  ""texts"" : [ {
    ""language"" : {
      ""isoCode"" : ""de"",
      ""name"" : ""German""
    },
    ""text"" : ""STEMA Medizintechnik GmbH"",
    ""allLanguagesApplicable"" : null
  } ]
}","{
  ""texts"" : [ {
    ""language"" : {
      ""isoCode"" : ""de"",
      ""name"" : ""German""
    },
    ""text"" : ""STEMA"",
    ""allLanguagesApplicable"" : null
  } ]
}",-1306,,,,,"04049203064736",,,
1272261,"01K9F0J3EA0254A7JJZ68ZVTBQ","253f22e8-78e5-4fb3-847a-e244b067a8c1","DESU","DFUS-M-VCK-PEB-AASD",-245,1,0,0,0,0,1,0,,1,"D-8683955202792E6","B-8683955202792E6","91d1737b-02fb-4c5a-a20d-81bfe63a6fd3","01K9F0J3DBR33981A3QCZFPW89",1,0,1,,0,1,,0,,,0,,,,,,,,0,0,"DEFIT UltraSmall Pediatrik Silikon Şant Güçlendirilmiş Tabanlı Ventriküloperioneal Kateter Kiti Akuple Antisifon Aparatı ile ORTA BASINÇ",,-10,-53,"LEGACY",," N010301","TR-MF-000031476","DESU MEDİKAL ÜRÜNLER VE TIBBİ CİHAZLAR SANAYİ VE TİCARET ANONİM ŞİRKETİ",-11,"{
  ""texts"" : [ {
    ""language"" : {
      ""isoCode"" : ""en"",
      ""name"" : ""English""
    },
    ""text"" : ""DESU MEDİKAL ÜRÜNLER VE TIBBİ CİHAZLAR SANAYİ VE TİCARET ANONİM ŞİRKETİ"",
    ""allLanguagesApplicable"" : false
  } ],
  ""textByDefaultLanguage"" : ""DESU MEDİKAL ÜRÜNLER VE TIBBİ CİHAZLAR SANAYİ VE TİCARET ANONİM ŞİRKETİ""
}","{
  ""texts"" : [ {
    ""language"" : {
      ""isoCode"" : ""en"",
      ""name"" : ""English""
    },
    ""text"" : ""DESU MEDİKAL ÜRÜNER VE TIBBİ CİHAZLAR SANAYİ VE TİCARET ANONİM ŞİRKETİ"",
    ""allLanguagesApplicable"" : false
  } ],
  ""textByDefaultLanguage"" : ""DESU MEDİKAL ÜRÜNER VE TIBBİ CİHAZLAR SANAYİ VE TİCARET ANONİM ŞİRKETİ""
}",-1306,,,,,,,,
3679730,"01JPJJDF0KHBA08AHG4TGKZZ5X","5c70899d-a3a5-4131-a2e6-7d12a3f6db9a","2.4mm RenalCryo™ Cryoprobe","DP35-0943-203",-162,1,0,0,0,0,1,0,,2,"00810563020823","089947500200133PP","2e0d1917-3411-452c-8a9e-712ccad0cf98","01JPJJ8H8QMK85QM98M6X6CJDS",1,0,0,,0,0,,0,,,0,,,,,,,,0,0,"Slimline Cryoprobes",,-205,-197,"STANDARD",," Z120102","US-MF-000007453","Varian Medical Systems, Inc.",-11,"{
  ""texts"" : [ {
    ""language"" : {
      ""isoCode"" : ""en"",
      ""name"" : ""English""
    },
    ""text"" : ""Varian Medical Systems, Inc."",
    ""allLanguagesApplicable"" : null
  } ],
  ""textByDefaultLanguage"" : ""Varian Medical Systems, Inc.""
}","{
  ""texts"" : [ {
    ""language"" : {
      ""isoCode"" : ""en"",
      ""name"" : ""English""
    },
    ""text"" : ""VMS Austin"",
    ""allLanguagesApplicable"" : null
  } ],
  ""textByDefaultLanguage"" : ""VMS Austin""
}",-1306,"Siemens Healthineers Nederland B.V.","NL-AR-000000803","{
  ""texts"" : [ {
    ""language"" : {
      ""isoCode"" : ""en"",
      ""name"" : ""English""
    },
    ""text"" : ""Siemens Healthineers Nederland B.V."",
    ""allLanguagesApplicable"" : null
  } ]
}",,,,,
1127563,"01K316MWZYEN7085EWZ7C1862C","31ff545d-95b3-49cd-b785-93ed8565d80b","PHILOS","441.917S",-21,1,0,0,0,0,1,0,,1,"07611819797819","7611819a00542JR","6a35cf79-cc74-4be9-bb04-39dd48abcce4","01K2Q81ZPY5PJWHR74ETX706FN",0,0,0,,0,1,,0,,,0,,,,,,,1,0,0,"PHILOS Proximal Humeral Plate TiCP","PHILOS Proximal Humeral Plate TiCP",-205,-197,"STANDARD",," P09120501","CH-MF-000013345","Synthes GmbH",-11,"{
  ""texts"" : [ {
    ""language"" : {
      ""isoCode"" : ""en"",
      ""name"" : ""English""
    },
    ""text"" : ""Synthes GmbH"",
    ""allLanguagesApplicable"" : null
  } ]
}",,-1306,"DePuy Ireland UC","IE-AR-000009328","{
  ""texts"" : [ {
    ""language"" : {
      ""isoCode"" : ""en"",
      ""name"" : ""English""
    },
    ""text"" : ""DePuy Ireland UC"",
    ""allLanguagesApplicable"" : null
  } ]
}",,,,,
3774861,"01KYKPWV83B216QBEPGH8EE8G3","bab72221-1376-4bdd-9b35-eebf1abb46ec",,"UTPIO130C",-67,1,0,0,0,0,1,0,,1,"00197923527278","B-00197923527278","e7daec9c-1d2d-4530-b63c-36be9d93b39c","01KYKPWV7EBZA7WHP8Y3XRCBXX",0,0,0,,0,1,,0,,,0,,,,,,,,0,0,"Asqelio™ Pluris Toric Preloaded IOL Delivery System","UTPIO130C",-205,-53,"LEGACY",," P030102090301","US-MF-000021852","AST VisionCare Inc.",-11,"{
  ""texts"" : [ {
    ""language"" : {
      ""isoCode"" : ""en"",
      ""name"" : ""English""
    },
    ""text"" : ""AST VisionCare Inc."",
    ""allLanguagesApplicable"" : null
  } ]
}","{
  ""texts"" : [ {
    ""language"" : {
      ""isoCode"" : ""en"",
      ""name"" : ""English""
    },
    ""text"" : ""ASTVC"",
    ""allLanguagesApplicable"" : null
  } ]
}",-1306,"MDSS GmbH","DE-AR-000005430","{
  ""texts"" : [ {
    ""language"" : {
      ""isoCode"" : ""en"",
      ""name"" : ""English""
    },
    ""text"" : ""MDSS GmbH"",
    ""allLanguagesApplicable"" : null
  } ]
}",,,,,
3478901,"01KX0HV17VYW3XCHMT9TW2FE27","a4a9a90a-6768-4fa1-a0c5-059ae45423f1","1315 Tala V Turban 4123 Dark Beige","74239",-56,1,0,0,0,0,0,0,,1,"04048924742398","404892406172w1i2l3l4e5SB","27e8d989-993d-49d0-8944-04c83d38e87c","01KGHTMS39SHS51HQR9YB8KKHT",0,0,0,,0,0,,0,,,0,,,,,,,,0,0,"medical turbans",,-203,-197,"STANDARD",," Y063099","DE-MF-000013029","ellen wille THE HAIR-COMPANY GmbH",-11,"{
  ""texts"" : [ {
    ""language"" : {
      ""isoCode"" : ""de"",
      ""name"" : ""German""
    },
    ""text"" : ""ellen wille THE HAIR-COMPANY GmbH"",
    ""allLanguagesApplicable"" : null
  } ],
  ""textByDefaultLanguage"" : null
}",,-1306,,,,,,,,
1124215,"01K2YF54FXG6GAJP6CG331R6ER","49bc7835-628b-4f63-a336-4e9e1d98230d","Molift Rail","1109008-2M",-58,1,0,0,0,0,0,0,,1,"05707995010131","570799540TK","f440b1f9-b4f7-4e96-b085-9644782919b6","01K2Y8188YDTH9N24WVSG702PC",0,0,0,,0,0,,0,,,0,,,,,,,,0,0,,"Ceiling Hoist",-203,-197,"STANDARD",," Y1299","DK-MF-000017724","Etac A/S",-11,"{
  ""texts"" : [ {
    ""language"" : {
      ""isoCode"" : ""da"",
      ""name"" : ""Danish""
    },
    ""text"" : ""Etac A/S"",
    ""allLanguagesApplicable"" : false
  } ]
}",,-1306,,,,,,,,
149912,"01GBSDVHN7SWJXBKYTVBBWYS5T","958bc964-7548-4546-b666-24d28f3e44e3","GOLD ORTOPEDİ SANAYİ VE TİCARET LİMİTED ŞİRKETİ","21292-73075",-245,1,,,0,0,0,1,,1,"D-8680419890045BB","B-8680419890045BB","e33887f9-20ed-499e-957f-ae535ff16457","01GBSDVHMNG7KFV0112PKPAV7Q",0,0,0,,0,1,,0,,,0,,,,-116,,,,0,0,"LOCKING CANNULATED SCREW 16 mm THREADED 7.3 X 75 mm (TI)",,-205,-53,"LEGACY",," P09120603","TR-MF-000016470","GOLD ORTOPEDİ SANAYİ VE TİCARET LİMİTED ŞİRKETİ",-11,"{
  ""texts"" : [ {
    ""language"" : {
      ""isoCode"" : ""en"",
      ""name"" : ""English""
    },
    ""text"" : ""GOLD ORTOPEDİ SANAYİ VE TİCARET LİMİTED ŞİRKETİ"",
    ""allLanguagesApplicable"" : null
  } ]
}","{
  ""texts"" : [ {
    ""language"" : {
      ""isoCode"" : ""en"",
      ""name"" : ""English""
    },
    ""text"" : ""GOLD ORTOPEDİ SANAYİ VE TİCARET LİMİTED ŞİRKETİ"",
    ""allLanguagesApplicable"" : null
  } ]
}",-1306,,,,,,,,
963718,"01J9BK0W96DYWS891YEAY00EJG","13425e63-78c8-456c-b450-a3a6954dda7d",,"40.1210.000",-175,1,0,0,0,0,0,1,,2,"05908447065826","59084472NL038ML","a1eebaeb-7446-4083-8fd4-9f4ac8b60dd3","01J9BK08A8P2D60MWGA310043V",0,0,0,,0,0,,0,,,1,,,,,,,,0,0,"PODWAŻKA","ELEVATOR",-203,-197,"STANDARD",," L0902","PL-MF-000002121","ChM spółka z ograniczoną odpowiedzialnością",-11,"{
  ""texts"" : [ {
    ""language"" : {
      ""isoCode"" : ""pl"",
      ""name"" : ""Polish""
    },
    ""text"" : ""ChM spółka z ograniczoną odpowiedzialnością"",
    ""allLanguagesApplicable"" : null
  } ]
}","{
  ""texts"" : [ {
    ""language"" : {
      ""isoCode"" : ""pl"",
      ""name"" : ""Polish""
    },
    ""text"" : ""ChM sp. z o.o."",
    ""allLanguagesApplicable"" : null
  } ]
}",-1306,,,,,,,,
3754884,"01KYJEHXTCJBPV25A6PYPVDHVN","6cd76ee8-76d4-4191-8344-1f62c10540af",,"ETLIO130C",-67,1,0,0,0,0,1,0,,1,"00840149877930","B-00840149877930","215625fc-be19-4fb0-82bb-d121cdaf420d","01KYJEHXST1YXDWKG2P0NSQDTM",0,0,0,,0,1,,0,,,0,,,,,,,,0,0,"Asqelio™ EDOF Toric Soft Hydrophobic Intraocular Lens","ETLIO130C",-205,-53,"LEGACY",," P030102100301","US-MF-000021852","AST VisionCare Inc.",-11,"{
  ""texts"" : [ {
    ""language"" : {
      ""isoCode"" : ""en"",
      ""name"" : ""English""
    },
    ""text"" : ""AST VisionCare Inc."",
    ""allLanguagesApplicable"" : null
  } ]
}","{
  ""texts"" : [ {
    ""language"" : {
      ""isoCode"" : ""en"",
      ""name"" : ""English""
    },
    ""text"" : ""ASTVC"",
    ""allLanguagesApplicable"" : null
  } ]
}",-1306,"MDSS GmbH","DE-AR-000005430","{
  ""texts"" : [ {
    ""language"" : {
      ""isoCode"" : ""en"",
      ""name"" : ""English""
    },
    ""text"" : ""MDSS GmbH"",
    ""allLanguagesApplicable"" : null
  } ]
}",,,,,
391061,"01HFEBYF9R7HSXPGH841TWPC5W","7db02b16-c785-420a-af6b-e243bead27e1","BONE CHISELS AND GOUGES HIBBS 240MM     6MM","DP-786-14-275	",-180,1,,,0,0,0,1,,1,"B961DP786142750","B-B961DP786142750","cdf06a58-4c04-4b4a-96fb-16695d3c2297","01HFEBYF7JP3F34NHKT0QKFFTY",0,0,0,,0,0,,0,,,1,,,,,,,,0,0,"	BONE CHISELS AND GOUGES HIBBS 240MM     6MM","DP-786-14-275",-203,-53,"LEGACY",," Q010399","PK-MF-000035172","Daddy D Pro",-11,"{
  ""texts"" : [ {
    ""language"" : {
      ""isoCode"" : ""en"",
      ""name"" : ""English""
    },
    ""text"" : ""Daddy D Pro"",
    ""allLanguagesApplicable"" : false
  } ]
}",,-1306,"ANTEX MEDI SOLUTION","DE-AR-000008078","{
  ""texts"" : [ {
    ""language"" : {
      ""isoCode"" : ""en"",
      ""name"" : ""English""
    },
    ""text"" : ""ANTEX MEDI SOLUTION"",
    ""allLanguagesApplicable"" : null
  } ]
}",,,,,
1386342,"01KCRPACGSJQ3A18DH247PQFY8","fa3472d6-be90-4257-b983-dc473725d1d2",,"-897-0025-050",-56,1,1,0,0,0,0,0,,1,"EFOR89700250501","++EFOR080101FC","37209087-540f-48cd-89d3-a7b0f02e8bcd","01KCRFWHV28NFYW2ZKHHPPJSR5",0,0,0,,0,0,,0,,,0,,,,,,,,0,0,"Orthodontic bands",,-204,-197,"STANDARD",," Q010402","DE-MF-000006256","Bernhard Förster GmbH",-11,"{
  ""texts"" : [ {
    ""language"" : {
      ""isoCode"" : ""de"",
      ""name"" : ""German""
    },
    ""text"" : ""Bernhard Förster GmbH"",
    ""allLanguagesApplicable"" : null
  } ]
}","{
  ""texts"" : [ {
    ""language"" : {
      ""isoCode"" : ""de"",
      ""name"" : ""German""
    },
    ""text"" : ""Bernhard Förster"",
    ""allLanguagesApplicable"" : null
  } ]
}",-1306,,,,"EFOR8970025050001",,,,
4513155,"01M2TPDWW409H6W07FG29AGFS1","05251808-9123-4fe7-bd17-06d4ffb4cf88","Juzo Soft","2002",-56,1,0,0,0,0,0,0,,1,"04071191509968","4018678M030405PHLY-010-AS","b1b47278-0227-4275-aff4-196e309ae175","01M27XRQX05TB01GQ5CWFCZH8H",0,0,0,,0,0,,0,,,0,,,,,,,,0,0,"Medical compression garments PH/LY- stockings / pantyhose / sleeves",,-203,-197,"STANDARD",," M030405","DE-MF-000009443","Julius Zorn GmbH",-11,"{
  ""texts"" : [ {
    ""language"" : {
      ""isoCode"" : ""de"",
      ""name"" : ""German""
    },
    ""text"" : ""Julius Zorn GmbH"",
    ""allLanguagesApplicable"" : null
  } ]
}","{
  ""texts"" : [ {
    ""language"" : {
      ""isoCode"" : ""de"",
      ""name"" : ""German""
    },
    ""text"" : ""Juzo"",
    ""allLanguagesApplicable"" : null
  } ]
}",-1306,,,,,"04071191509968",,,
1572641,"01KGZ36DXQX033EWXJKNJ7HN54","98b88c51-30f1-49a1-b049-b034dce53bf8","ITALIA TORINO ES","TORINO ES",-108,1,0,0,0,0,0,0,,1,"08053470511974","805347051UDA/MSUET","362b2578-cae0-47e5-9906-174390632700","01KGPRKDRMY1WQRP8KEJ37JXAF",1,0,0,,0,0,,0,,,0,,,,,,,,0,0,,"Hanging units for the operating room and intensive care Bed head units",-205,-197,"STANDARD",," Z129017","IT-MF-000009561","L.M. MEDICAL DIVISION S.R.L.",-11,"{
  ""texts"" : [ {
    ""language"" : {
      ""isoCode"" : ""it"",
      ""name"" : ""Italian""
    },
    ""text"" : ""L.M. MEDICAL DIVISION S.R.L."",
    ""allLanguagesApplicable"" : null
  } ]
}",,-1306,,,,,"08053470511974",,,
3951518,"01KZNNR62YXQES9G9J74JKSTCW","b8724ef6-6616-4c16-a4a7-16cf25f9fd32","Abluminus DES+","EAN45012",-56,1,,,0,0,1,0,,1,"08720221022125","B-08720221022125","afdaa69f-9723-43dc-9987-c9be5e6f78a5","01KZNNR611B4KVQYKPKGHBR300",0,1,0,,0,1,,0,,,0,,,,-116,,,,0,1,"Abluminus DES+ Sirolimus Eluting Coronary Stent System",,-10,-53,"LEGACY",," P070402010301","NL-MF-000011506","Concept Medical B.V.",-11,"{
  ""texts"" : [ {
    ""language"" : {
      ""isoCode"" : ""en"",
      ""name"" : ""English""
    },
    ""text"" : ""Concept Medical B.V."",
    ""allLanguagesApplicable"" : null
  } ]
}","{
  ""texts"" : [ {
    ""language"" : {
      ""isoCode"" : ""en"",
      ""name"" : ""English""
    },
    ""text"" : ""CMBV"",
    ""allLanguagesApplicable"" : null
  } ]
}",-1306,,,,,,,,
1818971,"01KMG5TPTCJBZBYCMFD45752HX","fc538c17-6c17-4601-9b50-44442061e213","Accutron Inc.","26400-MS",-56,1,0,0,0,0,0,0,,1,"00813830025125","B-00813830025125","54193a1b-3c5d-4c61-b5cc-6a7d90a7abba","01KMG5TPST4CGK1AA3W121N8H6",1,1,0,,0,0,,1,,,0,,,,,,,,0,0,,"Digital Flowmeter",-205,-53,"LEGACY",," Z1203010101","US-MF-000009363","ACCUTRON",-11,"{
  ""texts"" : [ {
    ""language"" : {
      ""isoCode"" : ""en"",
      ""name"" : ""English""
    },
    ""text"" : ""ACCUTRON"",
    ""allLanguagesApplicable"" : null
  } ],
  ""textByDefaultLanguage"" : ""ACCUTRON""
}",,-1306,"Medical Technology Promedt Consulting GmbH","DE-AR-000000085","{
  ""texts"" : [ {
    ""language"" : {
      ""isoCode"" : ""de"",
      ""name"" : ""German""
    },
    ""text"" : ""Medical Technology Promedt Consulting GmbH"",
    ""allLanguagesApplicable"" : null
  } ]
}",,,,,
1232389,"01K87PFE87QNQBPJNAT0YQSEXJ","b5d6b2ed-3433-4087-8c9e-c4cb729e04c8","Sterile PTA Balloon Catheter","H090035012018",-56,1,0,0,0,0,1,0,,1,"06927741082154","69277410ZBT0003TF","68b1163e-ea3b-4cbd-95c8-de59f2633031","01K87PF08AV53F4DH7EE3DDKTH",0,0,0,,0,0,,0,,,0,,,,,,,,0,0,"Sterile PTA Balloon Catheter",,-204,-197,"STANDARD",," C010401020101","CN-MF-000007977","Zhejiang Barty Medical Technology Co., Ltd.",-11,"{
  ""texts"" : [ {
    ""language"" : {
      ""isoCode"" : ""en"",
      ""name"" : ""English""
    },
    ""text"" : ""Zhejiang Barty Medical Technology Co., Ltd."",
    ""allLanguagesApplicable"" : null
  } ],
  ""textByDefaultLanguage"" : ""Zhejiang Barty Medical Technology Co., Ltd.""
}",,-1306,"MedPath GmbH","DE-AR-000000087","{
  ""texts"" : [ {
    ""language"" : {
      ""isoCode"" : ""de"",
      ""name"" : ""German""
    },
    ""text"" : ""MedPath GmbH"",
    ""allLanguagesApplicable"" : null
  } ]
}",,,,,
2276054,"01KR3WB78Q9HAFKGG9HPX6FJHC","06947568-2104-4373-92f1-4d60230f66ee",,"CD0326005",-56,1,0,0,0,0,0,1,,1,"07899878039488","987800043VH","3d16a105-e208-4354-b021-009f20993ecb","01KR3RFT59NSJ75RD5Z4C5TEG0",0,0,0,,0,0,,0,,,1,,,,,,,,0,0,"Drilling Instruments","Instrument",-204,-197,"STANDARD",," Z129099","BR-MF-000014512","JJGC Indústria e Comércio de Materiais Dentários S.A",-11,"{
  ""texts"" : [ {
    ""language"" : {
      ""isoCode"" : ""pt"",
      ""name"" : ""Portuguese""
    },
    ""text"" : ""JJGC Indústria e Comércio de Materiais Dentários S.A"",
    ""allLanguagesApplicable"" : null
  } ]
}","{
  ""texts"" : [ {
    ""language"" : {
      ""isoCode"" : ""pt"",
      ""name"" : ""Portuguese""
    },
    ""text"" : ""Neodent"",
    ""allLanguagesApplicable"" : null
  } ]
}",-1306,"Etkon GmbH","DE-AR-000009335","{
  ""texts"" : [ {
    ""language"" : null,
    ""text"" : ""Etkon GmbH"",
    ""allLanguagesApplicable"" : true
  } ],
  ""textByDefaultLanguage"" : null
}",,,,,
4241435,"01M1F0V29KYBC2THBJF7GG5TAB","0eb7d93b-afd9-4b5a-a488-a87a52680763","ULTRAVERSE","U415038RX",-21,1,0,0,0,0,1,0,,1,"00801741056864","0801741OVHBAEDCV3","f03a976a-16fa-4ba8-84a5-6f36ef9f4aea","01M0T2HP9GDMN5AYEJB0HYP2MR",1,0,0,,0,0,,0,,,0,,,,,,,,0,0,"Ultraverse™ RX PTA Dilatation Catheter",,-204,-197,"STANDARD",," C010402020101","US-MF-000017556","Bard Peripheral Vascular, Inc.",-11,"{
  ""texts"" : [ {
    ""language"" : {
      ""isoCode"" : ""en"",
      ""name"" : ""English""
    },
    ""text"" : ""Bard Peripheral Vascular, Inc."",
    ""allLanguagesApplicable"" : false
  } ],
  ""textByDefaultLanguage"" : ""Bard Peripheral Vascular, Inc.""
}",,-1306,"Becton Dickinson Ireland Limited","IE-AR-000007610","{
  ""texts"" : [ {
    ""language"" : {
      ""isoCode"" : ""en"",
      ""name"" : ""English""
    },
    ""text"" : ""Becton Dickinson Ireland Limited"",
    ""allLanguagesApplicable"" : null
  } ]
}",,,,,
1900628,"01KN61VXWHJD02ZQT4PKW165H3","c42685c8-1eee-4995-82ec-36dcb7b8715b","Prosert®","AM2T4UXL28,+17.5D",-56,1,0,0,0,0,1,0,,1,"06923033660611","B-06923033660611","6529816f-eac5-4bba-92f4-9a2777d25011","01KN61VXW3QH2B6GRMVBMC8XJ7",0,0,0,,0,1,,0,,,0,,,,,,,,0,0,"Preloaded Intraocular Lens System","AM2T4UXL28,+17.5D",-205,-53,"LEGACY",," P030102100301","CN-MF-000003041","Eyebright Medical Technology (Beijing) Co., Ltd.",-11,"{
  ""texts"" : [ {
    ""language"" : {
      ""isoCode"" : ""en"",
      ""name"" : ""English""
    },
    ""text"" : ""Eyebright Medical Technology (Beijing) Co., Ltd."",
    ""allLanguagesApplicable"" : null
  } ],
  ""textByDefaultLanguage"" : ""Eyebright Medical Technology (Beijing) Co., Ltd.""
}",,-1306,"Lotus NL B.V.","NL-AR-000000121","{
  ""texts"" : [ {
    ""language"" : {
      ""isoCode"" : ""en"",
      ""name"" : ""English""
    },
    ""text"" : ""Lotus NL B.V."",
    ""allLanguagesApplicable"" : null
  } ]
}",,,,,
4167505,"01M10MA8TSJMS1FR7P6PB7D72N","8b54e1fe-1189-45c1-8422-adbab8c5c79e","Synthetic Polymer Teeth","KAIFENG/S4-L8-34/B4/28×1×4",-56,1,0,0,0,0,0,0,,1,"06909412288775","6909412RZY2A019J","8a8d7041-c95a-4d52-adfe-e817ebf4a7ed","01KT66J5VMHY7HY79TRF6HNJE7",0,0,0,,0,0,,0,,,0,,,,,,,,0,0,"Synthetic Polymer Teeth","Upper anterior teeth, Lower anterior teeth, Posterior teeth",-204,-197,"STANDARD",," Q01020601","CN-MF-000013266","Shandong Huge Dental Material Corporation",-11,"{
  ""texts"" : [ {
    ""language"" : {
      ""isoCode"" : ""en"",
      ""name"" : ""English""
    },
    ""text"" : ""Shandong Huge Dental Material Corporation"",
    ""allLanguagesApplicable"" : null
  } ]
}","{
  ""texts"" : [ {
    ""language"" : {
      ""isoCode"" : ""en"",
      ""name"" : ""English""
    },
    ""text"" : ""HUGE"",
    ""allLanguagesApplicable"" : null
  } ]
}",-1306,"MedNet EC-REP GmbH","DE-AR-000000002","{
  ""texts"" : [ {
    ""language"" : {
      ""isoCode"" : ""en"",
      ""name"" : ""English""
    },
    ""text"" : ""MedNet EC-REP GmbH"",
    ""allLanguagesApplicable"" : null
  } ]
}",,,,,
1802802,"01HV41VNYEDXRSHTZ7ND1GW6Z5","d65bad7d-3b0e-461e-9b8c-d141b00fdb76","smart pft CO transfer","14001",-56,1,,,0,0,0,0,,2,"04260767090058","B-04260767090058","f091dee2-42f6-4ac5-8ff8-33dfe0fe22c6","01HV41VNW6PBWQ0XT3NTMKNCR2",1,1,0,,0,0,,1,,,0,,,,,,,,0,0,"smart pft CO transfer","smart pft CO transfer",-204,-53,"LEGACY",," Z12159003","DE-MF-000014316","medical equipment europe GmbH",-11,"{
  ""texts"" : [ {
    ""language"" : null,
    ""text"" : ""medical equipment europe GmbH"",
    ""allLanguagesApplicable"" : true
  } ],
  ""textByDefaultLanguage"" : null
}","{
  ""texts"" : [ {
    ""language"" : null,
    ""text"" : ""mee"",
    ""allLanguagesApplicable"" : true
  } ],
  ""textByDefaultLanguage"" : null
}",-1306,,,,,,,,
80176,"01G1NEAHM99EWZSCN35Z2C968S","2f75761b-da1c-4aa1-8b83-13493ac2017c","ZİMED MEDİKAL SAN VE TİCARET LİMİTED ŞİRKETİ","E.7503-1002",-245,1,,,0,0,1,0,,1,"D-8680941263911AH","B-8680941263911AH","4fbba325-0990-4bd3-8288-a68d98e1c375","01G1NEAHKN3PG7Q0NDQT4AJ2J2",0,0,0,,0,1,,0,,,0,,,,-116,,,,0,0,"TOTAL KNEE FEMORAL COMPONENT (C/R) CEMENTED 60 MM RIGHT - (CoCr)",,-10,-53,"LEGACY",," P0909030101","TR-MF-000015401","Zimed Medikal Sanayi ve Ticaret Limited Şirketi",-11,"{
  ""texts"" : [ {
    ""language"" : {
      ""isoCode"" : ""en"",
      ""name"" : ""English""
    },
    ""text"" : ""Zimed Medikal Sanayi ve Ticaret Limited Şirketi"",
    ""allLanguagesApplicable"" : false
  } ]
}","{
  ""texts"" : [ {
    ""language"" : null,
    ""text"" : ""Zimed Medikal Sanayi ve Ticaret Limited Şirketi"",
    ""allLanguagesApplicable"" : true
  } ]
}",-1306,,,,,,,,
629316,"01J1PYX1XA5T1NAQF7X12PSQPX","8e87b397-7a46-4090-9b44-3e6835771719","GPL","240628",-58,1,0,0,0,0,0,0,,1,"05714464056750","57144640-HI-00053-RB","6e9106f3-5ca7-4c98-8788-16ee44a158a4","01HRYM7JMXMADFYBT88SQXG723",1,0,0,,0,0,,0,,,0,,,,,,,,0,0,,"HI (BTE)",-204,-197,"STANDARD",," Y2145060102","DK-MF-000001270","SBO Hearing A/S",-11,"{
  ""texts"" : [ {
    ""language"" : {
      ""isoCode"" : ""en"",
      ""name"" : ""English""
    },
    ""text"" : ""SBO Hearing A/S"",
    ""allLanguagesApplicable"" : null
  } ],
  ""textByDefaultLanguage"" : ""SBO Hearing A/S""
}","{
  ""texts"" : [ {
    ""language"" : {
      ""isoCode"" : ""en"",
      ""name"" : ""English""
    },
    ""text"" : ""SBO"",
    ""allLanguagesApplicable"" : null
  } ],
  ""textByDefaultLanguage"" : ""SBO""
}",-1306,,,,,,,,
1349990,"01KC4JG7CCB5JCH612J6AN0SPW","ec1e93cd-f777-4eb4-bb70-818c7d84b6ee","TQURA","C1Y-DRAKECOLOR BLOCKBLACK37",-108,1,0,0,0,0,0,0,,1,"08053172158842","805715830-TQURA-FS","cbedc06b-19ee-40f3-a6ff-53f2816cee87","01KBZZB041HPKR553A9HFSTB11",0,0,0,,0,0,,0,,,0,,,,,,,,0,0,"TQURA","TQURA",-203,-197,"STANDARD",," Y063303","IT-MF-000022195","OPTIMA MOLLITER SRL",-11,"{
  ""texts"" : [ {
    ""language"" : {
      ""isoCode"" : ""it"",
      ""name"" : ""Italian""
    },
    ""text"" : ""OPTIMA MOLLITER SRL"",
    ""allLanguagesApplicable"" : false
  } ]
}","{
  ""texts"" : [ {
    ""language"" : {
      ""isoCode"" : ""it"",
      ""name"" : ""Italian""
    },
    ""text"" : ""OPTIMA MOLLITER"",
    ""allLanguagesApplicable"" : false
  } ]
}",-1306,,,,,"08053172158842",,,
2995148,"01KT3X3KDT3YPZB1KAKMZQCF64","2858000c-d252-42bc-a211-5ca6f3da7081",,"3607720000024",-56,1,0,0,0,0,0,0,,1,"04055107705538","4055107MyGen69","2d0f642f-2516-4331-a365-cc66ce58a598","01KRDT6V93EG5M6DVETC7STS0D",0,0,0,,0,0,,0,,,0,,,,,,,,0,0,"MyGeneration",,-203,-197,"STANDARD",," Y063303","DE-MF-000004958","Schein Orthopädie Service KG",-11,"{
  ""texts"" : [ {
    ""language"" : {
      ""isoCode"" : ""de"",
      ""name"" : ""German""
    },
    ""text"" : ""Schein Orthopädie Service KG"",
    ""allLanguagesApplicable"" : null
  } ]
}",,-1306,,,,,,,,
1330370,"01KBMVSYHQY55ZVH05C8J8CTF3","5f75681f-8dd6-42d8-85bd-8dd0e369c58f",,"03.520.004",-23,1,1,0,0,0,0,1,,1,"00190776121167","0190776RETRACT2N","d924ec12-3b3e-430f-ba67-dea9edfa0fec","01KBMV6D61NV5G872ZX19Q0YVQ",0,0,0,,0,0,,0,,,1,,,,,,,,0,0,"Palatal Retractor",,-203,-197,"STANDARD",," L03140199","US-MF-000008511","Avalign Technologies Inc.",-11,"{
  ""texts"" : [ {
    ""language"" : {
      ""isoCode"" : ""en"",
      ""name"" : ""English""
    },
    ""text"" : ""Avalign Technologies Inc."",
    ""allLanguagesApplicable"" : null
  } ]
}","{
  ""texts"" : [ {
    ""language"" : {
      ""isoCode"" : ""en"",
      ""name"" : ""English""
    },
    ""text"" : ""Avalign"",
    ""allLanguagesApplicable"" : null
  } ]
}",-1306,"Emergo Europe B.V.","NL-AR-000000116","{
  ""texts"" : [ {
    ""language"" : {
      ""isoCode"" : ""en"",
      ""name"" : ""English""
    },
    ""text"" : ""Emergo Europe B.V."",
    ""allLanguagesApplicable"" : null
  } ]
}",,"00190776121167",,,
4141730,"01M0W18HT3AK7DCXFWQG3FFVTM","54c92fe8-5b3b-4147-a166-b1011b5adf70","O2 Tavira, L 37","O2BM237",-56,1,0,0,0,0,0,0,,1,"04062627461288","4062627Y06333103037051BQ","e49ba87f-a9c5-4818-a58c-38e63da0dbc9","01M0VZDE5FDZ8420YYB576J818",0,0,0,,0,0,,0,,,0,,,,,,,,0,0,"Tomar",,-203,-197,"STANDARD",," Y063303","DE-MF-000006250","Perpedes GmbH",-11,"{
  ""texts"" : [ {
    ""language"" : {
      ""isoCode"" : ""de"",
      ""name"" : ""German""
    },
    ""text"" : ""Perpedes GmbH"",
    ""allLanguagesApplicable"" : null
  } ]
}",,-1306,,,,,,,,
1151806,"01K2MJ2S9J0W11CY02RBA0KZHN","6d82478a-5803-4c2e-910c-21c44f78a8f9",,"30.1078.000",-175,1,0,0,0,0,0,1,,2,"05908447023543","59084472NL111M5","1eb388b7-538a-4644-8045-3ccde14008cf","01K2MH5J1EV3MSTB0HW8ZCK6KR",0,0,0,,0,0,,0,,,1,,,,,,,,0,0,"HAK","RETRACTOR",-203,-197,"STANDARD",," L03140199","PL-MF-000002121","ChM spółka z ograniczoną odpowiedzialnością",-11,"{
  ""texts"" : [ {
    ""language"" : {
      ""isoCode"" : ""pl"",
      ""name"" : ""Polish""
    },
    ""text"" : ""ChM spółka z ograniczoną odpowiedzialnością"",
    ""allLanguagesApplicable"" : null
  } ]
}","{
  ""texts"" : [ {
    ""language"" : {
      ""isoCode"" : ""pl"",
      ""name"" : ""Polish""
    },
    ""text"" : ""ChM sp. z o.o."",
    ""allLanguagesApplicable"" : null
  } ]
}",-1306,,,,,,,,
4344586,"01M207786F6JTZJMNR6P7AD7NN","95a1f807-5606-4b74-b240-ca5130ce23ea","CareVis PCA","X4001W",-56,1,0,0,0,0,1,0,,1,"08800331539949","B-08800331539949","018ae1f0-f4a8-4145-8efd-bf8ed6115de2","01M207785PNXB4Q5BV01Y40MR5",1,1,0,,0,0,,0,,,0,,,,,,,,0,0,,"X4001W",-205,-53,"LEGACY",," A05010101","KR-MF-000017308","S&S Med Co.,Ltd.",-11,"{
  ""texts"" : [ {
    ""language"" : {
      ""isoCode"" : ""en"",
      ""name"" : ""English""
    },
    ""text"" : ""S&S Med Co.,Ltd."",
    ""allLanguagesApplicable"" : null
  } ]
}","{
  ""texts"" : [ {
    ""language"" : {
      ""isoCode"" : ""en"",
      ""name"" : ""English""
    },
    ""text"" : ""S&S Med"",
    ""allLanguagesApplicable"" : null
  } ]
}",-1306,"Easy Medical Device CommV","BE-AR-000011902","{
  ""texts"" : [ {
    ""language"" : null,
    ""text"" : ""Easy Medical Device CommV"",
    ""allLanguagesApplicable"" : true
  } ],
  ""textByDefaultLanguage"" : null
}",,,,,
3595518,"01KXJVCXAB339W6RXCHN2SE5S9","d322ce1a-8f84-46da-b016-d4661269153e","S.S. AGAR ","050106",-87,1,,,,,1,0,0,1,"05212037700708","52120377050106D8","4eebff28-ca95-48d7-825c-18cb20b845d8","01KXJVA32DEVXNFBRC02P633WF",,,0,0,0,,0,,0,0,,0,,1,,0,1,,,,"S.S. AGAR ","S.S. AGAR 050106",-199,-198,"STANDARD",," W0104010405","EL-MF-000055282","G. PAPANIKOLAOU & CO. LP - Bioprepare",-11,"{
  ""texts"" : [ {
    ""language"" : {
      ""isoCode"" : ""en"",
      ""name"" : ""English""
    },
    ""text"" : ""G. PAPANIKOLAOU & CO. LP - Bioprepare"",
    ""allLanguagesApplicable"" : false
  }, {
    ""language"" : {
      ""isoCode"" : ""el"",
      ""name"" : ""Greek""
    },
    ""text"" : ""Γ. ΠΑΠΑΝΙΚΟΛΑΟΥ & ΣΙΑ ΕΕ - Bioprepare"",
    ""allLanguagesApplicable"" : false
  } ],
  ""textByDefaultLanguage"" : ""G. PAPANIKOLAOU & CO. LP - Bioprepare""
}","{
  ""texts"" : [ {
    ""language"" : {
      ""isoCode"" : ""en"",
      ""name"" : ""English""
    },
    ""text"" : ""Bioprepare"",
    ""allLanguagesApplicable"" : false
  } ],
  ""textByDefaultLanguage"" : ""Bioprepare""
}",-1306,,,,,,,,
3475963,"01KX0CEDSCN5VX9QAV76FZ3FAD","d78c720f-e01a-4b2a-826a-0569312255c1","Polypropylene","9563",-175,1,0,0,0,0,1,0,,1,"07613406016020","B-07613406016020","4553ee09-bcce-4353-b88b-d7f1853c3d0b","01KX0CEDRW3Y1GT76D9R10R18X",0,0,0,,0,1,,0,,,0,,,,,,,,0,0,"Polypropylene","Sterile synthetic non-absorbable surgical suture material",-10,-53,"LEGACY",," H010201010401","CH-MF-000009358","Assut Medical Sàrl",-11,"{
  ""texts"" : [ {
    ""language"" : {
      ""isoCode"" : ""fr"",
      ""name"" : ""French""
    },
    ""text"" : ""Assut Medical Sàrl"",
    ""allLanguagesApplicable"" : null
  } ]
}","{
  ""texts"" : [ {
    ""language"" : {
      ""isoCode"" : ""fr"",
      ""name"" : ""French""
    },
    ""text"" : ""Assut"",
    ""allLanguagesApplicable"" : null
  } ]
}",-1306,"Medical Technology Promedt Consulting GmbH","DE-AR-000000085","{
  ""texts"" : [ {
    ""language"" : {
      ""isoCode"" : ""de"",
      ""name"" : ""German""
    },
    ""text"" : ""Medical Technology Promedt Consulting GmbH"",
    ""allLanguagesApplicable"" : null
  } ]
}",,,,,
538272,"01HTSCYE1QEK76Q0J3G6HBAXZM","db4e3911-db13-4f72-976d-53a6b18c7689","CEYLAN","CKD-B1-10-012",-245,1,0,0,0,0,0,1,,1,"08681092632205","86810926CEYLAN13730K4","8b9915a8-6f59-4705-bb78-371e33dad4c0","01HTS9DHJWCBHNZM1DK2W5NXGE",0,0,0,,0,0,,0,,,1,,,,,,,,0,0,"STERILIZATION CONTAINER SYSTEMS","CEYLAN",-203,-197,"STANDARD",," S010401","TR-MF-000039137","FATMA CEYLAN- CEYLAN MEDİKAL İMALAT İTHALAT İHRACAT DIŞ TİCARET",-11,"{
  ""texts"" : [ {
    ""language"" : null,
    ""text"" : ""FATMA CEYLAN- CEYLAN MEDİKAL İMALAT İTHALAT İHRACAT DIŞ TİCARET"",
    ""allLanguagesApplicable"" : true
  } ]
}","{
  ""texts"" : [ {
    ""language"" : null,
    ""text"" : ""CEYLAN MEDİKAL"",
    ""allLanguagesApplicable"" : true
  } ]
}",-1306,,,,,,,,
1649705,"01KHV95E433A365MNKRCBZPEFJ","7cb812a1-2271-4c4a-bb60-61ee0966b60b","Gouge Alexander 16cm 4mm","731301.04",-74,1,,,0,0,0,1,,1,"03701675322417","B-03701675322417","79dde58a-6c1f-4c31-a072-49176183ee77","01KHV95E3GANF8YCA10S9FWCVC",0,0,0,,0,0,,0,,,1,,,,,,,,0,0,"Gouge Alexander 16cm 4mm",,-203,-53,"LEGACY",," L140602","FR-MF-000001821","Ets Claude LASSERTEUX S.A",-11,"{
  ""texts"" : [ {
    ""language"" : {
      ""isoCode"" : ""fr"",
      ""name"" : ""French""
    },
    ""text"" : ""Ets Claude LASSERTEUX S.A"",
    ""allLanguagesApplicable"" : null
  } ]
}",,-1306,,,,,,,,
702707,"01J8250BRKSSBBYWXEEKMKB2GD","d63b337a-6c29-45cd-b8bb-6a4e784d3d08","Clinical use trays and Bowls","SH-8242",-243,1,0,0,0,0,0,1,,1,"05055417489431","50554174DBSMK5","80e9020a-3498-46c5-a938-bc6a85b2d552","01J7GBHFFTQYZCVXM9W9DHYN9H",0,0,0,,0,0,,0,,,0,,,,,,,,0,0,"REUSABLE TRAYS, ASSOCIATED FIXATION & MATTING",,-203,-197,"STANDARD",," V0402","GB-MF-000020556","SURGICAL HOLDINGS LIMITED T/A SURGICAL HOLDINGS",-11,"{
  ""texts"" : [ {
    ""language"" : {
      ""isoCode"" : ""en"",
      ""name"" : ""English""
    },
    ""text"" : ""SURGICAL HOLDINGS LIMITED T/A SURGICAL HOLDINGS"",
    ""allLanguagesApplicable"" : false
  } ],
  ""textByDefaultLanguage"" : ""SURGICAL HOLDINGS LIMITED T/A SURGICAL HOLDINGS""
}",,-1306,"Advena Limited","MT-AR-000000234","{
  ""texts"" : [ {
    ""language"" : {
      ""isoCode"" : ""en"",
      ""name"" : ""English""
    },
    ""text"" : ""Advena Limited"",
    ""allLanguagesApplicable"" : null
  } ]
}",,,,,
195070,"01GKHCW84AY9X1A9M82Z4EYZAN","345484ea-fb90-41b6-8f90-2d7c58ce55b2",,"Kinesia ONE 700-0019",-23,1,0,0,0,0,0,0,,1,"00859584006003","0859584006KinesiaWG","ae89c603-62dc-4e08-b357-dce002cd7c41","01GKHC4JXXRW37V21725BH4C86",1,0,0,,0,0,,0,,,0,,,,-116,,,,0,0,"Kinesia ONE",,-203,-197,"STANDARD",," W01010899","US-MF-000031444","Great Lakes NeuroTechnologies Inc",-11,"{
  ""texts"" : [ {
    ""language"" : {
      ""isoCode"" : ""en"",
      ""name"" : ""English""
    },
    ""text"" : ""Great Lakes NeuroTechnologies Inc"",
    ""allLanguagesApplicable"" : false
  } ]
}",,-1306,"AF Pharma Service Europe SL","ES-AR-000018076","{
  ""texts"" : [ {
    ""language"" : null,
    ""text"" : ""AF Pharma Service Europe SL"",
    ""allLanguagesApplicable"" : true
  } ]
}",,"00859584006003",,,
4164376,"01M10GA6377NZ1CHA3PYY3092T","ea228bf6-50a1-409f-b6dd-b6f1311c2764","Synthetic Polymer Teeth","MAIST/T4/A3.5/6×1×16",-56,1,0,0,0,0,0,0,,1,"06909412258891","6909412RZY2A019J","8a8d7041-c95a-4d52-adfe-e817ebf4a7ed","01KT66J5VMHY7HY79TRF6HNJE7",0,0,0,,0,0,,0,,,0,,,,,,,,0,0,"Synthetic Polymer Teeth","Upper anterior teeth, Lower anterior teeth, Posterior teeth",-204,-197,"STANDARD",," Q01020601","CN-MF-000013266","Shandong Huge Dental Material Corporation",-11,"{
  ""texts"" : [ {
    ""language"" : {
      ""isoCode"" : ""en"",
      ""name"" : ""English""
    },
    ""text"" : ""Shandong Huge Dental Material Corporation"",
    ""allLanguagesApplicable"" : null
  } ]
}","{
  ""texts"" : [ {
    ""language"" : {
      ""isoCode"" : ""en"",
      ""name"" : ""English""
    },
    ""text"" : ""HUGE"",
    ""allLanguagesApplicable"" : null
  } ]
}",-1306,"MedNet EC-REP GmbH","DE-AR-000000002","{
  ""texts"" : [ {
    ""language"" : {
      ""isoCode"" : ""en"",
      ""name"" : ""English""
    },
    ""text"" : ""MedNet EC-REP GmbH"",
    ""allLanguagesApplicable"" : null
  } ]
}",,,,,
1817420,"01KMFJV6068FH77AZ3AQ1XGDX4","2eab011a-a771-43ff-a436-355548063aa9","mikrozid AF liquid","109160",-56,1,0,0,0,0,0,0,,1,"04032651091607","4032651BSC000000209Y","4667eaa5-4c8b-4264-845a-3fb12d2b9fa4","01KMFHQN3MRFVW4BQBYNNG7WY8",0,0,0,,0,0,,0,,,0,,,,,,,,0,0,"Mikrozid AF",,-204,-197,"STANDARD",," D0799","DE-MF-000005701","Schülke & Mayr GmbH",-11,"{
  ""texts"" : [ {
    ""language"" : {
      ""isoCode"" : ""de"",
      ""name"" : ""German""
    },
    ""text"" : ""Schülke & Mayr GmbH"",
    ""allLanguagesApplicable"" : null
  } ]
}","{
  ""texts"" : [ {
    ""language"" : {
      ""isoCode"" : ""de"",
      ""name"" : ""German""
    },
    ""text"" : ""schülke"",
    ""allLanguagesApplicable"" : null
  } ]
}",-1306,,,,,,,,
2913402,"01KST30FN5TT2HHMETCF5B5BMQ","e9fe66b1-d4db-45dd-8a61-5d00ae3873ef",,"SCL6560-A-S",-74,1,0,0,0,0,1,0,,1,"03700482248927","37004822IMPSOCORES01TX","2197e0fc-81f9-4809-963f-a13e5767bc3e","01KST1TQN2MH7AHQQ7NV4136WK",0,0,0,,0,1,,0,,,0,,,,,,,1,0,0,"SOCORE - Spinal Stabilization System, Sterile","Monoaxial pedicle screws",-205,-197,"STANDARD",," P09070302","FR-MF-000007304","NovaSpine",-11,"{
  ""texts"" : [ {
    ""language"" : {
      ""isoCode"" : ""fr"",
      ""name"" : ""French""
    },
    ""text"" : ""NovaSpine"",
    ""allLanguagesApplicable"" : null
  } ]
}",,-1306,,,,,,,,
4221622,"01M1D8WGHEAG63P35ZYYFT5CJD","35e5b763-9a2e-4fc9-8a06-a62c56d87d71",,"800105555",-56,1,0,0,0,0,0,1,,1,"06912547147619","6903095SPIWGB1Z704PRUU","440010b7-6c8b-4a3b-b7d6-440dadcfaf15","01KJS6H022D29RMP5XFMVZ8JJR",0,0,0,,0,1,,0,,,0,,,,,,,1,0,0,"Sterile and Non Sterile Spinal System","WGB1Z-7-04",-205,-197,"STANDARD",," P09070302","CN-MF-000019785","Shandong Weigao Orthopaedic Device Company Limited.",-11,"{
  ""texts"" : [ {
    ""language"" : {
      ""isoCode"" : ""en"",
      ""name"" : ""English""
    },
    ""text"" : ""Shandong Weigao Orthopaedic Device Company Limited."",
    ""allLanguagesApplicable"" : null
  } ]
}","{
  ""texts"" : [ {
    ""language"" : {
      ""isoCode"" : ""en"",
      ""name"" : ""English""
    },
    ""text"" : ""Wegortho"",
    ""allLanguagesApplicable"" : null
  } ]
}",-1306,"Shanghai International Holding Corp. GmbH(Europe)","DE-AR-000000001","{
  ""texts"" : [ {
    ""language"" : {
      ""isoCode"" : ""de"",
      ""name"" : ""German""
    },
    ""text"" : ""Shanghai International Holding Corp. GmbH(Europe)"",
    ""allLanguagesApplicable"" : null
  } ]
}",,,,,
1230467,"01K86F1R5E4CXHH0F8D1V50Q1B","ec4c117e-63ed-48ae-a8f0-a5cdaaded6ea","EVO Visian Toric ICL","VTICMO 13.2",-67,1,0,0,0,0,1,0,,1,"00840311328420","764013516ICLGV","e5705318-c87a-481a-baaf-4dff71f0bd74","01JXNPXQ5NV1FMYNPQ4P73REAB",0,0,1,,0,1,,0,,,0,,,,,,,,0,0,"Implantable Collamer Lens",,-10,-197,"STANDARD",," P030101030399","CH-MF-000039544","STAAR Surgical AG",-11,"{
  ""texts"" : [ {
    ""language"" : {
      ""isoCode"" : ""en"",
      ""name"" : ""English""
    },
    ""text"" : ""STAAR Surgical AG"",
    ""allLanguagesApplicable"" : false
  } ],
  ""textByDefaultLanguage"" : ""STAAR Surgical AG""
}","{
  ""texts"" : [ {
    ""language"" : {
      ""isoCode"" : ""en"",
      ""name"" : ""English""
    },
    ""text"" : ""STAAR AG"",
    ""allLanguagesApplicable"" : false
  } ],
  ""textByDefaultLanguage"" : ""STAAR AG""
}",-1306,"STAAR Surgical AG","ES-AR-000025479","{
  ""texts"" : [ {
    ""language"" : {
      ""isoCode"" : ""es"",
      ""name"" : ""Spanish""
    },
    ""text"" : ""STAAR Surgical AG"",
    ""allLanguagesApplicable"" : false
  } ],
  ""textByDefaultLanguage"" : null
}",,,,,
3226274,"01KV892YZ5Z6M01WVQR68D3ESN","5aed3991-ce18-43fa-b590-23d7b018a122",,"572-012",-56,1,0,0,0,0,0,0,,1,"04049113177427","4049113130001000000000R5","6c25113d-f658-4514-9c78-2dbdcfe44788","01KTXJBXWCR8X7QGCKDKBWRKQA",0,0,0,,0,0,,0,,,1,,,,,,,,0,0,"Bowl, Schale",,-203,-197,"STANDARD",," V0402","DE-MF-000005908","ELCON Medical Instruments GmbH",-11,"{
  ""texts"" : [ {
    ""language"" : {
      ""isoCode"" : ""de"",
      ""name"" : ""German""
    },
    ""text"" : ""ELCON Medical Instruments GmbH"",
    ""allLanguagesApplicable"" : null
  } ]
}",,-1306,,,,,"04049113177427",,,
3321669,"01KVZFWY5RCXDCR6ZH6EYXV2R3","5e1e0286-5db7-45b7-ad9f-3579635f2d86",,"685204030522070",-13,1,0,0,0,0,0,1,,1,"D145685204030522070","B-D145685204030522070","5c43fdb9-afd6-401d-99fe-65a584b1b690","01KVZFWY5D7V55E4YEEBRGE48K",0,0,0,,0,0,,0,,,1,,,,,,,,0,0,,"Rotary Instruments",-204,-53,"LEGACY",," Q0199","AT-MF-000040359","Dendia GmbH",-11,"{
  ""texts"" : [ {
    ""language"" : {
      ""isoCode"" : ""de"",
      ""name"" : ""German""
    },
    ""text"" : ""Dendia GmbH"",
    ""allLanguagesApplicable"" : false
  } ]
}",,-1306,,,,,,,,
2088559,"01KPWMJYTRBDNK42KXVVGSB4XQ","b980e4d9-54da-4adb-9f8f-ce6c54eddc21","VenoTrain soft, AD, Ccl 2,
closed toe, XL plus long, Navy","21280021500334",-56,1,0,0,0,0,0,0,,1,"04046445527920","4046445SOF00000000YY","309baeb1-c8f2-4e5c-ace0-fcf58ee842df","01KP3FV4D7Z7ZAHRSSDK76GRPH",0,0,0,,0,0,,0,,,0,,,,,,,,0,0,"VenoTrain soft",,-203,-197,"STANDARD",," M030405","DE-MF-000007543","Bauerfeind AG",-11,"{
  ""texts"" : [ {
    ""language"" : {
      ""isoCode"" : ""de"",
      ""name"" : ""German""
    },
    ""text"" : ""Bauerfeind AG"",
    ""allLanguagesApplicable"" : null
  } ]
}",,-1306,,,,,,,,
3527499,"01KX84MXH7YX9ZSS3K7N589V7D","89396777-6215-42de-b07b-7d0afdb73016","Dental Zirconia Ceramic","98×14-SHT-Plus",-56,1,0,0,0,0,0,0,,1,"06975367000434","B-06975367000434","2539d3c2-260e-4faf-b041-c5498b5530c9","01KX84MXGQAW0Z81F40MZZTYW2",0,0,0,,0,0,,0,,,0,,,,,,,,0,0,"Dental Zirconia Ceramic",,-204,-53,"LEGACY",," Q01010199","CN-MF-000015573","Aidite（Qinhuangdao）Technology Co.,Ltd.",-11,"{
  ""texts"" : [ {
    ""language"" : {
      ""isoCode"" : ""en"",
      ""name"" : ""English""
    },
    ""text"" : ""Aidite（Qinhuangdao）Technology Co.,Ltd."",
    ""allLanguagesApplicable"" : null
  } ]
}","{
  ""texts"" : [ {
    ""language"" : {
      ""isoCode"" : ""en"",
      ""name"" : ""English""
    },
    ""text"" : ""Aidite"",
    ""allLanguagesApplicable"" : null
  } ]
}",-1306,"MedNet EC-REP GmbH","DE-AR-000000002","{
  ""texts"" : [ {
    ""language"" : {
      ""isoCode"" : ""en"",
      ""name"" : ""English""
    },
    ""text"" : ""MedNet EC-REP GmbH"",
    ""allLanguagesApplicable"" : null
  } ]
}",,,,,
458702,"01HNAFMFVJXNAE8TD55848HZEH","f3cdc810-192b-4372-8f46-1c668d9099bc","AYSAM","A520.13",-245,1,0,0,0,0,0,1,,1,"08682503002419","8682503ASC00001J6","a9da6ba8-258f-4b2d-aba8-7f60aa7c8b45","01HMXYHT5XBJJJM60CZZQE9W6M",0,0,0,,0,0,,0,,,1,,,,-116,,,,0,0,"Sterilization Container Systems","AYSAM",-203,-197,"STANDARD",," S010499","TR-MF-000017437","Aysam Ortopedi ve Tıbbi Aletler Sanayi ve Ticaret Limited Şirketi",-11,"{
  ""texts"" : [ {
    ""language"" : null,
    ""text"" : ""Aysam Ortopedi ve Tıbbi Aletler Sanayi ve Ticaret Limited Şirketi"",
    ""allLanguagesApplicable"" : true
  } ]
}","{
  ""texts"" : [ {
    ""language"" : null,
    ""text"" : ""Aysam Ortopedi"",
    ""allLanguagesApplicable"" : true
  } ]
}",-1306,,,,,"08682503002419",,,
372628,"01HCY8AX3MVFRXMF1MWFM47W77","c14276df-b597-4a57-a09b-9247cdcb9226","AYSET","70701",-245,1,,,,,1,0,,1,"08697427709511","B-08697427709511","76357341-dcc8-4a4c-bcd5-f4ea3848635b","01HCY8AX1RMJRK87MT84J9KVFT",,,0,0,0,,0,,0,0,,0,,0,,0,0,,,,"10 ml Z No Additive Blood Collection Tube",,-157,-55,"LEGACY",," W050101010202","TR-MF-000016409","AYSET TIBBI URUNLER VE PLASTIK TEKSTIL ELEKTRONIK GIDA TEMIZLIK MADDELERI INSAAT MUTEAHHITLIK SANAYI A.S.",-11,"{
  ""texts"" : [ {
    ""language"" : {
      ""isoCode"" : ""en"",
      ""name"" : ""English""
    },
    ""text"" : ""AYSET TIBBI URUNLER VE PLASTIK TEKSTIL ELEKTRONIK GIDA TEMIZLIK MADDELERI INSAAT MUTEAHHITLIK SANAYI A.S."",
    ""allLanguagesApplicable"" : null
  } ]
}",,-1306,,,,,,,,
2315491,"01KRC02KVSHF7C1NKQ9859DGJQ","74e7288c-fc8d-44f3-8801-393b04b0cabf",,"SEC201-24R",-56,1,0,0,0,0,0,0,,1,"00645517377568","00645517CosmesisCG","10b03a97-7f82-4b76-a94d-e36661795dea","01KR1PN8JDAX252JFRWNYJ59XH",0,0,0,,0,0,,0,,,0,,,,,,,,0,0,"SEC2 Endoskeletal Cosmesis",,-203,-197,"STANDARD",," Y062499","US-MF-000009657","Trulife Inc.",-11,"{
  ""texts"" : [ {
    ""language"" : {
      ""isoCode"" : ""en"",
      ""name"" : ""English""
    },
    ""text"" : ""Trulife Inc."",
    ""allLanguagesApplicable"" : null
  } ]
}","{
  ""texts"" : [ {
    ""language"" : {
      ""isoCode"" : ""en"",
      ""name"" : ""English""
    },
    ""text"" : ""Trulife"",
    ""allLanguagesApplicable"" : null
  } ]
}",-1306,"MDSS GmbH","DE-AR-000005430","{
  ""texts"" : [ {
    ""language"" : {
      ""isoCode"" : ""en"",
      ""name"" : ""English""
    },
    ""text"" : ""MDSS GmbH"",
    ""allLanguagesApplicable"" : null
  } ]
}",,,,,
567817,"01HWWC3M4AX651921ZS49GA1SK","38943dcd-dcb8-42da-b381-d4b565ca5584","S.C.A","12.880.11A",-245,1,0,0,0,0,0,1,,1,"08680862842226","868086255S.C.A3546TS","8d848d01-f417-4325-9db1-6339da48661c","01HWSSNN3EA7GTSA4WWXHFPP89",0,0,0,,0,0,,0,,,1,,,,,,,,0,0,"SEPARATORS","S.C.A",-203,-197,"STANDARD",," L03140199","TR-MF-000018747","SAMSUN CERRAHİ ALETLER SANAYİ VE TİCARET LİMİTED ŞİRKETİ",-11,"{
  ""texts"" : [ {
    ""language"" : {
      ""isoCode"" : ""en"",
      ""name"" : ""English""
    },
    ""text"" : ""SAMSUN CERRAHİ ALETLER SANAYİ VE TİCARET LİMİTED ŞİRKETİ"",
    ""allLanguagesApplicable"" : false
  } ]
}",,-1306,,,,,,,,
1750683,"01KKVBVPP7KZNN5S8VR0HJ66CM","ab4b5e81-80e5-49c6-a751-c757820e0fe4",,"ME 9365 878717 42",-163,1,0,0,0,0,0,0,,1,"07020401899242","7071045SupportFootwearT9","1aaebe0f-666e-4d2c-a183-8be8343a1e01","01KKV8KPKYRKQX1R5DKZPZ4JVP",0,0,1,,0,0,,0,,,0,,,,,,,,0,0,"Supportive Footwear",,-203,-197,"STANDARD",," Y063303","NO-MF-000007972","Klaveness Footwear AS",-11,"{
  ""texts"" : [ {
    ""language"" : {
      ""isoCode"" : ""en"",
      ""name"" : ""English""
    },
    ""text"" : ""Klaveness Footwear AS"",
    ""allLanguagesApplicable"" : null
  } ]
}",,-1306,,,,,,,,
3786459,"01KYMWRJPBMKTHFFECN0HTWQJK","eaf50047-e6fa-4cae-a74d-ba8cdd490e14",,"SAL 402AC",-74,1,0,0,0,0,1,0,,1,"00840150723516","B-00840150723516","76bc85dd-85e9-4f60-b547-0889612b2283","01KYMWRJNV56W78XB8NJPZFHD1",0,0,0,,0,1,,0,,,0,,,,,,,,0,0,"Soft hydrophobic acrylic intraocular lens","SAL 402AC",-205,-53,"LEGACY",," P030102090201","US-MF-000015796","Millennium Biomedical, Inc.",-11,"{
  ""texts"" : [ {
    ""language"" : {
      ""isoCode"" : ""en"",
      ""name"" : ""English""
    },
    ""text"" : ""Millennium Biomedical, Inc."",
    ""allLanguagesApplicable"" : null
  } ]
}","{
  ""texts"" : [ {
    ""language"" : {
      ""isoCode"" : ""en"",
      ""name"" : ""English""
    },
    ""text"" : ""MBI"",
    ""allLanguagesApplicable"" : null
  } ]
}",-1306,"MDSS GmbH","DE-AR-000005430","{
  ""texts"" : [ {
    ""language"" : {
      ""isoCode"" : ""en"",
      ""name"" : ""English""
    },
    ""text"" : ""MDSS GmbH"",
    ""allLanguagesApplicable"" : null
  } ]
}",,,,,
1029849,"01JZTQY1MDYKPF9GE5K1PETR8C","5b336afe-6c1d-400a-9b6f-af40fcf0878b","Persona®","42-5181-007-10",-162,1,0,0,0,0,0,1,,1,"00880304809987","889024E8HH","eefeeb26-1ac5-47dd-b926-a278022218d0","01JZTQXKP0B8YTYR8C75WHPSQA",0,0,0,,0,0,,0,,,1,,,,,,,,0,0,"Persona Partial Knee Tibial Bearing Trial",,-204,-197,"STANDARD",," L091104","US-MF-000001146","Zimmer, Inc.",-11,"{
  ""texts"" : [ {
    ""language"" : {
      ""isoCode"" : ""en"",
      ""name"" : ""English""
    },
    ""text"" : ""Zimmer, Inc."",
    ""allLanguagesApplicable"" : null
  } ],
  ""textByDefaultLanguage"" : ""Zimmer, Inc.""
}",,-1306,"Biomet Global Supply Chain Center B.V.","NL-AR-000000422","{
  ""texts"" : [ {
    ""language"" : {
      ""isoCode"" : ""en"",
      ""name"" : ""English""
    },
    ""text"" : ""Biomet Global Supply Chain Center B.V."",
    ""allLanguagesApplicable"" : null
  } ]
}",,,,,
3240235,"01KVABCDEPDFHQ9FYRT9JAPK2Q","ae4fd73f-c612-482f-a1bf-6c7109054cff","Style Girona Top","M7-6591-1",-13,1,0,0,1,0,0,0,,1,"04058509871184","4009706Y06309902ZQ","82e1e194-11ef-4793-b647-3e182fd0c696","01KVA8FX9Z5KEMMTZP05HCBN3N",0,0,0,,0,0,,0,,,0,,,,,,,,0,0,"Prosthetic swimwear",,-203,-197,"STANDARD",," Y063099","DE-MF-000012631","Anita Dr. Helbig GmbH",-11,"{
  ""texts"" : [ {
    ""language"" : {
      ""isoCode"" : ""de"",
      ""name"" : ""German""
    },
    ""text"" : ""Anita Dr. Helbig GmbH"",
    ""allLanguagesApplicable"" : null
  } ]
}","{
  ""texts"" : [ {
    ""language"" : {
      ""isoCode"" : ""de"",
      ""name"" : ""German""
    },
    ""text"" : ""Spezialanbieter für Miederwaren, Bademoden und medizinische Produkte"",
    ""allLanguagesApplicable"" : null
  }, {
    ""language"" : {
      ""isoCode"" : ""en"",
      ""name"" : ""English""
    },
    ""text"" : ""Specialized supplier for corsetry, swimwear and medical products"",
    ""allLanguagesApplicable"" : null
  } ]
}",-1306,,,,,"04058509871184",,,
4184070,"01M12X79TD5TTMWGCZ72P0P14H","a62d0e72-9fbe-404c-9e38-4affd1c3e93f",,"B035",-13,1,0,0,0,0,0,0,,1,"06953751917612","69537519PostureLR","fe3499f5-b7e9-4507-8f0c-807128d38dab","01M10NH6YEGZRTEBK3S5MYS9K7",0,0,0,,0,0,,0,,,0,,,,,,,,0,0,"Posture corrector",,-203,-197,"STANDARD",," Y060307","CN-MF-000011825","Shijiazhuang aofeite imp&exp co.,ltd",-11,"{
  ""texts"" : [ {
    ""language"" : {
      ""isoCode"" : ""en"",
      ""name"" : ""English""
    },
    ""text"" : ""Shijiazhuang aofeite imp&exp co.,ltd"",
    ""allLanguagesApplicable"" : null
  } ],
  ""textByDefaultLanguage"" : ""Shijiazhuang aofeite imp&exp co.,ltd""
}",,-1306,"SUNGO Europe B.V.","NL-AR-000000247","{
  ""texts"" : [ {
    ""language"" : {
      ""isoCode"" : ""nl"",
      ""name"" : ""Dutch""
    },
    ""text"" : ""SUNGO Europe B.V."",
    ""allLanguagesApplicable"" : null
  } ]
}",,,,,
3946146,"01KZAVVJPYGQ02TTNFFDT9VH9T","d1a378ca-b657-4fc0-81d7-ab20aa940959","HILZO Pyloric/Duodenal Uncovered Stent","PV2006H",-245,1,0,0,0,0,1,0,,2,"08809468543980","B-08809468543980","60196fc7-135c-4ba8-9590-e12941ca3cc5","01KZAVVJNXQNVDGBS3VZF6JNZ0",0,0,0,,0,1,,0,,,0,,,,,,,,0,0,"HILZO Pyloric/Duodenal Uncovered Stent","PV2006H",-205,-53,"LEGACY",," P0503","KR-MF-000017292","BCM Co., Ltd.",-11,"{
  ""texts"" : [ {
    ""language"" : null,
    ""text"" : ""BCM Co., Ltd."",
    ""allLanguagesApplicable"" : true
  } ]
}","{
  ""texts"" : [ {
    ""language"" : null,
    ""text"" : ""BCM Co., Ltd."",
    ""allLanguagesApplicable"" : true
  } ]
}",-1306,"Emergo Europe B.V.","NL-AR-000000116","{
  ""texts"" : [ {
    ""language"" : {
      ""isoCode"" : ""en"",
      ""name"" : ""English""
    },
    ""text"" : ""Emergo Europe B.V."",
    ""allLanguagesApplicable"" : null
  } ]
}",,,,,
3673616,"01KY242R0ZSR9FQHCRCFFBJPWY","ec1a3696-3690-4e5a-8e96-658f843d4026","GP 01-105 / BREAST FORM BRA SIZE 105","GP 01-105",-245,1,0,0,0,0,0,0,,1,"08286132241081","86821322002SC","e4e4ccc0-9af4-4918-a9e3-784033488d92","01KY1ZRQ7NPZN6GQB1906YBQ4R",0,0,0,,0,0,,0,,,0,,,,,,,,0,0,"BREAST PROSTHESIS BRA and BRA PROSTHESES","BREAST PROSTHESIS BRA and BRA PROSTHESES",-203,-197,"STANDARD",," Y090399","TR-MF-000031263","EFAMED ORTOPEDİ MEDİKAL ÜRÜNLER TİC SAN LTD ŞTİ",-11,"{
  ""texts"" : [ {
    ""language"" : null,
    ""text"" : ""EFAMED ORTOPEDİ MEDİKAL ÜRÜNLER TİC SAN LTD ŞTİ"",
    ""allLanguagesApplicable"" : true
  } ]
}","{
  ""texts"" : [ {
    ""language"" : null,
    ""text"" : ""ORLEX"",
    ""allLanguagesApplicable"" : true
  } ]
}",-1306,,,,,"08286132241081",,,
2728001,"01KSJ0903D0MN0DGD0SGSS2A1K","3076373b-e78b-4f0b-ae9c-e91c8fbf7bb7","FinnComfort","02626-821081",-56,1,0,0,1,0,0,0,,1,"04030457098400","4030457-FinnCo-001-MN","3f3b99d2-4122-41dd-aeb4-f7c39ddbf3fc","01KR3AHVVTKD99Q52VK8V9XTW7",0,0,0,,0,0,,0,,,0,,,,,,,,0,0,"FinnComfort",,-203,-197,"STANDARD",," Y063303","DE-MF-000016907","Waldi Schuhfabrik GmbH",-11,"{
  ""texts"" : [ {
    ""language"" : {
      ""isoCode"" : ""de"",
      ""name"" : ""German""
    },
    ""text"" : ""Waldi Schuhfabrik GmbH"",
    ""allLanguagesApplicable"" : null
  } ]
}","{
  ""texts"" : [ {
    ""language"" : {
      ""isoCode"" : ""de"",
      ""name"" : ""German""
    },
    ""text"" : ""FinnComfort"",
    ""allLanguagesApplicable"" : null
  } ]
}",-1306,,,,,"04030457098400",,,
2900970,"01KSSNF3BCV9ZV42G0VR9CB8S4","57cc050e-cf37-4482-9d4e-7bcfdc85601b","TUBO DE GEL PURO ; PURE GEL TUBING (15 CM)","ACP917#24/M",-67,1,0,0,0,0,0,0,,1,"08435025982062","84350259ORL20420PS","022db08f-bf07-470d-90c1-18fc40d2aa6e","01KSSN9H5AGCB3EVPVGQ5VG52S",0,0,0,,0,0,,0,,,0,,,,,,,,0,0,"Orthoses, foot (including insoles and inserts)",,-203,-197,"STANDARD",," Y061203","ES-MF-000001598","Orliman, S.L.U.",-11,"{
  ""texts"" : [ {
    ""language"" : {
      ""isoCode"" : ""es"",
      ""name"" : ""Spanish""
    },
    ""text"" : ""Orliman, S.L.U."",
    ""allLanguagesApplicable"" : null
  } ]
}","{
  ""texts"" : [ {
    ""language"" : {
      ""isoCode"" : ""es"",
      ""name"" : ""Spanish""
    },
    ""text"" : ""Orliman"",
    ""allLanguagesApplicable"" : null
  } ]
}",-1306,,,,,,,,
2851059,"01KSPNFEHZWW9A3BV0MQ3X4Z2R","f9e1e244-74f5-4176-a5f6-e634d966a962",,"MTB-F 3L-PS",-98,1,0,0,0,0,0,1,,1,"05999154302199","B-05999154302199","bde89947-fb28-4b8a-9f5c-195f2649156b","01KSPNFEHQ04Q6YNQMHV4KYK4J",0,0,0,,0,0,,0,,,0,,,,,,,,0,0,"Trial femur","Metrimed Knee Instrument",-203,-53,"LEGACY",," L091199","HU-MF-000004640","Metrimed Orvosi Műszergyártó Kft.",-11,"{
  ""texts"" : [ {
    ""language"" : {
      ""isoCode"" : ""hu"",
      ""name"" : ""Hungarian""
    },
    ""text"" : ""Metrimed Orvosi Műszergyártó Kft."",
    ""allLanguagesApplicable"" : null
  } ]
}","{
  ""texts"" : [ {
    ""language"" : {
      ""isoCode"" : ""hu"",
      ""name"" : ""Hungarian""
    },
    ""text"" : ""Metrimed Kft."",
    ""allLanguagesApplicable"" : null
  } ]
}",-1306,,,,,,,,
1986753,"01KP5F6D42ZPZW2AVVC2Q7JXZ6","97cdf5f5-8eef-49ea-8e8b-706965d9bfa3","Glucose-6-Phosphate Dehydrogenase (G-6-PD) Quantitative Assay","D-655 001",-56,1,,,,,0,0,,1,"62230182708290","B-62230182708290","c73165c9-dd83-4dce-9e2d-5c611e5999bb","01KP5F6D3AG1DW26N2JEDK714X",,,0,0,0,,1,,0,0,,0,,1,,0,1,,,,"Glucose-6-Phosphate Dehydrogenase (G-6-PD) Quantitative Assay",,-157,-55,"LEGACY",," W0103019001","EG-MF-000050142","Kalians Corporation",-11,"{
  ""texts"" : [ {
    ""language"" : {
      ""isoCode"" : ""en"",
      ""name"" : ""English""
    },
    ""text"" : ""Kalians Corporation"",
    ""allLanguagesApplicable"" : false
  } ]
}",,-1306,"MDSS GmbH","DE-AR-000005430","{
  ""texts"" : [ {
    ""language"" : {
      ""isoCode"" : ""en"",
      ""name"" : ""English""
    },
    ""text"" : ""MDSS GmbH"",
    ""allLanguagesApplicable"" : null
  } ]
}",,,,,
4089426,"01M0FANX053VMA64S9218YXE4A","031a3f0d-8d4c-4a17-a9b2-5f2a7b757e9c","AR INSTRUMED","104-063 / X04063",-56,1,0,0,0,0,0,1,,1,"42518911022128","425189116480B5","06f00957-d7f7-4786-bc4b-a95fc58e1b1d","01M0EW3RKANVPKX5Y858ER6V35",1,0,0,,0,0,,0,,,1,,,,,,,,0,0,"Micro Elevator 3.5mm  Blue Plasma Tip",,-203,-197,"STANDARD",," L1505","PK-MF-000019554","AR Instrumed",-11,"{
  ""texts"" : [ {
    ""language"" : {
      ""isoCode"" : ""en"",
      ""name"" : ""English""
    },
    ""text"" : ""AR Instrumed"",
    ""allLanguagesApplicable"" : null
  } ]
}",,-1306,"AR Instrumed Deutschland GmbH","DE-AR-000014821","{
  ""texts"" : [ {
    ""language"" : {
      ""isoCode"" : ""de"",
      ""name"" : ""German""
    },
    ""text"" : ""AR Instrumed Deutschland GmbH"",
    ""allLanguagesApplicable"" : null
  } ]
}",,,,,
3110443,"01KTK62ZBFNK227M90ARVZRXRG","1dfa4bc8-0e8d-44e0-a2f5-f322df06d5fb","Packs for Cardioline","20.060.01",-108,1,0,0,0,0,0,0,,1,"08033040541570","803304054EFCARREGC8","7447c0c6-c479-4889-b96f-4ffe6e8073a8","01KTJZDJN99YAH4G9XQYX6V9ZC",0,0,0,,0,0,,1,,,0,,,,,,,,0,0,"Thermal recording chart paper",,-203,-197,"STANDARD",," Z1302","IT-MF-000009938","EF Medica Srl",-11,"{
  ""texts"" : [ {
    ""language"" : {
      ""isoCode"" : ""it"",
      ""name"" : ""Italian""
    },
    ""text"" : ""EF Medica Srl"",
    ""allLanguagesApplicable"" : null
  } ]
}","{
  ""texts"" : [ {
    ""language"" : null,
    ""text"" : ""EF Medica"",
    ""allLanguagesApplicable"" : true
  } ]
}",-1306,,,,,,,"08033040541570,18033040541577",
2479409,"01KRXCTS6R00DJ0BXQ28XT83Y5","27c275f8-d38d-4b33-b5a9-7e72b7c8ed58","Oltho","S00227",-245,1,,,0,0,0,1,,1,"08682431302278","B-08682431302278","7e494eae-4cb7-4a27-9ef4-762f6f9117e1","01KRXCTRTTGAMQQS284GMJ5Q8J",0,0,0,,0,1,,0,,,0,,,,,,,,0,0,"Oltho Cannulated Locking Screw, Self Threaded 3.5mm x 22mm","Cannulated Locking Screw",-205,-53,"LEGACY",," P09120503","TR-MF-000015943","SELES SAGLIK HIZMETLERI IMALAT OTO KIR.INS.SAN.TIC.A.S.",-11,"{
  ""texts"" : [ {
    ""language"" : {
      ""isoCode"" : ""en"",
      ""name"" : ""English""
    },
    ""text"" : ""SELES SAGLIK HIZMETLERI IMALAT OTO KIR.INS.SAN.TIC.A.S."",
    ""allLanguagesApplicable"" : false
  } ]
}",,-1306,,,,,,,,
373173,"01HCZEVZKWWKJNN95TY14FZJRR","43a3447d-30ed-472d-88e6-89c0a753a868",,"022109",-56,1,,,0,0,1,0,,1,"M803022109","B-M803022109","47b7867c-6ca5-44f6-a799-de0e6c8042f7","01HCZEVZHM1MRA8EYRXPV707XT",0,0,0,,0,0,,0,,,0,,,,,,,,0,0,"Curette Rigid Curved 9mm",,-203,-53,"LEGACY",," U089010","US-MF-000031450","Medgyn International, Inc",-11,"{
  ""texts"" : [ {
    ""language"" : {
      ""isoCode"" : ""en"",
      ""name"" : ""English""
    },
    ""text"" : ""Medgyn International, Inc"",
    ""allLanguagesApplicable"" : false
  } ]
}","{
  ""texts"" : [ {
    ""language"" : {
      ""isoCode"" : ""en"",
      ""name"" : ""English""
    },
    ""text"" : ""Medgyn"",
    ""allLanguagesApplicable"" : false
  } ]
}",-1306,"Advena Limited","MT-AR-000000234","{
  ""texts"" : [ {
    ""language"" : {
      ""isoCode"" : ""en"",
      ""name"" : ""English""
    },
    ""text"" : ""Advena Limited"",
    ""allLanguagesApplicable"" : null
  } ]
}",,,,,
3241601,"01KVAGFZ887TPEZYTM906KZHSV","9cd9d925-2e2e-475b-b78a-59ca84e557c0","Oltho","CS00032",-245,1,,,0,0,0,1,,1,"08682431313779","B-08682431313779","38694da9-96e6-4136-a1d0-826c2773790b","01KVAGFZ78VCR1AEGCN1FBYMC7",0,0,0,,0,1,,0,,,0,,,,,,,,0,0,"Oltho Cannulated Screw, Self-tapping 4.5mm x 28mm","CANNULATED SCREW",-205,-53,"LEGACY",," P09120503","TR-MF-000015943","SELES SAGLIK HIZMETLERI IMALAT OTO KIR.INS.SAN.TIC.A.S.",-11,"{
  ""texts"" : [ {
    ""language"" : {
      ""isoCode"" : ""en"",
      ""name"" : ""English""
    },
    ""text"" : ""SELES SAGLIK HIZMETLERI IMALAT OTO KIR.INS.SAN.TIC.A.S."",
    ""allLanguagesApplicable"" : false
  } ]
}",,-1306,,,,,,,,
2389181,"01KRJ5YCTFAHT4FEG4XQB0Q05W","796bb900-ff6c-440a-90e8-d6e25d6deb64",,"A4112-04",-245,1,0,0,0,0,1,0,,1,"06942494996787","B-06942494996787","7f70ab0d-d7b5-43bb-bd5b-d8d8adda0c46","01KRJ5YCT280MKB2M3FF9EC2C2",0,0,0,,0,1,,0,,,0,,,,,,,,0,0,"Femoral stem (Titanium coating)","JX F1106 / 4#",-10,-53,"LEGACY",," P090804010202","CN-MF-000027201","Beijing LiDaKang Technology Co., Ltd.",-11,"{
  ""texts"" : [ {
    ""language"" : {
      ""isoCode"" : ""en"",
      ""name"" : ""English""
    },
    ""text"" : ""Beijing LiDaKang Technology Co., Ltd."",
    ""allLanguagesApplicable"" : false
  } ]
}",,-1306,"Lotus NL B.V.","NL-AR-000000121","{
  ""texts"" : [ {
    ""language"" : {
      ""isoCode"" : ""en"",
      ""name"" : ""English""
    },
    ""text"" : ""Lotus NL B.V."",
    ""allLanguagesApplicable"" : null
  } ]
}",,,,,
1772091,"01KKXCGPGMN6F8DSVGADS0V7D6","1d820a8b-5612-42d7-8688-b5eb48c60dbe","Cleaning Brushes for Endoscope","JHY-CB-1.5-120-C",-74,1,0,0,0,0,0,0,,1,"06942000217542","69420002001MR","d4917d2b-c1d7-44fb-9d8d-3f95298b3399","01KKWNHBR7N9F2FKN5W5CCB1Q0",0,0,0,,0,0,,0,,,0,,,,,,,,0,0,"Cleaning Brushes for Endoscope",,-203,-197,"STANDARD",," V070101","CN-MF-000016791","Changzhou Jiuhong Medical Instrument Co., Ltd.",-11,"{
  ""texts"" : [ {
    ""language"" : {
      ""isoCode"" : ""en"",
      ""name"" : ""English""
    },
    ""text"" : ""Changzhou Jiuhong Medical Instrument Co., Ltd."",
    ""allLanguagesApplicable"" : null
  } ],
  ""textByDefaultLanguage"" : ""Changzhou Jiuhong Medical Instrument Co., Ltd.""
}",,-1306,"Shanghai International Holding Corp. GmbH(Europe)","DE-AR-000000001","{
  ""texts"" : [ {
    ""language"" : {
      ""isoCode"" : ""de"",
      ""name"" : ""German""
    },
    ""text"" : ""Shanghai International Holding Corp. GmbH(Europe)"",
    ""allLanguagesApplicable"" : null
  } ]
}",,,,,
2571764,"01G1FW2573X39EKD7PGH7WCACC","cb78c6d0-af8a-44e9-a4d4-7bdb7555ab89","MAX-PROTECT","S",-23,1,0,0,0,0,0,0,,2,"09555002117023","955500211638CT","af540399-ca8e-468a-8131-873f28545827","01FPBTFVP7M29E619W307YHJEB",0,0,0,,0,0,,0,,,0,,,,,,,,0,0,"Powder Free Nitrile Examination Gloves",,-203,-197,"STANDARD",," T01020204","MY-MF-000016719","Maxter Glove Manufacturing Sdn Bhd",-11,"{
  ""texts"" : [ {
    ""language"" : {
      ""isoCode"" : ""en"",
      ""name"" : ""English""
    },
    ""text"" : ""Maxter Glove Manufacturing Sdn Bhd"",
    ""allLanguagesApplicable"" : null
  } ]
}","{
  ""texts"" : [ {
    ""language"" : {
      ""isoCode"" : ""en"",
      ""name"" : ""English""
    },
    ""text"" : ""Maxter"",
    ""allLanguagesApplicable"" : null
  } ]
}",-1306,"Obelis s.a.","BE-AR-000000106","{
  ""texts"" : [ {
    ""language"" : {
      ""isoCode"" : ""en"",
      ""name"" : ""English""
    },
    ""text"" : ""Obelis s.a."",
    ""allLanguagesApplicable"" : null
  } ],
  ""textByDefaultLanguage"" : ""Obelis s.a.""
}",,,,"09555002117023,19555002117020",
2031236,"01KPMRDCBF65VHN1JTQC57YBE7","b0fd0085-6a9e-401d-8205-7612c58d61fb","Sterile Rotary Files","AA22007110",-100,1,0,0,0,0,1,0,,1,"06944835166163","69448351ENDO03SR3N","d0638d20-b40f-4672-bf77-d7604a839743","01KPM9B7HC40B9GTVQ8RR50S7Y",0,0,0,,0,0,,0,,,0,,,,,,,,0,0,"Sterile Rotary Files","U, U+, U Blue, U Grey, O, O+, X, X+, X Blue, X Grey, V, V+, V Blue, W+, W Blue, A, A+, T, T+, GF, Sun, PRG, PTF, KV, KV+, KV Blue, W+ Tunnel, Theta, KD Blue, MH, DT+, DT Blue, KM, KM Blue, EZ-PASS, Z, FSa, FSb",-204,-197,"STANDARD",," Q010507","CN-MF-000027059","SHENZHEN SUPERLINE TECHNOLOGY CO., LTD.",-11,"{
  ""texts"" : [ {
    ""language"" : {
      ""isoCode"" : ""en"",
      ""name"" : ""English""
    },
    ""text"" : ""SHENZHEN SUPERLINE TECHNOLOGY CO., LTD."",
    ""allLanguagesApplicable"" : false
  } ]
}","{
  ""texts"" : [ {
    ""language"" : {
      ""isoCode"" : ""en"",
      ""name"" : ""English""
    },
    ""text"" : ""SUPERLINE"",
    ""allLanguagesApplicable"" : false
  } ]
}",-1306,"Wellkang Ltd","XI-AR-000001836","{
  ""texts"" : [ {
    ""language"" : {
      ""isoCode"" : ""en"",
      ""name"" : ""English""
    },
    ""text"" : ""Wellkang Ltd"",
    ""allLanguagesApplicable"" : null
  } ]
}",,"06944835166163",,,
2499465,"01KRZ6MGEH65RHS4A6YY86XND8","085b9ed5-49f8-4067-9b89-91f531f7de7a","ENDODONTIC STAINLESS STEEL HAND FILES","HEDSTROM FILES 25mm #45 / SS503-209",-162,1,0,0,0,0,0,1,,1,"08806383537339","88063835EIF3J","00a827f6-d8f5-43ac-b85f-a66e5e07676e","01KQXKA4GX80HVF2ET1THBZZBY",0,0,0,,0,0,,0,,,1,,,,,,,,0,0,"ENDODONTIC INSTRUMENTS",,-203,-197,"STANDARD",," L159004","KR-MF-000023806","DIADENT GROUP INTERNATIONAL",-11,"{
  ""texts"" : [ {
    ""language"" : {
      ""isoCode"" : ""en"",
      ""name"" : ""English""
    },
    ""text"" : ""DIADENT GROUP INTERNATIONAL"",
    ""allLanguagesApplicable"" : null
  } ]
}","{
  ""texts"" : [ {
    ""language"" : {
      ""isoCode"" : ""en"",
      ""name"" : ""English""
    },
    ""text"" : ""DIADENT"",
    ""allLanguagesApplicable"" : null
  } ]
}",-1306,"Diadent Europe B.V.","NL-AR-000012597","{
  ""texts"" : [ {
    ""language"" : {
      ""isoCode"" : ""en"",
      ""name"" : ""English""
    },
    ""text"" : ""Diadent Europe B.V."",
    ""allLanguagesApplicable"" : null
  } ]
}",,,,,
3065319,"01KSSFAY6WAP7RZKF8MHV35RDJ","6ee836b1-9536-4306-a501-5b9cd068b165","Henry Schein Maxima","5724967",-56,1,0,0,0,0,0,1,,2,"10304040176280","B-10304040176280","616b9e2b-cdcd-472d-9ce2-0c836729ef2a","01KSSFAY66RPADQKBSQMZQJWV9",0,0,0,,0,0,,0,,,1,,,,,,,,0,0,"Diamond Burs","TF 152",-204,-53,"LEGACY",," Z12110102","US-MF-000021683","Henry Schein Inc.",-11,"{
  ""texts"" : [ {
    ""language"" : {
      ""isoCode"" : ""en"",
      ""name"" : ""English""
    },
    ""text"" : ""Henry Schein Inc."",
    ""allLanguagesApplicable"" : null
  } ]
}","{
  ""texts"" : [ {
    ""language"" : {
      ""isoCode"" : ""en"",
      ""name"" : ""English""
    },
    ""text"" : ""HSI"",
    ""allLanguagesApplicable"" : null
  } ]
}",-1306,"Henry Schein Services GmbH","DE-AR-000008001","{
  ""texts"" : [ {
    ""language"" : {
      ""isoCode"" : ""de"",
      ""name"" : ""German""
    },
    ""text"" : ""Henry Schein Services GmbH"",
    ""allLanguagesApplicable"" : null
  } ],
  ""textByDefaultLanguage"" : null
}",,,,,
4330879,"01M1Y5SYEPB229A891AGYZ2KSX","e72e6915-e55d-447e-baf5-a2a1c65b422b","Locking Self Tapping Screw 2.4 mm X 28 mm","PNM2021-028",-245,1,0,0,0,0,0,1,,1,"08680487059399","86804870JWHK","2330f51a-1024-417c-af6d-bea3d2e687e8","01M1GY56X71S4G7X78TFFP3ECV",0,0,0,,0,1,,0,,,0,,,,,,,1,0,0,,"Screws for Trauma Plates",-205,-197,"STANDARD",," P09120503","TR-MF-000015713","NORMMED MEDİKAL SAN. VE TİC. A.Ş.",-11,"{
  ""texts"" : [ {
    ""language"" : {
      ""isoCode"" : ""en"",
      ""name"" : ""English""
    },
    ""text"" : ""NORMMED MEDİKAL SAN. VE TİC. A.Ş."",
    ""allLanguagesApplicable"" : null
  } ]
}","{
  ""texts"" : [ {
    ""language"" : {
      ""isoCode"" : ""en"",
      ""name"" : ""English""
    },
    ""text"" : ""NORMMED"",
    ""allLanguagesApplicable"" : null
  } ]
}",-1306,,,,,,,,
2305058,"01KRB41VSDBQCDHYSEPA0SX5JR","c30a3ca2-65e8-4b1f-a161-526604d8cb24","Drainage Tube and Accessories","WDS400TB4RPD1906T",-162,1,0,0,0,0,1,0,,1,"06953676337144","69536763DTA001PV","d342f3c4-9e60-4c42-b089-449ea0d1edeb","01K5ZY6SGE0VFD3V0GD9T4JVBY",0,0,0,,0,0,,0,,,0,,,,,,,,0,0,"Drainage Tube and Accessories",,-204,-197,"STANDARD",," A0601010102","CN-MF-000022768","Hangzhou Fushan Medical Appliances Co., Ltd.",-11,"{
  ""texts"" : [ {
    ""language"" : {
      ""isoCode"" : ""en"",
      ""name"" : ""English""
    },
    ""text"" : ""Hangzhou Fushan Medical Appliances Co., Ltd."",
    ""allLanguagesApplicable"" : false
  } ],
  ""textByDefaultLanguage"" : ""Hangzhou Fushan Medical Appliances Co., Ltd.""
}",,-1306,"SUNGO Europe B.V.","NL-AR-000000247","{
  ""texts"" : [ {
    ""language"" : {
      ""isoCode"" : ""nl"",
      ""name"" : ""Dutch""
    },
    ""text"" : ""SUNGO Europe B.V."",
    ""allLanguagesApplicable"" : null
  } ]
}",,,,,
4560315,"01M30YN3HCB7PNE4KTPDPSR52N","203ee259-af17-4aaf-9c33-cc8da3fc2466","Juzo Soft","2001",-56,1,0,0,0,0,0,0,,1,"04071191892428","4018678M030405PHLY-010-AS","b1b47278-0227-4275-aff4-196e309ae175","01M27XRQX05TB01GQ5CWFCZH8H",0,0,0,,0,0,,0,,,0,,,,,,,,0,0,"Medical compression garments PH/LY- stockings / pantyhose / sleeves",,-203,-197,"STANDARD",," M030405","DE-MF-000009443","Julius Zorn GmbH",-11,"{
  ""texts"" : [ {
    ""language"" : {
      ""isoCode"" : ""de"",
      ""name"" : ""German""
    },
    ""text"" : ""Julius Zorn GmbH"",
    ""allLanguagesApplicable"" : null
  } ]
}","{
  ""texts"" : [ {
    ""language"" : {
      ""isoCode"" : ""de"",
      ""name"" : ""German""
    },
    ""text"" : ""Juzo"",
    ""allLanguagesApplicable"" : null
  } ]
}",-1306,,,,,"04071191892428",,,
398602,"01HGF3Z2G3HCWQK12A832ZZNRR","4b3f1d25-cc13-42b6-a87d-3bdd7ed1af3e","Macro & Micro-Test Genomic DNA/RNA Kit","HWTS-3010-32",-56,1,,,,,0,0,0,1,"06974849366808","697484936W0105900101HP","16cced61-308a-4756-ba28-22a33875a63e","01HGD9QATM5QBZ8JFCCMH549Z6",,,0,0,0,,1,,0,0,,0,,1,,0,1,,,,"Macro & Micro-Test Viral DNA/RNA Kit","Type Ⅰ: 50 tests/ kit ",-199,-198,"STANDARD",," W0105900101","CN-MF-000012807","Jiangsu Macro & Micro-Test Med-Tech Co., Ltd.",-11,"{
  ""texts"" : [ {
    ""language"" : {
      ""isoCode"" : ""en"",
      ""name"" : ""English""
    },
    ""text"" : ""Jiangsu Macro & Micro-Test Med-Tech Co., Ltd."",
    ""allLanguagesApplicable"" : null
  } ]
}",,-1306,"Shanghai International Holding Corp. GmbH(Europe)","DE-AR-000000001","{
  ""texts"" : [ {
    ""language"" : {
      ""isoCode"" : ""de"",
      ""name"" : ""German""
    },
    ""text"" : ""Shanghai International Holding Corp. GmbH(Europe)"",
    ""allLanguagesApplicable"" : null
  } ]
}",,,,,
197421,"01GKPF69HJJR2HFKY4WHHB3X43","9c381214-3f50-4d86-ab4f-b4e41813deaf","OT 12F 5mm blau  V=50 Superior","1216331",-56,1,,,,,0,0,0,1,"04250317302595","4250317302OTMSUX","80ef3739-7bb6-46eb-8254-a2bc81c43b49","01G68H54QWHNXWP911Z5A8P8GW",,,0,0,0,,0,,0,0,,0,,0,,1,0,,,,"General specimen microscopy slide (IVD)",,-199,-198,"STANDARD",," W0503900201","DE-MF-000023724","Paul Marienfeld GmbH & Co. KG",-11,"{
  ""texts"" : [ {
    ""language"" : {
      ""isoCode"" : ""de"",
      ""name"" : ""German""
    },
    ""text"" : ""Paul Marienfeld GmbH & Co. KG"",
    ""allLanguagesApplicable"" : false
  } ],
  ""textByDefaultLanguage"" : null
}",,-1306,,,,"04250317383457",,,,
2937680,"01KT0HP7C5VQEGW1SC6V1HAVD3","9540d8b9-06cb-4ebf-bba5-6d1d7a690b37",,"764-3",-13,1,0,0,0,0,0,0,,1,"06934530611495","69345306SportsPalmLH","a2faddc1-b244-40ab-8cb5-714135a024ba","01J3FFEXJXDNAZ8CQWNPT1Z2XH",0,0,0,,0,0,,0,,,0,,,,,,,,0,0,"Sports Palm","GV10,GV11,GV12,GV13,GV14,GV15,GV16,GV17,GV18,GV19,GV20,GV21,GV22,GV23,GV24,GV25,GV26,GV27,GV28,GV29,GV30,GV31,GV32,GV33,GV34,GV35,GV36,GV37,GV38,GV39,GV40,GV41,GV42,GV43,GV44,etc",-203,-197,"STANDARD",," T010299","CN-MF-000041954","Yangzhou Jindu Sporting Goods Co.,Ltd.",-11,"{
  ""texts"" : [ {
    ""language"" : {
      ""isoCode"" : ""en"",
      ""name"" : ""English""
    },
    ""text"" : ""Yangzhou Jindu Sporting Goods Co.,Ltd."",
    ""allLanguagesApplicable"" : false
  } ]
}",,-1306,"SUNGO Europe B.V.","NL-AR-000000247","{
  ""texts"" : [ {
    ""language"" : {
      ""isoCode"" : ""nl"",
      ""name"" : ""Dutch""
    },
    ""text"" : ""SUNGO Europe B.V."",
    ""allLanguagesApplicable"" : null
  } ]
}",,,,,
2980013,"01KT3ENG6Q6EX5C89W9QGSRHQB","5b6eef23-f68f-45fb-8a15-2506b99827a6",,"3623410000047",-56,1,0,0,0,0,0,0,,1,"04051645758289","4055107MyGen69","2d0f642f-2516-4331-a365-cc66ce58a598","01KRDT6V93EG5M6DVETC7STS0D",0,0,0,,0,0,,0,,,0,,,,,,,,0,0,"MyGeneration",,-203,-197,"STANDARD",," Y063303","DE-MF-000004958","Schein Orthopädie Service KG",-11,"{
  ""texts"" : [ {
    ""language"" : {
      ""isoCode"" : ""de"",
      ""name"" : ""German""
    },
    ""text"" : ""Schein Orthopädie Service KG"",
    ""allLanguagesApplicable"" : null
  } ]
}",,-1306,,,,,,,,
3665565,"01KY0MGJ6DRBAHDVTREPFV26SZ","2ca13f70-12ed-48a2-be10-d5c13df1e70b","SS White","310007",-21,1,0,0,0,0,0,1,,1,"D6903100072","B-D6903100072","d7bd4578-63fa-447a-b512-235adf49bf0f","01KY0MGJ60M717RVV0EEYN0TA2",0,0,0,,0,0,,0,,,0,,,,,,,,0,0,,"Carbide Bur",-204,-53,"LEGACY",," Q010501","US-MF-000018262","SS White Burs LLC",-11,"{
  ""texts"" : [ {
    ""language"" : {
      ""isoCode"" : ""en"",
      ""name"" : ""English""
    },
    ""text"" : ""SS White Burs LLC"",
    ""allLanguagesApplicable"" : false
  } ],
  ""textByDefaultLanguage"" : ""SS White Burs LLC""
}","{
  ""texts"" : [ {
    ""language"" : {
      ""isoCode"" : ""en"",
      ""name"" : ""English""
    },
    ""text"" : ""SS White Burs LLC"",
    ""allLanguagesApplicable"" : false
  } ],
  ""textByDefaultLanguage"" : ""SS White Burs LLC""
}",-1306,"Obelis s.a.","BE-AR-000000106","{
  ""texts"" : [ {
    ""language"" : {
      ""isoCode"" : ""en"",
      ""name"" : ""English""
    },
    ""text"" : ""Obelis s.a."",
    ""allLanguagesApplicable"" : null
  } ],
  ""textByDefaultLanguage"" : ""Obelis s.a.""
}",,,,,
2113942,"01KQ6PQKSNX1G9R1THPZAK07K8","2501942a-f10c-4c8b-ad63-009dd616b752",,"C-02",-56,1,0,0,0,0,1,0,,1,"06973697810563","697369781052R9","2f4a7a29-f874-4fc7-ae61-6b4ada262720","01KPSEEZB51HVVJEX4SKK854PX",0,0,0,,0,0,,0,,,0,,,,,,,,0,0,"Disposable sampling swab","B;C;C-01;C-010;C-02;C-03;C-030;C-031;C-032;C-04;C-040;C-041;C-042;C-05;C-050;C-051;C-052;ZCY-03; ZCY-04",-203,-197,"STANDARD",," A1101","CN-MF-000018784","Jiangsu HanHeng Medical Technology Co., Ltd.",-11,"{
  ""texts"" : [ {
    ""language"" : {
      ""isoCode"" : ""en"",
      ""name"" : ""English""
    },
    ""text"" : ""Jiangsu HanHeng Medical Technology Co., Ltd."",
    ""allLanguagesApplicable"" : null
  } ]
}",,-1306,"Luxus Lebenswelt GmbH","DE-AR-000005110","{
  ""texts"" : [ {
    ""language"" : {
      ""isoCode"" : ""de"",
      ""name"" : ""German""
    },
    ""text"" : ""Luxus Lebenswelt GmbH"",
    ""allLanguagesApplicable"" : null
  } ]
}",,,,,
96568,"01G3YER60NBV2FETKCZ0SYGXRB","7a820ed0-178e-4f15-85ae-6866d7dd5fe5",,"20-1211NS",-56,1,,,0,0,0,1,,1,"00841019104590","B-00841019104590","94c0a2ef-c278-4b01-9c58-30db45ae19d8","01G3YER60218MYC06G596MBX7T",1,0,0,,0,0,,0,,,1,,,,-116,,,,0,0,"Non-Stick Bipolar Coagulation Forceps 6 1/4 in. (15.9cm) Yasargil Bayonet, 0.7mm tip","20-1211NS",-205,-53,"LEGACY",," L180401","US-MF-000008222","Kirwan Surgical Products LLC",-11,"{
  ""texts"" : [ {
    ""language"" : {
      ""isoCode"" : ""en"",
      ""name"" : ""English""
    },
    ""text"" : ""Kirwan Surgical Products LLC"",
    ""allLanguagesApplicable"" : null
  } ]
}",,-1306," MPS Medical Product Service GmbH","DE-AR-000005009","{
  ""texts"" : [ {
    ""language"" : {
      ""isoCode"" : ""en"",
      ""name"" : ""English""
    },
    ""text"" : "" MPS Medical Product Service GmbH"",
    ""allLanguagesApplicable"" : null
  } ]
}",,,,,
1510193,"01KEV8Y45BVM6RVHZ674D6YRXR","0d87f516-326a-4047-bddd-bea004724167","Plastron civs GIBORTHO","6399-1",-74,1,0,0,1,0,0,0,,2,"03322547330080","332254008KN","0597a556-f66d-41a7-ae94-c71cd57f9bdf","01KEV727VJVKDH3TCE71TDRWBH",0,0,0,,0,0,,0,,,0,,,,,,,,0,0,"Bretelles civs GIBORTHO",,-203,-197,"STANDARD",," Y060308","FR-MF-000014279","GIBAUD",-11,"{
  ""texts"" : [ {
    ""language"" : {
      ""isoCode"" : ""fr"",
      ""name"" : ""French""
    },
    ""text"" : ""GIBAUD"",
    ""allLanguagesApplicable"" : null
  } ],
  ""textByDefaultLanguage"" : null
}",,-1306,,,,,"03322547330080",,,
3268764,"01KVPHSDZZH536FJVR14AAH2FV","212def0c-16d1-4e2d-b2eb-cceaa63e1e45","OMS3200Pro","323V375N-00",-56,1,0,0,0,0,0,0,,1,"06945095528012","69450955microscope7G","880c2131-3285-4292-810e-55ad456c9679","01K76BGZDW018FWZX8YHX2652V",1,0,0,,0,0,,0,,,0,,,,,,,,0,0,"Surgical Microscope",,-203,-197,"STANDARD",," Z12011101","CN-MF-000011126","Zumax Medical CO., LTD.",-11,"{
  ""texts"" : [ {
    ""language"" : {
      ""isoCode"" : ""en"",
      ""name"" : ""English""
    },
    ""text"" : ""Zumax Medical CO., LTD."",
    ""allLanguagesApplicable"" : null
  } ]
}",,-1306,"MedNet EC-REP GmbH","DE-AR-000000002","{
  ""texts"" : [ {
    ""language"" : {
      ""isoCode"" : ""en"",
      ""name"" : ""English""
    },
    ""text"" : ""MedNet EC-REP GmbH"",
    ""allLanguagesApplicable"" : null
  } ]
}",,,,,
3877621,"01KZ7P1JSYWFBKGVYB3RRVY08S","7ba97564-88b1-46f0-a71c-9a241e1fb6de","NIBP cuff and accessories","Y006DAL2-A118",-56,1,0,0,0,0,0,0,,1,"06944414086882","69444140007SS","e2796843-6c25-4a78-9300-ed20c48af924","01HXDHBRHP8BFYP54CFY0ZFTRV",1,0,0,,0,0,,0,,,0,,,,,,,,0,0,"NIBP cuff and accessories","Y000DA1",-203,-197,"STANDARD",," Z1203020302","CN-MF-000011145","Shenzhen Med-link Electronics Tech Co., Ltd. ",-11,"{
  ""texts"" : [ {
    ""language"" : {
      ""isoCode"" : ""en"",
      ""name"" : ""English""
    },
    ""text"" : ""Shenzhen Med-link Electronics Tech Co., Ltd. "",
    ""allLanguagesApplicable"" : null
  } ]
}",,-1306,"Shanghai International Holding Corp. GmbH(Europe)","DE-AR-000000001","{
  ""texts"" : [ {
    ""language"" : {
      ""isoCode"" : ""de"",
      ""name"" : ""German""
    },
    ""text"" : ""Shanghai International Holding Corp. GmbH(Europe)"",
    ""allLanguagesApplicable"" : null
  } ]
}",,,,,
4570366,"01M31H9CEYZERJNFKKHQYS8G4T","a2308886-8430-46e8-bf2c-9e049d3a5732",,"52802424",-87,1,0,0,0,0,0,1,,1,"06941558139559","B-06941558139559","484a5c30-13d9-4100-b41f-61c034813f47","01M31H9CEA91GSHZ6P5BW41AR9",0,0,0,,0,1,,0,,,0,,,,,,,,0,0,"Headless Compression Screw",,-205,-53,"LEGACY",," P09120603","CN-MF-000039433","Jiangsu Trauhui Medical Instrument Co., Ltd.",-11,"{
  ""texts"" : [ {
    ""language"" : {
      ""isoCode"" : ""en"",
      ""name"" : ""English""
    },
    ""text"" : ""Jiangsu Trauhui Medical Instrument Co., Ltd."",
    ""allLanguagesApplicable"" : false
  } ]
}",,-1306,"Shanghai International Holding Corp. GmbH(Europe)","DE-AR-000000001","{
  ""texts"" : [ {
    ""language"" : {
      ""isoCode"" : ""de"",
      ""name"" : ""German""
    },
    ""text"" : ""Shanghai International Holding Corp. GmbH(Europe)"",
    ""allLanguagesApplicable"" : null
  } ]
}",,,,,
1502947,"01KEHE8MKJYP4TERMBJK6ZJ4YM","bf0c5711-188d-4cd9-a367-11cb529faa90","SenSura Mio","119510",-192,1,0,0,0,0,0,0,,1,"05708932911771","570893229753794","789a4cd0-a2f7-4810-897c-7d5443aef0a4","01KEHBNJCMHDAGX3F129X0SBBW",0,0,0,,0,0,,0,,,0,,,,,,,,0,0,"SenSura Mio flex ostomy bag 2-piece open",,-203,-197,"STANDARD",," A10020302","DK-MF-000025526","Coloplast A/S",-11,"{
  ""texts"" : [ {
    ""language"" : {
      ""isoCode"" : ""da"",
      ""name"" : ""Danish""
    },
    ""text"" : ""Coloplast A/S"",
    ""allLanguagesApplicable"" : false
  } ]
}",,-1306,,,,"05701780081061",,,"05708932910682,05708932911771",
1972921,"01KNYSQRBSWDYZTFCGJM30J2QB","7db279de-ea53-4b5b-882c-7f44e7c61caa","TKM","FVAIRE.01",-74,1,0,0,0,0,0,0,,1,"03760449430277","376044943FVAIRE.01DC","800c2d5f-b39e-4b15-8b94-2b29ad4e0dd3","01KNYKPPFBVTWXH11GZAANK9G4",0,0,0,,0,0,,0,,,0,,,,,,,,0,0,"FAUTEUIL VESTIBULAIRE","FVAIRE.01",-203,-197,"STANDARD",," V080202,Z12140401","FR-MF-000052186","technic kine medicale",-11,"{
  ""texts"" : [ {
    ""language"" : {
      ""isoCode"" : ""fr"",
      ""name"" : ""French""
    },
    ""text"" : ""technic kine medicale"",
    ""allLanguagesApplicable"" : false
  } ],
  ""textByDefaultLanguage"" : null
}","{
  ""texts"" : [ {
    ""language"" : null,
    ""text"" : ""TKM"",
    ""allLanguagesApplicable"" : true
  } ],
  ""textByDefaultLanguage"" : null
}",-1306,,,,,"03760449430277",,,
537859,"01HTSCFHKK4P1J5595JCTSHEB7","f5b80965-98cc-4d41-8401-78d3f7c8359a","CEYLAN","CKB-26-115",-245,1,0,0,0,0,0,1,,1,"08681092604073","86810926CEYLAN13730K4","8b9915a8-6f59-4705-bb78-371e33dad4c0","01HTS9DHJWCBHNZM1DK2W5NXGE",0,0,0,,0,0,,0,,,1,,,,,,,,0,0,"STERILIZATION CONTAINER SYSTEMS","CEYLAN",-203,-197,"STANDARD",," S010401","TR-MF-000039137","FATMA CEYLAN- CEYLAN MEDİKAL İMALAT İTHALAT İHRACAT DIŞ TİCARET",-11,"{
  ""texts"" : [ {
    ""language"" : null,
    ""text"" : ""FATMA CEYLAN- CEYLAN MEDİKAL İMALAT İTHALAT İHRACAT DIŞ TİCARET"",
    ""allLanguagesApplicable"" : true
  } ]
}","{
  ""texts"" : [ {
    ""language"" : null,
    ""text"" : ""CEYLAN MEDİKAL"",
    ""allLanguagesApplicable"" : true
  } ]
}",-1306,,,,,,,,
1039831,"01K057BT51NHD0XN8SANYWEMGB","5c97d99b-fc07-4b9c-bba4-f67cc032233f","MatrixMANDIBLE","04.503.442.04C",-21,1,0,0,0,0,0,1,,1,"07611819930070","7611819a00591K6","345a77aa-952b-4b73-b5da-7f4a88d41dca","01JZXC39KM3K3FFD6NP0JEKJGB",0,0,0,,0,1,,0,,,0,,,,,,,1,0,0,"MatrixMANDIBLE Screws","MatrixMANDIBLE Screws",-205,-197,"STANDARD",," P09120601","CH-MF-000013345","Synthes GmbH",-11,"{
  ""texts"" : [ {
    ""language"" : {
      ""isoCode"" : ""en"",
      ""name"" : ""English""
    },
    ""text"" : ""Synthes GmbH"",
    ""allLanguagesApplicable"" : null
  } ]
}",,-1306,"DePuy Ireland UC","IE-AR-000009328","{
  ""texts"" : [ {
    ""language"" : {
      ""isoCode"" : ""en"",
      ""name"" : ""English""
    },
    ""text"" : ""DePuy Ireland UC"",
    ""allLanguagesApplicable"" : null
  } ]
}","87611819930076",,,,
839818,"01JM1EFXDBM6S7YNB9YYF2R854","17735cbe-54d1-4fe4-a8e6-0c7275b2da90","Body surface heating blankets","STW9550X",-56,1,0,0,0,0,0,0,,1,"16976549950438","697654995STM050TXMB8","3c00d494-276b-4d2d-9eed-de216226de1a","01JKZD4K4M74W2SQVW725ZDCD1",0,0,0,,0,0,,0,,,0,,,,,,,,0,0,"Body surface heating blankets",,-203,-197,"STANDARD",," T030301","CN-MF-000045853","GUANGDONG ZNZI MEDICAL TECHNOLOGY CO.,LTD.",-11,"{
  ""texts"" : [ {
    ""language"" : {
      ""isoCode"" : ""en"",
      ""name"" : ""English""
    },
    ""text"" : ""GUANGDONG ZNZI MEDICAL TECHNOLOGY CO.,LTD."",
    ""allLanguagesApplicable"" : false
  } ]
}",,-1306,"MedPath GmbH","DE-AR-000000087","{
  ""texts"" : [ {
    ""language"" : {
      ""isoCode"" : ""de"",
      ""name"" : ""German""
    },
    ""text"" : ""MedPath GmbH"",
    ""allLanguagesApplicable"" : null
  } ]
}",,"16976549950438",,,
852487,"01JMW6M03YFTR20155GHJ3T588","57957897-71b6-485b-88b4-9a8c8acafcf3","Graduated compression hosiery","MDAFL21BG",-56,1,0,0,0,0,0,0,,1,"06927869558531","6927869513467G8","18ebc8a3-7495-45f5-b41f-96b0c0099bf9","01JKFBRX7XBC06JJPS67V0JKCX",0,0,0,,0,0,,0,,,0,,,,,,,,0,0,"Compression Stockings","S,M,L,XL",-203,-197,"STANDARD",," M030405","CN-MF-000045633","Walt Technology Group Co., Ltd",-11,"{
  ""texts"" : [ {
    ""language"" : {
      ""isoCode"" : ""en"",
      ""name"" : ""English""
    },
    ""text"" : ""Walt Technology Group Co., Ltd"",
    ""allLanguagesApplicable"" : false
  } ]
}",,-1306,"MedPath GmbH","DE-AR-000000087","{
  ""texts"" : [ {
    ""language"" : {
      ""isoCode"" : ""de"",
      ""name"" : ""German""
    },
    ""text"" : ""MedPath GmbH"",
    ""allLanguagesApplicable"" : null
  } ]
}",,,,,
2982818,"01KT3HRNG5SWSGPNBZXQZJN3G7","417587e1-f05c-40b1-9938-b5a7d7b9660a","Ti-Base","LIHE012P",-56,1,0,0,0,0,0,1,,1,"08800055769677","88000557CADCAMAY","1d9c8738-9e63-4f6a-98fd-9fc7ce3bd6d0","01KT1N0BYZAH27ZJNBSJ2BK0KR",0,0,0,,0,1,,0,,,0,,,,,,,1,0,0,"Abutment and Abutment screw",,-205,-197,"STANDARD",," P01020180","KR-MF-000009313","ARUM DENTISTRY Co., Ltd.",-11,"{
  ""texts"" : [ {
    ""language"" : {
      ""isoCode"" : ""en"",
      ""name"" : ""English""
    },
    ""text"" : ""ARUM DENTISTRY Co., Ltd."",
    ""allLanguagesApplicable"" : null
  } ]
}",,-1306,"MedNet EC-REP IIb GmbH","DE-AR-000011192","{
  ""texts"" : [ {
    ""language"" : {
      ""isoCode"" : ""en"",
      ""name"" : ""English""
    },
    ""text"" : ""MedNet EC-REP IIb GmbH"",
    ""allLanguagesApplicable"" : null
  } ]
}",,,,,
3141053,"01KTP8V8Y7B9379E9V93KR4R2Z","69cb0737-e851-4196-bb44-9eb42ba3267e","KARAOĞLU","KZ315.10",-245,1,0,0,0,0,0,1,,1,"08699041095575","8699041KARAOGLU2044R8","448677db-d323-4bbf-ae92-ebcdaa08ca38","01KS4TCV837BMM1K6Y69W6TC71",0,0,0,,0,0,,0,,,1,,,,,,,,0,0,"CUTTERS","KARAOĞLU",-203,-197,"STANDARD",," L01040503","TR-MF-000041867","KARAOĞLU BASKÜL VE CERRAHİ ALETLER İMAL. SAN. TİC. LTD. ŞTİ",-11,"{
  ""texts"" : [ {
    ""language"" : null,
    ""text"" : ""KARAOĞLU BASKÜL VE CERRAHİ ALETLER İMAL. SAN. TİC. LTD. ŞTİ"",
    ""allLanguagesApplicable"" : true
  } ],
  ""textByDefaultLanguage"" : null
}","{
  ""texts"" : [ {
    ""language"" : null,
    ""text"" : ""Karaoğlu"",
    ""allLanguagesApplicable"" : true
  } ],
  ""textByDefaultLanguage"" : null
}",-1306,,,,,,,,
1120727,"01K2PHZMDW9P4G3294QK5NS61P","92792371-c1be-4ee3-9dc6-acc4931a9219",,"BEEPB2 53011",-243,1,0,0,0,0,1,0,,1,"06945326860737","69453268X0304MH","c8f63171-42af-4274-aced-a1f14f29564f","01K2KVE43WR40VFP9TYMW410DC",0,0,0,,0,0,,0,,,0,,,,,,,,0,0,"Disposable Enteral Feeding Sets","BECPB2/BEEPB2",-204,-197,"STANDARD",," A080101","CN-MF-000019471","Beijing L&Z Medical Technology Development Co., Ltd.",-11,"{
  ""texts"" : [ {
    ""language"" : {
      ""isoCode"" : ""en"",
      ""name"" : ""English""
    },
    ""text"" : ""Beijing L&Z Medical Technology Development Co., Ltd."",
    ""allLanguagesApplicable"" : false
  } ]
}",,-1306,"Wellkang Ltd","XI-AR-000001836","{
  ""texts"" : [ {
    ""language"" : {
      ""isoCode"" : ""en"",
      ""name"" : ""English""
    },
    ""text"" : ""Wellkang Ltd"",
    ""allLanguagesApplicable"" : null
  } ]
}",,,,,
25577,"01FQK871TB8NMNB32S0AH0VBF4","4698f962-51f9-42b0-abd1-083c9e5ee9a9","CILINDRO PER CUSCINETTO A SFERE RUOTA 12"" PER CARROZZINE EXTREME TR (I)","PX17R034-1I",-108,1,0,0,0,0,0,0,,1,"08058481762827","80584817603087G","b8c898bc-fbdc-41f6-9729-f00fa5fba968","01FQ3ZFDZNV74NZHKJWN6CKEP4",0,0,0,,0,0,,0,,,0,,,,-116,,,,0,0,"RICAMBI CARROZZINE STANDARD","RICAMBI PER LE CARROZZINE A TELAIO IN ACCIAIO PMN",-203,-197,"STANDARD",," Y122499","IT-MF-000017626","PRAXIS MEDICAL NETWORK SRL",-11,"{
  ""texts"" : [ {
    ""language"" : {
      ""isoCode"" : ""it"",
      ""name"" : ""Italian""
    },
    ""text"" : ""PRAXIS MEDICAL NETWORK SRL"",
    ""allLanguagesApplicable"" : null
  }, {
    ""language"" : {
      ""isoCode"" : ""en"",
      ""name"" : ""English""
    },
    ""text"" : ""PRAXIS MEDICAL NETWORK SRL"",
    ""allLanguagesApplicable"" : null
  }, {
    ""language"" : {
      ""isoCode"" : ""fr"",
      ""name"" : ""French""
    },
    ""text"" : ""PRAXIS MEDICAL NETWORK SRL"",
    ""allLanguagesApplicable"" : null
  } ]
}","{
  ""texts"" : [ {
    ""language"" : {
      ""isoCode"" : ""it"",
      ""name"" : ""Italian""
    },
    ""text"" : ""PRAXIS MEDICAL NETWORK SRL"",
    ""allLanguagesApplicable"" : null
  }, {
    ""language"" : {
      ""isoCode"" : ""en"",
      ""name"" : ""English""
    },
    ""text"" : ""PRAXIS MEDICAL NETWORK SRL"",
    ""allLanguagesApplicable"" : null
  }, {
    ""language"" : {
      ""isoCode"" : ""fr"",
      ""name"" : ""French""
    },
    ""text"" : ""PRAXIS MEDICAL NETWORK SRL"",
    ""allLanguagesApplicable"" : null
  } ]
}",-1306,,,,,"08058481762827",,,
2519718,"01KS0ERCAZN06KSRQD700VV92E","57d1019f-d446-441a-897b-479dce5c2353","VITEK® 2 AST-N466","543532",-74,1,,,,,0,0,0,1,"03573026638245","357302BUDI002190TQ","328d8028-0298-489b-942e-363d50575596","01KS0ERC9JG73YCMHD2A11WXP9",,,0,0,0,,0,,1,0,,0,,1,,0,1,,,,"VITEK® 2 AST-N466",,-200,-198,"STANDARD",," W0104080107","US-MF-000011802","bioMérieux, Inc.",-11,"{
  ""texts"" : [ {
    ""language"" : {
      ""isoCode"" : ""en"",
      ""name"" : ""English""
    },
    ""text"" : ""bioMérieux, Inc."",
    ""allLanguagesApplicable"" : null
  } ]
}",,-1306,"bioMérieux SA","FR-AR-000004435","{
  ""texts"" : [ {
    ""language"" : {
      ""isoCode"" : ""fr"",
      ""name"" : ""French""
    },
    ""text"" : ""bioMérieux SA"",
    ""allLanguagesApplicable"" : null
  } ]
}",,,,"03573026638245,03573026638252",